iso3,country_raw,readiness_rank,readiness_score,GOV_WGI_CC_EST,GOV_WGI_PV_EST,GOV_WGI_RL_EST,IP.JRN.ARTC.SC,IT.CEL.SETS.P2,IT.NET.BBND.P2,NY.GDP.PCAP.PP.CD,SE.TER.ENRR,TX.VAL.TECH.MF.ZS,predictor_year,outcome_year,era,region,income_classification
USA,United States of America,1,85.72133804,1.1247591,-0.126399999999999,1.0279752,471378.18,106.324514306135,37.0074278936277,71307.40172772181,84.8550872802734,19.90146141317924,2021,2022,0,North America,High income
SGP,Singapore,2,84.1162602,2.0800635,1.2816641,1.4327468,12432.16,157.977675166643,27.5210996900631,132617.3540208764,97.0989103061521,54.972275251408654,2021,2022,0,East Asia & Pacific,High income
GBR,United Kingdom,3,78.54010209,1.6641761,0.4363658,1.3061844,108095.52,117.887430294308,41.1134869970784,51004.42717142381,76.7543563842773,23.86540571821931,2021,2022,0,Europe & Central Asia,High income
FIN,Finland,4,77.59332703,2.2264683,1.1287431,2.0708538,11446.35,129.036333202492,33.6396818306917,56790.376617769165,100.868072509766,10.29375385362533,2021,2022,0,Europe & Central Asia,High income
CAN,Canada,5,77.38916245,1.6156132,0.7604154,1.5493331,68647.82,87.4056019628826,41.6930962576979,56995.11767813512,79.7657318115234,16.337628887139992,2021,2022,0,North America,High income
KOR,Republic of Korea,6,76.75699843,0.7614152,0.9005342,1.1681575,72352.13,140.516382791931,44.2526082339633,51718.25186566312,100.359878540039,36.01450367448602,2021,2022,0,East Asia & Pacific,High income
FRA,France,7,75.78358408,1.422803,0.1241525,1.0805521,67690.4,113.952719366702,47.6442336298287,52517.33549058552,69.9397888183594,22.30500308556504,2021,2022,0,Europe & Central Asia,High income
AUS,Australia,8,75.29178001,1.6770561,0.8536507,1.5701838,60308.46,105.118514623956,35.8359861455454,58327.41468423248,112.688293457031,22.39407660085994,2021,2022,0,East Asia & Pacific,High income
JPN,Japan,9,75.2536366,1.4554011,1.1600529,1.5319019,106309.76,159.516123485628,35.9391724358064,44355.3487163354,62.0412483215332,18.003991348261415,2021,2022,0,East Asia & Pacific,High income
NLD,Netherlands,10,75.11228339,2.0280226,0.732977,1.7767646,34144.24,123.447849713072,42.9460563127039,68573.56487864463,89.3898620605469,22.002321190827328,2021,2022,0,Europe & Central Asia,High income
DNK,Denmark,11,74.79016756,2.2948313,0.8409469,2.0133921,15879.3,125.604137839658,44.9598379722906,69715.18096809289,83.982292175293,13.924798203132632,2021,2022,0,Europe & Central Asia,High income
NOR,Norway,12,73.0897855,2.070812,1.0721678,2.0582629,13802.78,109.585637519783,44.9392216218255,88984.1386736515,93.9243011474609,20.586371589954304,2021,2022,0,Europe & Central Asia,High income
SWE,Sweden,13,73.05606154,2.0899139,0.9471541,1.7883138,22021.79,124.96149481991,40.8351431063991,62731.70061629304,85.9426193237305,13.934831746892607,2021,2022,0,Europe & Central Asia,High income
DEU,Germany,15,72.64159902,1.8243293,0.6603045,1.6349496,117127.47,127.125099449404,44.0643361489671,62530.765319923936,75.6655426025391,15.385104822776526,2021,2022,0,Europe & Central Asia,High income
AUT,Austria,16,71.49081059,1.3601171,0.7543747,1.7167011,14370.95,121.357731973824,29.2537339731419,62968.942231189205,93.940071105957,11.017122140568004,2021,2022,0,Europe & Central Asia,High income
CHN,China,17,70.83634174,0.0556852,-0.259168,-0.5386195,756203.38,121.491918368395,37.5611751315805,20843.29783473765,66.8186077597542,30.21907327965956,2021,2022,0,East Asia & Pacific,Upper middle income
IRL,Ireland,18,70.75787951,1.6117468,0.7362963,1.5453584,9216.71,106.86972424373,31.3616427884193,116903.61243516988,78.4613265991211,28.478147527199187,2021,2022,0,Europe & Central Asia,High income
EST,Estonia,19,70.14246449,1.5368104,0.8879044,1.4888413,1765.86,148.739589817601,37.357189680638,44251.53749834551,73.1502075195312,20.63011555770852,2021,2022,0,Europe & Central Asia,High income
ISR,Israel,20,70.11641725,0.9249105,-0.699899199999999,0.8807927,14633.85,139.775312861878,29.7078785417387,46162.082273024746,60.2585487365723,29.59567587227614,2021,2022,0,Middle East & North Africa,High income
BEL,Belgium,21,69.94696786,1.5502151,0.461917,1.4052126,17845.94,101.462935633736,43.0218054966431,60669.21377465312,82.6882019042969,21.37996387637373,2021,2022,0,Europe & Central Asia,High income
ARE,United Arab Emirates,22,68.54401914,1.0349829,0.839581,0.338504,5201.38,186.30089463245,36.5005361093336,68580.14854234828,56.4520334436146,8.957962657252622,2021,2022,0,Middle East & North Africa,High income
CHE,Switzerland,23,68.49444385,2.1059546,1.0255347,1.7893994,24649.1,123.21236546636,47.9433096708255,81001.41112061175,71.893928527832,14.23506327297248,2021,2022,0,Europe & Central Asia,High income
ITA,Italy,24,68.40631647,0.5394316,0.4392226,0.5885,85699.51,130.781488497698,31.2852927413407,49825.39341118482,71.2745208740234,7.770245655162528,2021,2022,0,Europe & Central Asia,High income
PRT,Portugal,25,68.11883424,0.8188182,0.9584396,1.1690784,18387.68,119.768700781718,41.5145728650954,38657.6677223425,72.5122375488281,6.250331404511996,2021,2022,0,Europe & Central Asia,High income
LUX,Luxembourg,26,67.90883906,1.9638476,1.1450494,1.7333366,1048.94,136.87108956478,38.0399641403524,136772.44375329223,20.7341499328613,6.075202068215098,2021,2022,0,Europe & Central Asia,High income
ESP,Spain,27,67.82500746,0.8120886,0.38323,0.9207665,63622.32,118.999806936801,34.9302420932073,44251.66582226214,95.3768997192383,9.39320382214351,2021,2022,0,Europe & Central Asia,High income
NZL,New Zealand,28,67.81782093,2.1244607,1.3569818,1.7303956,8960.04,114.454714130458,35.262820014578,48248.71767298924,79.4128875732422,9.761107814301456,2021,2022,0,East Asia & Pacific,High income
MYS,Malaysia,29,67.37403813,0.3015023,0.196108,0.3016338,22347.89,137.684938559871,10.8921782282506,29822.84918316184,38.1899993008367,51.678683637951394,2021,2022,0,East Asia & Pacific,Upper middle income
CZE,Czech Republic,30,67.05055789,0.7300087,0.9968819,1.1669833,14812.42,126.173145654465,37.4984794433561,47796.0337408466,69.8369293212891,20.35609092625528,2021,2022,0,Europe & Central Asia,High income
THA,Thailand,31,64.63063705,-0.3893452,-0.6963747,-0.2575207,15679.41,168.485285358167,17.3168855632327,20242.770003565594,43.4690405127808,24.66428000193656,2021,2022,0,East Asia & Pacific,Upper middle income
IND,India,32,63.66522524,-0.300757,-0.6015988,-0.1841026,173096.47,81.603974311212,1.9487996093033,8050.018574526641,31.5741765984501,10.212559662511833,2021,2022,0,South Asia,Lower middle income
MLT,Malta,33,62.75184823,0.4667226,0.9318346,0.8666429,519.44,123.941408455002,42.1830899964911,56852.32185122669,70.2313537597656,30.73555909823162,2021,2022,0,Middle East & North Africa,High income
POL,Poland,34,62.65072579,0.6869719,0.5651963,0.4098572,34667.25,132.987203939653,22.8165643900514,41059.5847829682,72.2060623168945,9.445565142809356,2021,2022,0,Europe & Central Asia,High income
CHL,Chile,35,62.51743318,1.1463006,0.146317,0.7564837,9319.43,136.571581265001,22.0140443723879,29089.85045972798,96.2227935791016,12.441774859085578,2021,2022,0,Latin America & Caribbean,High income
QAT,Qatar,36,62.37304734,0.8394432,0.9259515,0.5003341,2522.3,137.709548409191,11.0795735105944,116832.65694197152,31.2813974439236,1.719404264112815,2021,2022,0,Middle East & North Africa,High income
BRA,Brazil,37,62.36663855,-0.404589,-0.3922756,-0.4091435,69590.64,104.824727184587,19.8363162401481,18075.70600487568,57.6311988830566,9.00155420026002,2021,2022,0,Latin America & Caribbean,Upper middle income
LTU,Lithuania,38,62.20182711,0.9249581,1.0111257,1.2107283,2694.9,133.357273318046,28.712701575387,45873.52732394857,75.0314712524414,11.508956927431983,2021,2022,0,Europe & Central Asia,High income
SAU,Saudi Arabia,39,61.96247066,0.2365231,-0.4672131,-0.1658751,19810.93,145.003757775499,33.7973610185654,62690.49666459286,74.3924865722656,0.3057152401093848,2021,2022,0,Middle East & North Africa,High income
RUS,Russian Federation,40,61.48426081,-0.7788442,-0.5061895,-0.902773199999999,90676.68,169.07261384221,23.7409106485411,38638.4296875,54.9542479280814,9.72984772707015,2021,2022,0,Europe & Central Asia,High income
SVN,Slovenia,41,61.4463947,0.6986582,0.7356372,0.9260486,4058.0,123.362924143622,31.5502669986288,45914.05723924055,82.2400436401367,6.209306032570846,2021,2022,0,Europe & Central Asia,High income
HUN,Hungary,42,61.43939487,0.1312695,0.7337253,0.2971399,7822.44,105.137285804787,34.8391868436369,38887.19095271536,58.6536102294922,16.397512642927854,2021,2022,0,Europe & Central Asia,High income
IDN,Indonesia,43,60.89255185,-0.416213499999999,-0.6496757,-0.1436778,23653.58,132.199444256099,4.4874632789818,12757.07464402037,40.6293239880732,7.201279701443059,2021,2022,0,East Asia & Pacific,Upper middle income
BGR,Bulgaria,44,60.33310733,-0.2260611,0.4063981,-0.0377457,4748.48,114.911988483727,32.7688420838347,30959.111845980715,85.3017501831055,10.924473573821324,2021,2022,0,Europe & Central Asia,High income
ISL,Iceland,45,59.84295226,1.8584301,1.3382488,1.7076168,725.0,117.34255750797,38.4077027940877,61610.213274071466,86.5232086181641,33.48741486572734,2021,2022,0,Europe & Central Asia,High income
LVA,Latvia,46,59.84242562,0.8423495,0.8069842,0.9839815,1786.29,114.644670333429,25.9761549056076,36912.013060216064,93.4839324951172,16.980371363084238,2021,2022,0,Europe & Central Asia,High income
COL,Colombia,47,59.37944898,-0.269745299999999,-1.0147831,-0.506983,9491.15,146.627837254516,16.4767904492313,17383.090172829532,58.3159217834473,8.209149609062438,2021,2022,0,Latin America & Caribbean,Upper middle income
CYP,Cyprus,48,59.14788556,0.4905518,0.4791734,0.7712279,1628.11,142.051408905141,36.6502473650247,47632.76953125,106.362930297852,15.969002678663305,2021,2022,0,Europe & Central Asia,High income
TUR,Turkey,49,58.97375556,-0.3992138,-0.9721057,-0.775344399999999,46843.54,99.5415432248525,20.9211211378579,32105.547440050563,125.763786315918,3.2836273997014094,2021,2022,0,Europe & Central Asia,Upper middle income
GRC,Greece,50,58.56101347,0.3910516,0.2270172,0.4439375,13776.67,108.643525000707,41.9213046741732,33531.15511225996,150.605484008789,12.284868152439335,2021,2022,0,Europe & Central Asia,High income
URY,Uruguay,51,58.2470919,1.6220519,1.1500797,0.9518641,1185.78,138.112989243956,32.5451063460216,29431.885008747067,75.1713873701582,8.603734005252923,2021,2022,0,Latin America & Caribbean,High income
OMN,Oman,52,57.83051152,0.0233919,0.3902352,0.2255117,1320.34,135.076972756826,11.5852955507366,38719.45876820488,43.8433613964625,6.610686846504331,2021,2022,0,Middle East & North Africa,High income
ARG,Argentina,53,57.38681671,-0.3273298,0.0921998,-0.303899,9943.87,130.352799939601,23.1500020932515,26300.274261175044,107.219557633976,4.422891392643118,2021,2022,0,Latin America & Caribbean,Upper middle income
PHL,Philippines,54,55.41679531,-0.5743865,-1.0935816,-0.6736731,3948.12,144.424289981649,8.50897715713263,8857.789951155139,33.6166173848126,64.22540833461062,2021,2022,0,East Asia & Pacific,Lower middle income
VNM,Viet Nam,55,53.96052747,-0.310677,0.1345844,-0.310641599999999,8978.42,136.806313165021,19.5362327330994,12048.901993553598,41.9554971195048,41.53963465441981,2021,2022,0,East Asia & Pacific,Lower middle income
BHR,Bahrain,56,53.59440928,0.210097,-0.5041164,0.0190676,665.36,128.078912532195,16.5057891919103,54954.67578955323,47.5015525503536,0.5905900434456504,2021,2022,0,Middle East & North Africa,High income
MUS,Mauritius,57,53.38242963,0.416008,0.9264413,0.7212842,208.35,154.053185977432,25.7028828022003,23010.201382690524,43.9577226373808,0.3862043609499416,2021,2022,0,Sub-Saharan Africa,Upper middle income
ROU,Romania,58,53.29633,0.0096051,0.6671952,0.4615581,10812.95,119.123068432356,31.6949603653045,37534.15591769115,55.2656097412109,11.487940834609924,2021,2022,0,Europe & Central Asia,High income
SRB,Serbia,59,52.96174925,-0.4707878,-0.0436914,-0.1926347,4878.41,125.075587327252,26.4794202826056,23406.40363156344,69.1800231933594,,2021,2022,0,Europe & Central Asia,Upper middle income
UKR,Ukraine,60,52.79602255,-0.8040912,-0.990563099999999,-0.5685603,15639.81,135.025688989835,18.2677942438439,17846.408203125,75.9079435107907,4.510507922578411,2021,2022,0,Europe & Central Asia,Upper middle income
PER,Peru,61,51.97236356,-0.509709,-0.334168099999999,-0.5208197,4073.17,129.993736857913,9.05771410333768,15280.551210648637,,4.461645050021671,2021,2022,0,Latin America & Caribbean,Upper middle income
MEX,Mexico,62,51.78355316,-0.8733867,-0.736204699999999,-1.0248188,20345.96,99.09481491263,19.2796725887476,20782.58774175454,45.6506195068359,19.811340639837663,2021,2022,0,Latin America & Caribbean,Upper middle income
JOR,Jordan,63,51.76399042,0.0177108,-0.390988399999999,0.0436082,3852.39,65.7448847660422,6.45876564968631,9182.496161255996,30.451314266821,1.713679702988074,2021,2022,0,Middle East & North Africa,Lower middle income
SVK,Slovakia,64,51.22626911,0.3575001,0.5857562,0.7070856,5150.0,135.268252737261,32.6060735005904,38346.09357681767,50.7342491149902,9.001389401510746,2021,2022,0,Europe & Central Asia,High income
EGY,Egypt,65,49.41720556,-0.7873199,-1.066781,-0.8185251,20781.71,84.0866220906029,9.76582299335252,15579.01608615512,35.1185317783157,3.170819270558141,2021,2022,0,Middle East & North Africa,Lower middle income
HRV,Croatia,66,48.58505521,0.0954983,0.6364386,0.4127964,5529.57,112.169438491978,26.7157501000099,36930.28419414053,78.0067901611328,9.606733514122746,2021,2022,0,Europe & Central Asia,High income
BRN,Brunei Darussalam,67,48.05568313,1.1827999,1.1632013,0.5616354,302.38,133.597065445264,17.580984722871,78248.797127611,27.4258937503291,1.3609175851410775,2021,2022,0,East Asia & Pacific,High income
ZAF,South Africa,68,47.74442738,0.0645613,-0.7738081,0.1210745,15478.5,163.12806305125,2.75540858002384,13681.954814481312,22.3431289991291,5.547560490452681,2021,2022,0,Sub-Saharan Africa,Upper middle income
KWT,Kuwait,69,47.67990454,-0.0606404,0.1542148,0.1194986,1184.25,158.646854136291,1.61587179429556,50651.95753370912,51.8967176944636,1.1917798374399038,2021,2022,0,Middle East & North Africa,High income
TUN,Tunisia,70,46.80606294,-0.1415165,-0.6668946,-0.0151282999999999,4958.99,129.846077003661,12.4220429522978,12444.3264026887,33.2740287780762,7.168311183732175,2021,2022,0,Middle East & North Africa,Lower middle income
MKD,North Macedonia,71,46.10847621,-0.3856405,0.0908151,-0.117091,425.21,104.875134243923,26.9448892231031,22144.28425714312,44.3020210266113,4.0331959439009,2021,2022,0,Europe & Central Asia,Upper middle income
KAZ,Kazakhstan,72,45.78086433,-0.2698189,-0.2325504,-0.4655785,2950.4,123.943942754522,13.946795830528,32945.85157258231,59.3849415869809,27.34354406361486,2021,2022,0,Europe & Central Asia,Upper middle income
LBN,Lebanon,73,45.71549399,-1.2586741,-1.3231817,-1.0028379,2130.13,74.9935205999452,7.55615217723581,11599.77550837654,56.8657861418168,2.154253144780375,2021,2022,0,Middle East & North Africa,Lower middle income
AZE,Azerbaijan,74,45.55120353,-0.775813299999999,-0.4888287,-0.608585199999999,1021.54,105.693559477177,20.0856994533421,20111.37569521088,39.0095977224788,2.097104231471289,2021,2022,0,Europe & Central Asia,Upper middle income
IRN,Iran,75,45.29521769,-1.1267612,-1.1577773,-1.06900019999999,58049.49,153.624638869213,12.068102546673,15884.427677596332,54.3051986694336,0.3805253978606729,2021,2022,0,Middle East & North Africa,Upper middle income
MNE,Montenegro,76,45.19895959,0.0383454,-0.0332398999999999,0.0178112,283.61,185.488473149833,31.180870777725,23690.07735130564,57.9613914489746,9.444483875061833,2021,2022,0,Europe & Central Asia,Upper middle income
AND,Andorra,77,45.15885579,,,,8.52,119.687611658415,50.2769128681537,59332.20291001272,15.4117647058823,24.380676250865427,2021,2022,0,Europe & Central Asia,High income
CRI,Costa Rica,78,44.96926052,0.590956,1.0171458,0.6104539,750.58,140.788061157457,20.9242986347003,23852.925302000167,,16.967000554270463,2021,2022,0,Latin America & Caribbean,High income
UZB,Uzbekistan,79,44.50639995,-0.7419446,-0.221247,-0.700166499999999,2104.99,102.410090312681,21.8944210928633,9247.643827039294,22.0939011675309,0.3080874944273715,2021,2022,0,Europe & Central Asia,Lower middle income
BGD,Bangladesh,80,43.62840762,-1.0928915,-1.0535518,-0.974914899999999,7463.57,110.012054001037,6.64246518111116,7441.069139612541,23.9006822335243,,2021,2022,0,South Asia,Lower middle income
DOM,Dominican Republic,81,42.15738701,-0.545258,0.3502987,-0.3243436,100.61,87.5207623947766,10.3195260186654,22053.458986995527,56.4690832383051,8.480050015491772,2021,2022,0,Latin America & Caribbean,Upper middle income
ALB,Albania,82,42.0977979,-0.60203,0.0239536,-0.2015586,255.02,92.4843357131703,19.6303737145283,18212.87024666862,59.9698690125562,0.4195099889772987,2021,2022,0,Europe & Central Asia,Upper middle income
MDA,Republic of Moldova,83,42.03558654,-0.550342,-0.0451684,-0.2519381,334.96,128.983642317657,25.2112754309344,15682.070328465348,61.3014036981023,2.236947406737116,2021,2022,0,Europe & Central Asia,Upper middle income
ARM,Armenia,84,41.91047934,0.0558398,-0.5019,-0.1028405,565.63,125.395134877327,16.2565945813558,15921.705281964018,56.6235144830279,5.956719936847862,2021,2022,0,Europe & Central Asia,Upper middle income
FJI,Fiji,85,41.75570206,0.4839702,0.6663534,0.1636161,197.31,108.158405429846,2.51573287546457,10322.427963885417,76.7030156165859,1.9091287366652567,2021,2022,0,East Asia & Pacific,Upper middle income
PAN,Panama,86,41.48689612,-0.5235702,0.3538332,-0.230409999999999,282.05,147.899862038176,14.8381106018887,30932.76278091445,52.7147829654218,0.2600622267048286,2021,2022,0,Latin America & Caribbean,High income
MAR,Morocco,87,41.31130191,-0.4783966,-0.4686437,-0.4447944,6993.78,138.911268095998,6.14617858388986,8623.265625,42.531967383806,4.3012763601155495,2021,2022,0,Middle East & North Africa,Lower middle income
GEO,Georgia,88,40.79056687,0.7226795,-0.2017684,0.2251347,663.11,146.566472682371,26.6463786914494,18915.65340052628,77.2303110681266,1.602893022457743,2021,2022,0,Europe & Central Asia,Upper middle income
BHS,Bahamas,89,40.74236429,1.2282597,0.7434332,0.3484926,22.93,100.257333370336,20.7423310871326,31064.68221661941,,0.2611999658182343,2021,2022,0,Latin America & Caribbean,High income
KEN,Kenya,90,40.35660716,-0.710787899999999,-1.11021939999999,-0.445618199999999,1991.87,122.297519656734,1.48254108303764,5338.852433827813,,3.127360613968883,2021,2022,0,Sub-Saharan Africa,Lower middle income
BLR,Belarus,91,40.27136657,-0.2062736,-0.616372399999999,-1.0672559,1600.37,127.117317282369,35.0097634241001,27611.180113515707,78.6027133367864,6.015768463598526,2021,2022,0,Europe & Central Asia,Upper middle income
PAK,Pakistan,92,40.22052841,-0.906181199999999,-1.6496402,-0.8231206,19703.26,78.8012296805749,1.23144065449307,5367.273647147621,12.3810012807012,1.4884882360675116,2021,2022,0,South Asia,Lower middle income
RWA,Rwanda,93,40.20366886,0.4694992,0.115233,0.0190329,332.31,81.6381635400584,0.238872174708692,2733.4356676244715,,5.102408027079126,2021,2022,0,Sub-Saharan Africa,Low income
SYC,Seychelles,94,39.87192314,1.1441374,0.7262104,0.5521392,19.69,149.479213250181,33.5645230796751,29979.827268609057,26.8701526144608,3.343076157890919,2021,2022,0,Sub-Saharan Africa,High income
TON,Tonga,95,39.80367582,-0.3427691,1.111896,0.7498563,3.67,60.9801876955162,6.4574841217177,6929.176692884377,,1.68995954105615,2021,2022,0,East Asia & Pacific,Upper middle income
BRB,Barbados,96,39.53011484,1.1946829,1.0845669,0.7010659,57.51,112.222706603295,36.3512637029634,17682.73145374831,54.672,17.15596635281923,2021,2022,0,Latin America & Caribbean,High income
NGA,Nigeria,97,39.10120996,-1.1909306,-2.0135756,-0.926327599999999,9263.7,89.2915858426408,0.0301639204550369,7588.47885596359,,6.487965049125805,2021,2022,0,Sub-Saharan Africa,Lower middle income
BWA,Botswana,98,38.36432707,0.7018975,1.0572186,0.3719933,377.36,173.25235140068,5.5483769953124,17960.625444743728,21.2032904951187,0.3307859414532644,2021,2022,0,Sub-Saharan Africa,Upper middle income
BTN,Bhutan,99,37.91424365,1.3198694,0.9391838,0.6782878,106.33,100.330908049861,0.364566273170656,13458.812666742975,14.7382447141292,,2021,2022,0,South Asia,Lower middle income
ATG,Antigua and Barbuda,100,37.91159431,0.181489,0.9147636,0.5666971,6.09,199.244171566557,8.66279006811119,25745.495806774616,,0.0,2021,2022,0,Latin America & Caribbean,High income
ECU,Ecuador,101,37.3586778,-0.6326965,-0.1983083,-0.4314709,2473.5,94.950621672761,14.0284374555704,13507.444563837456,,4.840963173813314,2021,2022,0,Latin America & Caribbean,Upper middle income
MNG,Mongolia,102,37.21364782,-0.6644684,0.7338327,-0.1731689,274.29,140.352142155192,11.3929982387502,14792.250908642214,67.4261046440448,22.02069998665383,2021,2022,0,East Asia & Pacific,Upper middle income
JAM,Jamaica,103,37.09045226,-0.0851526,0.1423135,-0.0742917999999999,185.06,102.38666630017,14.5717525783368,10430.690977175882,,2.471950011647286,2021,2022,0,Latin America & Caribbean,Upper middle income
GHA,Ghana,104,36.56305785,-0.1554389,-0.1622488,0.0415219,2561.95,124.402625384529,0.352237707175248,6607.502973783208,19.2005186528071,0.7260845937203071,2021,2022,0,Sub-Saharan Africa,Lower middle income
LKA,Sri Lanka,105,36.23061644,-0.3367364,-0.510938,-0.2315397,2410.12,135.522602889503,10.5401488574725,14316.135222568291,20.7824292013914,1.0451912960950598,2021,2022,0,South Asia,Lower middle income
TTO,Trinidad and Tobago,106,36.1712009,-0.2305843,0.1561926,-0.1513775,266.0,134.221562299819,24.9299429931902,30482.120179863054,,0.1028344019126642,2021,2022,0,Latin America & Caribbean,High income
LCA,Saint Lucia,107,35.85863778,0.370132,0.868144,0.6252576,3.84,96.2374385229832,10.675434960397,19101.16529566755,,,2021,2022,0,Latin America & Caribbean,Upper middle income
BEN,Benin,108,35.83543571,-0.1642663,-0.4106645,-0.3852134,402.31,94.9182598289459,0.154166533404575,3464.2886286745,9.82796955108643,2.6984468993049537,2021,2022,0,Sub-Saharan Africa,Lower middle income
TJK,Tajikistan,109,35.83071587,-1.0874541,-0.3984715,-1.2591682,131.4,64.0874682499327,0.495991334524208,3985.912476112185,37.4220713871838,0.4082846489619872,2021,2022,0,Europe & Central Asia,Lower middle income
PRY,Paraguay,110,35.45868855,-0.905500299999999,-0.0550381999999999,-0.5280024,227.95,119.312639901188,10.8118689766377,15406.167064657566,,7.420545984681914,2021,2022,0,Latin America & Caribbean,Upper middle income
DZA,Algeria,111,35.32545863,-0.6509952,-0.9009933,-0.7553319,6650.05,105.037092587919,9.33184191925225,14496.865469729872,54.2222597146723,,2021,2022,0,Middle East & North Africa,Upper middle income
BIH,Bosnia and Herzegovina,112,35.16653037,-0.6690056,-0.310701599999999,-0.3074514,1091.63,114.911613799718,24.5890868366952,18286.73733242331,45.0589485168457,5.316222002422011,2021,2022,0,Europe & Central Asia,Upper middle income
SUR,Suriname,113,35.10760082,-0.311597299999999,0.3607899,-0.1971687,25.22,146.654129497521,19.899950800782,18458.23499968104,8.45416298008342,4.633987928760653,2021,2022,0,Latin America & Caribbean,Upper middle income
GTM,Guatemala,114,34.92596868,-1.21790929999999,-0.5740791,-0.975567699999999,119.25,125.718955715353,3.4775394703571,11825.141273764004,,5.167081043254193,2021,2022,0,Latin America & Caribbean,Upper middle income
NAM,Namibia,115,34.56777823,0.3260821,0.5136089,0.2859049,233.51,103.727351391971,3.1781346555903,9709.099306467706,26.6057345682932,0.0666275179134237,2021,2022,0,Sub-Saharan Africa,Lower middle income
SEN,Senegal,116,34.51097098,0.0360917,-0.1040585,-0.1485159,434.2,115.325093678501,1.20966034985347,4173.677413996194,14.6823561354842,1.8791867469948085,2021,2022,0,Sub-Saharan Africa,Lower middle income
GRD,Grenada,117,34.39033175,0.3144044,1.0408786,0.4044535,62.74,86.5710270122035,26.1175099410394,15290.250903138003,,1.2414575816424456,2021,2022,0,Latin America & Caribbean,Upper middle income
CPV,Cabo Verde,118,34.27404409,0.8975963,0.8339009,0.4863826,21.08,114.230551109167,5.90962142576488,7685.419213936686,,2.038021424785556,2021,2022,0,Sub-Saharan Africa,Upper middle income
KGZ,Kyrgyzstan,119,33.90924499,-1.1583724,-0.3876484,-0.879262,217.52,108.171654806063,4.43257724274204,5736.4788341515405,51.6239256637785,16.29872607093401,2021,2022,0,Europe & Central Asia,Lower middle income
VCT,Saint Vincent and the Grenadines,120,33.70891003,0.7401119,1.0408786,0.6474473,5.84,95.5173520288601,27.1020312910221,16200.899459784525,35.7032258064516,0.0034502487133053,2021,2022,0,Latin America & Caribbean,Upper middle income
MDV,Maldives,121,33.53552338,-0.1632074,0.4430279,-0.1352825,22.11,136.789214071769,14.8246453577808,19052.622490431066,23.794640430505,2.0112518938114587,2021,2022,0,South Asia,Upper middle income
GUY,Guyana,122,33.51820323,-0.1042454,-0.0281476999999999,-0.378924,45.08,104.968595260226,11.6495520440672,22865.9270968882,,0.2216851014746262,2021,2022,0,Latin America & Caribbean,High income
UGA,Uganda,123,32.65923191,-0.9322359,-0.9440307,-0.7277087,1211.34,65.6220730009172,0.0838841644026815,2684.920359397436,,2.3479346973229247,2021,2022,0,Sub-Saharan Africa,Low income
BOL,Bolivia,124,32.55578829,-0.9489015,-0.2859636,-1.1101906,161.62,100.809064985893,9.44574009663778,11202.440983670713,,4.548883143171252,2021,2022,0,Latin America & Caribbean,Lower middle income
TZA,United Republic of Tanzania,125,32.49772202,-0.351543,-0.5751002,-0.5650588,1031.55,86.0162814148027,1.97842,3493.0830078125,3.59164319762461,1.6829347109246815,2021,2022,0,Sub-Saharan Africa,Lower middle income
MMR,Myanmar,126,32.44565026,-0.9391159,-2.09394989999999,-1.5648147,273.07,127.240645128106,1.67276170937317,5178.447182171636,,5.069368433603247,2021,2022,0,East Asia & Pacific,Lower middle income
GAB,Gabon,127,32.42445285,-0.8653289,-0.28203,-0.9165415,94.55,132.30865873249,2.65142494578668,18523.57980321933,,1.483325896335714,2021,2022,0,Sub-Saharan Africa,Upper middle income
TKM,Turkmenistan,128,31.94984039,-1.36021099999999,-0.224582999999999,-1.5825855,13.81,88.1929367884543,4.08263176069293,16434.13990603527,14.5425982703266,,2021,2022,0,Europe & Central Asia,Upper middle income
LAO,Lao People's Democratic Republic,129,31.71862863,-1.0773186,0.583086,-0.7575675,83.5,64.7101497693472,2.0226898696049,8080.435532499231,12.4396649191011,7.286446376639242,2021,2022,0,East Asia & Pacific,Lower middle income
CUB,Cuba,130,31.5867537,-0.2211207,0.4994388,-0.6486658,1600.57,63.8661095570576,2.67322881654008,,51.8885571735926,70.08656603414103,2021,2022,0,Latin America & Caribbean,Upper middle income
IRQ,Iraq,131,31.52182498,-1.37400869999999,-2.1722684,-1.4374976,8689.54,94.6092832170426,14.8275236561145,12731.753575512885,,,2021,2022,0,Middle East & North Africa,Upper middle income
KHM,Cambodia,132,31.1652904,-1.0917539,-0.1486895,-1.14770479999999,153.37,117.234785164989,1.98089406311481,6225.532654747405,13.5005634857238,2.980632793680184,2021,2022,0,East Asia & Pacific,Lower middle income
VUT,Vanuatu,133,31.10658853,-0.0360087,0.9586235,0.6224841,17.05,81.6914485987419,1.03214458524592,3135.8366494567786,,,2021,2022,0,East Asia & Pacific,Lower middle income
HND,Honduras,134,31.04337178,-1.1204199,-0.806377,-1.1417518,89.88,73.4771659564055,4.0958409901304,6202.980788120369,,1.4495499920382977,2021,2022,0,Latin America & Caribbean,Lower middle income
SLV,El Salvador,135,30.95748673,-0.5616664,-0.222007099999999,-0.83512,33.5,176.973446325336,9.07178351163771,10809.71339951796,30.3043325211094,7.17516150721425,2021,2022,0,Latin America & Caribbean,Upper middle income
CIV,Côte D'Ivoire,136,30.95367673,-0.446876999999999,-0.895587799999999,-0.6527655,394.35,150.343798608733,1.13037781443128,6045.204804908794,10.7725833415282,3.8633664537050194,2021,2022,0,Sub-Saharan Africa,Lower middle income
TLS,Timor-Leste,137,30.86326755,-0.3019067,0.2660158,-0.640091699999999,14.32,102.668836319816,0.0101471033723194,6825.045886307448,,0.0271228875443354,2021,2022,0,East Asia & Pacific,Lower middle income
CMR,Cameroon,138,30.76487031,-1.115647,-1.57868299999999,-1.2194535,1323.23,80.8081013360278,2.23385126289217,4793.556282001956,17.1581831920239,2.1512316696661284,2021,2022,0,Sub-Saharan Africa,Lower middle income
NPL,Nepal,139,30.75440133,-0.624520499999999,-0.2520173,-0.3560122,1627.26,129.645418271275,4.30873475530627,4546.229700062892,15.243139284484,1.247831570758662,2021,2022,0,South Asia,Lower middle income
SLB,Solomon Islands,140,30.57767234,-0.1748432,0.4456005,0.015353,13.72,62.1565164026326,0.131131891144795,2449.870098214515,,,2021,2022,0,East Asia & Pacific,Lower middle income
PNG,Papua New Guinea,141,30.5489561,-0.6567906,-0.747625099999999,-0.6493713,80.07,48.1179470954257,0.209729532794508,3976.903801169556,,40.05406216233834,2021,2022,0,East Asia & Pacific,Lower middle income
WSM,Samoa,142,30.11334049,0.7667536,1.1396511,1.0545903,24.01,32.2763227445165,0.791471566430753,6350.114283532528,19.1409681560724,1.0752843011372046,2021,2022,0,East Asia & Pacific,Upper middle income
BLZ,Belize,143,29.98340518,-0.0899104999999999,0.3568757,-0.527655099999999,11.93,66.7769498110516,9.10594770150703,11716.326781865551,23.6813942822198,0.1916399093921313,2021,2022,0,Latin America & Caribbean,Upper middle income
DJI,Djibouti,144,29.84752363,-0.9086172,-0.5273642,-1.0311038,8.17,43.6423520933817,1.39112845686235,5960.108073968246,,2.6282762117554803,2021,2022,0,Middle East & North Africa,Lower middle income
TGO,Togo,145,29.8249018,-0.6519768,-0.6682329,-0.6328001,123.02,70.4496733018494,0.749325974933037,2638.8109526796325,,0.3260921380959298,2021,2022,0,Sub-Saharan Africa,Low income
ZMB,Zambia,146,29.63139333,-0.6928953,-0.158277199999999,-0.6026535,327.01,103.28257957834,0.411108017009319,3503.034914183715,,0.9531205105768966,2021,2022,0,Sub-Saharan Africa,Lower middle income
VEN,Venezuela,147,29.32769227,-1.58437079999999,-1.2895082,-2.3086878,676.82,60.2344883065715,9.2424360147272,,,,2021,2022,0,Latin America & Caribbean,
ZWE,Zimbabwe,148,29.26484257,-1.1867823,-1.0184197,-1.263628,498.52,90.2538486226365,1.29980547197891,4827.0886936086,,1.0537401042556411,2021,2022,0,Sub-Saharan Africa,Lower middle income
LBY,Libya,149,28.8386696,-1.5502152,-2.2069296,-1.56279409999999,458.51,195.117849246865,4.65300430613124,12641.509771407456,,,2021,2022,0,Middle East & North Africa,Upper middle income
MRT,Mauritania,150,28.40270536,-0.879153,-0.5222228,-0.8740834,36.92,137.540323142707,0.405903092669414,5836.565808218969,,5.076981808043832,2021,2022,0,Sub-Saharan Africa,Lower middle income
NIC,Nicaragua,151,28.33073126,-1.237514,-0.4075357,-1.474372,42.73,93.8165084237294,4.51379519532816,7119.169233600418,,1.217988202251335,2021,2022,0,Latin America & Caribbean,Lower middle income
MDG,Madagascar,152,28.2580958,-0.9473613,-0.4612648,-0.893154,176.01,53.9177233784298,0.104182794544746,1577.432460565288,5.3135678666922,0.4059914364785988,2021,2022,0,Sub-Saharan Africa,Low income
GMB,Gambia,153,27.96448778,-0.3139401,0.0231959,-0.3721489,75.92,108.847403542688,0.194098625393535,2777.79620978324,,0.0007359778735612,2021,2022,0,Sub-Saharan Africa,Low income
KIR,Kiribati,154,27.81847565,0.3344081,1.1647191,1.0695661,2.36,40.9979980837689,0.0864640862459786,3020.4939993569524,,2.2969311405469752,2021,2022,0,East Asia & Pacific,Lower middle income
GIN,Guinea,155,27.81521975,-1.0113603,-1.0159308,-1.003033,53.97,110.185519681138,0.0072936731105539,3738.8051255133023,,,2021,2022,0,Sub-Saharan Africa,Lower middle income
STP,Sao Tome and Principe,156,27.62111982,0.1620477,0.6052679,-0.3937827,3.96,85.2577705092336,1.54216281238596,5732.694560615356,,8.179267482623718,2021,2022,0,Sub-Saharan Africa,Lower middle income
MLI,Mali,157,27.33914838,-0.896400299999999,-2.3319481,-0.882688199999999,137.47,108.693122357196,0.648338018002888,2796.227937954328,,13.885397758683316,2021,2022,0,Sub-Saharan Africa,Low income
COG,Congo,158,26.20229526,-1.34316449999999,-0.517419899999999,-1.23331679999999,89.9,95.8614998889206,0.256899692355108,6263.211612926363,,6.537112474603848,2021,2022,0,Sub-Saharan Africa,Lower middle income
BFA,Burkina Faso,159,26.20130301,-0.2024751,-1.5801637,-0.401084599999999,357.04,112.198419449151,0.0740660150924452,2486.4309314776174,9.30513098594236,2.256539167833058,2021,2022,0,Sub-Saharan Africa,Low income
LSO,Lesotho,160,26.13355368,-0.1543581,-0.1334002,-0.401743299999999,42.41,80.5368195682415,0.353652507890634,2544.7824955121414,,0.0697267831899667,2021,2022,0,Sub-Saharan Africa,Lower middle income
SWZ,Eswatini,161,25.45708209,-0.5806756,-0.428643699999999,-0.6977002,38.27,118.627490794327,2.55280778191155,9990.434919512049,,0.3254456211324775,2021,2022,0,Sub-Saharan Africa,Lower middle income
ETH,Ethiopia,162,25.30098938,-0.4003096,-2.0139565,-0.9484534,5572.61,52.8088633217211,0.399382380284272,2588.413102158837,,8.546588831622683,2021,2022,0,Sub-Saharan Africa,
AGO,Angola,163,24.76924364,-0.6416506,-0.7936068,-1.0980135,40.17,44.3868689341257,0.39092529517689,8862.281333145209,,16.12695404361047,2021,2022,0,Sub-Saharan Africa,Lower middle income
SLE,Sierra Leone,164,24.49171892,-0.478002999999999,-0.2367225,-0.759120999999999,73.66,101.636782141976,0.0022731197902009,2849.388659264359,,,2021,2022,0,Sub-Saharan Africa,Low income
MWI,Malawi,165,24.459898,-0.4316195,-0.102843499999999,-0.2454536,374.94,59.5599408158462,0.0670814931398598,1687.593581796507,2.39798041885226,6.073562308628742,2021,2022,0,Sub-Saharan Africa,Low income
COM,Comoros,166,23.81933921,-1.4088014,-0.3981267,-1.1021442,4.51,104.311430086999,0.150456993255713,3377.885184825867,,0.2068839095744487,2021,2022,0,Sub-Saharan Africa,Lower middle income
NER,Niger,167,23.72363429,-0.5632509,-1.4793091,-0.598975199999999,65.74,61.5063092448251,,1585.5992202118823,,32.36995874764103,2021,2022,0,Sub-Saharan Africa,Low income
GNB,Guinea Bissau,168,22.82405378,-1.21682239999999,-0.3001867,-1.2016468,14.28,108.62961248586,0.160430067207715,2522.767643025207,,,2021,2022,0,Sub-Saharan Africa,Low income
SDN,Sudan,169,22.5547595,-1.292527,-1.7826483,-1.3405003,531.71,71.767230205952,0.0632992450276202,3248.9755859375,,,2021,2022,0,Sub-Saharan Africa,Low income
MOZ,Mozambique,170,22.54020961,-0.809070699999999,-1.2675269,-1.0487663,219.18,43.1636190464176,0.206558007808804,1457.2354093092151,,1.5990396278462573,2021,2022,0,Sub-Saharan Africa,Low income
LBR,Liberia,171,22.09001172,-0.9896145,-0.2103506,-0.8429491,25.33,31.429900768597,0.247180102838331,1539.20892304674,,7.934965405129269,2021,2022,0,Sub-Saharan Africa,Low income
TCD,Chad,172,20.57569578,-1.4920803,-1.689273,-1.34307209999999,27.43,58.0323175441615,0.0,2435.0727465109894,,,2021,2022,0,Sub-Saharan Africa,Low income
BDI,Burundi,173,20.52919336,-1.390618,-1.37835589999999,-1.3122824,29.42,59.700785493419,0.0304886490520483,1035.5385738493778,,0.250001784207837,2021,2022,0,Sub-Saharan Africa,Low income
COD,Democratic Republic of the Congo,174,20.21793742,-1.50417239999999,-1.6314631,-1.53122649999999,205.52,47.2882541992485,0.0312660957356555,1402.3856029522096,,0.0782346689876281,2021,2022,0,Sub-Saharan Africa,Low income
ERI,Eritrea,175,20.16632518,-1.36851339999999,-1.02707899999999,-1.6516587,32.01,53.7582573847458,0.149245578525113,,,,2021,2022,0,Sub-Saharan Africa,Low income
CAF,Central African Republic,176,19.90049863,-1.316273,-2.1689304,-1.5476834,17.31,35.8169832358522,0.0097611549069853,1128.5523799645855,,7.669124470247622,2021,2022,0,Sub-Saharan Africa,Low income
SSD,South Sudan,177,19.45429849,-1.82343179999999,-2.21948739999999,-1.97781689999999,14.73,30.151042999214,0.0018406409848165,,,,2021,2022,0,Sub-Saharan Africa,Low income
HTI,Haiti,178,18.60688175,-1.4853353,-1.2132391,-1.392161,40.71,64.3451990252656,0.272537391690564,3145.006810572685,,,2021,2022,0,Latin America & Caribbean,Lower middle income
YEM,Yemen,179,17.3219318,-1.5920705,-2.6676713,-1.8471399,392.24,47.8090200303014,1.09217148089821,,,,2021,2022,0,Middle East & North Africa,Low income
SYR,Syrian Arab Republic,180,16.04024825,-1.79070699999999,-2.37452369999999,-1.8887237,538.61,78.5558300193552,7.28562915466706,4592.83860100874,,,2021,2022,0,Middle East & North Africa,Low income
AFG,Afghanistan,181,13.45795858,-1.22202489999999,-2.4506389,-1.7202682,168.21,56.6944760468967,0.066424315829547,2144.166570028188,,,2021,2022,0,South Asia,Low income
USA,United States of America,1,84.79617127,1.2023562,-0.1626087,1.0518325,447538.91,108.785640656159,37.4887954801437,77860.91129088482,79.361930847168,20.578983300737853,2022,2023,0,North America,High income
SGP,Singapore,2,81.97096482,2.0329943,1.164789,1.4279068,12402.6,173.005291258141,27.5510032505086,143094.94989695883,98.02222650098,56.82691898762432,2022,2023,0,East Asia & Pacific,High income
GBR,United Kingdom of Great Britain and Northern Ireland,3,78.57223041,1.6352771,0.3676912,1.2994581,101776.16,119.833999505569,41.2867157729584,59021.57218059142,79.7695083618164,27.15977081923476,2022,2023,0,Europe & Central Asia,High income
FIN,Finland,4,77.36514132,2.1894699,1.0892287,1.9939363,11543.1,128.023293416281,34.2951599474189,62133.13752199117,104.944221496582,9.62392843667484,2022,2023,0,Europe & Central Asia,High income
CAN,Canada,5,77.0688933,1.651994,0.5074459,1.5052581,66751.03,91.2386689983444,42.1792116530791,63944.10501006869,78.8488311767578,15.148976538046844,2022,2023,0,North America,High income
FRA,France,6,76.0747579,1.3856444,0.0198376,1.0195192,65197.8,115.950519429629,48.250226559098,57042.944901377225,71.5107269287109,21.92646112571559,2022,2023,0,Europe & Central Asia,High income
KOR,Republic of Korea,7,75.64511212,0.8217095,0.855673,1.1662138,71998.13,148.68360770138,45.4542124182774,55509.33687611736,102.813056945801,36.11827893121698,2022,2023,0,East Asia & Pacific,High income
DEU,Germany,8,75.26152044,1.8224098,0.5284799,1.5810518,112300.79,124.158264349285,44.6186317766404,69048.98840368852,77.3656997680664,17.49815055736594,2022,2023,0,Europe & Central Asia,High income
JPN,Japan,9,75.07579217,1.4419346,1.2758787,1.5084676,102422.96,168.602943650636,36.8414210393741,47192.05006033716,63.3752288818359,18.259261535190227,2022,2023,0,East Asia & Pacific,High income
NLD,Netherlands,10,74.46899594,1.9175777,0.6252296,1.7289109,32878.0,115.8205562749,43.5643185557355,78630.35990720983,,21.957838012434244,2022,2023,0,Europe & Central Asia,High income
DNK,Denmark,11,73.91202307,2.3022376,0.8416401,2.0023268,15700.65,126.48354098254,44.8863644064006,78913.65349131271,84.5866088867188,15.988289228272013,2022,2023,0,Europe & Central Asia,High income
AUS,Australia,12,73.8886426,1.7288156,0.9015353,1.471946,58183.41,109.469171081514,36.3933201898066,66103.17970669566,106.240760803223,25.83187041162716,2022,2023,0,East Asia & Pacific,High income
NOR,Norway,13,72.71208818,2.0332101,0.9197731,1.9409153,13494.16,111.657196221742,45.6644653158508,125489.54893560216,97.6419830322266,23.884946045033782,2022,2023,0,Europe & Central Asia,High income
SWE,Sweden,14,72.55428782,2.0255279,0.9419053,1.7381383,21514.5,140.781664517726,40.6093424279832,67075.6762724717,83.8976135253906,17.256654136370216,2022,2023,0,Europe & Central Asia,High income
AUT,Austria,15,72.36579509,1.3678343,0.6005165,1.6419642,14103.32,121.16645744796,29.2342573265435,72065.49742701056,94.5116882324219,14.914170247260156,2022,2023,0,Europe & Central Asia,High income
CHN,China,16,70.94344937,0.0432332,-0.249058199999999,-0.563864399999999,885962.5,124.195248970763,41.3736197056022,23032.17662711428,71.5799465086024,27.765061256315583,2022,2023,0,East Asia & Pacific,Upper middle income
EST,Estonia,17,70.86482958,1.5957125,0.8742633,1.5220957,1791.71,152.270772859015,39.7219150412824,48217.552310602834,71.4251937866211,18.01864383156159,2022,2023,0,Europe & Central Asia,High income
ARE,United Arab Emirates,18,70.42303308,1.0223468,0.883216,0.409903,6147.28,195.624592490241,36.8485872897377,75071.65863003506,60.4188226013954,9.287760224389102,2022,2023,0,Middle East & North Africa,High income
IRL,Ireland,20,69.82192222,1.6463639,0.8053599,1.5040267,8811.1,110.608851322579,31.5362809040128,138522.5178002039,77.5933380126953,46.7867801497714,2022,2023,0,Europe & Central Asia,High income
ISL,Iceland,21,69.5940496,1.6495728,1.2672872,1.5968615,746.67,120.114839781678,37.4212579793667,75332.8528345867,84.985237121582,33.31162925425808,2022,2023,0,Europe & Central Asia,High income
LUX,Luxembourg,22,69.40775632,1.9674109,1.0244114,1.7477473,1158.62,139.651285065505,38.3269581349215,146919.14539849444,21.032600402832,5.990460389365796,2022,2023,0,Europe & Central Asia,High income
MYS,Malaysia,23,68.7072292,0.3710292,0.2483001,0.2952941,23520.32,138.208441079076,12.1753566089982,34419.86849756656,36.9853099297291,58.28182440314864,2022,2023,0,East Asia & Pacific,Upper middle income
CHE,Switzerland,24,68.5683896,2.0949429,1.0254452,1.7793511,23935.67,123.971228075124,46.6747503634479,94421.4576550424,74.1526794433594,29.988139797666413,2022,2023,0,Europe & Central Asia,High income
PRT,Portugal,25,68.28168555,0.7860609,0.8869409,1.1256864,18212.56,122.80130896654,42.937003513367,45250.01487598647,75.0714797973633,6.99049160072585,2022,2023,0,Europe & Central Asia,High income
ITA,Italy,26,67.62584509,0.5738577,0.4124684,0.5739685,83236.9,131.673965640047,31.19136706407,57260.89453724933,73.8962097167969,9.15916231271025,2022,2023,0,Europe & Central Asia,High income
ESP,Spain,27,67.47437476,0.7816745,0.1569762,0.9606357,61269.93,123.399528756795,35.7846414290159,51398.93104034071,95.0271606445312,12.583718791138846,2022,2023,0,Europe & Central Asia,High income
BEL,Belgium,28,67.28440384,1.5774306,0.2465264,1.3398087,17124.05,101.680355820653,43.5657139519422,69128.13888838432,83.5736465454102,22.817913517326545,2022,2023,0,Europe & Central Asia,High income
SAU,Saudi Arabia,29,67.04188134,0.2767396,-0.3617761,0.0393234,22901.43,149.79788255308,41.8230078726101,71968.07495588803,73.7492065429688,0.2952734306819504,2022,2023,0,Middle East & North Africa,High income
ISR,Israel,30,65.4642356,0.8878345,-0.904996799999999,0.8010265,14331.79,151.1379631075,29.1676695245416,53619.06809950952,58.9500617980957,29.109054041052342,2022,2023,0,Middle East & North Africa,High income
CZE,Czechia,31,65.17046981,0.8031753,0.9957469,1.1392733,14098.3,128.105295003482,37.7136856539825,52946.966085446205,70.8145904541016,21.835361895952587,2022,2023,0,Europe & Central Asia,High income
BRA,Brazil,32,63.69915943,-0.4562788,-0.415796899999999,-0.4398335,62659.84,101.245468903076,20.9534469027015,19876.85335313965,61.0000915527344,9.11134627987528,2022,2023,0,Latin America & Caribbean,Upper middle income
MLT,Malta,33,63.64436289,0.4469911,0.9316852,0.8543614,593.4,132.861156549134,43.4449972737186,60588.889059179375,74.5901336669922,38.96158518861868,2022,2023,0,Middle East & North Africa,High income
QAT,Qatar,34,63.586363,0.8197673,0.9163182,0.5977458,2451.09,162.248539735277,12.6414412670206,122920.54329029,35.0854901088778,2.859699412733962,2022,2023,0,Middle East & North Africa,High income
LTU,Lithuania,35,63.33225365,0.855068,0.963939,1.228331,2698.05,135.834150715729,28.4400438919259,50936.00495474423,76.9154586791992,12.99639413336345,2022,2023,0,Europe & Central Asia,High income
POL,Poland,36,63.09568429,0.6673922,0.537484,0.3545463,31398.78,137.002148115476,23.8373449056172,46777.55245191616,75.2911071777344,11.632587777275518,2022,2023,0,Europe & Central Asia,High income
THA,Thailand,37,63.03262655,-0.403978499999999,-0.5671596,-0.2682159,17363.34,176.22279253783,17.5125815621477,22243.074772702603,43.29484965617,25.8377488104933,2022,2023,0,East Asia & Pacific,Upper middle income
RUS,Russian Federation,38,62.92297762,-0.772806099999999,-0.740939599999999,-1.0548583,83451.32,168.475831268436,24.6345568628262,40938.98828125,53.9151941239211,,2022,2023,0,Europe & Central Asia,High income
SVN,Slovenia,39,62.63475187,0.7480799,0.7749516,0.9211902,3741.92,126.45918075971,32.0104972135392,52347.10972653797,82.3922576904297,8.569786439242128,2022,2023,0,Europe & Central Asia,High income
IND,India,40,62.57800735,-0.2924866,-0.7535037,-0.1104884,200488.43,80.1818007717416,2.35231555917724,9207.127430401446,32.6703053423023,12.682279480728722,2022,2023,0,South Asia,Lower middle income
CHL,Chile,41,61.94839002,1.1452971,-0.004406,0.7437613,8443.63,135.114280974065,22.7901897178525,30932.0010873677,99.3372802734375,6.936726841166927,2022,2023,0,Latin America & Caribbean,High income
IDN,Indonesia,42,61.03492368,-0.3702139,-0.7624666,-0.1291182,26452.38,122.873012230307,4.82151507878823,14284.929293132958,42.3260385456152,8.308193067098319,2022,2023,0,East Asia & Pacific,Upper middle income
CYP,Cyprus,43,60.84003033,0.5652889,0.3811357,0.7642266,1725.47,146.71583605521,36.7656727425982,55876.17578125,105.384979248047,17.659598122901116,2022,2023,0,Europe & Central Asia,High income
SVK,Slovakia,44,60.73476979,0.3774853,0.5294743,0.5921835,5067.03,136.029289645522,33.9988127597088,41562.149779391286,52.4959106445312,8.490416014205971,2022,2023,0,Europe & Central Asia,High income
HUN,Hungary,45,60.66027035,0.0402617,0.6701403,0.2426218,8168.57,105.793848314995,36.5338104764554,44365.91081283429,60.2746810913086,18.40489172584307,2022,2023,0,Europe & Central Asia,High income
URY,Uruguay,46,60.57175304,1.6139339,1.3035622,0.9765591,1076.04,139.828801269747,33.4865565704576,33000.918699951035,76.3977408357972,9.55160023287408,2022,2023,0,Latin America & Caribbean,High income
TUR,Türkiye,47,60.50820969,-0.4324578,-0.935033599999999,-0.7798318,49827.29,103.720593629066,21.8230372591075,39564.110326733295,127.577972412109,3.6640355487946232,2022,2023,0,Europe & Central Asia,Upper middle income
LVA,Latvia,48,60.30099482,0.8238921,0.7798656,1.0087817,1655.62,115.202627450543,25.989241189689,40558.749584112185,91.3303680419922,17.550589370940063,2022,2023,0,Europe & Central Asia,High income
NZL,New Zealand,49,60.18468167,2.0822927,1.2327589,1.7220184,8700.7,115.984187800849,36.3044927893768,54033.91301256506,77.0104675292969,12.054341542288812,2022,2023,0,East Asia & Pacific,High income
OMN,Oman,50,58.93723222,0.0212395,0.4399615,0.3524322,1487.22,136.800571561762,10.8833264083829,42616.33489558685,,7.619869533224779,2022,2023,0,Middle East & North Africa,High income
BGR,Bulgaria,51,58.64499758,-0.1369351,0.3269733,-0.0998029,4858.97,116.679163253179,34.9667968772891,36320.14222951922,84.1293563842773,10.38267754185687,2022,2023,0,Europe & Central Asia,High income
GRC,Greece,52,57.94965354,0.3224993,0.236947,0.4892737,13922.21,109.026956114201,42.923040428409,39612.44063779162,166.389556884766,14.470865176220707,2022,2023,0,Europe & Central Asia,High income
COL,Colombia,53,57.85276011,-0.256400299999999,-0.809182,-0.5296476,9305.41,156.195161137443,17.007465545983,20854.002999162018,59.2901382446289,8.401826371864393,2022,2023,0,Latin America & Caribbean,Upper middle income
ARG,Argentina,54,57.72417372,-0.3402325,0.0576438,-0.2913485,9086.96,131.483556254876,24.6831785056628,29808.807346800702,107.103901423423,4.751575243385936,2022,2023,0,Latin America & Caribbean,Upper middle income
JOR,Jordan,55,56.8468117,0.0226578,-0.311462199999999,0.0764869,4732.04,67.7457074341635,7.0736531298176,9927.234100250598,32.5119829829151,1.4496882666855757,2022,2023,0,Middle East & North Africa,Lower middle income
BHR,Bahrain,56,56.13114214,0.144834,-0.482549599999999,0.0328686,613.67,139.636142863944,18.0025680504011,61677.6538492695,50.3073760962771,0.5699591963159788,2022,2023,0,Middle East & North Africa,High income
SRB,Serbia,57,55.57212047,-0.484904899999999,-0.0525867,-0.1559554,4938.83,129.813149647571,29.3457941392192,26142.82792376653,69.8046798706055,,2022,2023,0,Europe & Central Asia,Upper middle income
PER,Peru,58,54.8722902,-0.641561199999999,-0.6566212,-0.487251699999999,4643.53,124.119322949561,9.45023631953673,16669.156148676902,,4.589466164395387,2022,2023,0,Latin America & Caribbean,Upper middle income
VNM,Viet Nam,59,54.48001397,-0.2459866,0.1227944,-0.3368491,9672.57,137.852422819653,21.3681380805533,13905.153687521612,44.7536854027422,42.689178907016,2022,2023,0,East Asia & Pacific,Lower middle income
UKR,Ukraine,60,53.28654288,-0.683771799999999,-1.05075649999999,-0.742306199999999,14645.92,120.261144906234,17.5398140646824,14770.0712890625,,5.736135656230187,2022,2023,0,Europe & Central Asia,Upper middle income
MUS,Mauritius,61,53.2671014,0.3948817,0.8607357,0.6838381,247.88,164.309278835228,26.1963906498554,26874.489992759285,44.2026816403629,2.067079625286801,2022,2023,0,Sub-Saharan Africa,Upper middle income
EGY,Egypt,62,52.6929229,-0.7776624,-0.9542974,-0.772813099999999,22502.97,90.6794715776528,10.6832498285136,17526.801703016554,36.462230682373,3.4020498750804142,2022,2023,0,Middle East & North Africa,Lower middle income
LIE,Liechtenstein,63,52.63448412,1.7550868,1.5871411,1.7279582,44.58,126.306686674975,48.9304880840349,,,,2022,2023,0,Europe & Central Asia,High income
ROU,Romania,64,52.31981092,0.0662149,0.5499041,0.4352333,10478.75,121.14194294167,33.2115600895132,41979.25867670866,58.2390403747559,11.857337556020038,2022,2023,0,Europe & Central Asia,High income
PHL,Philippines,65,51.97820876,-0.5774689,-0.899042399999999,-0.6321996,4283.9,147.428926406785,7.63946525096298,10131.34636979404,38.4011392706768,66.61109219637783,2022,2023,0,East Asia & Pacific,Lower middle income
DOM,Dominican Republic,66,50.71305278,-0.422172599999999,0.4914554,-0.2774196,110.33,90.3760163850377,10.6744492390257,24625.808856403743,55.1665311527454,6.018790558768618,2022,2023,0,Latin America & Caribbean,Upper middle income
MCO,Monaco,67,50.50433586,1.1763452,1.3786309,1.3462901,57.39,100.061647530246,55.2284811589736,,,,2022,2023,0,Europe & Central Asia,High income
MEX,Mexico,68,50.37334308,-0.8757541,-0.5890439,-1.0822517,19740.68,105.720624125765,20.6070256426489,23135.49316012762,46.4061317443848,20.53436922578491,2022,2023,0,Latin America & Caribbean,Upper middle income
KWT,Kuwait,69,49.85706104,0.0771437,0.1041664,0.2236666,1245.88,168.350157565806,1.36328249349441,55043.00226358495,,0.7163548082807456,2022,2023,0,Middle East & North Africa,High income
HRV,Croatia,70,49.34199305,0.1067785,0.7321186,0.4345096,5488.61,114.677195729643,27.6606739600213,42125.07269309308,80.7626724243164,12.063854042863776,2022,2023,0,Europe & Central Asia,High income
CRI,Costa Rica,71,49.12279778,0.5669805,1.1460641,0.6675589,725.44,136.518375013406,21.7575979999075,26226.27548159493,,21.974896001181843,2022,2023,0,Latin America & Caribbean,High income
KAZ,Kazakhstan,72,48.55608275,-0.1920096,-0.5795614,-0.440637699999999,3211.19,125.641583521795,14.4739535470844,35895.08398716668,57.2459264222925,32.26664971102692,2022,2023,0,Europe & Central Asia,Upper middle income
AZE,Azerbaijan,73,48.15205153,-0.8302212,-0.542048099999999,-0.5484749,1155.81,107.506296074404,20.3655958095069,22552.088656052303,41.0017793895325,3.912944162002704,2022,2023,0,Europe & Central Asia,Upper middle income
BRN,Brunei Darussalam,74,48.09942959,1.1825406,1.175984,0.6385844,375.4,116.108439291126,19.8049937413532,81801.7459224403,31.1925368707703,1.0442596038317469,2022,2023,0,East Asia & Pacific,High income
SMR,San Marino,75,48.08421492,1.1763452,1.3786309,1.2429348,18.84,120.269873863303,35.7876210032268,75941.48990901622,53.7988826815642,,2022,2023,0,Europe & Central Asia,High income
LBN,Lebanon,76,47.61870616,-1.21762979999999,-1.34257539999999,-1.0323318,1990.44,74.0148340435503,7.29166684799988,12292.840730550111,58.1761149059991,15.133219943969994,2022,2023,0,Middle East & North Africa,Lower middle income
ZAF,South Africa,77,47.27824677,-0.1634734,-0.6842882,0.0341024,15880.81,160.728511675754,3.12297476001713,14749.047804530075,23.7271036201865,5.521969233363529,2022,2023,0,Sub-Saharan Africa,Upper middle income
MNE,Montenegro,78,47.1475604,-0.0127453999999999,0.0236518,-0.0546103999999999,266.88,207.278149444886,31.8922375082974,28049.6156106324,57.4317893981934,8.210195069707302,2022,2023,0,Europe & Central Asia,Upper middle income
NRU,Nauru,79,46.74580573,0.4459534,0.9276426,0.3476922,0.27,87.1705787645115,9.95678332344717,13245.109456261936,,,2022,2023,0,East Asia & Pacific,High income
AND,Andorra,80,46.25424863,,,,9.09,142.426447525249,51.2050686907973,68470.0759483848,34.6414389161411,13.307661357266516,2022,2023,0,Europe & Central Asia,High income
TUN,Tunisia,81,46.07375273,-0.1992466,-0.7395623,-0.236793299999999,5501.68,131.875365428496,13.9309222767522,13618.53899186514,37.1276893615723,7.189886086144299,2022,2023,0,Middle East & North Africa,Lower middle income
BGD,Bangladesh,82,46.04283084,-1.17834859999999,-1.0954422,-0.973641299999999,7255.24,109.8665408168,7.17020479104462,8450.549025339405,23.5005059888653,,2022,2023,0,South Asia,Lower middle income
MKD,North Macedonia,83,45.40465829,-0.332673,0.3218511,-0.1802257,534.99,111.303079555687,28.0035734605346,24212.281888533133,53.1601181030273,4.014984905959554,2022,2023,0,Europe & Central Asia,Upper middle income
RWA,Rwanda,84,45.38673728,0.5279544,0.0294569,0.0067627,360.56,80.5952224850433,0.349951615372613,3098.6770063499434,7.41325884733851,4.7847297958567205,2022,2023,0,Sub-Saharan Africa,Low income
ARM,Armenia,85,45.21531546,0.0574942,-0.3556235,-0.2386468,674.73,130.540072214196,17.7300708049016,19161.37005141889,57.1818422625098,21.84752834353729,2022,2023,0,Europe & Central Asia,Upper middle income
PAN,Panama,86,43.91332742,-0.562926599999999,0.428471,-0.214656799999999,370.87,152.062171804817,16.3861439797054,36333.12691843586,57.8162831217614,0.2336245483884281,2022,2023,0,Latin America & Caribbean,High income
UZB,Uzbekistan,87,43.78954115,-0.699129999999999,-0.2325524,-0.6719908,2091.27,105.471643327627,25.7992232452287,10292.530942748535,31.701936179599,1.41210240735451,2022,2023,0,Europe & Central Asia,Lower middle income
MAR,Morocco,88,43.33900818,-0.4879114,-0.492008,-0.4491939,7952.97,141.870002419562,6.47150166958379,9310.0322265625,45.9400219155138,4.498382084083878,2022,2023,0,Middle East & North Africa,Lower middle income
ALB,Albania,89,43.26239362,-0.500456,0.0115425,-0.1309656,242.18,98.3950391992101,20.6989441252111,22138.418285734453,62.647921513098,0.0596409977568036,2022,2023,0,Europe & Central Asia,Upper middle income
MDA,Republic of Moldova,90,42.97129514,-0.421512599999999,-0.2465629,-0.1948034,328.4,137.182551887592,26.317794331222,16452.96211919997,68.0572346521372,2.1401803935369017,2022,2023,0,Europe & Central Asia,Upper middle income
SEN,Senegal,91,42.58345092,0.0169424,-0.2028622,-0.1356248,507.58,118.150293497239,1.40365165848276,4530.22059496055,15.6478973478986,2.300686887550707,2022,2023,0,Sub-Saharan Africa,Lower middle income
PAK,Pakistan,92,42.20012541,-0.9459689,-1.7555938,-0.9108794,20954.92,79.1050539061512,1.28371909626329,5920.274306541074,10.5057175294292,1.4322563541997966,2022,2023,0,South Asia,Lower middle income
BHS,Bahamas,93,42.14236214,1.2330855,0.8592816,0.272063,17.7,101.623744145214,21.135589553703,36791.40104609638,,0.0,2022,2023,0,Latin America & Caribbean,High income
IRN,Iran (Islamic Republic of),94,42.07324885,-1.13191439999999,-1.1448403,-1.1257877,58271.06,162.712943709127,12.2102486068411,17545.624662942948,58.6838607788086,0.8140079231973251,2022,2023,0,Middle East & North Africa,Upper middle income
LKA,Sri Lanka,95,41.8893437,-0.3533578,-0.7621199,-0.3299184,2498.12,151.72675762805,9.63609972688813,14193.654621744592,22.3679922774735,1.0863745770213964,2022,2023,0,South Asia,Lower middle income
FJI,Fiji,96,41.56883237,0.4582725,0.782553,0.2370994,197.72,111.749120643187,2.53376577893503,12982.291451991914,68.7794855157684,2.241245877544534,2022,2023,0,East Asia & Pacific,Upper middle income
BEN,Benin,97,41.37191592,-0.1108108,-0.4373008,-0.468466,441.45,105.745019386968,0.153072411564925,3844.154157458155,10.2350101470947,4.287156206215209,2022,2023,0,Sub-Saharan Africa,Lower middle income
JAM,Jamaica,98,41.31633222,-0.0788141,0.4525342,-0.0687388999999999,144.46,105.762018411183,14.9601781381994,11887.77036942296,,1.4709847551675832,2022,2023,0,Latin America & Caribbean,Upper middle income
GEO,Georgia,99,41.26650193,0.6512819,-0.100034699999999,0.18182,602.02,154.013561773213,28.3337075311796,22461.332641454654,79.3253367493498,2.9492009025545625,2022,2023,0,Europe & Central Asia,Upper middle income
ECU,Ecuador,100,40.83861731,-0.655353,-0.2336288,-0.5794902,3317.49,98.1309025742238,15.1128846850944,15198.07255544725,59.879782344866,6.711579234057294,2022,2023,0,Latin America & Caribbean,Upper middle income
KEN,Kenya,101,40.18580433,-0.751285,-0.962236,-0.4245656,2051.43,121.168999135357,1.47646942688922,5883.2230396192135,,2.260738110257122,2022,2023,0,Sub-Saharan Africa,Lower middle income
BRB,Barbados,102,40.13321614,1.1926841,1.2066625,0.7169373,70.21,114.580721030894,37.4843261853654,22193.248712578938,55.0600902713579,17.011739306168195,2022,2023,0,Latin America & Caribbean,High income
NGA,Nigeria,103,39.87877496,-1.225087,-1.9526169,-0.9998212,9649.09,99.5852151989567,0.0433814077089791,8304.958105035297,,2.3848830290138348,2022,2023,0,Sub-Saharan Africa,Lower middle income
TTO,Trinidad and Tobago,104,39.44275869,-0.2989622,0.3498483,-0.2477989,255.09,133.631989924602,26.0331929293058,32978.8585763159,,0.0822278998582187,2022,2023,0,Latin America & Caribbean,High income
ATG,Antigua and Barbuda,105,39.41080516,0.2369304,1.0787211,0.6200291,6.28,200.540715208962,10.6818181818182,29933.889369890207,,0.0,2022,2023,0,Latin America & Caribbean,High income
KNA,Saint Kitts and Nevis,106,39.23383354,0.3109783,0.9177056,0.571593,40.15,116.923933289088,46.7447387013209,31870.88137845052,,,2022,2023,0,Latin America & Caribbean,High income
BLR,Belarus,107,39.20286213,-0.415013199999999,-0.6168791,-1.1591441,1563.85,128.314999383533,34.0671782490739,28429.49488218266,77.0977334087936,,2022,2023,0,Europe & Central Asia,Upper middle income
TON,Tonga,108,39.00745952,-0.496913,1.3674794,0.7917887,4.22,61.7257858761257,8.17387330781973,7296.170821392876,,0.5527370280701694,2022,2023,0,East Asia & Pacific,Upper middle income
MNG,Mongolia,109,38.98928752,-0.662165,0.6315013,-0.1500746,258.96,142.808581769425,12.9008288504333,16401.989475153066,67.6998728025335,30.81416908973588,2022,2023,0,East Asia & Pacific,Upper middle income
BWA,Botswana,110,38.83923461,0.6506622,1.0798421,0.3434669,391.01,178.205018910673,4.53192190474005,19976.83437944735,20.7095613715302,0.5023812940932434,2022,2023,0,Sub-Saharan Africa,Upper middle income
TJK,Tajikistan,111,38.78247405,-1.1230133,-0.4282098,-1.19932209999999,107.75,63.8442080716763,0.585196433548591,4514.175123981642,37.2834392884446,1.627127590333715,2022,2023,0,Europe & Central Asia,Lower middle income
SYC,Seychelles,112,38.10561952,1.1495314,0.8411889,0.5983146,21.64,163.429518331448,29.8314239734867,29972.87583159365,13.930414075936,25.038991663018766,2022,2023,0,Sub-Saharan Africa,High income
TUV,Tuvalu,113,37.45304448,0.2445984,1.4735212,1.0040365,1.43,98.8590872698158,4.52361889511609,5661.143847663763,,,2022,2023,0,East Asia & Pacific,Upper middle income
BTN,Bhutan,114,36.87905685,1.357056,1.3224382,0.6837835,116.64,95.129809428439,0.631823734751842,15063.810576307216,14.5780698560857,0.0122179939865198,2022,2023,0,South Asia,Lower middle income
PRY,Paraguay,115,36.85412454,-0.953862099999999,-0.0659073999999999,-0.540378799999999,235.52,128.088057269442,11.1527995711537,16347.043497477647,,10.561993933889122,2022,2023,0,Latin America & Caribbean,Upper middle income
GUY,Guyana,116,36.7932748,-0.2293385,0.210713,-0.3602997,49.46,112.56503784518,12.9356394612219,39710.96956075305,,0.1239541093201857,2022,2023,0,Latin America & Caribbean,High income
BIH,Bosnia and Herzegovina,117,36.48814846,-0.680061199999999,-0.248056399999999,-0.289740999999999,1029.2,118.944352880459,27.3190356221695,21651.295237486163,45.6063499450684,5.224749177601036,2022,2023,0,Europe & Central Asia,Upper middle income
LCA,Saint Lucia,118,36.46491071,0.3713679,1.0438207,0.5318302,4.19,98.6676436534083,13.571912004072,24599.37330010672,16.1808795928955,,2022,2023,0,Latin America & Caribbean,Upper middle income
CPV,Cabo Verde,119,36.29975864,0.856269,0.8359641,0.4774863,23.38,113.247367438782,6.56769429388869,9481.073354056049,,3.4765400015460224,2022,2023,0,Sub-Saharan Africa,Upper middle income
DZA,Algeria,120,35.98810889,-0.6430769,-0.8074555,-0.798385,7550.23,107.787115922596,10.3517244580598,15836.094437032109,53.3875786756,,2022,2023,0,Middle East & North Africa,Upper middle income
GTM,Guatemala,121,35.75753858,-1.2166625,-0.3005447,-1.0371304,117.76,115.156435692604,5.02439029583182,13014.015380982615,,4.971624031709513,2022,2023,0,Latin America & Caribbean,Upper middle income
MHL,Marshall Islands,122,35.70297129,-0.0269237999999999,1.2819745,0.836255,2.17,39.7060658232902,2.35047533498016,7431.427578954963,41.3350449293967,,2022,2023,0,East Asia & Pacific,Upper middle income
CUB,Cuba,123,35.52053817,-0.2238752,0.4974928,-0.4977926,1420.58,68.7180442358013,2.89200005063374,,,7.875589131826639,2022,2023,0,Latin America & Caribbean,Upper middle income
SUR,Suriname,124,35.51765043,-0.308943099999999,0.2466594,-0.2196339,13.38,149.052255906952,20.0260284612076,20078.83655459504,5.02487384130847,11.350144983772896,2022,2023,0,Latin America & Caribbean,Upper middle income
NAM,Namibia,125,35.3730031,0.3167748,0.3736395,0.3187607,213.89,100.557816104444,3.29190749644768,10662.701706411855,26.1092654658031,0.0563656557154241,2022,2023,0,Sub-Saharan Africa,Lower middle income
BOL,Bolivia (Plurinational State of),126,35.25033938,-0.9824356,-0.170608899999999,-1.1775683,181.31,101.57150434614,10.9975247479663,12306.729312869538,,5.517697487182869,2022,2023,0,Latin America & Caribbean,Lower middle income
DMA,Dominica,127,34.81908485,0.3990364,1.2397365,0.5641308,5.06,85.1898961482058,20.86014425523,18802.081991320545,,27.594662663954928,2022,2023,0,Latin America & Caribbean,Upper middle income
GRD,Grenada,128,34.63095618,0.2886861,1.2048361,0.4711413,55.73,95.759239776586,29.767433903843,17543.98155962659,,2.1771874895919696,2022,2023,0,Latin America & Caribbean,Upper middle income
BLZ,Belize,129,34.2435614,-0.0459141999999999,0.7353533,-0.4371369,17.84,67.1750266305468,9.75385677359442,13461.209845161278,23.9767727412258,0.0001824316203361,2022,2023,0,Latin America & Caribbean,Upper middle income
VCT,Saint Vincent and the Grenadines,130,34.13221331,0.7243711,1.0438207,0.6160382,6.06,102.334241420536,28.9967269662701,18035.27329281201,41.4983277591973,4.0070872997932,2022,2023,0,Latin America & Caribbean,Upper middle income
KGZ,Kyrgyzstan,131,34.09800116,-1.2024196,-0.422477,-0.9265186,234.43,106.925973017004,5.60484304582026,6577.512177283893,54.2184527097527,10.554052011145703,2022,2023,0,Europe & Central Asia,Lower middle income
UGA,Uganda,132,33.43858135,-0.9890036,-1.0920608,-0.729024799999999,1250.03,70.1401117953081,0.0850849430150062,2919.177754071077,,2.395714863087912,2022,2023,0,Sub-Saharan Africa,Low income
IRQ,Iraq,133,33.39561913,-1.37334849999999,-2.2294281,-1.45504109999999,12326.35,99.1323661916548,14.4912960130678,14391.129234980575,,,2022,2023,0,Middle East & North Africa,Upper middle income
PSE,State of Palestine,134,33.13922995,-0.5708588,-1.5318512,-0.8475185,736.06,76.5666403406424,7.93673083556539,6163.248978376131,45.7982801281791,1.2550244770589092,2022,2023,0,Middle East & North Africa,Lower middle income
GAB,Gabon,135,33.09015799,-1.0035399,-0.1324826,-1.0937103,100.2,123.233187164275,3.3054859267542,19992.55706434685,,3.9075849423199847,2022,2023,0,Sub-Saharan Africa,Upper middle income
LAO,Lao People's Democratic Republic,136,33.05352563,-0.9974286,0.7033051,-0.8397916,82.63,63.3546046458219,2.38186047453058,8766.440626110943,13.677811550152,9.517677832973265,2022,2023,0,East Asia & Pacific,Lower middle income
TZA,United Republic of Tanzania,137,32.86338241,-0.3590925,-0.4815853,-0.5495819,1203.29,93.0159746238635,0.110774196881278,3799.8623046875,5.32159018874409,1.703635659601261,2022,2023,0,Sub-Saharan Africa,Lower middle income
CIV,Côte D'Ivoire,138,32.78138909,-0.370305999999999,-0.716317499999999,-0.6021757,349.61,161.231833444196,1.25179133069312,6719.443815576367,11.1134926507622,3.556570328724159,2022,2023,0,Sub-Saharan Africa,Lower middle income
HND,Honduras,139,32.63199659,-1.03140529999999,-0.4781621,-1.09175279999999,131.63,75.8551423411907,4.40980164894983,6805.493582945538,,,2022,2023,0,Latin America & Caribbean,Lower middle income
ETH,Ethiopia,140,32.58526198,-0.406565399999999,-1.8659545,-0.9181925,7017.98,56.9642988837987,0.45157652011053,2844.922745357532,,3.210265749360578,2022,2023,0,Sub-Saharan Africa,
GHA,Ghana,141,32.58404214,-0.0967234999999999,-0.1877453,0.0021348,2973.03,120.803416027053,0.62494509663475,7208.157989827231,20.44559258931,1.9574071685201435,2022,2023,0,Sub-Saharan Africa,Lower middle income
SLV,El Salvador,142,32.57680248,-0.680151,-0.0998814,-0.9646984,55.8,183.248955984561,9.73832698625659,11875.964806623284,31.4538910186841,7.850018887340596,2022,2023,0,Latin America & Caribbean,Upper middle income
ZMB,Zambia,143,32.3597691,-0.4180775,0.0456326,-0.6313823,362.23,98.4372601156219,0.428949863290405,3840.7245051113887,,0.716710301849432,2022,2023,0,Sub-Saharan Africa,Lower middle income
VUT,Vanuatu,144,31.9130512,-0.135775999999999,0.9784231,0.4948511,12.63,81.6202730589115,1.1263520377197,3452.6074269388173,,,2022,2023,0,East Asia & Pacific,Lower middle income
KHM,Cambodia,145,31.87722576,-1.1129555,-0.0739156,-1.1151898,183.99,113.391506572248,2.9638308346303,6918.81626947213,14.6069513022825,6.562225982364634,2022,2023,0,East Asia & Pacific,Lower middle income
MDV,Maldives,146,31.71139837,-0.265023299999999,0.2721525,0.1059573,31.4,136.458655310185,17.3997244832152,22880.51231514193,48.4968654322788,4.096414731302233,2022,2023,0,South Asia,Upper middle income
WSM,Samoa,147,31.6611872,0.7661609,1.2343417,1.0470005,15.2,62.398669522115,0.87753935919651,6909.171299283358,18.5508413272527,0.5543692692467819,2022,2023,0,East Asia & Pacific,Upper middle income
TKM,Turkmenistan,148,31.16754399,-1.360439,0.2106842,-1.4336464,20.08,,5.21710831232306,18340.11128052993,16.7316012007071,,2022,2023,0,Europe & Central Asia,Upper middle income
MMR,Myanmar,149,30.91231228,-1.136637,-2.2412758,-1.65875779999999,163.72,107.535089476237,2.09694638185872,5731.937878724586,,2.6145783956440805,2022,2023,0,East Asia & Pacific,Lower middle income
NPL,Nepal,150,30.76702139,-0.652050399999999,-0.3755496,-0.3340683,1647.0,121.1144874334,8.51809813593178,5102.992311329473,14.8435874359729,0.6175207044758716,2022,2023,0,South Asia,Lower middle income
ZWE,Zimbabwe,151,30.70795467,-1.1984753,-0.8261001,-1.3005258,556.12,88.9958314912836,1.62150159909829,5395.856298006396,,1.4769311377601373,2022,2023,0,Sub-Saharan Africa,Lower middle income
PNG,Papua New Guinea,152,30.40577065,-0.588226999999999,-0.6856785,-0.5458926,81.9,49.1906681149749,0.214639196900492,4419.6192696280295,,11.971802937338571,2022,2023,0,East Asia & Pacific,Lower middle income
CMR,Cameroon,153,30.27139432,-1.1102965,-1.6950827,-1.2120562,1462.84,89.8274190453067,2.12862474053,5188.977508660814,16.4371527754335,3.288647060039671,2022,2023,0,Sub-Saharan Africa,Lower middle income
GMB,Gambia (Republic of The),154,30.25153776,-0.3002052,0.1344853,-0.3639747,79.44,106.782250509204,0.215818879031432,3067.31040374628,,3.2124882300216684,2022,2023,0,Sub-Saharan Africa,Low income
DJI,Djibouti,155,29.94791011,-0.9087909,-0.4774121,-1.0215603,11.08,46.7770531248021,1.41245769926198,6621.330382204093,,3.024177420850287,2022,2023,0,Middle East & North Africa,Lower middle income
NIC,Nicaragua,156,29.77142753,-1.2447097,-0.168460299999999,-1.49475349999999,43.07,104.278484676229,5.00781944815467,7796.693620341443,,1.2553932131571877,2022,2023,0,Latin America & Caribbean,Lower middle income
TLS,Timor-Leste,157,29.76966296,-0.4506594,0.4239118,-0.663390399999999,12.31,108.158358863503,0.0100051486348815,5729.811713825166,,6.829766985036592,2022,2023,0,East Asia & Pacific,Lower middle income
TGO,Togo,158,29.685532,-0.630985799999999,-0.760395399999999,-0.675356699999999,152.62,72.2147547047011,1.03723561669214,2935.013673207869,,0.3010719452031468,2022,2023,0,Sub-Saharan Africa,Low income
VEN,"Venezuela, Bolivarian Republic of",159,29.20001625,-1.603038,-1.1268117,-2.2378914,545.0,66.4667731210739,9.58036143387288,,,,2022,2023,0,Latin America & Caribbean,
AGO,Angola,160,29.14025605,-0.6031537,-0.5414068,-1.1625439,45.14,66.6008073123779,0.386698155907211,9588.241295111882,,22.063503999578096,2022,2023,0,Sub-Saharan Africa,Lower middle income
SLB,Solomon Islands,161,29.08793384,-0.1752124,0.7315157,0.1473971,13.22,62.0734995506142,0.107033208461257,2496.227345778308,,,2022,2023,0,East Asia & Pacific,Lower middle income
MDG,Madagascar,162,28.47313128,-0.9659728,-0.525026099999999,-0.9669241,161.19,64.7494924066919,0.10748996107107,1716.9788487379749,5.87562673022926,0.3486249845942597,2022,2023,0,Sub-Saharan Africa,Low income
GNQ,Equatorial Guinea,163,28.04104529,-1.5183607,-0.3481526,-1.4839685,2.93,49.5380486763568,0.10069058437688,18139.989326627,,,2022,2023,0,Sub-Saharan Africa,Upper middle income
BFA,Burkina Faso,164,27.49699619,-0.2342071,-1.82102069999999,-0.6266501,451.82,113.996146792235,0.214398323020291,2645.2406799661094,9.67069485831779,1.528998976495303,2022,2023,0,Sub-Saharan Africa,Low income
MLI,Mali,165,27.44682921,-0.8528176,-2.4680844,-1.0213887,145.1,112.119852778009,0.774220028570636,3014.4210732687966,,10.25786682849866,2022,2023,0,Sub-Saharan Africa,Low income
GIN,Guinea,166,27.44381327,-0.9739553,-0.813667399999999,-1.05538819999999,50.37,95.3174629318803,0.0062752856838037,4062.361364379217,,,2022,2023,0,Sub-Saharan Africa,Lower middle income
KIR,Kiribati,167,27.40464502,0.3338154,1.2429196,0.7720439,2.2,49.1120496056535,0.0689819037472503,3329.3443446486085,,,2022,2023,0,East Asia & Pacific,Lower middle income
MRT,Mauritania,168,27.09355128,-0.8477941,-0.2992865,-0.8487425,25.95,109.883898247552,0.415227794850191,6484.827921326307,,3.979493382012026,2022,2023,0,Sub-Saharan Africa,Lower middle income
SWZ,Eswatini,169,27.05304403,-0.6085804,-0.400835,-0.726965099999999,43.57,121.491701239707,2.18530055779024,10635.39241561134,,0.3159117701799301,2022,2023,0,Sub-Saharan Africa,Lower middle income
STP,Sao Tome and Principe,170,26.86146681,0.1448531,0.4930734,-0.294381499999999,4.37,86.7784626941517,2.02470117761428,6033.6811722182965,,5.294293818156193,2022,2023,0,Sub-Saharan Africa,Lower middle income
LSO,Lesotho,171,26.20904086,-0.1463735,-0.128161,-0.4650393,47.35,68.1001351640997,0.39753117741491,2761.3110500221565,,0.0925726266687245,2022,2023,0,Sub-Saharan Africa,Lower middle income
MOZ,Mozambique,172,25.62313593,-0.9013357,-1.3208653,-1.0728381,196.72,45.8178199662019,0.197784521833894,1581.9441944262007,,3.1796241811662123,2022,2023,0,Sub-Saharan Africa,Low income
LBY,Libya,173,25.31129372,-1.5332986,-2.00397249999999,-1.7431898,407.68,192.97309381967,4.51840823499527,12266.38968047156,,,2022,2023,0,Middle East & North Africa,Upper middle income
MWI,Malawi,174,24.8675796,-0.6548107,-0.166924,-0.215452999999999,357.99,59.6495709408963,0.0724060330808983,1778.3058214600076,2.70813684546823,2.3076953930761377,2022,2023,0,Sub-Saharan Africa,Low income
SLE,Sierra Leone,175,24.82502865,-0.5533309,-0.265426899999999,-0.7806301,78.05,107.882000873042,,3143.964510505068,,,2022,2023,0,Sub-Saharan Africa,Low income
NER,Niger,176,24.70831185,-0.5631731,-1.299076,-0.665473,94.17,63.3770548032743,,1839.969096759033,,13.870814780016287,2022,2023,0,Sub-Saharan Africa,Low income
SDN,Sudan,177,24.51062958,-1.4462818,-1.92571989999999,-1.4230148,490.76,70.2084038614961,0.0604394040047428,3355.37817382813,,,2022,2023,0,Sub-Saharan Africa,Low income
COG,Congo,178,24.19288771,-1.36385159999999,-0.1445911,-1.2067389,100.48,93.6259259161068,0.435883126454822,6647.496817313898,,4.327226541631775,2022,2023,0,Sub-Saharan Africa,Lower middle income
GNB,Guinea Bissau,179,24.11485899,-1.1609749,-0.360252199999999,-1.25159,17.19,125.934670099533,0.219184822436547,2788.837739379542,,,2022,2023,0,Sub-Saharan Africa,Low income
TCD,Chad,180,23.43794877,-1.4663578,-1.6491593,-1.38191249999999,37.07,65.4377795535985,0.0,2624.11789713994,,,2022,2023,0,Sub-Saharan Africa,Low income
COM,Comoros,181,22.61922755,-1.33720709999999,-0.374766,-1.17970929999999,3.91,100.549036907747,0.219375008990779,3641.629203903529,,0.3073308465241927,2022,2023,0,Sub-Saharan Africa,Lower middle income
LBR,Liberia,182,22.24370998,-1.0479173,-0.2807974,-0.858746399999999,27.29,32.0638885570006,0.274673226516174,1691.5727572185108,,10.267997840320067,2022,2023,0,Sub-Saharan Africa,Low income
SOM,Somalia,183,21.97865144,-1.59878449999999,-2.092858,-2.2051746,106.41,49.6800986995936,0.668468085170923,1486.4724733383357,,,2022,2023,0,Sub-Saharan Africa,Low income
HTI,Haiti,184,21.97179066,-1.508626,-0.947002399999999,-1.5628925,40.79,65.1889329311174,0.306790757611135,3275.4071812634534,,,2022,2023,0,Latin America & Caribbean,Lower middle income
COD,Democratic Republic of the Congo,185,21.46831729,-1.5102589,-1.8455557,-1.5809744,238.79,48.6773534153863,0.0322275167366284,1590.1640421955578,,0.723158681595087,2022,2023,0,Sub-Saharan Africa,Low income
AFG,Afghanistan,186,21.26871333,-1.1719937,-2.4492487,-1.8586889,157.05,56.2655188632539,0.0796301678593983,2122.995815126633,,,2022,2023,0,South Asia,Low income
BDI,Burundi,187,20.87315154,-1.3235206,-1.28089529999999,-1.32171369999999,33.96,56.2599912004244,0.0300650914860841,1104.7771876487784,,1.1179240916667086,2022,2023,0,Sub-Saharan Africa,Low income
YEM,Yemen,188,19.88707052,-1.66627979999999,-2.61245769999999,-1.91002569999999,386.81,46.4534353720531,1.27124133725573,,,,2022,2023,0,Middle East & North Africa,Low income
CAF,Central African Republic,189,19.73651251,-1.3173981,-1.9022515,-1.66733549999999,22.39,38.8217901039988,0.0160846160651184,1217.8497714115497,,37.29740467739519,2022,2023,0,Sub-Saharan Africa,Low income
ERI,Eritrea,190,19.6242147,-1.3644356,-1.0696541,-1.7694664,29.98,59.1248082166991,0.165393390775689,,,,2022,2023,0,Sub-Saharan Africa,Low income
SSD,South Sudan,191,18.25739575,-1.861122,-1.6425543,-1.9298809,17.29,48.4888320004297,0.0018146882134276,,,,2022,2023,0,Sub-Saharan Africa,Low income
SYR,Syrian Arab Republic,192,18.12073889,-1.79243509999999,-2.43824749999999,-1.8753611,584.87,78.6567844526885,7.16283326639858,4772.461676671595,,,2022,2023,0,Middle East & North Africa,Low income
PRK,Democratic People's Republic of Korea,193,9.197129779,-1.6517597,0.2686785,-1.48587729999999,247.74,24.1311041179361,,,,,2022,2023,0,East Asia & Pacific,Low income
USA,United States of America,1,87.03218182,1.1951066,-0.193136399999999,0.9606912,430843.27,112.410910606372,38.0939254696383,82304.62042728657,,21.84598783555211,2023,2024,0,North America,High income
SGP,Singapore,2,84.24944106,1.9240956,1.2040374,1.4244438,11893.6,173.199932977376,27.4343636046425,143786.13629301317,97.2886546863037,56.13837585622781,2023,2024,0,East Asia & Pacific,High income
KOR,Republic of Korea,3,79.97780202,0.8788564,0.932168,1.1844569,71724.33,162.11365652794,46.5676352036327,57429.80310764019,106.709167480469,30.27627999126511,2023,2024,0,East Asia & Pacific,High income
FRA,France,4,79.35754271,1.2672713,-0.0187716,0.9946177,62180.46,116.687800394775,48.6688340139444,60838.94167164238,70.4536437988281,22.383544972179177,2023,2024,0,Europe & Central Asia,High income
GBR,United Kingdom of Great Britain and Northern Ireland,5,78.88344052,1.4745753,0.3683427,1.2703547,97535.98,122.781542240418,41.4367685540411,59911.34676632091,80.4146499633789,28.89171461135673,2023,2024,0,Europe & Central Asia,High income
CAN,Canada,6,78.17529665,1.6263584,0.6267803,1.4361681,63719.9,94.1497268194785,42.5241770773151,64219.31739286365,76.2666931152344,16.371795438826258,2023,2024,0,North America,High income
NLD,Netherlands,7,77.22980432,1.8837073,0.6084395,1.7174805,32207.08,125.272736960305,43.2644444744139,81728.69046292681,86.5938262939453,24.510646527493627,2023,2024,0,Europe & Central Asia,High income
DEU,Germany,8,76.89826844,1.699403,0.50602,1.5855645,108782.34,124.662572774586,45.380522509099,71684.0311875583,78.5947494506836,17.78183747966227,2023,2024,0,Europe & Central Asia,High income
FIN,Finland,9,76.48471791,2.193956,0.7648776,2.0200539,11224.2,127.47302579722,35.3318092510781,63414.99368781773,108.130409240723,9.714022595491327,2023,2024,0,Europe & Central Asia,High income
AUS,Australia,10,76.44726827,1.8057703,0.9254365,1.5031839,54589.08,112.513177133796,36.627426494239,72272.70921366828,104.64835357666,25.25827771207813,2023,2024,0,East Asia & Pacific,High income
NOR,Norway,11,76.11968176,2.0745237,0.9361906,1.9859646,13756.15,109.654228618195,45.4377082628592,103637.51684367847,95.0573806762695,25.67461437749992,2023,2024,0,Europe & Central Asia,High income
JPN,Japan,12,75.74917653,1.3377896,1.2674256,1.5084872,96543.44,178.432441299977,38.6312383711286,50661.76634631089,64.4907608032227,17.10280607032123,2023,2024,0,East Asia & Pacific,High income
ARE,United Arab Emirates,13,75.65804571,0.9918577,0.7829523,0.4492886,7075.14,199.423843889179,37.0968234502256,77955.29517608786,61.3456114422447,8.960293973945754,2023,2024,0,Middle East & North Africa,High income
SWE,Sweden,14,75.40286681,1.9804259,0.778803,1.6947293,21243.62,140.265691285045,40.7340135908716,69226.32727566626,81.3998184204102,17.62385202771132,2023,2024,0,Europe & Central Asia,High income
DNK,Denmark,15,74.71009478,2.3171626,0.9005936,2.0143499,15603.08,126.717092547985,44.0352069959396,77892.29326099037,81.2308197021484,17.132157583740376,2023,2024,0,Europe & Central Asia,High income
ISR,Israel,17,74.52155598,0.8712956,-1.0423159,0.6642378,13844.24,153.336641345572,29.4357235504327,55171.23188143215,57.143440246582,34.93777358244434,2023,2024,0,Middle East & North Africa,High income
IRL,Ireland,18,73.18014934,1.5859129,0.876648,1.5980444,8719.61,110.798344311602,31.8907830651788,129682.60715051716,,47.77377328492186,2023,2024,0,Europe & Central Asia,High income
AUT,Austria,19,72.83567415,1.3200882,0.7016405,1.6577235,13845.8,121.746207105931,29.3725409835617,73544.65672304865,91.6818237304688,15.923269788116936,2023,2024,0,Europe & Central Asia,High income
BEL,Belgium,20,72.68793041,1.467016,0.1994126,1.2719977,16816.32,103.196426365374,43.7026445985633,71946.14471902922,82.1475601196289,18.6668227645892,2023,2024,0,Europe & Central Asia,High income
EST,Estonia,21,72.61871555,1.6727855,0.8473511,1.482125,1753.58,150.195729068839,35.2539796781149,48637.18022087952,67.6179275512695,16.581160524958964,2023,2024,0,Europe & Central Asia,High income
SAU,Saudi Arabia,22,72.35591144,0.476953,-0.2452065,0.1165635,24594.79,157.775388696083,43.5732045642216,71564.80002856499,,0.5906291417678277,2023,2024,0,Middle East & North Africa,High income
CHN,China,23,72.0098981,0.1138225,-0.174451499999999,-0.552260699999999,932711.93,128.247014127486,44.728886496649,25179.119306638306,74.5933014618366,26.568213654288087,2023,2024,0,East Asia & Pacific,Upper middle income
MYS,Malaysia,24,71.39992403,0.380697,0.2281849,0.3016843,23690.94,142.7320920639,13.0287000355119,36466.89149383334,37.2745812491757,59.41550744217887,2023,2024,0,East Asia & Pacific,Upper middle income
ITA,Italy,25,71.21652388,0.571449,0.4737389,0.6505552,82770.89,131.871674517747,31.8410876819321,60029.871712398,75.9496536254883,9.9836968942283,2023,2024,0,Europe & Central Asia,High income
PRT,Portugal,26,70.92843933,0.7848198,0.7890296,1.0824285,18225.29,123.001507659381,44.1107426914567,49352.83886130321,77.6778182983398,6.710841679983992,2023,2024,0,Europe & Central Asia,High income
LUX,Luxembourg,27,70.62575172,2.0124074,1.0156548,1.7286548,1175.75,144.474949556306,38.3793065082138,150508.2188868879,21.5371704101562,5.979250210643996,2023,2024,0,Europe & Central Asia,High income
CZE,Czechia,28,70.23281209,0.8499213,1.0704669,1.1605869,13409.42,126.004753501387,37.9099783935119,55761.379829137455,66.7282867431641,20.302723987427008,2023,2024,0,Europe & Central Asia,High income
ISL,Iceland,29,69.82023722,1.6623764,1.2058266,1.59027,715.97,121.475495280706,37.4245919320463,81608.4479116436,76.5200729370117,43.42454227640107,2023,2024,0,Europe & Central Asia,High income
CHE,Switzerland,30,69.41989807,2.0972439,0.9907717,1.7920906,22803.86,130.221876609608,46.8364627671237,95141.59609436324,74.0060882568359,29.33402869787281,2023,2024,0,Europe & Central Asia,High income
ESP,Spain,31,69.25248467,0.7395223,0.1484475,0.9304606,60303.76,127.715490236713,37.2148181549182,55682.240260309256,93.7303466796875,9.56253561613111,2023,2024,0,Europe & Central Asia,High income
QAT,Qatar,32,68.22070132,0.7757739,1.0147153,0.5728637,2471.29,157.82063065065,11.641102863231,129367.8696709272,38.2058906555176,2.7800363029790134,2023,2024,0,Middle East & North Africa,High income
LTU,Lithuania,33,67.79802914,0.8884764,0.9517926,1.3288838,2673.09,137.203719983084,27.9638162516437,52348.2468215268,77.0064163208008,14.402895995336069,2023,2024,0,Europe & Central Asia,High income
POL,Poland,34,67.51119621,0.7534838,0.5055901,0.3564347,31218.47,135.146301442691,24.526154479274,48473.09402864191,76.8794097900391,12.122318973594732,2023,2024,0,Europe & Central Asia,High income
THA,Thailand,35,66.16948723,-0.439334199999999,-0.4398775,-0.1956309,16656.15,168.642808295144,14.5089451983046,23519.212097982272,45.4407811172674,26.050622943512924,2023,2024,0,East Asia & Pacific,Upper middle income
BRA,Brazil,36,65.88947723,-0.451506099999999,-0.521574099999999,-0.483012599999999,58292.04,101.020256020808,22.4192301618889,21175.61869882142,,9.849149349554,2023,2024,0,Latin America & Caribbean,Upper middle income
SVN,Slovenia,37,65.85327433,0.6814999,0.8589449,0.9707915,3567.56,129.227963043737,31.8814801387465,56064.097459674245,80.0806884765625,8.203455821310259,2023,2024,0,Europe & Central Asia,High income
IDN,Indonesia,38,65.85124932,-0.4431661,-0.613745,-0.0817572,38992.0,125.238194847046,4.81663955789733,15415.707925952724,44.8813034886441,9.08308687782522,2023,2024,0,East Asia & Pacific,Upper middle income
RUS,Russian Federation,39,64.71707681,-0.8877345,-0.8184163,-1.0734047,85558.11,180.841776534047,25.8238695549039,44268.73046875,93.7277679443359,,2023,2024,0,Europe & Central Asia,High income
NZL,New Zealand,40,63.98217071,2.0156067,1.2849613,1.7075544,8096.23,126.854978584281,37.8530848455277,54697.382252318,76.3811416625977,12.649485735640065,2023,2024,0,East Asia & Pacific,High income
SVK,Slovakia,41,63.69003612,0.3846188,0.5856273,0.5534478,5332.18,138.232946210214,33.17259432898,45973.94069029912,53.417610168457,9.7184584659913,2023,2024,0,Europe & Central Asia,High income
MLT,Malta,42,63.64342039,0.3219728,0.9382841,0.7940278,497.77,140.59359496844,44.282454836797,67057.21843298913,80.5250091552734,43.269279320947874,2023,2024,0,Middle East & North Africa,High income
HUN,Hungary,43,63.63204457,0.083173,0.5841522,0.1894005,8260.49,105.054424922699,36.7901885342462,46592.38560700735,56.5924415588379,18.86245696218628,2023,2024,0,Europe & Central Asia,High income
CHL,Chile,44,63.19327114,1.0318341,0.0876667,0.6647803,8573.42,135.871118507277,22.9954165646133,33145.403552024974,104.734062194824,10.719563342370906,2023,2024,0,Latin America & Caribbean,High income
OMN,Oman,45,62.91022757,0.227724,0.5521576,0.3443083,1640.31,122.291457994634,10.8793321668994,41945.02556408825,,5.005393460961461,2023,2024,0,Middle East & North Africa,High income
IND,India,46,62.80654813,-0.3353176,-0.837974,-0.0879069,228174.31,80.5631998772888,2.74534696441771,10323.499873442795,34.2394344991225,14.93434729867156,2023,2024,0,South Asia,Lower middle income
URY,Uruguay,47,62.20915139,1.5493831,1.181072,0.9573597,1059.81,141.71948663565,32.4032099586757,34470.93222011432,79.9536903496537,10.707230873721414,2023,2024,0,Latin America & Caribbean,High income
LVA,Latvia,48,61.87089556,0.7759204,0.8394628,1.0727082,1736.07,119.909944560018,25.9948491178264,42576.40607994567,85.7360610961914,18.554389354562986,2023,2024,0,Europe & Central Asia,High income
JOR,Jordan,49,61.56757258,0.1060315,-0.3007473,0.1232268,5419.23,67.545678186078,7.03749462484875,10411.841615296738,33.0567036969523,2.084159854271586,2023,2024,0,Middle East & North Africa,Lower middle income
CYP,Cyprus,50,61.50126092,0.4826822,0.3935929,0.7591158,1764.12,148.333712748344,36.9005587748344,59874.5703125,107.26212310791,18.74195339288293,2023,2024,0,Europe & Central Asia,High income
VNM,Viet Nam,51,61.41545515,-0.3083958,0.0907515,-0.340198899999999,10644.49,130.991428667547,22.6806675035061,15033.87685943549,32.8415128147815,44.25688525168196,2023,2024,0,East Asia & Pacific,Lower middle income
BGR,Bulgaria,52,60.63955798,-0.1501295,0.3144686,-0.0265936,4998.4,117.932685806225,37.0235717545079,38829.19132081018,79.8532333374023,12.057894417322116,2023,2024,0,Europe & Central Asia,High income
TUR,Türkiye,53,60.62787606,-0.4374572,-0.884477,-0.799233499999999,50180.49,105.684032912794,22.4591697943845,42786.20049486639,105.88606262207,4.518290989868524,2023,2024,0,Europe & Central Asia,Upper middle income
UKR,Ukraine,54,60.57013332,-0.7242773,-0.545978,-0.7454054,15498.36,133.38012811971,21.3774151510902,17665.34375,82.5533599853516,6.68812192869261,2023,2024,0,Europe & Central Asia,Upper middle income
COL,Colombia,55,59.33330773,-0.309004899999999,-0.7993485,-0.5648803,9183.73,166.980107777443,17.0369815251774,21246.37626952008,,8.599891597811409,2023,2024,0,Latin America & Caribbean,Upper middle income
PHL,Philippines,56,58.50707886,-0.5690313,-0.709066,-0.601158699999999,4752.21,117.275521687262,6.5393085505183,10985.829262750516,44.2394203278519,63.977928897569015,2023,2024,0,East Asia & Pacific,Lower middle income
SRB,Serbia,57,58.48610163,-0.501692,0.0879568999999999,-0.1840377,5173.1,128.471147595832,31.2695286708104,29776.895175215937,73.2060012817383,,2023,2024,0,Europe & Central Asia,Upper middle income
ROU,Romania,58,58.0818462,0.0314923,0.4983587,0.4118457,10712.88,123.252482585042,34.6706189336505,45981.602778522174,55.1682891845703,12.67474083271228,2023,2024,0,Europe & Central Asia,High income
GRC,Greece,59,57.69792651,0.3292978,0.3853039,0.3963788,13551.59,110.79216956747,43.8539621755853,42710.50580103135,165.113418579102,15.15153377409025,2023,2024,0,Europe & Central Asia,High income
PER,Peru,60,57.11155994,-0.6654876,-0.7239502,-0.4787644,5241.67,121.975084691173,10.4364266723222,17011.227802882473,,5.015720128215253,2023,2024,0,Latin America & Caribbean,Upper middle income
CRI,Costa Rica,61,56.85007591,0.6775627,1.1842629,0.6431263,660.82,133.527658761832,22.5231293549635,28908.768874319103,,24.177789153065973,2023,2024,0,Latin America & Caribbean,High income
ARG,Argentina,62,56.40407736,-0.354078399999999,-0.0207671,-0.237773799999999,8589.35,137.706086781571,25.3580730689248,30221.4976888753,107.822574129434,5.449594405783187,2023,2024,0,Latin America & Caribbean,Upper middle income
MDA,Republic of Moldova,63,56.03414931,-0.266050299999999,-0.2678685,-0.1938657,335.06,129.546081439289,27.3086365814931,17746.94055386838,71.1679028753075,2.617084405382722,2023,2024,0,Europe & Central Asia,Upper middle income
LIE,Liechtenstein,64,55.90597714,1.7538023,1.5875521,1.7276012,51.21,127.059447446841,49.4065356836204,,,,2023,2024,0,Europe & Central Asia,High income
EGY,Egypt,65,55.62588551,-0.816904499999999,-0.899323299999999,-0.7776875,22854.4,92.8261626420085,10.8642477216638,18524.83929979369,37.9005584716797,3.1628687839356675,2023,2024,0,Middle East & North Africa,Lower middle income
BRN,Brunei Darussalam,66,55.44955575,1.1816499,1.3348873,0.638307,501.5,118.673752421293,20.2120497048692,85032.60087419949,36.4182725443167,1.0192505676847716,2023,2024,0,East Asia & Pacific,High income
AND,Andorra,67,54.4360374,,,,11.09,156.09725932522,51.7401306025527,71730.66868216502,62.4106937082277,21.43463191550084,2023,2024,0,Europe & Central Asia,High income
BHR,Bahrain,68,54.32835116,0.2380412,-0.5007436,0.1259217,718.3,153.899937948583,17.1582362107608,64171.08573590521,57.0562240948353,0.3873436445173711,2023,2024,0,Middle East & North Africa,High income
MUS,Mauritius,69,53.94349686,0.3417899,0.8348296,0.6633408,205.31,165.257524411348,26.9082309192612,29560.71372300788,43.3386887794765,1.014538900784168,2023,2024,0,Sub-Saharan Africa,Upper middle income
UZB,Uzbekistan,70,53.45247202,-0.701745899999999,-0.2504784,-0.6742999,4624.44,106.884847592051,30.2699233460544,11106.971593476685,45.7591768686293,2.822390701222922,2023,2024,0,Europe & Central Asia,Lower middle income
MEX,Mexico,71,53.28576348,-0.9321625,-0.5984727,-1.0777054,18981.87,111.735420288549,20.752917384408,25243.1644887582,47.474681854248,17.99387858126017,2023,2024,0,Latin America & Caribbean,Upper middle income
ZAF,South Africa,72,52.91180045,-0.2095917,-0.6397104,0.039525,14949.03,171.508619260428,3.4056617766544,15199.732982377553,23.493768799339,4.955515712099358,2023,2024,0,Sub-Saharan Africa,Upper middle income
DOM,Dominican Republic,73,52.69157831,-0.429853,0.4655668,-0.241159899999999,104.52,91.8676246650308,11.1345555858062,25839.935668760703,58.2428049803824,6.030929399821513,2023,2024,0,Latin America & Caribbean,Upper middle income
HRV,Croatia,74,51.62288743,0.113708,0.6832484,0.4257869,5503.53,117.112604314708,28.4709561519529,47759.698299533855,81.1775207519531,11.033590881471492,2023,2024,0,Europe & Central Asia,High income
SMR,San Marino,75,51.59379335,1.1733125,1.3791391,1.4100336,20.09,,,78745.43132993352,51.1357340720222,,2023,2024,0,Europe & Central Asia,High income
KAZ,Kazakhstan,76,51.40653433,-0.2223164,-0.2021045,-0.3777888,3818.58,127.114775212168,14.3457210056574,38515.18360099794,54.6563982045582,34.429337319659645,2023,2024,0,Europe & Central Asia,Upper middle income
KWT,Kuwait,77,51.25970098,0.1660086,0.2906988,0.1910577,1395.04,167.68428501222,1.01366418243269,53025.47108580635,,1.7849965684682487,2023,2024,0,Middle East & North Africa,High income
RWA,Rwanda,78,51.25257164,0.6808504,0.0380223,0.0714762,433.51,91.4622704078141,0.445556123195211,3399.451746031431,8.88624308383425,,2023,2024,0,Sub-Saharan Africa,Low income
MNE,Montenegro,79,47.42969132,-0.0680776999999999,0.262079,0.1276478,254.67,207.237922064803,32.0155251660479,31862.77157780415,55.1743011474609,7.995201603123919,2023,2024,0,Europe & Central Asia,Upper middle income
BGD,Bangladesh,80,47.11916395,-1.1987203,-1.0359445,-0.9020256,8259.38,111.280894357567,7.89245848428319,9147.777506655502,24.2003442708621,,2023,2024,0,South Asia,Lower middle income
GEO,Georgia,81,46.91902495,0.6584135,-0.120908599999999,0.1642921,649.57,155.249965068869,29.3086367614167,25071.967726410687,78.2652247393707,2.293037544018809,2023,2024,0,Europe & Central Asia,Upper middle income
LBN,Lebanon,82,46.66806935,-1.2554109,-1.2764099,-1.0665045,2079.31,,,12574.8329116403,54.4012561547071,4.302360783603364,2023,2024,0,Middle East & North Africa,Lower middle income
SEN,Senegal,83,46.10767554,0.0381077,-0.1534325,-0.170334799999999,489.62,123.911572643075,1.97393200956788,4777.614518615782,16.0710053721835,1.604738865344467,2023,2024,0,Sub-Saharan Africa,Lower middle income
ALB,Albania,84,45.46622776,-0.464044399999999,0.0246567,-0.153011099999999,319.46,92.9973271969712,22.5048592377088,24822.3543089995,64.7293520237257,0.6823268494736465,2023,2024,0,Europe & Central Asia,Upper middle income
LKA,Sri Lanka,85,45.29464691,-0.3868314,-0.670013,-0.31553,2321.86,142.277402587724,8.76545173115153,14455.654441473378,20.7412633848006,1.417238452577579,2023,2024,0,South Asia,Lower middle income
MKD,North Macedonia,86,45.12278472,-0.3541776,0.2173102,-0.2738806,498.97,106.458776658176,29.1771708951077,25354.10350576199,55.0082015991211,5.22971063617991,2023,2024,0,Europe & Central Asia,Upper middle income
SYC,Seychelles,87,44.76984511,1.151735,0.9207856,0.5546447,15.17,129.24400747161,30.7719361318005,31780.78383419647,14.0341370902195,0.0384062538993691,2023,2024,0,Sub-Saharan Africa,High income
ARM,Armenia,88,44.51279855,0.1046118,-0.5022441,-0.2107914,801.49,134.519957069953,18.5458075085454,21534.030536117025,56.2770051010456,20.905156020748368,2023,2024,0,Europe & Central Asia,Upper middle income
PAN,Panama,89,44.38966066,-0.566951499999999,0.3693808,-0.227944099999999,282.01,156.586507591014,18.1341265585334,39813.385793997215,53.6949637061742,1.0004916401567496,2023,2024,0,Latin America & Caribbean,High income
FJI,Fiji,90,44.21900038,0.5323283,0.782933,0.3256265,217.87,361.048644963723,1.82947481185312,14644.177375436131,60.9679066767014,1.646797844430439,2023,2024,0,East Asia & Pacific,Upper middle income
IRN,Iran (Islamic Republic of),91,43.88147313,-1.17112979999999,-1.2694112,-1.20046299999999,55085.25,166.279821209677,12.0205942239083,18917.09147231324,,,2023,2024,0,Middle East & North Africa,Upper middle income
TUN,Tunisia,92,43.67929184,-0.192361099999999,-0.776038,-0.3148235,5492.92,132.653682480562,14.0829860846719,14040.59611481423,38.1219482421875,7.701107442841051,2023,2024,0,Middle East & North Africa,Lower middle income
KEN,Kenya,93,43.55729827,-0.7594497,-0.971652,-0.427558899999999,2078.83,120.612416887959,2.38882511128724,6317.039046650906,8.67676730066979,3.041694167283178,2023,2024,0,Sub-Saharan Africa,Lower middle income
NGA,Nigeria,94,43.32516864,-1.098731,-1.9559706,-0.934848799999999,9799.39,98.4772822731425,0.051283785190682,8705.434266935388,,3.530423702949878,2023,2024,0,Sub-Saharan Africa,Lower middle income
GHA,Ghana,95,43.30178073,-0.1303327,-0.0688107,-0.0029916,3269.86,98.8059221412722,0.555476730525596,7556.416054532344,22.0958254757285,2.110037622114449,2023,2024,0,Sub-Saharan Africa,Lower middle income
BEN,Benin,96,42.96796567,-0.1047671,-0.3096247,-0.390917399999999,437.17,116.036046685168,0.170880461346773,4129.966120014199,,4.418015139759824,2023,2024,0,Sub-Saharan Africa,Lower middle income
CUB,Cuba,97,42.43439145,-0.1628482,0.4305507,-0.5659906,1216.63,69.5767786567811,2.97118012807884,,49.7285704304293,,2023,2024,0,Latin America & Caribbean,Upper middle income
MNG,Mongolia,98,42.36130396,-0.6187813,0.6432601,-0.1575492,276.87,141.08481753135,14.5529107220073,18004.85120583547,67.941399950927,22.536554566993505,2023,2024,0,East Asia & Pacific,Upper middle income
BHS,Bahamas,99,42.03231259,1.2199692,1.0539708,0.2764352,14.98,100.047566593231,23.816342880032,39090.1214737976,,0.0138247645369375,2023,2024,0,Latin America & Caribbean,High income
ZMB,Zambia,100,41.87395066,-0.39812,-0.0111463999999999,-0.6089819,367.3,102.06156495632,0.681389878819039,4076.995086866413,,1.1635658888372742,2023,2024,0,Sub-Saharan Africa,Lower middle income
MAR,Morocco,101,41.77772556,-0.5521901,-0.534977199999999,-0.3934002,9724.77,148.155101338402,7.02184328513844,9894.650390625,47.4687039298036,5.430705672611437,2023,2024,0,Middle East & North Africa,Lower middle income
KNA,Saint Kitts and Nevis,102,41.61719413,0.3519798,0.918184,0.5632841,35.5,118.893023653706,,33979.63036157338,,,2023,2024,0,Latin America & Caribbean,High income
ATG,Antigua and Barbuda,103,41.61237893,0.2686527,1.0791994,0.6185054,13.43,,,31601.75271468767,,0.0,2023,2024,0,Latin America & Caribbean,High income
ECU,Ecuador,104,41.45594571,-0.719996,-0.3543579,-0.858649799999999,3529.8,101.031752745524,16.0678902316524,15918.516294877289,67.8851161961618,7.274233853992543,2023,2024,0,Latin America & Caribbean,Upper middle income
MRT,Mauritania,105,41.39992651,-0.7965253,-0.504269499999999,-0.8540015,46.84,90.7724948884417,0.59041012129361,6965.909535747145,,2.350646234497596,2023,2024,0,Sub-Saharan Africa,Lower middle income
BRB,Barbados,106,41.10918269,1.2089543,1.2767666,0.7343145,56.79,,,23660.404751292856,54.2600399378744,18.43361348601325,2023,2024,0,Latin America & Caribbean,High income
IRQ,Iraq,107,40.90613432,-1.4169702,-2.2246949,-1.5002727,16724.1,101.388721479182,17.2312565041583,14652.521239921178,,,2023,2024,0,Middle East & North Africa,Upper middle income
CPV,Cabo Verde,108,40.67090537,0.8619303,0.8691911,0.422484,18.34,113.022968194497,7.23008973237277,10242.153201121184,,1.152150058359217,2023,2024,0,Sub-Saharan Africa,Upper middle income
PAK,Pakistan,109,40.47235612,-1.0461855,-1.9403838,-1.0042887,20519.11,76.5397606213172,1.35622425766449,6013.9896363860025,10.4770304814137,1.9028093899842704,2023,2024,0,South Asia,Lower middle income
TTO,Trinidad and Tobago,110,40.13955078,-0.3161967,0.3397269,-0.315203499999999,245.56,134.230557337258,26.8942307436398,34623.36915009585,,0.2232296423431168,2023,2024,0,Latin America & Caribbean,High income
AZE,Azerbaijan,111,39.92386783,-0.881959199999999,-0.4004143,-0.5160585,1544.24,107.686732782159,20.8825041017301,23651.59948527556,41.3907560278377,4.172244876301505,2023,2024,0,Europe & Central Asia,Upper middle income
PRY,Paraguay,112,39.53861042,-1.0149203,0.0023837999999999,-0.580114999999999,253.35,126.605481531224,12.8835504093571,17564.491236937418,,9.96565594921736,2023,2024,0,Latin America & Caribbean,Upper middle income
BLR,Belarus,113,39.23880845,-0.534353699999999,-0.392606499999999,-1.2155307,1429.41,128.979176539764,35.0931910729644,30834.17736681112,72.8250212584046,,2023,2024,0,Europe & Central Asia,Upper middle income
LCA,Saint Lucia,114,39.10720613,0.3771938,1.044299,0.5120691,2.54,,,25974.50929252631,15.0396404266357,,2023,2024,0,Latin America & Caribbean,Upper middle income
DZA,Algeria,115,39.05673544,-0.6397452,-0.7317401,-0.7329544,7676.5,111.60623555659,12.0086836084024,16824.487903462657,55.5320185816789,,2023,2024,0,Middle East & North Africa,Upper middle income
VUT,Vanuatu,116,39.03768065,-0.1852979,0.9649424,0.4196732,11.87,89.2943082123161,1.23342353055002,3567.818820302228,,,2023,2024,0,East Asia & Pacific,Lower middle income
BTN,Bhutan,117,38.77536479,1.3563935,1.3322654,0.7200012,102.52,95.6260610260877,1.31881966212479,16215.152007315288,15.0074996948242,0.0107261524845821,2023,2024,0,South Asia,Lower middle income
TON,Tonga,118,38.63065051,-0.4947162,1.2304624,0.7999012,4.85,,,7802.66986206107,42.8611738148984,28.460294879952087,2023,2024,0,East Asia & Pacific,Upper middle income
ETH,Ethiopia,119,38.33624612,-0.4629488,-1.86375129999999,-1.03931399999999,6727.91,59.8748744402242,0.534823180349513,3060.9050300376,,3.7506205580208727,2023,2024,0,Sub-Saharan Africa,
BWA,Botswana,120,38.16381779,0.6066871,1.0127245,0.3322692,383.84,179.027305378019,6.16495796381324,21012.10319924998,20.5658232475186,0.5394690309547364,2023,2024,0,Sub-Saharan Africa,Upper middle income
GRD,Grenada,121,37.96322567,0.3935799,1.2053145,0.5500382,42.49,,,18970.74016465297,,3.0077613416419737,2023,2024,0,Latin America & Caribbean,Upper middle income
JAM,Jamaica,122,37.79095056,-0.1364542,0.4762874,-0.0768587999999999,161.41,115.092228780619,15.7852035329423,12650.90529559384,,2.646989791467941,2023,2024,0,Latin America & Caribbean,Upper middle income
MHL,Marshall Islands,123,37.62419653,-0.0290067,1.2823827,0.8357983,0.92,,,7548.732537479442,,,2023,2024,0,East Asia & Pacific,Upper middle income
BLZ,Belize,124,37.58701156,-0.115986499999999,0.78967,-0.4007135,18.02,,,13729.89205872096,22.3734089825019,0.0,2023,2024,0,Latin America & Caribbean,Upper middle income
PSE,State of Palestine,125,37.53267308,-0.5990356,-1.619148,-0.885715399999999,861.66,76.6918854204372,8.37056926326656,5950.020061843931,44.4904623709098,1.843449539274916,2023,2024,0,Middle East & North Africa,Lower middle income
GUY,Guyana,126,37.23458971,-0.309865699999999,0.2012498,-0.371934999999999,49.61,,,54729.03651563656,25.1520757996244,15.713892680131517,2023,2024,0,Latin America & Caribbean,High income
WSM,Samoa,127,37.16037622,0.8188682,1.2435234,1.0530364,21.85,,,8194.807256407335,14.6106638814429,5.742017319368896,2023,2024,0,East Asia & Pacific,Upper middle income
BIH,Bosnia and Herzegovina,128,37.01680441,-0.5984163,-0.1999229,-0.3548804,1082.64,117.733690876159,28.440133083292,23376.22274771408,45.5027618408203,4.96705366555243,2023,2024,0,Europe & Central Asia,Upper middle income
SUR,Suriname,129,36.87352519,-0.3292402,0.3004618,-0.1875599,26.34,157.24614636039,17.5373597122531,21110.198020456257,4.93785087797966,3.2127494355163906,2023,2024,0,Latin America & Caribbean,Upper middle income
PNG,Papua New Guinea,130,36.84643455,-0.6018212,-0.530809,-0.510767499999999,69.76,34.0588961979896,0.228111959659795,4667.835670929906,,10.248078468472276,2023,2024,0,East Asia & Pacific,Lower middle income
TJK,Tajikistan,131,36.71542489,-1.1236074,-0.2876253,-1.2086884,158.35,76.215892145748,0.983936262867068,4963.582952645044,34.9689625947729,15.207791011293557,2023,2024,0,Europe & Central Asia,Lower middle income
VCT,Saint Vincent and the Grenadines,132,36.6544747,0.7112575,1.044299,0.5500992,2.69,101.631416361537,30.4935700680004,19819.869034679035,,4.934428618818683,2023,2024,0,Latin America & Caribbean,Upper middle income
KHM,Cambodia,133,36.6318842,-1.1216382,0.1346422,-1.099508,200.77,120.80911943838,3.64181801068419,7430.730857098369,17.4362364390629,12.98534311488826,2023,2024,0,East Asia & Pacific,Lower middle income
KGZ,Kyrgyzstan,134,36.55450391,-1.1965583,-0.509667299999999,-0.973899499999999,326.91,108.59118718329,6.44652532064676,7298.086125619335,53.588822099772,16.333537286698142,2023,2024,0,Europe & Central Asia,Lower middle income
GTM,Guatemala,135,36.4144385,-1.0869128,-0.2021326,-1.0108162,108.83,113.709374947241,5.08082886037381,13745.363124179436,27.2948879201171,5.776624508393925,2023,2024,0,Latin America & Caribbean,Upper middle income
SWZ,Eswatini,136,36.2250206,-0.6292553,-0.7261847,-0.7274341,30.94,128.399211381334,2.76365982774566,11299.883123678826,,0.2853071586068864,2023,2024,0,Sub-Saharan Africa,Lower middle income
LAO,Lao People's Democratic Republic,137,36.08236849,-0.9646387,0.7378068,-0.8447129,72.2,64.7588066942788,2.72021122524182,9291.788590011382,14.8841695785522,7.419637295834535,2023,2024,0,East Asia & Pacific,Lower middle income
DJI,Djibouti,138,35.1933629,-0.905052699999999,-0.4640183,-1.03950379999999,17.48,48.4504884885996,1.47205761945073,7225.838795724898,,3.2755002219803098,2023,2024,0,Middle East & North Africa,Lower middle income
TZA,United Republic of Tanzania,139,35.08105029,-0.346236,-0.2367117,-0.4944742,1452.53,105.40028112088,0.10501728326893,4018.5166015625,5.16887784940301,5.068110536084612,2023,2024,0,Sub-Saharan Africa,Lower middle income
CIV,Côte d'Ivoire,140,34.68702416,-0.3616761,-0.7874489,-0.6022948,391.71,171.988943341282,1.36336622359986,7237.181707409086,11.5724272130065,4.413107260117726,2023,2024,0,Sub-Saharan Africa,Lower middle income
UGA,Uganda,141,34.63065106,-0.996690299999999,-1.0298391,-0.752792999999999,1423.59,76.2966796632588,0.0912969650305002,3097.6370243061856,,1.408107804887939,2023,2024,0,Sub-Saharan Africa,Low income
KIR,Kiribati,142,34.45338779,0.3317797,1.2433279,0.73465,2.14,51.2540556855052,0.039990945446314,3485.5580831139905,,,2023,2024,0,East Asia & Pacific,Lower middle income
MMR,Myanmar,143,34.25868139,-1.11163979999999,-2.2086828,-1.7242442,233.94,121.027626770248,2.79829802446154,5953.357351659129,,2.946314142416057,2023,2024,0,East Asia & Pacific,Lower middle income
GAB,Gabon,144,34.14729966,-0.9748427,-0.2702052,-1.07816429999999,90.57,122.606627765979,3.97293291301595,20755.665381766,,1.773135703659753,2023,2024,0,Sub-Saharan Africa,Upper middle income
SLV,El Salvador,145,34.08661079,-0.6099566,0.0822243,-0.707075599999999,64.56,179.705636976149,11.6271746145254,12679.57687520609,32.3802636612661,6.404010712721179,2023,2024,0,Latin America & Caribbean,Upper middle income
TLS,Timor-Leste,146,33.67769811,-0.4265439,0.4358404,-0.6431026,20.7,112.647241971673,0.0057791525739623,4806.821815592992,30.9611108169641,1.5260503215558736,2023,2024,0,East Asia & Pacific,Lower middle income
CMR,Cameroon,147,33.45955988,-1.1264261,-1.6104201,-1.2400721,1546.9,96.4817325902196,,5410.769219376422,16.0404395184936,2.103630291610331,2023,2024,0,Sub-Saharan Africa,Lower middle income
NAM,Namibia,148,33.28224969,0.1649292,0.4150583,0.3088084,231.33,87.6760954339972,3.52006938690795,11251.237031381876,,0.0809713952530879,2023,2024,0,Sub-Saharan Africa,Lower middle income
LBY,Libya,149,33.24991869,-1.5426693,-2.0418754,-1.66847289999999,443.08,,,13847.079219004503,,,2023,2024,0,Middle East & North Africa,Upper middle income
NPL,Nepal,150,33.1391886,-0.629219899999999,-0.312959,-0.3365421,1590.74,117.759577544938,10.6751345547041,5395.208200775129,19.0357612047581,,2023,2024,0,South Asia,Lower middle income
BOL,Bolivia (Plurinational State of),151,33.07863133,-0.9556498,-0.289823899999999,-1.2028195,196.72,,11.1529423948186,12892.12495787769,,8.165170226380756,2023,2024,0,Latin America & Caribbean,Lower middle income
SLB,Solomon Islands,152,32.7081543,-0.1764808,0.7318958,0.1522162,14.84,,,2596.563642528032,,,2023,2024,0,East Asia & Pacific,Lower middle income
TKM,Turkmenistan,153,32.63799295,-1.350058,0.2072195,-1.4327839,31.31,,,19828.92484611992,18.8084201812744,,2023,2024,0,Europe & Central Asia,Upper middle income
ZWE,Zimbabwe,154,32.59211942,-1.1914608,-0.998213999999999,-1.2681513,519.85,91.6344110473757,1.5745780720211,5791.192128779884,,1.9421882824637644,2023,2024,0,Sub-Saharan Africa,Lower middle income
MLI,Mali,155,32.26614045,-0.849355899999999,-2.5578431,-1.0366418,116.65,,,3174.629602763957,,5.360654760795296,2023,2024,0,Sub-Saharan Africa,Low income
MDV,Maldives,156,31.43166425,-0.2664677,0.0832571999999999,0.096589,31.74,141.601234995076,18.6292999539919,24786.203212345084,,0.1895050573795499,2023,2024,0,South Asia,Upper middle income
TGO,Togo,157,31.31565682,-0.5879504,-0.9186036,-0.6302782,135.94,75.7906769713952,1.22815843837127,3154.43329348299,,0.5735855993168181,2023,2024,0,Sub-Saharan Africa,Low income
GIN,Guinea,158,30.21187153,-1.0078531,-0.8765719,-1.1068782,54.9,97.8794996455513,,4333.746173126264,,,2023,2024,0,Sub-Saharan Africa,Lower middle income
HND,Honduras,159,29.83450267,-1.09932339999999,-0.3507671,-1.156469,130.35,74.4148227156961,4.36212775547539,7178.339067815222,,3.3089155606212444,2023,2024,0,Latin America & Caribbean,Lower middle income
STP,Sao Tome and Principe,160,29.63431198,0.1218554,0.6193032,-0.3531339,4.71,63.4540500972405,2.50139688397417,6149.981460819318,,29.273432892452234,2023,2024,0,Sub-Saharan Africa,Lower middle income
MWI,Malawi,161,29.31673864,-0.627533999999999,-0.242439899999999,-0.1343556,377.51,61.0866071008045,0.079556560544817,1830.4646128744223,,5.310565941059038,2023,2024,0,Sub-Saharan Africa,Low income
BFA,Burkina Faso,162,29.27660868,-0.2479719,-2.0423169,-0.7145087,519.72,116.16313821519,0.459463342299517,2759.3020548460527,10.1078755635882,3.7978465983735137,2023,2024,0,Sub-Saharan Africa,Low income
VEN,"Venezuela, Bolivarian Republic of",163,29.20533246,-1.5592697,-1.1035948,-2.2007889,474.63,70.2197325918151,10.638053537183,,,,2023,2024,0,Latin America & Caribbean,
MDG,Madagascar,164,28.80438299,-0.9853603,-0.840940199999999,-0.955411599999999,153.44,75.4562966735535,0.124487385085979,1808.447790385791,6.1466638463036,0.4780600540770764,2023,2024,0,Sub-Saharan Africa,Low income
NIC,Nicaragua,165,28.53113047,-1.25988029999999,-0.0652355999999999,-1.5960126,40.65,105.843136180202,5.43030503048751,8319.97944140996,30.3635101318359,0.8046531571411112,2023,2024,0,Latin America & Caribbean,Lower middle income
LSO,Lesotho,166,28.21246421,-0.3006103,-0.1357263,-0.442253499999999,60.18,69.3513051423509,0.383738154734299,2880.9662961569247,,0.0742607412455622,2023,2024,0,Sub-Saharan Africa,Lower middle income
GNQ,Equatorial Guinea,167,27.09253188,-1.52463899999999,-0.2874757,-1.48074099999999,3.44,,,17411.50023438401,,,2023,2024,0,Sub-Saharan Africa,Upper middle income
GMB,Gambia (Republic of The),168,26.94732127,-0.296167199999999,0.1359932,-0.340458,79.8,117.115660832998,0.502141524068284,3289.1328305710667,,2.342309834406696,2023,2024,0,Sub-Saharan Africa,Low income
AGO,Angola,169,26.90798042,-0.6242518,-0.3131654,-1.1944432,50.27,70.0519587723571,0.373668982990052,9753.600467637832,10.04935810264,23.47141394233337,2023,2024,0,Sub-Saharan Africa,Lower middle income
COM,Comoros,170,26.64694936,-1.15283659999999,-0.3743498,-1.134272,8.01,109.855630436495,0.387941019794517,3811.650848824133,,3.13907204820087,2023,2024,0,Sub-Saharan Africa,Lower middle income
NER,Niger,171,25.74480776,-0.517433,-1.65337929999999,-0.804084799999999,90.18,65.735032215569,0.107619048674827,1875.153067706276,,8.96675024256666,2023,2024,0,Sub-Saharan Africa,Low income
GNB,Guinea Bissau,172,25.70947239,-1.1549527,-0.3193937,-1.2070689,13.7,128.110529740092,0.310448099439986,2989.6723598047697,,,2023,2024,0,Sub-Saharan Africa,Low income
SLE,Sierra Leone,173,25.33586896,-0.568678999999999,-0.5558929,-0.8268953,86.32,,,3368.317271880632,,,2023,2024,0,Sub-Saharan Africa,Low income
SOM,Somalia,174,25.32030544,-1.61685259999999,-2.1717975,-2.1303739,151.88,53.9579646939598,0.722963033976147,1555.6101679877622,,,2023,2024,0,Sub-Saharan Africa,Low income
COG,Congo,175,25.11623832,-1.4043963,-0.199460399999999,-1.18292059999999,95.66,94.8715365076336,1.26798412068153,6850.277706210988,10.3812103271484,3.1597223457472365,2023,2024,0,Sub-Saharan Africa,Lower middle income
SDN,Sudan,176,24.62888147,-1.4513517,-2.0604154,-1.65553779999999,470.62,,,2420.65795898438,,,2023,2024,0,Sub-Saharan Africa,Low income
MOZ,Mozambique,177,24.22293552,-0.904286399999999,-1.41840379999999,-1.1016921,204.82,47.5003032540948,0.149001818335337,1678.391182436808,,2.7424455781527737,2023,2024,0,Sub-Saharan Africa,Low income
LBR,Liberia,178,23.12197991,-1.01213,-0.174047999999999,-0.8997457,31.54,,,1794.533408633621,,0.6437185964982839,2023,2024,0,Sub-Saharan Africa,Low income
TCD,Chad,179,22.65971835,-1.48878199999999,-1.6839155,-1.454847,52.36,70.1873962423852,0.0,2700.36055335878,,,2023,2024,0,Sub-Saharan Africa,Low income
ERI,Eritrea,180,22.19695954,-1.4131414,-0.7897784,-1.79714659999999,29.08,,,,,,2023,2024,0,Sub-Saharan Africa,Low income
COD,Democratic Republic of the Congo,181,22.09794558,-1.4890974,-1.9812287,-1.60554359999999,243.06,53.1888827659463,0.0219936280960956,1730.622288776939,,0.1996116652253686,2023,2024,0,Sub-Saharan Africa,Low income
BDI,Burundi,182,21.13442437,-1.29205449999999,-1.2840156,-1.30785589999999,36.26,63.1631365759764,0.0203441336211462,1149.9840584238932,6.02545976638794,1.3050836704109754,2023,2024,0,Sub-Saharan Africa,Low income
CAF,Central African Republic,183,20.26173459,-1.3816342,-1.87417179999999,-1.7248503,25.75,,,1257.0943571711448,,1.8785669682649464,2023,2024,0,Sub-Saharan Africa,Low income
HTI,Haiti,184,20.05762277,-1.50126609999999,-0.971741099999999,-1.64152989999999,37.83,,,3291.738178870665,,,2023,2024,0,Latin America & Caribbean,Lower middle income
SSD,South Sudan,185,18.58058996,-1.87741769999999,-1.52967079999999,-2.00017059999999,17.18,46.6152369503945,0.0017416484040317,,,,2023,2024,0,Sub-Saharan Africa,Low income
SYR,Syrian Arab Republic,186,16.94502678,-1.7817933,-2.4379022,-1.8617654,645.85,72.4405852977604,6.86124546257849,,,,2023,2024,0,Middle East & North Africa,Low income
AFG,Afghanistan,187,16.92451775,-1.1987543,-2.3922828,-1.89680499999999,168.85,55.5474967036959,0.0800873028793967,2201.722906916772,,,2023,2024,0,South Asia,Low income
YEM,Yemen,188,14.62247898,-1.6020865,-2.6264387,-1.9069106,404.01,50.8937810578557,,,,,2023,2024,0,Middle East & North Africa,Low income
AFG,Afghanistan,188,15.72,-1.1987543,-2.3922828,-1.89680499999999,168.85,55.5474967036959,0.0800873028793967,2201.722906916772,,,2023,2025,1,South Asia,Low income
ALB,Albania,85,43.44,-0.464044399999999,0.0246567,-0.153011099999999,319.46,92.9973271969712,22.5048592377088,24822.3543089995,64.7293520237257,0.6823268494736465,2023,2025,1,Europe & Central Asia,Upper middle income
DZA,Algeria,89,42.05,-0.6397452,-0.7317401,-0.7329544,7676.5,111.60623555659,12.0086836084024,16824.487903462657,55.5320185816789,,2023,2025,1,Middle East & North Africa,Upper middle income
AND,Andorra,92,41.51,,,,11.09,156.09725932522,51.7401306025527,71730.66868216502,62.4106937082277,21.43463191550084,2023,2025,1,Europe & Central Asia,High income
AGO,Angola,141,27.09,-0.6242518,-0.3131654,-1.1944432,50.27,70.0519587723571,0.373668982990052,9753.600467637832,10.04935810264,23.47141394233337,2023,2025,1,Sub-Saharan Africa,Lower middle income
ATG,Antigua and Barbuda,147,25.04,0.2686527,1.0791994,0.6185054,13.43,,,31601.75271468767,,0.0,2023,2025,1,Latin America & Caribbean,High income
ARG,Argentina,56,58.25,-0.354078399999999,-0.0207671,-0.237773799999999,8589.35,137.706086781571,25.3580730689248,30221.4976888753,107.822574129434,5.449594405783187,2023,2025,1,Latin America & Caribbean,Upper middle income
ARM,Armenia,103,38.95,0.1046118,-0.5022441,-0.2107914,801.49,134.519957069953,18.5458075085454,21534.030536117025,56.2770051010456,20.905156020748368,2023,2025,1,Europe & Central Asia,Upper middle income
AUS,Australia,9,75.73,1.8057703,0.9254365,1.5031839,54589.08,112.513177133796,36.627426494239,72272.70921366828,104.64835357666,25.25827771207813,2023,2025,1,East Asia & Pacific,High income
AUT,Austria,20,69.72,1.3200882,0.7016405,1.6577235,13845.8,121.746207105931,29.3725409835617,73544.65672304865,91.6818237304688,15.923269788116936,2023,2025,1,Europe & Central Asia,High income
AZE,Azerbaijan,69,51.91,-0.881959199999999,-0.4004143,-0.5160585,1544.24,107.686732782159,20.8825041017301,23651.59948527556,41.3907560278377,4.172244876301505,2023,2025,1,Europe & Central Asia,Upper middle income
BHS,Bahamas,123,31.18,1.2199692,1.0539708,0.2764352,14.98,100.047566593231,23.816342880032,39090.1214737976,,0.0138247645369375,2023,2025,1,Latin America & Caribbean,High income
BHR,Bahrain,48,59.57,0.2380412,-0.5007436,0.1259217,718.3,153.899937948583,17.1582362107608,64171.08573590521,57.0562240948353,0.3873436445173711,2023,2025,1,Middle East & North Africa,High income
BGD,Bangladesh,75,48.37,-1.1987203,-1.0359445,-0.9020256,8259.38,111.280894357567,7.89245848428319,9147.777506655502,24.2003442708621,,2023,2025,1,South Asia,Lower middle income
BRB,Barbados,155,23.33,1.2089543,1.2767666,0.7343145,56.79,,,23660.404751292856,54.2600399378744,18.43361348601325,2023,2025,1,Latin America & Caribbean,High income
BLR,Belarus,121,32.47,-0.534353699999999,-0.392606499999999,-1.2155307,1429.41,128.979176539764,35.0931910729644,30834.17736681112,72.8250212584046,,2023,2025,1,Europe & Central Asia,Upper middle income
BEL,Belgium,30,65.17,1.467016,0.1994126,1.2719977,16816.32,103.196426365374,43.7026445985633,71946.14471902922,82.1475601196289,18.6668227645892,2023,2025,1,Europe & Central Asia,High income
BLZ,Belize,158,22.68,-0.115986499999999,0.78967,-0.4007135,18.02,,,13729.89205872096,22.3734089825019,0.0,2023,2025,1,Latin America & Caribbean,Upper middle income
BEN,Benin,90,41.71,-0.1047671,-0.3096247,-0.390917399999999,437.17,116.036046685168,0.170880461346773,4129.966120014199,,4.418015139759824,2023,2025,1,Sub-Saharan Africa,Lower middle income
BTN,Bhutan,101,39.38,1.3563935,1.3322654,0.7200012,102.52,95.6260610260877,1.31881966212479,16215.152007315288,15.0074996948242,0.0107261524845821,2023,2025,1,South Asia,Lower middle income
BOL,Bolivia (Plurinational State of),139,27.48,-0.9556498,-0.289823899999999,-1.2028195,196.72,,11.1529423948186,12892.12495787769,,8.165170226380756,2023,2025,1,Latin America & Caribbean,Lower middle income
BIH,Bosnia and Herzegovina,114,35.67,-0.5984163,-0.1999229,-0.3548804,1082.64,117.733690876159,28.440133083292,23376.22274771408,45.5027618408203,4.96705366555243,2023,2025,1,Europe & Central Asia,Upper middle income
BWA,Botswana,109,37.1,0.6066871,1.0127245,0.3322692,383.84,179.027305378019,6.16495796381324,21012.10319924998,20.5658232475186,0.5394690309547364,2023,2025,1,Sub-Saharan Africa,Upper middle income
BRA,Brazil,22,69.55,-0.451506099999999,-0.521574099999999,-0.483012599999999,58292.04,101.020256020808,22.4192301618889,21175.61869882142,,9.849149349554,2023,2025,1,Latin America & Caribbean,Upper middle income
BRN,Brunei Darussalam,97,40.51,1.1816499,1.3348873,0.638307,501.5,118.673752421293,20.2120497048692,85032.60087419949,36.4182725443167,1.0192505676847716,2023,2025,1,East Asia & Pacific,High income
BGR,Bulgaria,59,56.6,-0.1501295,0.3144686,-0.0265936,4998.4,117.932685806225,37.0235717545079,38829.19132081018,79.8532333374023,12.057894417322116,2023,2025,1,Europe & Central Asia,High income
BFA,Burkina Faso,127,29.45,-0.2479719,-2.0423169,-0.7145087,519.72,116.16313821519,0.459463342299517,2759.3020548460527,10.1078755635882,3.7978465983735137,2023,2025,1,Sub-Saharan Africa,Low income
BDI,Burundi,185,17.22,-1.29205449999999,-1.2840156,-1.30785589999999,36.26,63.1631365759764,0.0203441336211462,1149.9840584238932,6.02545976638794,1.3050836704109754,2023,2025,1,Sub-Saharan Africa,Low income
CPV,Cabo Verde,122,32.16,0.8619303,0.8691911,0.422484,18.34,113.022968194497,7.23008973237277,10242.153201121184,,1.152150058359217,2023,2025,1,Sub-Saharan Africa,Upper middle income
KHM,Cambodia,118,33.91,-1.1216382,0.1346422,-1.099508,200.77,120.80911943838,3.64181801068419,7430.730857098369,17.4362364390629,12.98534311488826,2023,2025,1,East Asia & Pacific,Lower middle income
CMR,Cameroon,116,34.91,-1.1264261,-1.6104201,-1.2400721,1546.9,96.4817325902196,,5410.769219376422,16.0404395184936,2.103630291610331,2023,2025,1,Sub-Saharan Africa,Lower middle income
CAN,Canada,12,74.66,1.6263584,0.6267803,1.4361681,63719.9,94.1497268194785,42.5241770773151,64219.31739286365,76.2666931152344,16.371795438826258,2023,2025,1,North America,High income
CAF,Central African Republic,192,12.8,-1.3816342,-1.87417179999999,-1.7248503,25.75,,,1257.0943571711448,,1.8785669682649464,2023,2025,1,Sub-Saharan Africa,Low income
TCD,Chad,182,18.31,-1.48878199999999,-1.6839155,-1.454847,52.36,70.1873962423852,0.0,2700.36055335878,,,2023,2025,1,Sub-Saharan Africa,Low income
CHL,Chile,50,59.3,1.0318341,0.0876667,0.6647803,8573.42,135.871118507277,22.9954165646133,33145.403552024974,104.734062194824,10.719563342370906,2023,2025,1,Latin America & Caribbean,High income
CHN,China,8,76.27,0.1138225,-0.174451499999999,-0.552260699999999,932711.93,128.247014127486,44.728886496649,25179.119306638306,74.5933014618366,26.568213654288087,2023,2025,1,East Asia & Pacific,Upper middle income
COL,Colombia,64,56.02,-0.309004899999999,-0.7993485,-0.5648803,9183.73,166.980107777443,17.0369815251774,21246.37626952008,,8.599891597811409,2023,2025,1,Latin America & Caribbean,Upper middle income
COM,Comoros,171,20.67,-1.15283659999999,-0.3743498,-1.134272,8.01,109.855630436495,0.387941019794517,3811.650848824133,,3.13907204820087,2023,2025,1,Sub-Saharan Africa,Lower middle income
COG,Congo,178,18.6,-1.4043963,-0.199460399999999,-1.18292059999999,95.66,94.8715365076336,1.26798412068153,6850.277706210988,10.3812103271484,3.1597223457472365,2023,2025,1,Sub-Saharan Africa,Lower middle income
CRI,Costa Rica,79,45.92,0.6775627,1.1842629,0.6431263,660.82,133.527658761832,22.5231293549635,28908.768874319103,,24.177789153065973,2023,2025,1,Latin America & Caribbean,High income
CIV,Côte D'Ivoire,95,40.74,-0.3616761,-0.7874489,-0.6022948,391.71,171.988943341282,1.36336622359986,7237.181707409086,11.5724272130065,4.413107260117726,2023,2025,1,Sub-Saharan Africa,Lower middle income
HRV,Croatia,72,49.79,0.113708,0.6832484,0.4257869,5503.53,117.112604314708,28.4709561519529,47759.698299533855,81.1775207519531,11.033590881471492,2023,2025,1,Europe & Central Asia,High income
CUB,Cuba,136,27.92,-0.1628482,0.4305507,-0.5659906,1216.63,69.5767786567811,2.97118012807884,,49.7285704304293,,2023,2025,1,Latin America & Caribbean,Upper middle income
CYP,Cyprus,47,59.71,0.4826822,0.3935929,0.7591158,1764.12,148.333712748344,36.9005587748344,59874.5703125,107.26212310791,18.74195339288293,2023,2025,1,Europe & Central Asia,High income
CZE,Czechia,32,64.56,0.8499213,1.0704669,1.1605869,13409.42,126.004753501387,37.9099783935119,55761.379829137455,66.7282867431641,20.302723987427008,2023,2025,1,Europe & Central Asia,High income
PRK,Democratic People's Republic of Korea,167,21.15,-1.5580486,0.3264333,-1.5256234,269.28,,,,,,2023,2025,1,East Asia & Pacific,Low income
COD,Democratic Republic of the Congo,144,25.62,-1.4890974,-1.9812287,-1.60554359999999,243.06,53.1888827659463,0.0219936280960956,1730.622288776939,,0.1996116652253686,2023,2025,1,Sub-Saharan Africa,Low income
DNK,Denmark,11,74.75,2.3171626,0.9005936,2.0143499,15603.08,126.717092547985,44.0352069959396,77892.29326099037,81.2308197021484,17.132157583740376,2023,2025,1,Europe & Central Asia,High income
DJI,Djibouti,148,24.52,-0.905052699999999,-0.4640183,-1.03950379999999,17.48,48.4504884885996,1.47205761945073,7225.838795724898,,3.2755002219803098,2023,2025,1,Middle East & North Africa,Lower middle income
DMA,Dominica,174,19.76,0.4140289,1.2402149,0.5395543,3.7,,,20285.982166370708,,2.883282332074537,2023,2025,1,Latin America & Caribbean,Upper middle income
DOM,Dominican Republic,84,43.73,-0.429853,0.4655668,-0.241159899999999,104.52,91.8676246650308,11.1345555858062,25839.935668760703,58.2428049803824,6.030929399821513,2023,2025,1,Latin America & Caribbean,Upper middle income
ECU,Ecuador,66,53.04,-0.719996,-0.3543579,-0.858649799999999,3529.8,101.031752745524,16.0678902316524,15918.516294877289,67.8851161961618,7.274233853992543,2023,2025,1,Latin America & Caribbean,Upper middle income
EGY,Egypt,52,59.1,-0.816904499999999,-0.899323299999999,-0.7776875,22854.4,92.8261626420085,10.8642477216638,18524.83929979369,37.9005584716797,3.1628687839356675,2023,2025,1,Middle East & North Africa,Lower middle income
SLV,El Salvador,104,38.88,-0.6099566,0.0822243,-0.707075599999999,64.56,179.705636976149,11.6271746145254,12679.57687520609,32.3802636612661,6.404010712721179,2023,2025,1,Latin America & Caribbean,Upper middle income
GNQ,Equatorial Guinea,187,16.18,-1.52463899999999,-0.2874757,-1.48074099999999,3.44,,,17411.50023438401,,,2023,2025,1,Sub-Saharan Africa,Upper middle income
ERI,Eritrea,193,12.7,-1.4131414,-0.7897784,-1.79714659999999,29.08,,,,,,2023,2025,1,Sub-Saharan Africa,Low income
EST,Estonia,21,69.56,1.6727855,0.8473511,1.482125,1753.58,150.195729068839,35.2539796781149,48637.18022087952,67.6179275512695,16.581160524958964,2023,2025,1,Europe & Central Asia,High income
SWZ,Eswatini,137,27.7,-0.6292553,-0.7261847,-0.7274341,30.94,128.399211381334,2.76365982774566,11299.883123678826,,0.2853071586068864,2023,2025,1,Sub-Saharan Africa,Lower middle income
ETH,Ethiopia,91,41.58,-0.4629488,-1.86375129999999,-1.03931399999999,6727.91,59.8748744402242,0.534823180349513,3060.9050300376,,3.7506205580208727,2023,2025,1,Sub-Saharan Africa,
FJI,Fiji,108,37.26,0.5323283,0.782933,0.3256265,217.87,361.048644963723,1.82947481185312,14644.177375436131,60.9679066767014,1.646797844430439,2023,2025,1,East Asia & Pacific,Upper middle income
FIN,Finland,18,70.3,2.193956,0.7648776,2.0200539,11224.2,127.47302579722,35.3318092510781,63414.99368781773,108.130409240723,9.714022595491327,2023,2025,1,Europe & Central Asia,High income
FRA,France,2,80.81,1.2672713,-0.0187716,0.9946177,62180.46,116.687800394775,48.6688340139444,60838.94167164238,70.4536437988281,22.383544972179177,2023,2025,1,Europe & Central Asia,High income
GAB,Gabon,133,28.41,-0.9748427,-0.2702052,-1.07816429999999,90.57,122.606627765979,3.97293291301595,20755.665381766,,1.773135703659753,2023,2025,1,Sub-Saharan Africa,Upper middle income
GMB,Gambia (Republic of The),153,23.64,-0.296167199999999,0.1359932,-0.340458,79.8,117.115660832998,0.502141524068284,3289.1328305710667,,2.342309834406696,2023,2025,1,Sub-Saharan Africa,Low income
GEO,Georgia,87,42.75,0.6584135,-0.120908599999999,0.1642921,649.57,155.249965068869,29.3086367614167,25071.967726410687,78.2652247393707,2.293037544018809,2023,2025,1,Europe & Central Asia,Upper middle income
DEU,Germany,6,76.78,1.699403,0.50602,1.5855645,108782.34,124.662572774586,45.380522509099,71684.0311875583,78.5947494506836,17.78183747966227,2023,2025,1,Europe & Central Asia,High income
GHA,Ghana,78,47.42,-0.1303327,-0.0688107,-0.0029916,3269.86,98.8059221412722,0.555476730525596,7556.416054532344,22.0958254757285,2.110037622114449,2023,2025,1,Sub-Saharan Africa,Lower middle income
GRC,Greece,42,60.51,0.3292978,0.3853039,0.3963788,13551.59,110.79216956747,43.8539621755853,42710.50580103135,165.113418579102,15.15153377409025,2023,2025,1,Europe & Central Asia,High income
GRD,Grenada,176,19.36,0.3935799,1.2053145,0.5500382,42.49,,,18970.74016465297,,3.0077613416419737,2023,2025,1,Latin America & Caribbean,Upper middle income
GTM,Guatemala,129,29.34,-1.0869128,-0.2021326,-1.0108162,108.83,113.709374947241,5.08082886037381,13745.363124179436,27.2948879201171,5.776624508393925,2023,2025,1,Latin America & Caribbean,Upper middle income
GIN,Guinea,183,17.81,-1.0078531,-0.8765719,-1.1068782,54.9,97.8794996455513,,4333.746173126264,,,2023,2025,1,Sub-Saharan Africa,Lower middle income
GNB,Guinea Bissau,195,12.12,-1.1549527,-0.3193937,-1.2070689,13.7,128.110529740092,0.310448099439986,2989.6723598047697,,,2023,2025,1,Sub-Saharan Africa,Low income
GUY,Guyana,146,25.47,-0.309865699999999,0.2012498,-0.371934999999999,49.61,,,54729.03651563656,25.1520757996244,15.713892680131517,2023,2025,1,Latin America & Caribbean,High income
HTI,Haiti,190,14.94,-1.50126609999999,-0.971741099999999,-1.64152989999999,37.83,,,3291.738178870665,,,2023,2025,1,Latin America & Caribbean,Lower middle income
HND,Honduras,157,22.96,-1.09932339999999,-0.3507671,-1.156469,130.35,74.4148227156961,4.36212775547539,7178.339067815222,,3.3089155606212444,2023,2025,1,Latin America & Caribbean,Lower middle income
HUN,Hungary,35,63.17,0.083173,0.5841522,0.1894005,8260.49,105.054424922699,36.7901885342462,46592.38560700735,56.5924415588379,18.86245696218628,2023,2025,1,Europe & Central Asia,High income
ISL,Iceland,44,60.49,1.6623764,1.2058266,1.59027,715.97,121.475495280706,37.4245919320463,81608.4479116436,76.5200729370117,43.42454227640107,2023,2025,1,Europe & Central Asia,High income
IND,India,27,66.55,-0.3353176,-0.837974,-0.0879069,228174.31,80.5631998772888,2.74534696441771,10323.499873442795,34.2394344991225,14.93434729867156,2023,2025,1,South Asia,Lower middle income
IDN,Indonesia,46,59.87,-0.4431661,-0.613745,-0.0817572,38992.0,125.238194847046,4.81663955789733,15415.707925952724,44.8813034886441,9.08308687782522,2023,2025,1,East Asia & Pacific,Upper middle income
IRN,Iran (Islamic Republic of),76,48.34,-1.17112979999999,-1.2694112,-1.20046299999999,55085.25,166.279821209677,12.0205942239083,18917.09147231324,,,2023,2025,1,Middle East & North Africa,Upper middle income
IRQ,Iraq,128,29.37,-1.4169702,-2.2246949,-1.5002727,16724.1,101.388721479182,17.2312565041583,14652.521239921178,,,2023,2025,1,Middle East & North Africa,Upper middle income
IRL,Ireland,17,70.58,1.5859129,0.876648,1.5980444,8719.61,110.798344311602,31.8907830651788,129682.60715051716,,47.77377328492186,2023,2025,1,Europe & Central Asia,High income
ISR,Israel,16,71.32,0.8712956,-1.0423159,0.6642378,13844.24,153.336641345572,29.4357235504327,55171.23188143215,57.143440246582,34.93777358244434,2023,2025,1,Middle East & North Africa,High income
ITA,Italy,25,68.81,0.571449,0.4737389,0.6505552,82770.89,131.871674517747,31.8410876819321,60029.871712398,75.9496536254883,9.9836968942283,2023,2025,1,Europe & Central Asia,High income
JAM,Jamaica,99,40.09,-0.1364542,0.4762874,-0.0768587999999999,161.41,115.092228780619,15.7852035329423,12650.90529559384,,2.646989791467941,2023,2025,1,Latin America & Caribbean,Upper middle income
JPN,Japan,14,72.24,1.3377896,1.2674256,1.5084872,96543.44,178.432441299977,38.6312383711286,50661.76634631089,64.4907608032227,17.10280607032123,2023,2025,1,East Asia & Pacific,High income
JOR,Jordan,63,56.07,0.1060315,-0.3007473,0.1232268,5419.23,67.545678186078,7.03749462484875,10411.841615296738,33.0567036969523,2.084159854271586,2023,2025,1,Middle East & North Africa,Lower middle income
KAZ,Kazakhstan,58,56.7,-0.2223164,-0.2021045,-0.3777888,3818.58,127.114775212168,14.3457210056574,38515.18360099794,54.6563982045582,34.429337319659645,2023,2025,1,Europe & Central Asia,Upper middle income
KEN,Kenya,68,52.55,-0.7594497,-0.971652,-0.427558899999999,2078.83,120.612416887959,2.38882511128724,6317.039046650906,8.67676730066979,3.041694167283178,2023,2025,1,Sub-Saharan Africa,Lower middle income
KIR,Kiribati,150,23.9,0.3317797,1.2433279,0.73465,2.14,51.2540556855052,0.039990945446314,3485.5580831139905,,,2023,2025,1,East Asia & Pacific,Lower middle income
KWT,Kuwait,83,43.79,0.1660086,0.2906988,0.1910577,1395.04,167.68428501222,1.01366418243269,53025.47108580635,,1.7849965684682487,2023,2025,1,Middle East & North Africa,High income
KGZ,Kyrgyzstan,119,33.28,-1.1965583,-0.509667299999999,-0.973899499999999,326.91,108.59118718329,6.44652532064676,7298.086125619335,53.588822099772,16.333537286698142,2023,2025,1,Europe & Central Asia,Lower middle income
LAO,Lao People's Democratic Republic,125,29.92,-0.9646387,0.7378068,-0.8447129,72.2,64.7588066942788,2.72021122524182,9291.788590011382,14.8841695785522,7.419637295834535,2023,2025,1,East Asia & Pacific,Lower middle income
LVA,Latvia,51,59.14,0.7759204,0.8394628,1.0727082,1736.07,119.909944560018,25.9948491178264,42576.40607994567,85.7360610961914,18.554389354562986,2023,2025,1,Europe & Central Asia,High income
LBN,Lebanon,117,34.26,-1.2554109,-1.2764099,-1.0665045,2079.31,,,12574.8329116403,54.4012561547071,4.302360783603364,2023,2025,1,Middle East & North Africa,Lower middle income
LSO,Lesotho,131,28.95,-0.3006103,-0.1357263,-0.442253499999999,60.18,69.3513051423509,0.383738154734299,2880.9662961569247,,0.0742607412455622,2023,2025,1,Sub-Saharan Africa,Lower middle income
LBR,Liberia,189,15.65,-1.01213,-0.174047999999999,-0.8997457,31.54,,,1794.533408633621,,0.6437185964982839,2023,2025,1,Sub-Saharan Africa,Low income
LBY,Libya,134,28.38,-1.5426693,-2.0418754,-1.66847289999999,443.08,,,13847.079219004503,,,2023,2025,1,Middle East & North Africa,Upper middle income
LIE,Liechtenstein,98,40.19,1.7538023,1.5875521,1.7276012,51.21,127.059447446841,49.4065356836204,,,,2023,2025,1,Europe & Central Asia,High income
LTU,Lithuania,29,65.31,0.8884764,0.9517926,1.3288838,2673.09,137.203719983084,27.9638162516437,52348.2468215268,77.0064163208008,14.402895995336069,2023,2025,1,Europe & Central Asia,High income
LUX,Luxembourg,33,64.28,2.0124074,1.0156548,1.7286548,1175.75,144.474949556306,38.3793065082138,150508.2188868879,21.5371704101562,5.979250210643996,2023,2025,1,Europe & Central Asia,High income
MDG,Madagascar,168,20.93,-0.9853603,-0.840940199999999,-0.955411599999999,153.44,75.4562966735535,0.124487385085979,1808.447790385791,6.1466638463036,0.4780600540770764,2023,2025,1,Sub-Saharan Africa,Low income
MWI,Malawi,149,24.22,-0.627533999999999,-0.242439899999999,-0.1343556,377.51,61.0866071008045,0.079556560544817,1830.4646128744223,,5.310565941059038,2023,2025,1,Sub-Saharan Africa,Low income
MYS,Malaysia,38,62.34,0.380697,0.2281849,0.3016843,23690.94,142.7320920639,13.0287000355119,36466.89149383334,37.2745812491757,59.41550744217887,2023,2025,1,East Asia & Pacific,Upper middle income
MDV,Maldives,143,26.39,-0.2664677,0.0832571999999999,0.096589,31.74,141.601234995076,18.6292999539919,24786.203212345084,,0.1895050573795499,2023,2025,1,South Asia,Upper middle income
MLI,Mali,152,23.78,-0.849355899999999,-2.5578431,-1.0366418,116.65,,,3174.629602763957,,5.360654760795296,2023,2025,1,Sub-Saharan Africa,Low income
MLT,Malta,39,61.48,0.3219728,0.9382841,0.7940278,497.77,140.59359496844,44.282454836797,67057.21843298913,80.5250091552734,43.269279320947874,2023,2025,1,Middle East & North Africa,High income
MHL,Marshall Islands,177,18.92,-0.0290067,1.2823827,0.8357983,0.92,,,7548.732537479442,,,2023,2025,1,East Asia & Pacific,Upper middle income
MRT,Mauritania,138,27.58,-0.7965253,-0.504269499999999,-0.8540015,46.84,90.7724948884417,0.59041012129361,6965.909535747145,,2.350646234497596,2023,2025,1,Sub-Saharan Africa,Lower middle income
MUS,Mauritius,67,52.76,0.3417899,0.8348296,0.6633408,205.31,165.257524411348,26.9082309192612,29560.71372300788,43.3386887794765,1.014538900784168,2023,2025,1,Sub-Saharan Africa,Upper middle income
MEX,Mexico,77,48.33,-0.9321625,-0.5984727,-1.0777054,18981.87,111.735420288549,20.752917384408,25243.1644887582,47.474681854248,17.99387858126017,2023,2025,1,Latin America & Caribbean,Upper middle income
FSM,Micronesia (Federated States of),172,20.6,0.2977827,1.5046321,0.9770145,3.74,,,4233.744925587685,,,2023,2025,1,East Asia & Pacific,Lower middle income
MCO,Monaco,105,38.62,1.1733125,1.3791391,1.3454922,37.23,104.060991888284,55.8835609405483,,,,2023,2025,1,Europe & Central Asia,High income
MNG,Mongolia,94,40.86,-0.6187813,0.6432601,-0.1575492,276.87,141.08481753135,14.5529107220073,18004.85120583547,67.941399950927,22.536554566993505,2023,2025,1,East Asia & Pacific,Upper middle income
MNE,Montenegro,100,39.9,-0.0680776999999999,0.262079,0.1276478,254.67,207.237922064803,32.0155251660479,31862.77157780415,55.1743011474609,7.995201603123919,2023,2025,1,Europe & Central Asia,Upper middle income
MAR,Morocco,86,43.06,-0.5521901,-0.534977199999999,-0.3934002,9724.77,148.155101338402,7.02184328513844,9894.650390625,47.4687039298036,5.430705672611437,2023,2025,1,Middle East & North Africa,Lower middle income
MOZ,Mozambique,161,22.31,-0.904286399999999,-1.41840379999999,-1.1016921,204.82,47.5003032540948,0.149001818335337,1678.391182436808,,2.7424455781527737,2023,2025,1,Sub-Saharan Africa,Low income
MMR,Myanmar,173,20.54,-1.11163979999999,-2.2086828,-1.7242442,233.94,121.027626770248,2.79829802446154,5953.357351659129,,2.946314142416057,2023,2025,1,East Asia & Pacific,Lower middle income
NAM,Namibia,110,37.08,0.1649292,0.4150583,0.3088084,231.33,87.6760954339972,3.52006938690795,11251.237031381876,,0.0809713952530879,2023,2025,1,Sub-Saharan Africa,Lower middle income
NRU,Nauru,160,22.48,0.443007,1.0356891,0.3470294,0.13,,,13731.57047450158,,,2023,2025,1,East Asia & Pacific,High income
NPL,Nepal,106,38.5,-0.629219899999999,-0.312959,-0.3365421,1590.74,117.759577544938,10.6751345547041,5395.208200775129,19.0357612047581,,2023,2025,1,South Asia,Lower middle income
NLD,Netherlands,4,77.18,1.8837073,0.6084395,1.7174805,32207.08,125.272736960305,43.2644444744139,81728.69046292681,86.5938262939453,24.510646527493627,2023,2025,1,Europe & Central Asia,High income
NZL,New Zealand,37,62.7,2.0156067,1.2849613,1.7075544,8096.23,126.854978584281,37.8530848455277,54697.382252318,76.3811416625977,12.649485735640065,2023,2025,1,East Asia & Pacific,High income
NIC,Nicaragua,163,22.23,-1.25988029999999,-0.0652355999999999,-1.5960126,40.65,105.843136180202,5.43030503048751,8319.97944140996,30.3635101318359,0.8046531571411112,2023,2025,1,Latin America & Caribbean,Lower middle income
NER,Niger,184,17.44,-0.517433,-1.65337929999999,-0.804084799999999,90.18,65.735032215569,0.107619048674827,1875.153067706276,,8.96675024256666,2023,2025,1,Sub-Saharan Africa,Low income
NGA,Nigeria,70,50.79,-1.098731,-1.9559706,-0.934848799999999,9799.39,98.4772822731425,0.051283785190682,8705.434266935388,,3.530423702949878,2023,2025,1,Sub-Saharan Africa,Lower middle income
MKD,North Macedonia,107,37.57,-0.3541776,0.2173102,-0.2738806,498.97,106.458776658176,29.1771708951077,25354.10350576199,55.0082015991211,5.22971063617991,2023,2025,1,Europe & Central Asia,Upper middle income
NOR,Norway,10,74.84,2.0745237,0.9361906,1.9859646,13756.15,109.654228618195,45.4377082628592,103637.51684367847,95.0573806762695,25.67461437749992,2023,2025,1,Europe & Central Asia,High income
OMN,Oman,61,56.29,0.227724,0.5521576,0.3443083,1640.31,122.291457994634,10.8793321668994,41945.02556408825,,5.005393460961461,2023,2025,1,Middle East & North Africa,High income
PAK,Pakistan,81,45.38,-1.0461855,-1.9403838,-1.0042887,20519.11,76.5397606213172,1.35622425766449,6013.9896363860025,10.4770304814137,1.9028093899842704,2023,2025,1,South Asia,Lower middle income
PLW,Palau,151,23.8,0.443007,1.2451365,1.17116,5.04,135.386698256896,7.33344615558188,18230.269862741385,41.130604288499,,2023,2025,1,East Asia & Pacific,High income
PAN,Panama,102,39.3,-0.566951499999999,0.3693808,-0.227944099999999,282.01,156.586507591014,18.1341265585334,39813.385793997215,53.6949637061742,1.0004916401567496,2023,2025,1,Latin America & Caribbean,High income
PNG,Papua New Guinea,135,27.98,-0.6018212,-0.530809,-0.510767499999999,69.76,34.0588961979896,0.228111959659795,4667.835670929906,,10.248078468472276,2023,2025,1,East Asia & Pacific,Lower middle income
PRY,Paraguay,111,36.84,-1.0149203,0.0023837999999999,-0.580114999999999,253.35,126.605481531224,12.8835504093571,17564.491236937418,,9.96565594921736,2023,2025,1,Latin America & Caribbean,Upper middle income
PER,Peru,60,56.52,-0.6654876,-0.7239502,-0.4787644,5241.67,121.975084691173,10.4364266723222,17011.227802882473,,5.015720128215253,2023,2025,1,Latin America & Caribbean,Upper middle income
PHL,Philippines,43,60.51,-0.5690313,-0.709066,-0.601158699999999,4752.21,117.275521687262,6.5393085505183,10985.829262750516,44.2394203278519,63.977928897569015,2023,2025,1,East Asia & Pacific,Lower middle income
POL,Poland,24,69.14,0.7534838,0.5055901,0.3564347,31218.47,135.146301442691,24.526154479274,48473.09402864191,76.8794097900391,12.122318973594732,2023,2025,1,Europe & Central Asia,High income
PRT,Portugal,28,66.09,0.7848198,0.7890296,1.0824285,18225.29,123.001507659381,44.1107426914567,49352.83886130321,77.6778182983398,6.710841679983992,2023,2025,1,Europe & Central Asia,High income
QAT,Qatar,54,58.61,0.7757739,1.0147153,0.5728637,2471.29,157.82063065065,11.641102863231,129367.8696709272,38.2058906555176,2.7800363029790134,2023,2025,1,Middle East & North Africa,High income
KOR,Republic of Korea,5,76.89,0.8788564,0.932168,1.1844569,71724.33,162.11365652794,46.5676352036327,57429.80310764019,106.709167480469,30.27627999126511,2023,2025,1,East Asia & Pacific,High income
MDA,Republic of Moldova,71,50.59,-0.266050299999999,-0.2678685,-0.1938657,335.06,129.546081439289,27.3086365814931,17746.94055386838,71.1679028753075,2.617084405382722,2023,2025,1,Europe & Central Asia,Upper middle income
ROU,Romania,57,56.73,0.0314923,0.4983587,0.4118457,10712.88,123.252482585042,34.6706189336505,45981.602778522174,55.1682891845703,12.67474083271228,2023,2025,1,Europe & Central Asia,High income
RUS,Russian Federation,49,59.57,-0.8877345,-0.8184163,-1.0734047,85558.11,180.841776534047,25.8238695549039,44268.73046875,93.7277679443359,,2023,2025,1,Europe & Central Asia,High income
RWA,Rwanda,74,48.54,0.6808504,0.0380223,0.0714762,433.51,91.4622704078141,0.445556123195211,3399.451746031431,8.88624308383425,,2023,2025,1,Sub-Saharan Africa,Low income
KNA,Saint Kitts and Nevis,170,20.85,0.3519798,0.918184,0.5632841,35.5,118.893023653706,,33979.63036157338,,,2023,2025,1,Latin America & Caribbean,High income
LCA,Saint Lucia,142,26.66,0.3771938,1.044299,0.5120691,2.54,,,25974.50929252631,15.0396404266357,,2023,2025,1,Latin America & Caribbean,Upper middle income
VCT,Saint Vincent and the Grenadines,166,21.5,0.7112575,1.044299,0.5500992,2.69,101.631416361537,30.4935700680004,19819.869034679035,,4.934428618818683,2023,2025,1,Latin America & Caribbean,Upper middle income
WSM,Samoa,154,23.46,0.8188682,1.2435234,1.0530364,21.85,,,8194.807256407335,14.6106638814429,5.742017319368896,2023,2025,1,East Asia & Pacific,Upper middle income
SMR,San Marino,112,35.89,1.1733125,1.3791391,1.4100336,20.09,,,78745.43132993352,51.1357340720222,,2023,2025,1,Europe & Central Asia,High income
STP,Sao Tome and Principe,180,18.37,0.1218554,0.6193032,-0.3531339,4.71,63.4540500972405,2.50139688397417,6149.981460819318,,29.273432892452234,2023,2025,1,Sub-Saharan Africa,Lower middle income
SAU,Saudi Arabia,15,71.57,0.476953,-0.2452065,0.1165635,24594.79,157.775388696083,43.5732045642216,71564.80002856499,,0.5906291417678277,2023,2025,1,Middle East & North Africa,High income
SEN,Senegal,96,40.64,0.0381077,-0.1534325,-0.170334799999999,489.62,123.911572643075,1.97393200956788,4777.614518615782,16.0710053721835,1.604738865344467,2023,2025,1,Sub-Saharan Africa,Lower middle income
SRB,Serbia,40,60.96,-0.501692,0.0879568999999999,-0.1840377,5173.1,128.471147595832,31.2695286708104,29776.895175215937,73.2060012817383,,2023,2025,1,Europe & Central Asia,Upper middle income
SYC,Seychelles,140,27.24,1.151735,0.9207856,0.5546447,15.17,129.24400747161,30.7719361318005,31780.78383419647,14.0341370902195,0.0384062538993691,2023,2025,1,Sub-Saharan Africa,High income
SLE,Sierra Leone,175,19.68,-0.568678999999999,-0.5558929,-0.8268953,86.32,,,3368.317271880632,,,2023,2025,1,Sub-Saharan Africa,Low income
SGP,Singapore,7,76.42,1.9240956,1.2040374,1.4244438,11893.6,173.199932977376,27.4343636046425,143786.13629301317,97.2886546863037,56.13837585622781,2023,2025,1,East Asia & Pacific,High income
SVK,Slovakia,73,48.55,0.3846188,0.5856273,0.5534478,5332.18,138.232946210214,33.17259432898,45973.94069029912,53.417610168457,9.7184584659913,2023,2025,1,Europe & Central Asia,High income
SVN,Slovenia,36,62.71,0.6814999,0.8589449,0.9707915,3567.56,129.227963043737,31.8814801387465,56064.097459674245,80.0806884765625,8.203455821310259,2023,2025,1,Europe & Central Asia,High income
SLB,Solomon Islands,162,22.28,-0.1764808,0.7318958,0.1522162,14.84,,,2596.563642528032,,,2023,2025,1,East Asia & Pacific,Lower middle income
SOM,Somalia,164,21.82,-1.61685259999999,-2.1717975,-2.1303739,151.88,53.9579646939598,0.722963033976147,1555.6101679877622,,,2023,2025,1,Sub-Saharan Africa,Low income
ZAF,South Africa,65,53.94,-0.2095917,-0.6397104,0.039525,14949.03,171.508619260428,3.4056617766544,15199.732982377553,23.493768799339,4.955515712099358,2023,2025,1,Sub-Saharan Africa,Upper middle income
SSD,South Sudan,194,12.2,-1.87741769999999,-1.52967079999999,-2.00017059999999,17.18,46.6152369503945,0.0017416484040317,,,,2023,2025,1,Sub-Saharan Africa,Low income
ESP,Spain,13,74.22,0.7395223,0.1484475,0.9304606,60303.76,127.715490236713,37.2148181549182,55682.240260309256,93.7303466796875,9.56253561613111,2023,2025,1,Europe & Central Asia,High income
LKA,Sri Lanka,80,45.6,-0.3868314,-0.670013,-0.31553,2321.86,142.277402587724,8.76545173115153,14455.654441473378,20.7412633848006,1.417238452577579,2023,2025,1,South Asia,Lower middle income
PSE,State of Palestine,115,35.54,-0.5990356,-1.619148,-0.885715399999999,861.66,76.6918854204372,8.37056926326656,5950.020061843931,44.4904623709098,1.843449539274916,2023,2025,1,Middle East & North Africa,Lower middle income
SDN,Sudan,186,16.21,-1.4513517,-2.0604154,-1.65553779999999,470.62,,,2420.65795898438,,,2023,2025,1,Sub-Saharan Africa,Low income
SUR,Suriname,181,18.37,-0.3292402,0.3004618,-0.1875599,26.34,157.24614636039,17.5373597122531,21110.198020456257,4.93785087797966,3.2127494355163906,2023,2025,1,Latin America & Caribbean,Upper middle income
SWE,Sweden,23,69.45,1.9804259,0.778803,1.6947293,21243.62,140.265691285045,40.7340135908716,69226.32727566626,81.3998184204102,17.62385202771132,2023,2025,1,Europe & Central Asia,High income
CHE,Switzerland,26,66.95,2.0972439,0.9907717,1.7920906,22803.86,130.221876609608,46.8364627671237,95141.59609436324,74.0060882568359,29.33402869787281,2023,2025,1,Europe & Central Asia,High income
SYR,Syrian Arab Republic,165,21.72,-1.7817933,-2.4379022,-1.8617654,645.85,72.4405852977604,6.86124546257849,,,,2023,2025,1,Middle East & North Africa,Low income
TJK,Tajikistan,130,29.08,-1.1236074,-0.2876253,-1.2086884,158.35,76.215892145748,0.983936262867068,4963.582952645044,34.9689625947729,15.207791011293557,2023,2025,1,Europe & Central Asia,Lower middle income
THA,Thailand,34,63.22,-0.439334199999999,-0.4398775,-0.1956309,16656.15,168.642808295144,14.5089451983046,23519.212097982272,45.4407811172674,26.050622943512924,2023,2025,1,East Asia & Pacific,Upper middle income
TLS,Timor-Leste,179,18.39,-0.4265439,0.4358404,-0.6431026,20.7,112.647241971673,0.0057791525739623,4806.821815592992,30.9611108169641,1.5260503215558736,2023,2025,1,East Asia & Pacific,Lower middle income
TGO,Togo,124,30.59,-0.5879504,-0.9186036,-0.6302782,135.94,75.7906769713952,1.22815843837127,3154.43329348299,,0.5735855993168181,2023,2025,1,Sub-Saharan Africa,Low income
TON,Tonga,156,23.11,-0.4947162,1.2304624,0.7999012,4.85,,,7802.66986206107,42.8611738148984,28.460294879952087,2023,2025,1,East Asia & Pacific,Upper middle income
TTO,Trinidad and Tobago,120,32.73,-0.3161967,0.3397269,-0.315203499999999,245.56,134.230557337258,26.8942307436398,34623.36915009585,,0.2232296423431168,2023,2025,1,Latin America & Caribbean,High income
TUN,Tunisia,88,42.23,-0.192361099999999,-0.776038,-0.3148235,5492.92,132.653682480562,14.0829860846719,14040.59611481423,38.1219482421875,7.701107442841051,2023,2025,1,Middle East & North Africa,Lower middle income
TUR,Türkiye,53,58.91,-0.4374572,-0.884477,-0.799233499999999,50180.49,105.684032912794,22.4591697943845,42786.20049486639,105.88606262207,4.518290989868524,2023,2025,1,Europe & Central Asia,Upper middle income
TKM,Turkmenistan,159,22.5,-1.350058,0.2072195,-1.4327839,31.31,,,19828.92484611992,18.8084201812744,,2023,2025,1,Europe & Central Asia,Upper middle income
TUV,Tuvalu,169,20.87,0.2425155,1.4739295,1.1957133,0.42,,,6151.010470416082,19.3509615384615,,2023,2025,1,East Asia & Pacific,Upper middle income
UGA,Uganda,113,35.76,-0.996690299999999,-1.0298391,-0.752792999999999,1423.59,76.2966796632588,0.0912969650305002,3097.6370243061856,,1.408107804887939,2023,2025,1,Sub-Saharan Africa,Low income
UKR,Ukraine,41,60.84,-0.7242773,-0.545978,-0.7454054,15498.36,133.38012811971,21.3774151510902,17665.34375,82.5533599853516,6.68812192869261,2023,2025,1,Europe & Central Asia,Upper middle income
ARE,United Arab Emirates,19,69.86,0.9918577,0.7829523,0.4492886,7075.14,199.423843889179,37.0968234502256,77955.29517608786,61.3456114422447,8.960293973945754,2023,2025,1,Middle East & North Africa,High income
GBR,United Kingdom of Great Britain and Northern Ireland,3,77.75,1.4745753,0.3683427,1.2703547,97535.98,122.781542240418,41.4367685540411,59911.34676632091,80.4146499633789,28.89171461135673,2023,2025,1,Europe & Central Asia,High income
TZA,United Republic of Tanzania,93,41.45,-0.346236,-0.2367117,-0.4944742,1452.53,105.40028112088,0.10501728326893,4018.5166015625,5.16887784940301,5.068110536084612,2023,2025,1,Sub-Saharan Africa,Lower middle income
USA,United States of America,1,88.36,1.1951066,-0.193136399999999,0.9606912,430843.27,112.410910606372,38.0939254696383,82304.62042728657,,21.84598783555211,2023,2025,1,North America,High income
URY,Uruguay,55,58.47,1.5493831,1.181072,0.9573597,1059.81,141.71948663565,32.4032099586757,34470.93222011432,79.9536903496537,10.707230873721414,2023,2025,1,Latin America & Caribbean,High income
UZB,Uzbekistan,62,56.11,-0.701745899999999,-0.2504784,-0.6742999,4624.44,106.884847592051,30.2699233460544,11106.971593476685,45.7591768686293,2.822390701222922,2023,2025,1,Europe & Central Asia,Lower middle income
VUT,Vanuatu,132,28.55,-0.1852979,0.9649424,0.4196732,11.87,89.2943082123161,1.23342353055002,3567.818820302228,,,2023,2025,1,East Asia & Pacific,Lower middle income
VEN,"Venezuela, Bolivarian Republic of",145,25.55,-1.5592697,-1.1035948,-2.2007889,474.63,70.2197325918151,10.638053537183,,,,2023,2025,1,Latin America & Caribbean,
VNM,Viet Nam,45,59.98,-0.3083958,0.0907515,-0.340198899999999,10644.49,130.991428667547,22.6806675035061,15033.87685943549,32.8415128147815,44.25688525168196,2023,2025,1,East Asia & Pacific,Lower middle income
YEM,Yemen,191,14.48,-1.6020865,-2.6264387,-1.9069106,404.01,50.8937810578557,,,,,2023,2025,1,Middle East & North Africa,Low income
ZMB,Zambia,82,43.9,-0.39812,-0.0111463999999999,-0.6089819,367.3,102.06156495632,0.681389878819039,4076.995086866413,,1.1635658888372742,2023,2025,1,Sub-Saharan Africa,Lower middle income
ZWE,Zimbabwe,126,29.53,-1.1914608,-0.998213999999999,-1.2681513,519.85,91.6344110473757,1.5745780720211,5791.192128779884,,1.9421882824637644,2023,2025,1,Sub-Saharan Africa,Lower middle income
