Country Name,Country Code,Indicator Code,year,value
Afghanistan,AFG,GOV_WGI_CC_EST,2020,-1.40089
Afghanistan,AFG,IT.NET.BBND.P2,2020,0.0680079200431626
Afghanistan,AFG,NY.GDP.PCAP.PP.CD,2020,2561.9817605862195
Afghanistan,AFG,TX.VAL.TECH.MF.ZS,2020,
Afghanistan,AFG,IT.CEL.SETS.P2,2020,58.0461137722591
Afghanistan,AFG,GOV_WGI_PV_EST,2020,-2.5896897
Afghanistan,AFG,GOV_WGI_RL_EST,2020,-1.65566449999999
Afghanistan,AFG,SE.TER.ENRR,2020,10.85435962677
Afghanistan,AFG,IP.JRN.ARTC.SC,2020,140.25
Albania,ALB,GOV_WGI_CC_EST,2020,-0.6594306
Albania,ALB,IT.NET.BBND.P2,2020,17.720931463387
Albania,ALB,NY.GDP.PCAP.PP.CD,2020,16287.609766364929
Albania,ALB,TX.VAL.TECH.MF.ZS,2020,0.2858544956398813
Albania,ALB,IT.CEL.SETS.P2,2020,91.1880900599383
Albania,ALB,GOV_WGI_PV_EST,2020,-0.0049854
Albania,ALB,GOV_WGI_RL_EST,2020,-0.256738199999999
Albania,ALB,SE.TER.ENRR,2020,61.5853024328899
Albania,ALB,IP.JRN.ARTC.SC,2020,181.95
Algeria,DZA,GOV_WGI_CC_EST,2020,-0.635634599999999
Algeria,DZA,IT.NET.BBND.P2,2020,8.6064465013707
Algeria,DZA,NY.GDP.PCAP.PP.CD,2020,12676.5130564294
Algeria,DZA,TX.VAL.TECH.MF.ZS,2020,
Algeria,DZA,IT.CEL.SETS.P2,2020,103.436671524065
Algeria,DZA,GOV_WGI_PV_EST,2020,-0.883733299999999
Algeria,DZA,GOV_WGI_RL_EST,2020,-0.7746944
Algeria,DZA,SE.TER.ENRR,2020,53.3752192208988
Algeria,DZA,IP.JRN.ARTC.SC,2020,5630.26
American Samoa,ASM,GOV_WGI_CC_EST,2020,1.1797991
American Samoa,ASM,IT.NET.BBND.P2,2020,
American Samoa,ASM,NY.GDP.PCAP.PP.CD,2020,
American Samoa,ASM,TX.VAL.TECH.MF.ZS,2020,
American Samoa,ASM,IT.CEL.SETS.P2,2020,
American Samoa,ASM,GOV_WGI_PV_EST,2020,1.2465402
American Samoa,ASM,GOV_WGI_RL_EST,2020,1.2020006
American Samoa,ASM,SE.TER.ENRR,2020,
American Samoa,ASM,IP.JRN.ARTC.SC,2020,
Andorra,AND,GOV_WGI_CC_EST,2020,
Andorra,AND,IT.NET.BBND.P2,2020,48.6559834582579
Andorra,AND,NY.GDP.PCAP.PP.CD,2020,52095.84140046271
Andorra,AND,TX.VAL.TECH.MF.ZS,2020,23.04060882998365
Andorra,AND,IT.CEL.SETS.P2,2020,103.876970793487
Andorra,AND,GOV_WGI_PV_EST,2020,
Andorra,AND,GOV_WGI_RL_EST,2020,
Andorra,AND,SE.TER.ENRR,2020,15.2605749006777
Andorra,AND,IP.JRN.ARTC.SC,2020,7.68
Angola,AGO,GOV_WGI_CC_EST,2020,-0.891832299999999
Angola,AGO,IT.NET.BBND.P2,2020,0.363264238710965
Angola,AGO,NY.GDP.PCAP.PP.CD,2020,7827.428043258177
Angola,AGO,TX.VAL.TECH.MF.ZS,2020,23.394621384716373
Angola,AGO,IT.CEL.SETS.P2,2020,43.7804317055698
Angola,AGO,GOV_WGI_PV_EST,2020,-0.6427634
Angola,AGO,GOV_WGI_RL_EST,2020,-0.9475038
Angola,AGO,SE.TER.ENRR,2020,
Angola,AGO,IP.JRN.ARTC.SC,2020,46.17
Antigua and Barbuda,ATG,GOV_WGI_CC_EST,2020,0.2199155
Antigua and Barbuda,ATG,IT.NET.BBND.P2,2020,8.71023234544781
Antigua and Barbuda,ATG,NY.GDP.PCAP.PP.CD,2020,22370.09186938128
Antigua and Barbuda,ATG,TX.VAL.TECH.MF.ZS,2020,0.0
Antigua and Barbuda,ATG,IT.CEL.SETS.P2,2020,200.3353439453
Antigua and Barbuda,ATG,GOV_WGI_PV_EST,2020,0.9164728
Antigua and Barbuda,ATG,GOV_WGI_RL_EST,2020,0.5899858
Antigua and Barbuda,ATG,SE.TER.ENRR,2020,
Antigua and Barbuda,ATG,IP.JRN.ARTC.SC,2020,6.52
Argentina,ARG,GOV_WGI_CC_EST,2020,-0.1344697
Argentina,ARG,IT.NET.BBND.P2,2020,21.1797871590669
Argentina,ARG,NY.GDP.PCAP.PP.CD,2020,22393.347957535338
Argentina,ARG,TX.VAL.TECH.MF.ZS,2020,6.903889256079225
Argentina,ARG,IT.CEL.SETS.P2,2020,121.180612527028
Argentina,ARG,GOV_WGI_PV_EST,2020,0.0552501
Argentina,ARG,GOV_WGI_RL_EST,2020,-0.290549699999999
Argentina,ARG,SE.TER.ENRR,2020,99.3697348717996
Argentina,ARG,IP.JRN.ARTC.SC,2020,9992.12
Armenia,ARM,GOV_WGI_CC_EST,2020,0.1056079
Armenia,ARM,IT.NET.BBND.P2,2020,14.8883804721864
Armenia,ARM,NY.GDP.PCAP.PP.CD,2020,14706.317304342228
Armenia,ARM,TX.VAL.TECH.MF.ZS,2020,7.140636671612873
Armenia,ARM,IT.CEL.SETS.P2,2020,120.682370700808
Armenia,ARM,GOV_WGI_PV_EST,2020,-0.2935835
Armenia,ARM,GOV_WGI_RL_EST,2020,-0.0751786
Armenia,ARM,SE.TER.ENRR,2020,52.3331534448642
Armenia,ARM,IP.JRN.ARTC.SC,2020,594.27
Aruba,ABW,GOV_WGI_CC_EST,2020,1.165722
Aruba,ABW,IT.NET.BBND.P2,2020,17.6908752327747
Aruba,ABW,NY.GDP.PCAP.PP.CD,2020,28854.59729978639
Aruba,ABW,TX.VAL.TECH.MF.ZS,2020,6.7561753872818
Aruba,ABW,IT.CEL.SETS.P2,2020,131.284916201117
Aruba,ABW,GOV_WGI_PV_EST,2020,1.3345061
Aruba,ABW,GOV_WGI_RL_EST,2020,1.2938144
Aruba,ABW,SE.TER.ENRR,2020,
Aruba,ABW,IP.JRN.ARTC.SC,2020,
Australia,AUS,GOV_WGI_CC_EST,2020,1.6038237
Australia,AUS,IT.NET.BBND.P2,2020,35.346849265518
Australia,AUS,NY.GDP.PCAP.PP.CD,2020,54184.16144868537
Australia,AUS,TX.VAL.TECH.MF.ZS,2020,21.47578987058347
Australia,AUS,IT.CEL.SETS.P2,2020,104.930155780087
Australia,AUS,GOV_WGI_PV_EST,2020,0.8859397
Australia,AUS,GOV_WGI_RL_EST,2020,1.5521387
Australia,AUS,SE.TER.ENRR,2020,110.139221191406
Australia,AUS,IP.JRN.ARTC.SC,2020,57901.21
Austria,AUT,GOV_WGI_CC_EST,2020,1.6059221
Austria,AUT,IT.NET.BBND.P2,2020,29.2106456326106
Austria,AUT,NY.GDP.PCAP.PP.CD,2020,58523.03378162456
Austria,AUT,TX.VAL.TECH.MF.ZS,2020,12.27189576604459
Austria,AUT,IT.CEL.SETS.P2,2020,120.131806593244
Austria,AUT,GOV_WGI_PV_EST,2020,0.8186312
Austria,AUT,GOV_WGI_RL_EST,2020,1.7481079
Austria,AUT,SE.TER.ENRR,2020,88.7071990966797
Austria,AUT,IP.JRN.ARTC.SC,2020,13440.62
Azerbaijan,AZE,GOV_WGI_CC_EST,2020,-0.7598072
Azerbaijan,AZE,IT.NET.BBND.P2,2020,19.5985750948022
Azerbaijan,AZE,NY.GDP.PCAP.PP.CD,2020,15163.570332728206
Azerbaijan,AZE,TX.VAL.TECH.MF.ZS,2020,7.067279517222984
Azerbaijan,AZE,IT.CEL.SETS.P2,2020,101.596683471276
Azerbaijan,AZE,GOV_WGI_PV_EST,2020,-0.5087721
Azerbaijan,AZE,GOV_WGI_RL_EST,2020,-0.6182094
Azerbaijan,AZE,SE.TER.ENRR,2020,36.3854742250215
Azerbaijan,AZE,IP.JRN.ARTC.SC,2020,1057.42
"Bahamas, The",BHS,GOV_WGI_CC_EST,2020,1.2128533
"Bahamas, The",BHS,IT.NET.BBND.P2,2020,20.9668496424268
"Bahamas, The",BHS,NY.GDP.PCAP.PP.CD,2020,27204.625909517963
"Bahamas, The",BHS,TX.VAL.TECH.MF.ZS,2020,3.0447626025239987
"Bahamas, The",BHS,IT.CEL.SETS.P2,2020,117.717493173143
"Bahamas, The",BHS,GOV_WGI_PV_EST,2020,0.7133519
"Bahamas, The",BHS,GOV_WGI_RL_EST,2020,0.3141962
"Bahamas, The",BHS,SE.TER.ENRR,2020,
"Bahamas, The",BHS,IP.JRN.ARTC.SC,2020,21.42
Bahrain,BHR,GOV_WGI_CC_EST,2020,-0.0925165999999999
Bahrain,BHR,IT.NET.BBND.P2,2020,10.1824112975928
Bahrain,BHR,NY.GDP.PCAP.PP.CD,2020,53436.03169997117
Bahrain,BHR,TX.VAL.TECH.MF.ZS,2020,8.973661055879925
Bahrain,BHR,IT.CEL.SETS.P2,2020,119.41160169027
Bahrain,BHR,GOV_WGI_PV_EST,2020,-0.5964745
Bahrain,BHR,GOV_WGI_RL_EST,2020,-0.110376599999999
Bahrain,BHR,SE.TER.ENRR,2020,54.4077922369055
Bahrain,BHR,IP.JRN.ARTC.SC,2020,563.68
Bangladesh,BGD,GOV_WGI_CC_EST,2020,-1.07605779999999
Bangladesh,BGD,IT.NET.BBND.P2,2020,6.04506220711318
Bangladesh,BGD,NY.GDP.PCAP.PP.CD,2020,6640.584373310621
Bangladesh,BGD,TX.VAL.TECH.MF.ZS,2020,
Bangladesh,BGD,IT.CEL.SETS.P2,2020,106.002140470412
Bangladesh,BGD,GOV_WGI_PV_EST,2020,-1.01518479999999
Bangladesh,BGD,GOV_WGI_RL_EST,2020,-0.8969166
Bangladesh,BGD,SE.TER.ENRR,2020,22.6923019564501
Bangladesh,BGD,IP.JRN.ARTC.SC,2020,5084.6
Barbados,BRB,GOV_WGI_CC_EST,2020,1.1695313
Barbados,BRB,IT.NET.BBND.P2,2020,45.43873225937
Barbados,BRB,NY.GDP.PCAP.PP.CD,2020,16555.362214523506
Barbados,BRB,TX.VAL.TECH.MF.ZS,2020,20.303822133168723
Barbados,BRB,IT.CEL.SETS.P2,2020,104.722078254017
Barbados,BRB,GOV_WGI_PV_EST,2020,1.0680614
Barbados,BRB,GOV_WGI_RL_EST,2020,0.7048546
Barbados,BRB,SE.TER.ENRR,2020,52.971630831
Barbados,BRB,IP.JRN.ARTC.SC,2020,58.94
Belarus,BLR,GOV_WGI_CC_EST,2020,-0.1014181
Belarus,BLR,IT.NET.BBND.P2,2020,34.8152229336418
Belarus,BLR,NY.GDP.PCAP.PP.CD,2020,24872.306674452844
Belarus,BLR,TX.VAL.TECH.MF.ZS,2020,5.098125922496125
Belarus,BLR,IT.CEL.SETS.P2,2020,125.164732031333
Belarus,BLR,GOV_WGI_PV_EST,2020,-0.818298499999999
Belarus,BLR,GOV_WGI_RL_EST,2020,-0.8602112
Belarus,BLR,SE.TER.ENRR,2020,79.900160036935
Belarus,BLR,IP.JRN.ARTC.SC,2020,1550.1
Belgium,BEL,GOV_WGI_CC_EST,2020,1.5662608
Belgium,BEL,IT.NET.BBND.P2,2020,41.0239697084264
Belgium,BEL,NY.GDP.PCAP.PP.CD,2020,56120.09584204656
Belgium,BEL,TX.VAL.TECH.MF.ZS,2020,15.261861578971311
Belgium,BEL,IT.CEL.SETS.P2,2020,99.9100614924974
Belgium,BEL,GOV_WGI_PV_EST,2020,0.3686413
Belgium,BEL,GOV_WGI_RL_EST,2020,1.4533249
Belgium,BEL,SE.TER.ENRR,2020,79.4996032714844
Belgium,BEL,IP.JRN.ARTC.SC,2020,16602.95
Belize,BLZ,GOV_WGI_CC_EST,2020,-0.0753264999999999
Belize,BLZ,IT.NET.BBND.P2,2020,9.21159022752628
Belize,BLZ,NY.GDP.PCAP.PP.CD,2020,9638.89513695889
Belize,BLZ,TX.VAL.TECH.MF.ZS,2020,0.938240933761362
Belize,BLZ,IT.CEL.SETS.P2,2020,67.551661668526
Belize,BLZ,GOV_WGI_PV_EST,2020,0.6026689
Belize,BLZ,GOV_WGI_RL_EST,2020,-0.5207908
Belize,BLZ,SE.TER.ENRR,2020,25.9421694120047
Belize,BLZ,IP.JRN.ARTC.SC,2020,16.66
Benin,BEN,GOV_WGI_CC_EST,2020,-0.0352655
Benin,BEN,IT.NET.BBND.P2,2020,0.229384945213792
Benin,BEN,NY.GDP.PCAP.PP.CD,2020,3244.58772756805
Benin,BEN,TX.VAL.TECH.MF.ZS,2020,1.8436494297798645
Benin,BEN,IT.CEL.SETS.P2,2020,85.2390738023357
Benin,BEN,GOV_WGI_PV_EST,2020,-0.283192699999999
Benin,BEN,GOV_WGI_RL_EST,2020,-0.393457699999999
Benin,BEN,SE.TER.ENRR,2020,10.3808002471924
Benin,BEN,IP.JRN.ARTC.SC,2020,351.4
Bermuda,BMU,GOV_WGI_CC_EST,2020,1.1797991
Bermuda,BMU,IT.NET.BBND.P2,2020,35.7242707589078
Bermuda,BMU,NY.GDP.PCAP.PP.CD,2020,85146.40062756959
Bermuda,BMU,TX.VAL.TECH.MF.ZS,2020,5.482394182151822
Bermuda,BMU,IT.CEL.SETS.P2,2020,105.619583113293
Bermuda,BMU,GOV_WGI_PV_EST,2020,0.9766825
Bermuda,BMU,GOV_WGI_RL_EST,2020,0.6485582
Bermuda,BMU,SE.TER.ENRR,2020,
Bermuda,BMU,IP.JRN.ARTC.SC,2020,
Bhutan,BTN,GOV_WGI_CC_EST,2020,1.3421241
Bhutan,BTN,IT.NET.BBND.P2,2020,0.414152616992595
Bhutan,BTN,NY.GDP.PCAP.PP.CD,2020,12475.04800342798
Bhutan,BTN,TX.VAL.TECH.MF.ZS,2020,0.0818080898528299
Bhutan,BTN,IT.CEL.SETS.P2,2020,96.7702849068709
Bhutan,BTN,GOV_WGI_PV_EST,2020,1.1154419
Bhutan,BTN,GOV_WGI_RL_EST,2020,0.6470186
Bhutan,BTN,SE.TER.ENRR,2020,16.8650740250552
Bhutan,BTN,IP.JRN.ARTC.SC,2020,79.45
Bolivia,BOL,GOV_WGI_CC_EST,2020,-0.8045643
Bolivia,BOL,IT.NET.BBND.P2,2020,7.88671647526861
Bolivia,BOL,NY.GDP.PCAP.PP.CD,2020,9580.98962081658
Bolivia,BOL,TX.VAL.TECH.MF.ZS,2020,4.325217851055254
Bolivia,BOL,IT.CEL.SETS.P2,2020,99.898817726261
Bolivia,BOL,GOV_WGI_PV_EST,2020,-0.3855901
Bolivia,BOL,GOV_WGI_RL_EST,2020,-1.2021414
Bolivia,BOL,SE.TER.ENRR,2020,
Bolivia,BOL,IP.JRN.ARTC.SC,2020,169.82
Bosnia and Herzegovina,BIH,GOV_WGI_CC_EST,2020,-0.624659499999999
Bosnia and Herzegovina,BIH,IT.NET.BBND.P2,2020,23.3507882918721
Bosnia and Herzegovina,BIH,NY.GDP.PCAP.PP.CD,2020,16369.93531978359
Bosnia and Herzegovina,BIH,TX.VAL.TECH.MF.ZS,2020,4.614452473673617
Bosnia and Herzegovina,BIH,IT.CEL.SETS.P2,2020,106.374742411306
Bosnia and Herzegovina,BIH,GOV_WGI_PV_EST,2020,-0.2690285
Bosnia and Herzegovina,BIH,GOV_WGI_RL_EST,2020,-0.3025925
Bosnia and Herzegovina,BIH,SE.TER.ENRR,2020,43.8039207458496
Bosnia and Herzegovina,BIH,IP.JRN.ARTC.SC,2020,1007.25
Botswana,BWA,GOV_WGI_CC_EST,2020,0.7218389
Botswana,BWA,IT.NET.BBND.P2,2020,3.58604400704343
Botswana,BWA,NY.GDP.PCAP.PP.CD,2020,15292.262467325198
Botswana,BWA,TX.VAL.TECH.MF.ZS,2020,0.4057128034922768
Botswana,BWA,IT.CEL.SETS.P2,2020,161.858815314634
Botswana,BWA,GOV_WGI_PV_EST,2020,1.0835182
Botswana,BWA,GOV_WGI_RL_EST,2020,0.33481
Botswana,BWA,SE.TER.ENRR,2020,22.4017870513653
Botswana,BWA,IP.JRN.ARTC.SC,2020,319.29
Brazil,BRA,GOV_WGI_CC_EST,2020,-0.337231599999999
Brazil,BRA,IT.NET.BBND.P2,2020,17.418059685583
Brazil,BRA,NY.GDP.PCAP.PP.CD,2020,16101.618306295422
Brazil,BRA,TX.VAL.TECH.MF.ZS,2020,11.350094267880449
Brazil,BRA,IT.CEL.SETS.P2,2020,98.6456198619193
Brazil,BRA,GOV_WGI_PV_EST,2020,-0.427421599999999
Brazil,BRA,GOV_WGI_RL_EST,2020,-0.392171899999999
Brazil,BRA,SE.TER.ENRR,2020,55.529109954834
Brazil,BRA,IP.JRN.ARTC.SC,2020,66901.34
British Virgin Islands,VGB,GOV_WGI_CC_EST,2020,
British Virgin Islands,VGB,IT.NET.BBND.P2,2020,19.0925003366097
British Virgin Islands,VGB,NY.GDP.PCAP.PP.CD,2020,
British Virgin Islands,VGB,TX.VAL.TECH.MF.ZS,2020,
British Virgin Islands,VGB,IT.CEL.SETS.P2,2020,94.6896458866299
British Virgin Islands,VGB,GOV_WGI_PV_EST,2020,
British Virgin Islands,VGB,GOV_WGI_RL_EST,2020,
British Virgin Islands,VGB,SE.TER.ENRR,2020,30.475763016158
British Virgin Islands,VGB,IP.JRN.ARTC.SC,2020,
Brunei Darussalam,BRN,GOV_WGI_CC_EST,2020,1.183555
Brunei Darussalam,BRN,IT.NET.BBND.P2,2020,15.886760064729
Brunei Darussalam,BRN,NY.GDP.PCAP.PP.CD,2020,69787.96327957169
Brunei Darussalam,BRN,TX.VAL.TECH.MF.ZS,2020,1.3389570491639085
Brunei Darussalam,BRN,IT.CEL.SETS.P2,2020,119.933885258067
Brunei Darussalam,BRN,GOV_WGI_PV_EST,2020,1.1645233
Brunei Darussalam,BRN,GOV_WGI_RL_EST,2020,0.5634206
Brunei Darussalam,BRN,SE.TER.ENRR,2020,27.4692556634304
Brunei Darussalam,BRN,IP.JRN.ARTC.SC,2020,257.49
Bulgaria,BGR,GOV_WGI_CC_EST,2020,-0.258415699999999
Bulgaria,BGR,IT.NET.BBND.P2,2020,30.5042854761098
Bulgaria,BGR,NY.GDP.PCAP.PP.CD,2020,27351.86074486011
Bulgaria,BGR,TX.VAL.TECH.MF.ZS,2020,11.303272578422265
Bulgaria,BGR,IT.CEL.SETS.P2,2020,114.596737765322
Bulgaria,BGR,GOV_WGI_PV_EST,2020,0.4210468
Bulgaria,BGR,GOV_WGI_RL_EST,2020,-0.1505346
Bulgaria,BGR,SE.TER.ENRR,2020,85.5331115722656
Bulgaria,BGR,IP.JRN.ARTC.SC,2020,4475.96
Burkina Faso,BFA,GOV_WGI_CC_EST,2020,-0.2018274
Burkina Faso,BFA,IT.NET.BBND.P2,2020,0.0650831126106853
Burkina Faso,BFA,NY.GDP.PCAP.PP.CD,2020,2380.722827818022
Burkina Faso,BFA,TX.VAL.TECH.MF.ZS,2020,3.4012347995173298
Burkina Faso,BFA,IT.CEL.SETS.P2,2020,102.972844247019
Burkina Faso,BFA,GOV_WGI_PV_EST,2020,-1.4159765
Burkina Faso,BFA,GOV_WGI_RL_EST,2020,-0.418916099999999
Burkina Faso,BFA,SE.TER.ENRR,2020,7.64277062242324
Burkina Faso,BFA,IP.JRN.ARTC.SC,2020,314.28
Burundi,BDI,GOV_WGI_CC_EST,2020,-1.3529714
Burundi,BDI,IT.NET.BBND.P2,2020,0.0335260991567275
Burundi,BDI,NY.GDP.PCAP.PP.CD,2020,958.1355994900838
Burundi,BDI,TX.VAL.TECH.MF.ZS,2020,0.1204955015887759
Burundi,BDI,IT.CEL.SETS.P2,2020,52.5571219738138
Burundi,BDI,GOV_WGI_PV_EST,2020,-1.49526809999999
Burundi,BDI,GOV_WGI_RL_EST,2020,-1.32121199999999
Burundi,BDI,SE.TER.ENRR,2020,
Burundi,BDI,IP.JRN.ARTC.SC,2020,37.16
Cabo Verde,CPV,GOV_WGI_CC_EST,2020,0.8002643
Cabo Verde,CPV,IT.NET.BBND.P2,2020,4.82611491823059
Cabo Verde,CPV,NY.GDP.PCAP.PP.CD,2020,6852.576699303546
Cabo Verde,CPV,TX.VAL.TECH.MF.ZS,2020,0.7602045225231586
Cabo Verde,CPV,IT.CEL.SETS.P2,2020,105.838590655535
Cabo Verde,CPV,GOV_WGI_PV_EST,2020,0.839032
Cabo Verde,CPV,GOV_WGI_RL_EST,2020,0.6687901
Cabo Verde,CPV,SE.TER.ENRR,2020,
Cabo Verde,CPV,IP.JRN.ARTC.SC,2020,19.4
Cambodia,KHM,GOV_WGI_CC_EST,2020,-1.1175106
Cambodia,KHM,IT.NET.BBND.P2,2020,1.39770029835926
Cambodia,KHM,NY.GDP.PCAP.PP.CD,2020,5942.453803739287
Cambodia,KHM,TX.VAL.TECH.MF.ZS,2020,2.2830748424057363
Cambodia,KHM,IT.CEL.SETS.P2,2020,126.075894769858
Cambodia,KHM,GOV_WGI_PV_EST,2020,-0.2401873
Cambodia,KHM,GOV_WGI_RL_EST,2020,-1.1462953
Cambodia,KHM,SE.TER.ENRR,2020,13.8767573747135
Cambodia,KHM,IP.JRN.ARTC.SC,2020,154.12
Cameroon,CMR,GOV_WGI_CC_EST,2020,-1.057706
Cameroon,CMR,IT.NET.BBND.P2,2020,2.75682417749367
Cameroon,CMR,NY.GDP.PCAP.PP.CD,2020,4365.447041283924
Cameroon,CMR,TX.VAL.TECH.MF.ZS,2020,3.0838224241557235
Cameroon,CMR,IT.CEL.SETS.P2,2020,85.2721639882676
Cameroon,CMR,GOV_WGI_PV_EST,2020,-1.6215792
Cameroon,CMR,GOV_WGI_RL_EST,2020,-1.2272568
Cameroon,CMR,SE.TER.ENRR,2020,15.5519566247682
Cameroon,CMR,IP.JRN.ARTC.SC,2020,1137.44
Canada,CAN,GOV_WGI_CC_EST,2020,1.6422133
Canada,CAN,IT.NET.BBND.P2,2020,40.7949805592606
Canada,CAN,NY.GDP.PCAP.PP.CD,2020,48590.6832121939
Canada,CAN,TX.VAL.TECH.MF.ZS,2020,16.758708977524385
Canada,CAN,IT.CEL.SETS.P2,2020,84.7747749116615
Canada,CAN,GOV_WGI_PV_EST,2020,0.9455077
Canada,CAN,GOV_WGI_RL_EST,2020,1.5585901
Canada,CAN,SE.TER.ENRR,2020,75.2389068603516
Canada,CAN,IP.JRN.ARTC.SC,2020,64548.83
Cayman Islands,CYM,GOV_WGI_CC_EST,2020,0.6059907
Cayman Islands,CYM,IT.NET.BBND.P2,2020,46.5901811193291
Cayman Islands,CYM,NY.GDP.PCAP.PP.CD,2020,66118.65408590277
Cayman Islands,CYM,TX.VAL.TECH.MF.ZS,2020,69.5994743298033
Cayman Islands,CYM,IT.CEL.SETS.P2,2020,145.594315997903
Cayman Islands,CYM,GOV_WGI_PV_EST,2020,1.2749256
Cayman Islands,CYM,GOV_WGI_RL_EST,2020,0.7841015
Cayman Islands,CYM,SE.TER.ENRR,2020,
Cayman Islands,CYM,IP.JRN.ARTC.SC,2020,
Central African Republic,CAF,GOV_WGI_CC_EST,2020,-1.25240479999999
Central African Republic,CAF,IT.NET.BBND.P2,2020,
Central African Republic,CAF,NY.GDP.PCAP.PP.CD,2020,1066.2900542315083
Central African Republic,CAF,TX.VAL.TECH.MF.ZS,2020,0.6708383555121203
Central African Republic,CAF,IT.CEL.SETS.P2,2020,36.426009643045
Central African Republic,CAF,GOV_WGI_PV_EST,2020,-2.3306101
Central African Republic,CAF,GOV_WGI_RL_EST,2020,-1.5623816
Central African Republic,CAF,SE.TER.ENRR,2020,
Central African Republic,CAF,IP.JRN.ARTC.SC,2020,19.03
Chad,TCD,GOV_WGI_CC_EST,2020,-1.48219979999999
Chad,TCD,IT.NET.BBND.P2,2020,0.0
Chad,TCD,NY.GDP.PCAP.PP.CD,2020,2185.990341735372
Chad,TCD,TX.VAL.TECH.MF.ZS,2020,
Chad,TCD,IT.CEL.SETS.P2,2020,50.434327397335
Chad,TCD,GOV_WGI_PV_EST,2020,-1.4524146
Chad,TCD,GOV_WGI_RL_EST,2020,-1.33343259999999
Chad,TCD,SE.TER.ENRR,2020,4.39665967267065
Chad,TCD,IP.JRN.ARTC.SC,2020,18.49
Chile,CHL,GOV_WGI_CC_EST,2020,1.2156268
Chile,CHL,IT.NET.BBND.P2,2020,19.4305872645094
Chile,CHL,NY.GDP.PCAP.PP.CD,2020,25350.86350829717
Chile,CHL,TX.VAL.TECH.MF.ZS,2020,15.9750583433893
Chile,CHL,IT.CEL.SETS.P2,2020,129.413740104604
Chile,CHL,GOV_WGI_PV_EST,2020,0.1362588
Chile,CHL,GOV_WGI_RL_EST,2020,0.7392409
Chile,CHL,SE.TER.ENRR,2020,89.1124877929688
Chile,CHL,IP.JRN.ARTC.SC,2020,8380.99
China,CHN,GOV_WGI_CC_EST,2020,0.0531167
China,CHN,IT.NET.BBND.P2,2020,33.9069794578039
China,CHN,NY.GDP.PCAP.PP.CD,2020,18267.47834558274
China,CHN,TX.VAL.TECH.MF.ZS,2020,31.27661542412927
China,CHN,IT.CEL.SETS.P2,2020,120.496715387079
China,CHN,GOV_WGI_PV_EST,2020,-0.302661299999999
China,CHN,GOV_WGI_RL_EST,2020,-0.5093696
China,CHN,SE.TER.ENRR,2020,61.6124675996947
China,CHN,IP.JRN.ARTC.SC,2020,671731.01
Colombia,COL,GOV_WGI_CC_EST,2020,-0.256463899999999
Colombia,COL,IT.NET.BBND.P2,2020,15.3363074463544
Colombia,COL,NY.GDP.PCAP.PP.CD,2020,15519.210169465632
Colombia,COL,TX.VAL.TECH.MF.ZS,2020,9.913551572203346
Colombia,COL,IT.CEL.SETS.P2,2020,133.661019178018
Colombia,COL,GOV_WGI_PV_EST,2020,-0.6819314
Colombia,COL,GOV_WGI_RL_EST,2020,-0.482495599999999
Colombia,COL,SE.TER.ENRR,2020,55.7331085205078
Colombia,COL,IP.JRN.ARTC.SC,2020,8888.34
Comoros,COM,GOV_WGI_CC_EST,2020,-1.32241109999999
Comoros,COM,IT.NET.BBND.P2,2020,0.148099575772006
Comoros,COM,NY.GDP.PCAP.PP.CD,2020,3244.886749684695
Comoros,COM,TX.VAL.TECH.MF.ZS,2020,0.5749290858199807
Comoros,COM,IT.CEL.SETS.P2,2020,97.4339379901591
Comoros,COM,GOV_WGI_PV_EST,2020,-0.4562829
Comoros,COM,GOV_WGI_RL_EST,2020,-1.0663536
Comoros,COM,SE.TER.ENRR,2020,
Comoros,COM,IP.JRN.ARTC.SC,2020,3.51
"Congo, Dem. Rep.",COD,GOV_WGI_CC_EST,2020,-1.4573026
"Congo, Dem. Rep.",COD,IT.NET.BBND.P2,2020,0.0322950314052512
"Congo, Dem. Rep.",COD,NY.GDP.PCAP.PP.CD,2020,1088.7890035636976
"Congo, Dem. Rep.",COD,TX.VAL.TECH.MF.ZS,2020,0.5068206170053211
"Congo, Dem. Rep.",COD,IT.CEL.SETS.P2,2020,42.5027574227056
"Congo, Dem. Rep.",COD,GOV_WGI_PV_EST,2020,-1.80629289999999
"Congo, Dem. Rep.",COD,GOV_WGI_RL_EST,2020,-1.6143214
"Congo, Dem. Rep.",COD,SE.TER.ENRR,2020,6.37987995147705
"Congo, Dem. Rep.",COD,IP.JRN.ARTC.SC,2020,177.56
"Congo, Rep.",COG,GOV_WGI_CC_EST,2020,-1.3702576
"Congo, Rep.",COG,IT.NET.BBND.P2,2020,
"Congo, Rep.",COG,NY.GDP.PCAP.PP.CD,2020,4770.964497583653
"Congo, Rep.",COG,TX.VAL.TECH.MF.ZS,2020,4.549873277803872
"Congo, Rep.",COG,IT.CEL.SETS.P2,2020,97.6561289989503
"Congo, Rep.",COG,GOV_WGI_PV_EST,2020,-0.5758284
"Congo, Rep.",COG,GOV_WGI_RL_EST,2020,-1.2489371
"Congo, Rep.",COG,SE.TER.ENRR,2020,
"Congo, Rep.",COG,IP.JRN.ARTC.SC,2020,80.59
Costa Rica,CRI,GOV_WGI_CC_EST,2020,0.756375
Costa Rica,CRI,IT.NET.BBND.P2,2020,19.7191477697087
Costa Rica,CRI,NY.GDP.PCAP.PP.CD,2020,22099.867812739423
Costa Rica,CRI,TX.VAL.TECH.MF.ZS,2020,15.681961032420984
Costa Rica,CRI,IT.CEL.SETS.P2,2020,142.481526800044
Costa Rica,CRI,GOV_WGI_PV_EST,2020,0.9250217
Costa Rica,CRI,GOV_WGI_RL_EST,2020,0.6316985
Costa Rica,CRI,SE.TER.ENRR,2020,
Costa Rica,CRI,IP.JRN.ARTC.SC,2020,711.16
Cote d'Ivoire,CIV,GOV_WGI_CC_EST,2020,-0.4863208
Cote d'Ivoire,CIV,IT.NET.BBND.P2,2020,0.903911262107671
Cote d'Ivoire,CIV,NY.GDP.PCAP.PP.CD,2020,5543.850963189389
Cote d'Ivoire,CIV,TX.VAL.TECH.MF.ZS,2020,5.112940249471475
Cote d'Ivoire,CIV,IT.CEL.SETS.P2,2020,138.663750301785
Cote d'Ivoire,CIV,GOV_WGI_PV_EST,2020,-1.16712789999999
Cote d'Ivoire,CIV,GOV_WGI_RL_EST,2020,-0.618331
Cote d'Ivoire,CIV,SE.TER.ENRR,2020,10.2664091345849
Cote d'Ivoire,CIV,IP.JRN.ARTC.SC,2020,294.57
Croatia,HRV,GOV_WGI_CC_EST,2020,0.1356925
Croatia,HRV,IT.NET.BBND.P2,2020,26.0744550144438
Croatia,HRV,NY.GDP.PCAP.PP.CD,2020,31594.01119221411
Croatia,HRV,TX.VAL.TECH.MF.ZS,2020,9.680041032993806
Croatia,HRV,IT.CEL.SETS.P2,2020,110.666299439701
Croatia,HRV,GOV_WGI_PV_EST,2020,0.6477441
Croatia,HRV,GOV_WGI_RL_EST,2020,0.3486941
Croatia,HRV,SE.TER.ENRR,2020,74.738037109375
Croatia,HRV,IP.JRN.ARTC.SC,2020,4919.63
Cuba,CUB,GOV_WGI_CC_EST,2020,-0.1430736
Cuba,CUB,IT.NET.BBND.P2,2020,2.07271530590388
Cuba,CUB,NY.GDP.PCAP.PP.CD,2020,
Cuba,CUB,TX.VAL.TECH.MF.ZS,2020,9.828898803760575
Cuba,CUB,IT.CEL.SETS.P2,2020,59.6058696780721
Cuba,CUB,GOV_WGI_PV_EST,2020,0.6687382
Cuba,CUB,GOV_WGI_RL_EST,2020,-0.5749692
Cuba,CUB,SE.TER.ENRR,2020,46.7357262964117
Cuba,CUB,IP.JRN.ARTC.SC,2020,1404.05
Curacao,CUW,GOV_WGI_CC_EST,2020,
Curacao,CUW,IT.NET.BBND.P2,2020,31.5936827768109
Curacao,CUW,NY.GDP.PCAP.PP.CD,2020,21722.017365152737
Curacao,CUW,TX.VAL.TECH.MF.ZS,2020,
Curacao,CUW,IT.CEL.SETS.P2,2020,91.8829519290015
Curacao,CUW,GOV_WGI_PV_EST,2020,
Curacao,CUW,GOV_WGI_RL_EST,2020,
Curacao,CUW,SE.TER.ENRR,2020,
Curacao,CUW,IP.JRN.ARTC.SC,2020,
Cyprus,CYP,GOV_WGI_CC_EST,2020,0.4663521
Cyprus,CYP,IT.NET.BBND.P2,2020,36.3127392017496
Cyprus,CYP,NY.GDP.PCAP.PP.CD,2020,42569.0546875
Cyprus,CYP,TX.VAL.TECH.MF.ZS,2020,12.244827731299509
Cyprus,CYP,IT.CEL.SETS.P2,2020,135.588846364133
Cyprus,CYP,GOV_WGI_PV_EST,2020,0.4538116
Cyprus,CYP,GOV_WGI_RL_EST,2020,0.7472668
Cyprus,CYP,SE.TER.ENRR,2020,102.390762329102
Cyprus,CYP,IP.JRN.ARTC.SC,2020,1415.76
Czechia,CZE,GOV_WGI_CC_EST,2020,0.6341668
Czechia,CZE,IT.NET.BBND.P2,2020,36.4490898642092
Czechia,CZE,NY.GDP.PCAP.PP.CD,2020,44839.48220994547
Czechia,CZE,TX.VAL.TECH.MF.ZS,2020,22.58251525964996
Czechia,CZE,IT.CEL.SETS.P2,2020,123.219460160155
Czechia,CZE,GOV_WGI_PV_EST,2020,0.9082209
Czechia,CZE,GOV_WGI_RL_EST,2020,1.1245932
Czechia,CZE,SE.TER.ENRR,2020,67.1843719482422
Czechia,CZE,IP.JRN.ARTC.SC,2020,14605.57
Denmark,DNK,GOV_WGI_CC_EST,2020,2.2645808
Denmark,DNK,IT.NET.BBND.P2,2020,44.4185659681079
Denmark,DNK,NY.GDP.PCAP.PP.CD,2020,62682.289947438905
Denmark,DNK,TX.VAL.TECH.MF.ZS,2020,13.234392546670652
Denmark,DNK,IT.CEL.SETS.P2,2020,124.370019531752
Denmark,DNK,GOV_WGI_PV_EST,2020,0.8682976
Denmark,DNK,GOV_WGI_RL_EST,2020,1.9748465
Denmark,DNK,SE.TER.ENRR,2020,82.6643295288086
Denmark,DNK,IP.JRN.ARTC.SC,2020,15124.46
Djibouti,DJI,GOV_WGI_CC_EST,2020,-0.814078299999999
Djibouti,DJI,IT.NET.BBND.P2,2020,2.26685414608193
Djibouti,DJI,NY.GDP.PCAP.PP.CD,2020,5527.001852298884
Djibouti,DJI,TX.VAL.TECH.MF.ZS,2020,
Djibouti,DJI,IT.CEL.SETS.P2,2020,39.2725038635961
Djibouti,DJI,GOV_WGI_PV_EST,2020,-0.4591955
Djibouti,DJI,GOV_WGI_RL_EST,2020,-1.0447412
Djibouti,DJI,SE.TER.ENRR,2020,
Djibouti,DJI,IP.JRN.ARTC.SC,2020,9.98
Dominica,DMA,GOV_WGI_CC_EST,2020,0.4019084
Dominica,DMA,IT.NET.BBND.P2,2020,27.0611042872153
Dominica,DMA,NY.GDP.PCAP.PP.CD,2020,14243.762312389785
Dominica,DMA,TX.VAL.TECH.MF.ZS,2020,1.69441012466024
Dominica,DMA,IT.CEL.SETS.P2,2020,110.409483077561
Dominica,DMA,GOV_WGI_PV_EST,2020,1.2385037
Dominica,DMA,GOV_WGI_RL_EST,2020,0.5984586
Dominica,DMA,SE.TER.ENRR,2020,
Dominica,DMA,IP.JRN.ARTC.SC,2020,5.02
Dominican Republic,DOM,GOV_WGI_CC_EST,2020,-0.706555199999999
Dominican Republic,DOM,IT.NET.BBND.P2,2020,9.37345457518418
Dominican Republic,DOM,NY.GDP.PCAP.PP.CD,2020,18998.306966731503
Dominican Republic,DOM,TX.VAL.TECH.MF.ZS,2020,8.727411743444534
Dominican Republic,DOM,IT.CEL.SETS.P2,2020,81.6619005659366
Dominican Republic,DOM,GOV_WGI_PV_EST,2020,0.2361204
Dominican Republic,DOM,GOV_WGI_RL_EST,2020,-0.3813297
Dominican Republic,DOM,SE.TER.ENRR,2020,58.7264105314523
Dominican Republic,DOM,IP.JRN.ARTC.SC,2020,83.79
Ecuador,ECU,GOV_WGI_CC_EST,2020,-0.5183859
Ecuador,ECU,IT.NET.BBND.P2,2020,13.5146940353863
Ecuador,ECU,NY.GDP.PCAP.PP.CD,2020,11526.801300927762
Ecuador,ECU,TX.VAL.TECH.MF.ZS,2020,4.281927594864228
Ecuador,ECU,IT.CEL.SETS.P2,2020,88.2554920433727
Ecuador,ECU,GOV_WGI_PV_EST,2020,-0.1513823
Ecuador,ECU,GOV_WGI_RL_EST,2020,-0.5676359
Ecuador,ECU,SE.TER.ENRR,2020,56.9066311483682
Ecuador,ECU,IP.JRN.ARTC.SC,2020,2379.17
"Egypt, Arab Rep.",EGY,GOV_WGI_CC_EST,2020,-0.7914606
"Egypt, Arab Rep.",EGY,IT.NET.BBND.P2,2020,8.5396308016812
"Egypt, Arab Rep.",EGY,NY.GDP.PCAP.PP.CD,2020,15231.865417764044
"Egypt, Arab Rep.",EGY,TX.VAL.TECH.MF.ZS,2020,2.554901061459005
"Egypt, Arab Rep.",EGY,IT.CEL.SETS.P2,2020,87.2316871725819
"Egypt, Arab Rep.",EGY,GOV_WGI_PV_EST,2020,-1.1172787
"Egypt, Arab Rep.",EGY,GOV_WGI_RL_EST,2020,-0.789880599999999
"Egypt, Arab Rep.",EGY,SE.TER.ENRR,2020,38.773998260498
"Egypt, Arab Rep.",EGY,IP.JRN.ARTC.SC,2020,17901.1
El Salvador,SLV,GOV_WGI_CC_EST,2020,-0.5107438
El Salvador,SLV,IT.NET.BBND.P2,2020,8.53679094316574
El Salvador,SLV,NY.GDP.PCAP.PP.CD,2020,9392.689138179434
El Salvador,SLV,TX.VAL.TECH.MF.ZS,2020,6.371222748529946
El Salvador,SLV,IT.CEL.SETS.P2,2020,159.575329772708
El Salvador,SLV,GOV_WGI_PV_EST,2020,-0.1497936
El Salvador,SLV,GOV_WGI_RL_EST,2020,-0.6910565
El Salvador,SLV,SE.TER.ENRR,2020,30.9986370324013
El Salvador,SLV,IP.JRN.ARTC.SC,2020,19.18
Equatorial Guinea,GNQ,GOV_WGI_CC_EST,2020,-1.51748099999999
Equatorial Guinea,GNQ,IT.NET.BBND.P2,2020,0.107371649223871
Equatorial Guinea,GNQ,NY.GDP.PCAP.PP.CD,2020,13677.110587516952
Equatorial Guinea,GNQ,TX.VAL.TECH.MF.ZS,2020,
Equatorial Guinea,GNQ,IT.CEL.SETS.P2,2020,43.3495410342634
Equatorial Guinea,GNQ,GOV_WGI_PV_EST,2020,-0.380621
Equatorial Guinea,GNQ,GOV_WGI_RL_EST,2020,-1.52793729999999
Equatorial Guinea,GNQ,SE.TER.ENRR,2020,
Equatorial Guinea,GNQ,IP.JRN.ARTC.SC,2020,1.7
Eritrea,ERI,GOV_WGI_CC_EST,2020,-1.3612091
Eritrea,ERI,IT.NET.BBND.P2,2020,0.151916994984612
Eritrea,ERI,NY.GDP.PCAP.PP.CD,2020,
Eritrea,ERI,TX.VAL.TECH.MF.ZS,2020,
Eritrea,ERI,IT.CEL.SETS.P2,2020,54.7205015934574
Eritrea,ERI,GOV_WGI_PV_EST,2020,-1.0705711
Eritrea,ERI,GOV_WGI_RL_EST,2020,-1.6238593
Eritrea,ERI,SE.TER.ENRR,2020,
Eritrea,ERI,IP.JRN.ARTC.SC,2020,36.08
Estonia,EST,GOV_WGI_CC_EST,2020,1.5899428
Estonia,EST,IT.NET.BBND.P2,2020,34.2700326171401
Estonia,EST,NY.GDP.PCAP.PP.CD,2020,40672.13404021316
Estonia,EST,TX.VAL.TECH.MF.ZS,2020,20.62162643389512
Estonia,EST,IT.CEL.SETS.P2,2020,144.832210121466
Estonia,EST,GOV_WGI_PV_EST,2020,0.9178902
Estonia,EST,GOV_WGI_RL_EST,2020,1.4988678
Estonia,EST,SE.TER.ENRR,2020,72.0443572998047
Estonia,EST,IP.JRN.ARTC.SC,2020,1722.9
Eswatini,SWZ,GOV_WGI_CC_EST,2020,-0.3014253
Eswatini,SWZ,IT.NET.BBND.P2,2020,2.29004241533492
Eswatini,SWZ,NY.GDP.PCAP.PP.CD,2020,9329.304533609393
Eswatini,SWZ,TX.VAL.TECH.MF.ZS,2020,0.3421928411903975
Eswatini,SWZ,IT.CEL.SETS.P2,2020,104.747264466614
Eswatini,SWZ,GOV_WGI_PV_EST,2020,-0.1948628
Eswatini,SWZ,GOV_WGI_RL_EST,2020,-0.6595902
Eswatini,SWZ,SE.TER.ENRR,2020,
Eswatini,SWZ,IP.JRN.ARTC.SC,2020,35.2
Ethiopia,ETH,GOV_WGI_CC_EST,2020,-0.368558799999999
Ethiopia,ETH,IT.NET.BBND.P2,2020,0.178274598062049
Ethiopia,ETH,NY.GDP.PCAP.PP.CD,2020,2406.789384786689
Ethiopia,ETH,TX.VAL.TECH.MF.ZS,2020,13.10145253066807
Ethiopia,ETH,IT.CEL.SETS.P2,2020,37.4208472347226
Ethiopia,ETH,GOV_WGI_PV_EST,2020,-1.5934093
Ethiopia,ETH,GOV_WGI_RL_EST,2020,-0.8139468
Ethiopia,ETH,SE.TER.ENRR,2020,
Ethiopia,ETH,IP.JRN.ARTC.SC,2020,4147.28
Faroe Islands,FRO,GOV_WGI_CC_EST,2020,
Faroe Islands,FRO,IT.NET.BBND.P2,2020,35.0714054804419
Faroe Islands,FRO,NY.GDP.PCAP.PP.CD,2020,61650.85122568065
Faroe Islands,FRO,TX.VAL.TECH.MF.ZS,2020,
Faroe Islands,FRO,IT.CEL.SETS.P2,2020,112.600072261205
Faroe Islands,FRO,GOV_WGI_PV_EST,2020,
Faroe Islands,FRO,GOV_WGI_RL_EST,2020,
Faroe Islands,FRO,SE.TER.ENRR,2020,
Faroe Islands,FRO,IP.JRN.ARTC.SC,2020,
Fiji,FJI,GOV_WGI_CC_EST,2020,0.5418111
Fiji,FJI,IT.NET.BBND.P2,2020,2.52053908190823
Fiji,FJI,NY.GDP.PCAP.PP.CD,2020,10716.291436766332
Fiji,FJI,TX.VAL.TECH.MF.ZS,2020,10.850874908157024
Fiji,FJI,IT.CEL.SETS.P2,2020,108.365037711907
Fiji,FJI,GOV_WGI_PV_EST,2020,0.6004415
Fiji,FJI,GOV_WGI_RL_EST,2020,0.1646154
Fiji,FJI,SE.TER.ENRR,2020,83.7613654490349
Fiji,FJI,IP.JRN.ARTC.SC,2020,180.75
Finland,FIN,GOV_WGI_CC_EST,2020,2.2354321
Finland,FIN,IT.NET.BBND.P2,2020,33.3838974597133
Finland,FIN,NY.GDP.PCAP.PP.CD,2020,53296.57927988517
Finland,FIN,TX.VAL.TECH.MF.ZS,2020,9.982300252858344
Finland,FIN,IT.CEL.SETS.P2,2020,128.761294644181
Finland,FIN,GOV_WGI_PV_EST,2020,1.1572607
Finland,FIN,GOV_WGI_RL_EST,2020,2.108953
Finland,FIN,SE.TER.ENRR,2020,96.4726333618164
Finland,FIN,IP.JRN.ARTC.SC,2020,11048.28
France,FRA,GOV_WGI_CC_EST,2020,1.2939757
France,FRA,IT.NET.BBND.P2,2020,46.471240838575
France,FRA,NY.GDP.PCAP.PP.CD,2020,49481.80443096545
France,FRA,TX.VAL.TECH.MF.ZS,2020,21.192040524801182
France,FRA,IT.CEL.SETS.P2,2020,110.387215275645
France,FRA,GOV_WGI_PV_EST,2020,0.1270887
France,FRA,GOV_WGI_RL_EST,2020,1.1272001
France,FRA,SE.TER.ENRR,2020,68.8709411621094
France,FRA,IP.JRN.ARTC.SC,2020,65600.63
French Polynesia,PYF,GOV_WGI_CC_EST,2020,
French Polynesia,PYF,IT.NET.BBND.P2,2020,22.9218972167803
French Polynesia,PYF,NY.GDP.PCAP.PP.CD,2020,
French Polynesia,PYF,TX.VAL.TECH.MF.ZS,2020,10.292610755327027
French Polynesia,PYF,IT.CEL.SETS.P2,2020,119.981805744084
French Polynesia,PYF,GOV_WGI_PV_EST,2020,0.9517964
French Polynesia,PYF,GOV_WGI_RL_EST,2020,0.952574
French Polynesia,PYF,SE.TER.ENRR,2020,
French Polynesia,PYF,IP.JRN.ARTC.SC,2020,
Gabon,GAB,GOV_WGI_CC_EST,2020,-0.8043948
Gabon,GAB,IT.NET.BBND.P2,2020,1.9206136043356
Gabon,GAB,NY.GDP.PCAP.PP.CD,2020,14477.13082917444
Gabon,GAB,TX.VAL.TECH.MF.ZS,2020,2.389734240835475
Gabon,GAB,IT.CEL.SETS.P2,2020,131.301562643297
Gabon,GAB,GOV_WGI_PV_EST,2020,-0.2194997
Gabon,GAB,GOV_WGI_RL_EST,2020,-0.9315253
Gabon,GAB,SE.TER.ENRR,2020,
Gabon,GAB,IP.JRN.ARTC.SC,2020,68.1
"Gambia, The",GMB,GOV_WGI_CC_EST,2020,-0.222816799999999
"Gambia, The",GMB,IT.NET.BBND.P2,2020,0.198749231337348
"Gambia, The",GMB,NY.GDP.PCAP.PP.CD,2020,2530.804149373073
"Gambia, The",GMB,TX.VAL.TECH.MF.ZS,2020,0.8866988216788814
"Gambia, The",GMB,IT.CEL.SETS.P2,2020,106.448259811355
"Gambia, The",GMB,GOV_WGI_PV_EST,2020,0.1363877
"Gambia, The",GMB,GOV_WGI_RL_EST,2020,-0.336829999999999
"Gambia, The",GMB,SE.TER.ENRR,2020,
"Gambia, The",GMB,IP.JRN.ARTC.SC,2020,58.99
Georgia,GEO,GOV_WGI_CC_EST,2020,0.8203237
Georgia,GEO,IT.NET.BBND.P2,2020,25.5120429077493
Georgia,GEO,NY.GDP.PCAP.PP.CD,2020,16791.259865446496
Georgia,GEO,TX.VAL.TECH.MF.ZS,2020,2.1252867712653973
Georgia,GEO,IT.CEL.SETS.P2,2020,134.366007864735
Georgia,GEO,GOV_WGI_PV_EST,2020,-0.1271941
Georgia,GEO,GOV_WGI_RL_EST,2020,0.2567958
Georgia,GEO,SE.TER.ENRR,2020,71.8064531290391
Georgia,GEO,IP.JRN.ARTC.SC,2020,629.74
Germany,DEU,GOV_WGI_CC_EST,2020,1.8713077
Germany,DEU,IT.NET.BBND.P2,2020,43.3048696627
Germany,DEU,NY.GDP.PCAP.PP.CD,2020,58685.87269977104
Germany,DEU,TX.VAL.TECH.MF.ZS,2020,15.503195986937468
Germany,DEU,IT.CEL.SETS.P2,2020,128.424798814302
Germany,DEU,GOV_WGI_PV_EST,2020,0.6840532
Germany,DEU,GOV_WGI_RL_EST,2020,1.6271231
Germany,DEU,SE.TER.ENRR,2020,72.3894195556641
Germany,DEU,IP.JRN.ARTC.SC,2020,109197.76
Ghana,GHA,GOV_WGI_CC_EST,2020,-0.0922532
Ghana,GHA,IT.NET.BBND.P2,2020,0.245771040587956
Ghana,GHA,NY.GDP.PCAP.PP.CD,2020,6047.301116735542
Ghana,GHA,TX.VAL.TECH.MF.ZS,2020,
Ghana,GHA,IT.CEL.SETS.P2,2020,126.887391353856
Ghana,GHA,GOV_WGI_PV_EST,2020,0.0588855
Ghana,GHA,GOV_WGI_RL_EST,2020,0.1110047
Ghana,GHA,SE.TER.ENRR,2020,18.6139938594155
Ghana,GHA,IP.JRN.ARTC.SC,2020,2090.23
Gibraltar,GIB,GOV_WGI_CC_EST,2020,
Gibraltar,GIB,IT.NET.BBND.P2,2020,58.0792303651895
Gibraltar,GIB,NY.GDP.PCAP.PP.CD,2020,
Gibraltar,GIB,TX.VAL.TECH.MF.ZS,2020,
Gibraltar,GIB,IT.CEL.SETS.P2,2020,97.9680977524673
Gibraltar,GIB,GOV_WGI_PV_EST,2020,
Gibraltar,GIB,GOV_WGI_RL_EST,2020,
Gibraltar,GIB,SE.TER.ENRR,2020,
Gibraltar,GIB,IP.JRN.ARTC.SC,2020,
Greece,GRC,GOV_WGI_CC_EST,2020,0.2809798
Greece,GRC,IT.NET.BBND.P2,2020,39.7876360746134
Greece,GRC,NY.GDP.PCAP.PP.CD,2020,29533.08774029898
Greece,GRC,TX.VAL.TECH.MF.ZS,2020,13.251866971442356
Greece,GRC,IT.CEL.SETS.P2,2020,106.669795200072
Greece,GRC,GOV_WGI_PV_EST,2020,0.2996221
Greece,GRC,GOV_WGI_RL_EST,2020,0.4729929
Greece,GRC,SE.TER.ENRR,2020,143.693344116211
Greece,GRC,IP.JRN.ARTC.SC,2020,12102.88
Greenland,GRL,GOV_WGI_CC_EST,2020,1.1145942
Greenland,GRL,IT.NET.BBND.P2,2020,27.9190442225392
Greenland,GRL,NY.GDP.PCAP.PP.CD,2020,64999.4435683064
Greenland,GRL,TX.VAL.TECH.MF.ZS,2020,
Greenland,GRL,IT.CEL.SETS.P2,2020,117.614122681883
Greenland,GRL,GOV_WGI_PV_EST,2020,1.7581458
Greenland,GRL,GOV_WGI_RL_EST,2020,1.6289849
Greenland,GRL,SE.TER.ENRR,2020,
Greenland,GRL,IP.JRN.ARTC.SC,2020,28.59
Grenada,GRD,GOV_WGI_CC_EST,2020,0.3784368
Grenada,GRD,IT.NET.BBND.P2,2020,27.4640926242683
Grenada,GRD,NY.GDP.PCAP.PP.CD,2020,14361.126715445174
Grenada,GRD,TX.VAL.TECH.MF.ZS,2020,2.9759074611911496
Grenada,GRD,IT.CEL.SETS.P2,2020,102.079232600717
Grenada,GRD,GOV_WGI_PV_EST,2020,1.0425879
Grenada,GRD,GOV_WGI_RL_EST,2020,0.4276609
Grenada,GRD,SE.TER.ENRR,2020,
Grenada,GRD,IP.JRN.ARTC.SC,2020,58.11
Guam,GUM,GOV_WGI_CC_EST,2020,1.1797991
Guam,GUM,IT.NET.BBND.P2,2020,1.8500474845521
Guam,GUM,NY.GDP.PCAP.PP.CD,2020,
Guam,GUM,TX.VAL.TECH.MF.ZS,2020,
Guam,GUM,IT.CEL.SETS.P2,2020,
Guam,GUM,GOV_WGI_PV_EST,2020,0.9970127
Guam,GUM,GOV_WGI_RL_EST,2020,1.1574435
Guam,GUM,SE.TER.ENRR,2020,
Guam,GUM,IP.JRN.ARTC.SC,2020,
Guatemala,GTM,GOV_WGI_CC_EST,2020,-1.0998808
Guatemala,GTM,IT.NET.BBND.P2,2020,3.52588892585695
Guatemala,GTM,NY.GDP.PCAP.PP.CD,2020,10947.37112921973
Guatemala,GTM,TX.VAL.TECH.MF.ZS,2020,6.05086394466785
Guatemala,GTM,IT.CEL.SETS.P2,2020,117.475884100805
Guatemala,GTM,GOV_WGI_PV_EST,2020,-0.563868399999999
Guatemala,GTM,GOV_WGI_RL_EST,2020,-0.9659236
Guatemala,GTM,SE.TER.ENRR,2020,
Guatemala,GTM,IP.JRN.ARTC.SC,2020,123.78
Guinea,GIN,GOV_WGI_CC_EST,2020,-0.8663898
Guinea,GIN,IT.NET.BBND.P2,2020,0.0074787698291168
Guinea,GIN,NY.GDP.PCAP.PP.CD,2020,3331.856630038006
Guinea,GIN,TX.VAL.TECH.MF.ZS,2020,
Guinea,GIN,IT.CEL.SETS.P2,2020,107.776552007403
Guinea,GIN,GOV_WGI_PV_EST,2020,-1.0877324
Guinea,GIN,GOV_WGI_RL_EST,2020,-1.0962208
Guinea,GIN,SE.TER.ENRR,2020,
Guinea,GIN,IP.JRN.ARTC.SC,2020,43.25
Guinea-Bissau,GNB,GOV_WGI_CC_EST,2020,-1.2993067
Guinea-Bissau,GNB,IT.NET.BBND.P2,2020,0.118365532433795
Guinea-Bissau,GNB,NY.GDP.PCAP.PP.CD,2020,2339.7932696782145
Guinea-Bissau,GNB,TX.VAL.TECH.MF.ZS,2020,
Guinea-Bissau,GNB,IT.CEL.SETS.P2,2020,95.0628708236165
Guinea-Bissau,GNB,GOV_WGI_PV_EST,2020,-0.2838803
Guinea-Bissau,GNB,GOV_WGI_RL_EST,2020,-1.1334891
Guinea-Bissau,GNB,SE.TER.ENRR,2020,
Guinea-Bissau,GNB,IP.JRN.ARTC.SC,2020,16.18
Guyana,GUY,GOV_WGI_CC_EST,2020,-0.1158874
Guyana,GUY,IT.NET.BBND.P2,2020,11.7649827054754
Guyana,GUY,NY.GDP.PCAP.PP.CD,2020,16819.422871469465
Guyana,GUY,TX.VAL.TECH.MF.ZS,2020,2.610881244973436
Guyana,GUY,IT.CEL.SETS.P2,2020,106.008686272494
Guyana,GUY,GOV_WGI_PV_EST,2020,-0.0072965999999999
Guyana,GUY,GOV_WGI_RL_EST,2020,-0.3872775
Guyana,GUY,SE.TER.ENRR,2020,
Guyana,GUY,IP.JRN.ARTC.SC,2020,46.55
Haiti,HTI,GOV_WGI_CC_EST,2020,-1.44666959999999
Haiti,HTI,IT.NET.BBND.P2,2020,0.275706324027148
Haiti,HTI,NY.GDP.PCAP.PP.CD,2020,3103.180663124616
Haiti,HTI,TX.VAL.TECH.MF.ZS,2020,
Haiti,HTI,IT.CEL.SETS.P2,2020,65.0933737275708
Haiti,HTI,GOV_WGI_PV_EST,2020,-1.0389171
Haiti,HTI,GOV_WGI_RL_EST,2020,-1.211177
Haiti,HTI,SE.TER.ENRR,2020,
Haiti,HTI,IP.JRN.ARTC.SC,2020,40.55
Honduras,HND,GOV_WGI_CC_EST,2020,-0.972603599999999
Honduras,HND,IT.NET.BBND.P2,2020,3.92223438778455
Honduras,HND,NY.GDP.PCAP.PP.CD,2020,5384.6983198303815
Honduras,HND,TX.VAL.TECH.MF.ZS,2020,4.069907058714718
Honduras,HND,IT.CEL.SETS.P2,2020,68.7836128557933
Honduras,HND,GOV_WGI_PV_EST,2020,-0.666353099999999
Honduras,HND,GOV_WGI_RL_EST,2020,-1.1109938
Honduras,HND,SE.TER.ENRR,2020,
Honduras,HND,IP.JRN.ARTC.SC,2020,103.36
"Hong Kong SAR, China",HKG,GOV_WGI_CC_EST,2020,1.6888523
"Hong Kong SAR, China",HKG,IT.NET.BBND.P2,2020,38.5246390800823
"Hong Kong SAR, China",HKG,NY.GDP.PCAP.PP.CD,2020,58187.476407253474
"Hong Kong SAR, China",HKG,TX.VAL.TECH.MF.ZS,2020,69.65132170746445
"Hong Kong SAR, China",HKG,IT.CEL.SETS.P2,2020,291.916274990037
"Hong Kong SAR, China",HKG,GOV_WGI_PV_EST,2020,0.0079016
"Hong Kong SAR, China",HKG,GOV_WGI_RL_EST,2020,1.1753872
"Hong Kong SAR, China",HKG,SE.TER.ENRR,2020,89.9479038224414
"Hong Kong SAR, China",HKG,IP.JRN.ARTC.SC,2020,
Hungary,HUN,GOV_WGI_CC_EST,2020,0.1418393
Hungary,HUN,IT.NET.BBND.P2,2020,33.4922037196533
Hungary,HUN,NY.GDP.PCAP.PP.CD,2020,35583.58556756367
Hungary,HUN,TX.VAL.TECH.MF.ZS,2020,17.464880722177814
Hungary,HUN,IT.CEL.SETS.P2,2020,105.981902376717
Hungary,HUN,GOV_WGI_PV_EST,2020,0.7938892
Hungary,HUN,GOV_WGI_RL_EST,2020,0.329192
Hungary,HUN,SE.TER.ENRR,2020,56.6071815490723
Hungary,HUN,IP.JRN.ARTC.SC,2020,7350.5
Iceland,ISL,GOV_WGI_CC_EST,2020,1.8422993
Iceland,ISL,IT.NET.BBND.P2,2020,38.6826471438625
Iceland,ISL,NY.GDP.PCAP.PP.CD,2020,55796.745466763234
Iceland,ISL,TX.VAL.TECH.MF.ZS,2020,27.958936066167663
Iceland,ISL,IT.CEL.SETS.P2,2020,114.939418571031
Iceland,ISL,GOV_WGI_PV_EST,2020,1.3289196
Iceland,ISL,GOV_WGI_RL_EST,2020,1.6866361
Iceland,ISL,SE.TER.ENRR,2020,74.5906066894531
Iceland,ISL,IP.JRN.ARTC.SC,2020,673.35
India,IND,GOV_WGI_CC_EST,2020,-0.254487099999999
India,IND,IT.NET.BBND.P2,2020,1.63622632751685
India,IND,NY.GDP.PCAP.PP.CD,2020,6966.275427859109
India,IND,TX.VAL.TECH.MF.ZS,2020,11.03256384665759
India,IND,IT.CEL.SETS.P2,2020,82.2540479927426
India,IND,GOV_WGI_PV_EST,2020,-0.720631199999999
India,IND,GOV_WGI_RL_EST,2020,-0.1029725
India,IND,SE.TER.ENRR,2020,29.8196397708424
India,IND,IP.JRN.ARTC.SC,2020,145711.12
Indonesia,IDN,GOV_WGI_CC_EST,2020,-0.3456603
Indonesia,IDN,IT.NET.BBND.P2,2020,3.92993769121646
Indonesia,IDN,NY.GDP.PCAP.PP.CD,2020,11729.36744584478
Indonesia,IDN,TX.VAL.TECH.MF.ZS,2020,8.424746985557901
Indonesia,IDN,IT.CEL.SETS.P2,2020,129.40362112725
Indonesia,IDN,GOV_WGI_PV_EST,2020,-0.539945999999999
Indonesia,IDN,GOV_WGI_RL_EST,2020,-0.1479773
Indonesia,IDN,SE.TER.ENRR,2020,38.1650601406923
Indonesia,IDN,IP.JRN.ARTC.SC,2020,20837.0
"Iran, Islamic Rep.",IRN,GOV_WGI_CC_EST,2020,-1.1044169
"Iran, Islamic Rep.",IRN,IT.NET.BBND.P2,2020,10.9026671467968
"Iran, Islamic Rep.",IRN,NY.GDP.PCAP.PP.CD,2020,15119.305885996357
"Iran, Islamic Rep.",IRN,TX.VAL.TECH.MF.ZS,2020,0.7467148447386813
"Iran, Islamic Rep.",IRN,IT.CEL.SETS.P2,2020,145.485569917724
"Iran, Islamic Rep.",IRN,GOV_WGI_PV_EST,2020,-1.2213247
"Iran, Islamic Rep.",IRN,GOV_WGI_RL_EST,2020,-1.0270682
"Iran, Islamic Rep.",IRN,SE.TER.ENRR,2020,55.6366691589355
"Iran, Islamic Rep.",IRN,IP.JRN.ARTC.SC,2020,56585.01
Iraq,IRQ,GOV_WGI_CC_EST,2020,-1.3692381
Iraq,IRQ,IT.NET.BBND.P2,2020,14.8494851377503
Iraq,IRQ,NY.GDP.PCAP.PP.CD,2020,10573.930475071484
Iraq,IRQ,TX.VAL.TECH.MF.ZS,2020,
Iraq,IRQ,IT.CEL.SETS.P2,2020,88.9799284628949
Iraq,IRQ,GOV_WGI_PV_EST,2020,-2.1814743
Iraq,IRQ,GOV_WGI_RL_EST,2020,-1.512443
Iraq,IRQ,SE.TER.ENRR,2020,
Iraq,IRQ,IP.JRN.ARTC.SC,2020,6834.33
Ireland,IRL,GOV_WGI_CC_EST,2020,1.5958903
Ireland,IRL,IT.NET.BBND.P2,2020,30.4353384554187
Ireland,IRL,NY.GDP.PCAP.PP.CD,2020,97799.9225748607
Ireland,IRL,TX.VAL.TECH.MF.ZS,2020,25.89915446900028
Ireland,IRL,IT.CEL.SETS.P2,2020,105.045612677382
Ireland,IRL,GOV_WGI_PV_EST,2020,0.8785787
Ireland,IRL,GOV_WGI_RL_EST,2020,1.5214022
Ireland,IRL,SE.TER.ENRR,2020,74.1961975097656
Ireland,IRL,IP.JRN.ARTC.SC,2020,8400.81
Isle of Man,IMN,GOV_WGI_CC_EST,2020,
Isle of Man,IMN,IT.NET.BBND.P2,2020,
Isle of Man,IMN,NY.GDP.PCAP.PP.CD,2020,
Isle of Man,IMN,TX.VAL.TECH.MF.ZS,2020,
Isle of Man,IMN,IT.CEL.SETS.P2,2020,
Isle of Man,IMN,GOV_WGI_PV_EST,2020,
Isle of Man,IMN,GOV_WGI_RL_EST,2020,
Isle of Man,IMN,SE.TER.ENRR,2020,
Isle of Man,IMN,IP.JRN.ARTC.SC,2020,
Israel,ISR,GOV_WGI_CC_EST,2020,0.6932777
Israel,ISR,IT.NET.BBND.P2,2020,29.5678161933081
Israel,ISR,NY.GDP.PCAP.PP.CD,2020,40955.28561791523
Israel,ISR,TX.VAL.TECH.MF.ZS,2020,28.19764307475899
Israel,ISR,IT.CEL.SETS.P2,2020,139.425860895034
Israel,ISR,GOV_WGI_PV_EST,2020,-0.567841399999999
Israel,ISR,GOV_WGI_RL_EST,2020,0.8873608
Israel,ISR,SE.TER.ENRR,2020,57.633861541748
Israel,ISR,IP.JRN.ARTC.SC,2020,13366.53
Italy,ITA,GOV_WGI_CC_EST,2020,0.5299614
Italy,ITA,IT.NET.BBND.P2,2020,30.2586365187027
Italy,ITA,NY.GDP.PCAP.PP.CD,2020,44435.64343935265
Italy,ITA,TX.VAL.TECH.MF.ZS,2020,8.587243012964
Italy,ITA,IT.CEL.SETS.P2,2020,129.49000571147
Italy,ITA,GOV_WGI_PV_EST,2020,0.3322841
Italy,ITA,GOV_WGI_RL_EST,2020,0.5546368
Italy,ITA,SE.TER.ENRR,2020,68.7231063842773
Italy,ITA,IP.JRN.ARTC.SC,2020,80141.63
Jamaica,JAM,GOV_WGI_CC_EST,2020,-0.0800814
Jamaica,JAM,IT.NET.BBND.P2,2020,13.6219905826712
Jamaica,JAM,NY.GDP.PCAP.PP.CD,2020,9764.352587978405
Jamaica,JAM,TX.VAL.TECH.MF.ZS,2020,2.3506413835154136
Jamaica,JAM,IT.CEL.SETS.P2,2020,101.50208125864
Jamaica,JAM,GOV_WGI_PV_EST,2020,0.1525241
Jamaica,JAM,GOV_WGI_RL_EST,2020,-0.103995499999999
Jamaica,JAM,SE.TER.ENRR,2020,
Jamaica,JAM,IP.JRN.ARTC.SC,2020,157.91
Japan,JPN,GOV_WGI_CC_EST,2020,1.4301233
Japan,JPN,IT.NET.BBND.P2,2020,34.8370612448992
Japan,JPN,NY.GDP.PCAP.PP.CD,2020,42425.69467896506
Japan,JPN,TX.VAL.TECH.MF.ZS,2020,18.63334878967766
Japan,JPN,IT.CEL.SETS.P2,2020,154.432206765516
Japan,JPN,GOV_WGI_PV_EST,2020,1.1325471
Japan,JPN,GOV_WGI_RL_EST,2020,1.5138826
Japan,JPN,SE.TER.ENRR,2020,62.2987403869629
Japan,JPN,IP.JRN.ARTC.SC,2020,100403.47
Jordan,JOR,GOV_WGI_CC_EST,2020,0.1409154
Jordan,JOR,IT.NET.BBND.P2,2020,5.80332966781737
Jordan,JOR,NY.GDP.PCAP.PP.CD,2020,9579.20081317696
Jordan,JOR,TX.VAL.TECH.MF.ZS,2020,1.543878588630552
Jordan,JOR,IT.CEL.SETS.P2,2020,64.3142601333354
Jordan,JOR,GOV_WGI_PV_EST,2020,-0.3260056
Jordan,JOR,GOV_WGI_RL_EST,2020,0.1081792
Jordan,JOR,SE.TER.ENRR,2020,30.2879665605319
Jordan,JOR,IP.JRN.ARTC.SC,2020,3205.55
Kazakhstan,KAZ,GOV_WGI_CC_EST,2020,-0.2881195
Kazakhstan,KAZ,IT.NET.BBND.P2,2020,13.4502836627046
Kazakhstan,KAZ,NY.GDP.PCAP.PP.CD,2020,29039.82296245091
Kazakhstan,KAZ,TX.VAL.TECH.MF.ZS,2020,34.09896961170008
Kazakhstan,KAZ,IT.CEL.SETS.P2,2020,124.698460644703
Kazakhstan,KAZ,GOV_WGI_PV_EST,2020,-0.2842993
Kazakhstan,KAZ,GOV_WGI_RL_EST,2020,-0.4154444
Kazakhstan,KAZ,SE.TER.ENRR,2020,62.2921373672319
Kazakhstan,KAZ,IP.JRN.ARTC.SC,2020,2819.66
Kenya,KEN,GOV_WGI_CC_EST,2020,-0.7505394
Kenya,KEN,IT.NET.BBND.P2,2020,1.29112489733773
Kenya,KEN,NY.GDP.PCAP.PP.CD,2020,4792.573158471824
Kenya,KEN,TX.VAL.TECH.MF.ZS,2020,5.11178261072947
Kenya,KEN,IT.CEL.SETS.P2,2020,117.602526394779
Kenya,KEN,GOV_WGI_PV_EST,2020,-1.0502651
Kenya,KEN,GOV_WGI_RL_EST,2020,-0.5784344
Kenya,KEN,SE.TER.ENRR,2020,
Kenya,KEN,IP.JRN.ARTC.SC,2020,1787.68
Kiribati,KIR,GOV_WGI_CC_EST,2020,0.3514103
Kiribati,KIR,IT.NET.BBND.P2,2020,0.146710124584652
Kiribati,KIR,NY.GDP.PCAP.PP.CD,2020,2710.9062281755378
Kiribati,KIR,TX.VAL.TECH.MF.ZS,2020,7.672132588751788
Kiribati,KIR,IT.CEL.SETS.P2,2020,43.3476871347116
Kiribati,KIR,GOV_WGI_PV_EST,2020,1.1749608
Kiribati,KIR,GOV_WGI_RL_EST,2020,1.1590995
Kiribati,KIR,SE.TER.ENRR,2020,
Kiribati,KIR,IP.JRN.ARTC.SC,2020,3.93
"Korea, Dem. People's Rep.",PRK,GOV_WGI_CC_EST,2020,-1.57352389999999
"Korea, Dem. People's Rep.",PRK,IT.NET.BBND.P2,2020,
"Korea, Dem. People's Rep.",PRK,NY.GDP.PCAP.PP.CD,2020,
"Korea, Dem. People's Rep.",PRK,TX.VAL.TECH.MF.ZS,2020,
"Korea, Dem. People's Rep.",PRK,IT.CEL.SETS.P2,2020,22.9565670933221
"Korea, Dem. People's Rep.",PRK,GOV_WGI_PV_EST,2020,-0.187350699999999
"Korea, Dem. People's Rep.",PRK,GOV_WGI_RL_EST,2020,-1.6782172
"Korea, Dem. People's Rep.",PRK,SE.TER.ENRR,2020,
"Korea, Dem. People's Rep.",PRK,IP.JRN.ARTC.SC,2020,177.37
"Korea, Rep.",KOR,GOV_WGI_CC_EST,2020,0.7558651
"Korea, Rep.",KOR,IT.NET.BBND.P2,2020,43.0540600860627
"Korea, Rep.",KOR,NY.GDP.PCAP.PP.CD,2020,47881.492134419335
"Korea, Rep.",KOR,TX.VAL.TECH.MF.ZS,2020,35.602226541328314
"Korea, Rep.",KOR,IT.CEL.SETS.P2,2020,135.973274343048
"Korea, Rep.",KOR,GOV_WGI_PV_EST,2020,0.8679972
"Korea, Rep.",KOR,GOV_WGI_RL_EST,2020,1.1479729
"Korea, Rep.",KOR,SE.TER.ENRR,2020,96.8767700195312
"Korea, Rep.",KOR,IP.JRN.ARTC.SC,2020,69089.86
Kuwait,KWT,GOV_WGI_CC_EST,2020,-0.1551226
Kuwait,KWT,IT.NET.BBND.P2,2020,1.68058136279176
Kuwait,KWT,NY.GDP.PCAP.PP.CD,2020,41461.7235642777
Kuwait,KWT,TX.VAL.TECH.MF.ZS,2020,1.3498509081649217
Kuwait,KWT,IT.CEL.SETS.P2,2020,153.866464370257
Kuwait,KWT,GOV_WGI_PV_EST,2020,0.1554026
Kuwait,KWT,GOV_WGI_RL_EST,2020,0.146885
Kuwait,KWT,SE.TER.ENRR,2020,53.731878917367
Kuwait,KWT,IP.JRN.ARTC.SC,2020,1095.3
Kyrgyz Republic,KGZ,GOV_WGI_CC_EST,2020,-1.048438
Kyrgyz Republic,KGZ,IT.NET.BBND.P2,2020,4.33664358791982
Kyrgyz Republic,KGZ,NY.GDP.PCAP.PP.CD,2020,5178.561967040402
Kyrgyz Republic,KGZ,TX.VAL.TECH.MF.ZS,2020,8.746550927918461
Kyrgyz Republic,KGZ,IT.CEL.SETS.P2,2020,109.780106660424
Kyrgyz Republic,KGZ,GOV_WGI_PV_EST,2020,-0.5068231
Kyrgyz Republic,KGZ,GOV_WGI_RL_EST,2020,-0.729520899999999
Kyrgyz Republic,KGZ,SE.TER.ENRR,2020,45.3327840830343
Kyrgyz Republic,KGZ,IP.JRN.ARTC.SC,2020,205.22
Lao PDR,LAO,GOV_WGI_CC_EST,2020,-1.0608703
Lao PDR,LAO,IT.NET.BBND.P2,2020,1.67210846259045
Lao PDR,LAO,NY.GDP.PCAP.PP.CD,2020,7913.386606502759
Lao PDR,LAO,TX.VAL.TECH.MF.ZS,2020,23.15544736919249
Lao PDR,LAO,IT.CEL.SETS.P2,2020,63.1139885984314
Lao PDR,LAO,GOV_WGI_PV_EST,2020,0.5456553
Lao PDR,LAO,GOV_WGI_RL_EST,2020,-0.875201399999999
Lao PDR,LAO,SE.TER.ENRR,2020,12.561911777868
Lao PDR,LAO,IP.JRN.ARTC.SC,2020,83.73
Latvia,LVA,GOV_WGI_CC_EST,2020,0.7605048
Latvia,LVA,IT.NET.BBND.P2,2020,25.804169430384
Latvia,LVA,NY.GDP.PCAP.PP.CD,2020,32741.420769198656
Latvia,LVA,TX.VAL.TECH.MF.ZS,2020,20.03360009569137
Latvia,LVA,IT.CEL.SETS.P2,2020,107.902487108935
Latvia,LVA,GOV_WGI_PV_EST,2020,0.726286
Latvia,LVA,GOV_WGI_RL_EST,2020,0.9229434
Latvia,LVA,SE.TER.ENRR,2020,94.5108337402344
Latvia,LVA,IP.JRN.ARTC.SC,2020,1506.0
Lebanon,LBN,GOV_WGI_CC_EST,2020,-1.23052269999999
Lebanon,LBN,IT.NET.BBND.P2,2020,7.57698778654173
Lebanon,LBN,NY.GDP.PCAP.PP.CD,2020,16259.705131228053
Lebanon,LBN,TX.VAL.TECH.MF.ZS,2020,5.136512592327653
Lebanon,LBN,IT.CEL.SETS.P2,2020,75.2003104658777
Lebanon,LBN,GOV_WGI_PV_EST,2020,-1.3492491
Lebanon,LBN,GOV_WGI_RL_EST,2020,-0.918424399999999
Lebanon,LBN,SE.TER.ENRR,2020,51.5677337643942
Lebanon,LBN,IP.JRN.ARTC.SC,2020,2184.85
Lesotho,LSO,GOV_WGI_CC_EST,2020,-0.009674
Lesotho,LSO,IT.NET.BBND.P2,2020,0.226324591508713
Lesotho,LSO,NY.GDP.PCAP.PP.CD,2020,2559.0977607784566
Lesotho,LSO,TX.VAL.TECH.MF.ZS,2020,0.0339450853606886
Lesotho,LSO,IT.CEL.SETS.P2,2020,69.8944012395073
Lesotho,LSO,GOV_WGI_PV_EST,2020,-0.1451933
Lesotho,LSO,GOV_WGI_RL_EST,2020,-0.369226499999999
Lesotho,LSO,SE.TER.ENRR,2020,
Lesotho,LSO,IP.JRN.ARTC.SC,2020,34.73
Liberia,LBR,GOV_WGI_CC_EST,2020,-0.9167423
Liberia,LBR,IT.NET.BBND.P2,2020,0.252453508259017
Liberia,LBR,NY.GDP.PCAP.PP.CD,2020,1659.52109145991
Liberia,LBR,TX.VAL.TECH.MF.ZS,2020,0.0150390753332307
Liberia,LBR,IT.CEL.SETS.P2,2020,32.1004345501657
Liberia,LBR,GOV_WGI_PV_EST,2020,-0.220102599999999
Liberia,LBR,GOV_WGI_RL_EST,2020,-0.855358499999999
Liberia,LBR,SE.TER.ENRR,2020,
Liberia,LBR,IP.JRN.ARTC.SC,2020,11.24
Libya,LBY,GOV_WGI_CC_EST,2020,-1.5214215
Libya,LBY,IT.NET.BBND.P2,2020,4.71229521564357
Libya,LBY,NY.GDP.PCAP.PP.CD,2020,10954.79904526496
Libya,LBY,TX.VAL.TECH.MF.ZS,2020,
Libya,LBY,IT.CEL.SETS.P2,2020,164.987107188677
Libya,LBY,GOV_WGI_PV_EST,2020,-2.2231779
Libya,LBY,GOV_WGI_RL_EST,2020,-1.6334673
Libya,LBY,SE.TER.ENRR,2020,
Libya,LBY,IP.JRN.ARTC.SC,2020,251.83
Liechtenstein,LIE,GOV_WGI_CC_EST,2020,2.0208673
Liechtenstein,LIE,IT.NET.BBND.P2,2020,46.5602187427451
Liechtenstein,LIE,NY.GDP.PCAP.PP.CD,2020,
Liechtenstein,LIE,TX.VAL.TECH.MF.ZS,2020,
Liechtenstein,LIE,IT.CEL.SETS.P2,2020,126.104676657982
Liechtenstein,LIE,GOV_WGI_PV_EST,2020,1.6427344
Liechtenstein,LIE,GOV_WGI_RL_EST,2020,1.6347175
Liechtenstein,LIE,SE.TER.ENRR,2020,42.5986099243164
Liechtenstein,LIE,IP.JRN.ARTC.SC,2020,37.06
Lithuania,LTU,GOV_WGI_CC_EST,2020,0.8813828
Lithuania,LTU,IT.NET.BBND.P2,2020,28.4988545174577
Lithuania,LTU,NY.GDP.PCAP.PP.CD,2020,41262.72769417246
Lithuania,LTU,TX.VAL.TECH.MF.ZS,2020,12.009566093371133
Lithuania,LTU,IT.CEL.SETS.P2,2020,131.341332336588
Lithuania,LTU,GOV_WGI_PV_EST,2020,1.1506312
Lithuania,LTU,GOV_WGI_RL_EST,2020,1.1400782
Lithuania,LTU,SE.TER.ENRR,2020,73.5892868041992
Lithuania,LTU,IP.JRN.ARTC.SC,2020,2594.05
Luxembourg,LUX,GOV_WGI_CC_EST,2020,2.2067723
Luxembourg,LUX,IT.NET.BBND.P2,2020,37.2960860898482
Luxembourg,LUX,NY.GDP.PCAP.PP.CD,2020,122066.73914720172
Luxembourg,LUX,TX.VAL.TECH.MF.ZS,2020,5.61923854995663
Luxembourg,LUX,IT.CEL.SETS.P2,2020,132.908973559976
Luxembourg,LUX,GOV_WGI_PV_EST,2020,1.2105167
Luxembourg,LUX,GOV_WGI_RL_EST,2020,1.796841
Luxembourg,LUX,SE.TER.ENRR,2020,19.961389541626
Luxembourg,LUX,IP.JRN.ARTC.SC,2020,962.87
"Macao SAR, China",MAC,GOV_WGI_CC_EST,2020,0.5748942
"Macao SAR, China",MAC,IT.NET.BBND.P2,2020,30.4508928113933
"Macao SAR, China",MAC,NY.GDP.PCAP.PP.CD,2020,57077.532570509895
"Macao SAR, China",MAC,TX.VAL.TECH.MF.ZS,2020,0.0
"Macao SAR, China",MAC,IT.CEL.SETS.P2,2020,237.343774476003
"Macao SAR, China",MAC,GOV_WGI_PV_EST,2020,1.0596983
"Macao SAR, China",MAC,GOV_WGI_RL_EST,2020,0.8569176
"Macao SAR, China",MAC,SE.TER.ENRR,2020,86.7956730769231
"Macao SAR, China",MAC,IP.JRN.ARTC.SC,2020,
Madagascar,MDG,GOV_WGI_CC_EST,2020,-0.8463989
Madagascar,MDG,IT.NET.BBND.P2,2020,0.110521830202826
Madagascar,MDG,NY.GDP.PCAP.PP.CD,2020,1490.3231283786608
Madagascar,MDG,TX.VAL.TECH.MF.ZS,2020,0.539322061058942
Madagascar,MDG,IT.CEL.SETS.P2,2020,54.8084663590199
Madagascar,MDG,GOV_WGI_PV_EST,2020,-0.574674
Madagascar,MDG,GOV_WGI_RL_EST,2020,-0.858634599999999
Madagascar,MDG,SE.TER.ENRR,2020,5.17336117275841
Madagascar,MDG,IP.JRN.ARTC.SC,2020,177.29
Malawi,MWI,GOV_WGI_CC_EST,2020,-0.4785598
Malawi,MWI,IT.NET.BBND.P2,2020,0.0627371263723842
Malawi,MWI,NY.GDP.PCAP.PP.CD,2020,1513.4599080334444
Malawi,MWI,TX.VAL.TECH.MF.ZS,2020,2.798141542902632
Malawi,MWI,IT.CEL.SETS.P2,2020,51.2170439392301
Malawi,MWI,GOV_WGI_PV_EST,2020,-0.0766165999999999
Malawi,MWI,GOV_WGI_RL_EST,2020,-0.262679899999999
Malawi,MWI,SE.TER.ENRR,2020,2.40217380732134
Malawi,MWI,IP.JRN.ARTC.SC,2020,285.91
Malaysia,MYS,GOV_WGI_CC_EST,2020,0.420523
Malaysia,MYS,IT.NET.BBND.P2,2020,9.91101742902637
Malaysia,MYS,NY.GDP.PCAP.PP.CD,2020,27474.736137823624
Malaysia,MYS,TX.VAL.TECH.MF.ZS,2020,53.812873663165576
Malaysia,MYS,IT.CEL.SETS.P2,2020,129.017911652905
Malaysia,MYS,GOV_WGI_PV_EST,2020,0.1400704
Malaysia,MYS,GOV_WGI_RL_EST,2020,0.3499706
Malaysia,MYS,SE.TER.ENRR,2020,39.7445667367633
Malaysia,MYS,IP.JRN.ARTC.SC,2020,18858.11
Maldives,MDV,GOV_WGI_CC_EST,2020,-0.1711344
Maldives,MDV,IT.NET.BBND.P2,2020,12.6832736528067
Maldives,MDV,NY.GDP.PCAP.PP.CD,2020,13425.367445960112
Maldives,MDV,TX.VAL.TECH.MF.ZS,2020,1.7329312783858235
Maldives,MDV,IT.CEL.SETS.P2,2020,142.936122584731
Maldives,MDV,GOV_WGI_PV_EST,2020,0.2036825
Maldives,MDV,GOV_WGI_RL_EST,2020,-0.3114817
Maldives,MDV,SE.TER.ENRR,2020,27.0805812417437
Maldives,MDV,IP.JRN.ARTC.SC,2020,21.13
Mali,MLI,GOV_WGI_CC_EST,2020,-0.7753949
Mali,MLI,IT.NET.BBND.P2,2020,1.12281404354348
Mali,MLI,NY.GDP.PCAP.PP.CD,2020,2723.7009478444147
Mali,MLI,TX.VAL.TECH.MF.ZS,2020,2.205446160428263
Mali,MLI,IT.CEL.SETS.P2,2020,116.587405376001
Mali,MLI,GOV_WGI_PV_EST,2020,-2.0594968
Mali,MLI,GOV_WGI_RL_EST,2020,-0.8335984
Mali,MLI,SE.TER.ENRR,2020,
Mali,MLI,IP.JRN.ARTC.SC,2020,120.05
Malta,MLT,GOV_WGI_CC_EST,2020,0.611326
Malta,MLT,IT.NET.BBND.P2,2020,41.1094408219109
Malta,MLT,NY.GDP.PCAP.PP.CD,2020,49971.878401021575
Malta,MLT,TX.VAL.TECH.MF.ZS,2020,35.33777512851374
Malta,MLT,IT.CEL.SETS.P2,2020,122.175694268893
Malta,MLT,GOV_WGI_PV_EST,2020,0.9914658
Malta,MLT,GOV_WGI_RL_EST,2020,0.9438011
Malta,MLT,SE.TER.ENRR,2020,61.4767112731934
Malta,MLT,IP.JRN.ARTC.SC,2020,507.89
Marshall Islands,MHL,GOV_WGI_CC_EST,2020,-0.0245517
Marshall Islands,MHL,IT.NET.BBND.P2,2020,2.34159134547839
Marshall Islands,MHL,NY.GDP.PCAP.PP.CD,2020,6136.971197021311
Marshall Islands,MHL,TX.VAL.TECH.MF.ZS,2020,
Marshall Islands,MHL,IT.CEL.SETS.P2,2020,37.4654615276542
Marshall Islands,MHL,GOV_WGI_PV_EST,2020,1.0394581
Marshall Islands,MHL,GOV_WGI_RL_EST,2020,0.7858463
Marshall Islands,MHL,SE.TER.ENRR,2020,
Marshall Islands,MHL,IP.JRN.ARTC.SC,2020,1.79
Mauritania,MRT,GOV_WGI_CC_EST,2020,-0.7915263
Mauritania,MRT,IT.NET.BBND.P2,2020,0.401227704167555
Mauritania,MRT,NY.GDP.PCAP.PP.CD,2020,5740.73959690129
Mauritania,MRT,TX.VAL.TECH.MF.ZS,2020,2.0484486050434305
Mauritania,MRT,IT.CEL.SETS.P2,2020,126.277034284458
Mauritania,MRT,GOV_WGI_PV_EST,2020,-0.6263455
Mauritania,MRT,GOV_WGI_RL_EST,2020,-0.7061772
Mauritania,MRT,SE.TER.ENRR,2020,5.97194330025359
Mauritania,MRT,IP.JRN.ARTC.SC,2020,24.92
Mauritius,MUS,GOV_WGI_CC_EST,2020,0.3426669
Mauritius,MUS,IT.NET.BBND.P2,2020,25.1865809761826
Mauritius,MUS,NY.GDP.PCAP.PP.CD,2020,21621.597122515755
Mauritius,MUS,TX.VAL.TECH.MF.ZS,2020,2.305358037196932
Mauritius,MUS,IT.CEL.SETS.P2,2020,149.06995900167
Mauritius,MUS,GOV_WGI_PV_EST,2020,0.928832
Mauritius,MUS,GOV_WGI_RL_EST,2020,0.9547352
Mauritius,MUS,SE.TER.ENRR,2020,42.5378418595105
Mauritius,MUS,IP.JRN.ARTC.SC,2020,192.64
Mexico,MEX,GOV_WGI_CC_EST,2020,-0.853792
Mexico,MEX,IT.NET.BBND.P2,2020,17.7520559419946
Mexico,MEX,NY.GDP.PCAP.PP.CD,2020,19354.12487062439
Mexico,MEX,TX.VAL.TECH.MF.ZS,2020,21.50742497453768
Mexico,MEX,IT.CEL.SETS.P2,2020,96.9237451881936
Mexico,MEX,GOV_WGI_PV_EST,2020,-0.7772933
Mexico,MEX,GOV_WGI_RL_EST,2020,-0.986665199999999
Mexico,MEX,SE.TER.ENRR,2020,45.1654510498047
Mexico,MEX,IP.JRN.ARTC.SC,2020,19332.61
"Micronesia, Fed. Sts.",FSM,GOV_WGI_CC_EST,2020,0.4040448
"Micronesia, Fed. Sts.",FSM,IT.NET.BBND.P2,2020,5.40949908038516
"Micronesia, Fed. Sts.",FSM,NY.GDP.PCAP.PP.CD,2020,3683.9898148367392
"Micronesia, Fed. Sts.",FSM,TX.VAL.TECH.MF.ZS,2020,
"Micronesia, Fed. Sts.",FSM,IT.CEL.SETS.P2,2020,19.8348299614122
"Micronesia, Fed. Sts.",FSM,GOV_WGI_PV_EST,2020,1.1206831
"Micronesia, Fed. Sts.",FSM,GOV_WGI_RL_EST,2020,0.6699225
"Micronesia, Fed. Sts.",FSM,SE.TER.ENRR,2020,
"Micronesia, Fed. Sts.",FSM,IP.JRN.ARTC.SC,2020,7.98
Moldova,MDA,GOV_WGI_CC_EST,2020,-0.7308378
Moldova,MDA,IT.NET.BBND.P2,2020,23.4268592640718
Moldova,MDA,NY.GDP.PCAP.PP.CD,2020,13527.441313096731
Moldova,MDA,TX.VAL.TECH.MF.ZS,2020,2.239086428579282
Moldova,MDA,IT.CEL.SETS.P2,2020,111.444672775453
Moldova,MDA,GOV_WGI_PV_EST,2020,-0.149089399999999
Moldova,MDA,GOV_WGI_RL_EST,2020,-0.377801599999999
Moldova,MDA,SE.TER.ENRR,2020,56.2498196612517
Moldova,MDA,IP.JRN.ARTC.SC,2020,322.17
Monaco,MCO,GOV_WGI_CC_EST,2020,1.1797991
Monaco,MCO,IT.NET.BBND.P2,2020,54.8672798948752
Monaco,MCO,NY.GDP.PCAP.PP.CD,2020,
Monaco,MCO,TX.VAL.TECH.MF.ZS,2020,
Monaco,MCO,IT.CEL.SETS.P2,2020,93.2588699080158
Monaco,MCO,GOV_WGI_PV_EST,2020,1.2062355
Monaco,MCO,GOV_WGI_RL_EST,2020,1.379704
Monaco,MCO,SE.TER.ENRR,2020,
Monaco,MCO,IP.JRN.ARTC.SC,2020,47.12
Mongolia,MNG,GOV_WGI_CC_EST,2020,-0.6207183
Mongolia,MNG,IT.NET.BBND.P2,2020,9.3475568899214
Mongolia,MNG,NY.GDP.PCAP.PP.CD,2020,13693.179806942995
Mongolia,MNG,TX.VAL.TECH.MF.ZS,2020,2.966199298481359
Mongolia,MNG,IT.CEL.SETS.P2,2020,132.610273840436
Mongolia,MNG,GOV_WGI_PV_EST,2020,0.7498288
Mongolia,MNG,GOV_WGI_RL_EST,2020,-0.1742243
Mongolia,MNG,SE.TER.ENRR,2020,66.2557467107749
Mongolia,MNG,IP.JRN.ARTC.SC,2020,215.39
Montenegro,MNE,GOV_WGI_CC_EST,2020,-0.0359882
Montenegro,MNE,IT.NET.BBND.P2,2020,30.2953440746132
Montenegro,MNE,NY.GDP.PCAP.PP.CD,2020,20624.783807930307
Montenegro,MNE,TX.VAL.TECH.MF.ZS,2020,7.607950936974066
Montenegro,MNE,IT.CEL.SETS.P2,2020,177.66521091893
Montenegro,MNE,GOV_WGI_PV_EST,2020,0.0295754
Montenegro,MNE,GOV_WGI_RL_EST,2020,0.1134367
Montenegro,MNE,SE.TER.ENRR,2020,58.0944709777832
Montenegro,MNE,IP.JRN.ARTC.SC,2020,285.07
Morocco,MAR,GOV_WGI_CC_EST,2020,-0.408551999999999
Morocco,MAR,IT.NET.BBND.P2,2020,5.74683480916137
Morocco,MAR,NY.GDP.PCAP.PP.CD,2020,7704.84912109375
Morocco,MAR,TX.VAL.TECH.MF.ZS,2020,4.389071145247438
Morocco,MAR,IT.CEL.SETS.P2,2020,135.088404811169
Morocco,MAR,GOV_WGI_PV_EST,2020,-0.409449199999999
Morocco,MAR,GOV_WGI_RL_EST,2020,-0.314662899999999
Morocco,MAR,SE.TER.ENRR,2020,39.6858047574445
Morocco,MAR,IP.JRN.ARTC.SC,2020,6175.71
Mozambique,MOZ,GOV_WGI_CC_EST,2020,-0.7627176
Mozambique,MOZ,IT.NET.BBND.P2,2020,0.227393157051228
Mozambique,MOZ,NY.GDP.PCAP.PP.CD,2020,1411.6204022991124
Mozambique,MOZ,TX.VAL.TECH.MF.ZS,2020,0.8443133812958905
Mozambique,MOZ,IT.CEL.SETS.P2,2020,50.2318825476662
Mozambique,MOZ,GOV_WGI_PV_EST,2020,-1.34575129999999
Mozambique,MOZ,GOV_WGI_RL_EST,2020,-1.0406476
Mozambique,MOZ,SE.TER.ENRR,2020,
Mozambique,MOZ,IP.JRN.ARTC.SC,2020,171.85
Myanmar,MMR,GOV_WGI_CC_EST,2020,-0.6277817
Myanmar,MMR,IT.NET.BBND.P2,2020,1.29924592186564
Myanmar,MMR,NY.GDP.PCAP.PP.CD,2020,5740.990458439917
Myanmar,MMR,TX.VAL.TECH.MF.ZS,2020,3.172524937959441
Myanmar,MMR,IT.CEL.SETS.P2,2020,148.158208114821
Myanmar,MMR,GOV_WGI_PV_EST,2020,-1.5318775
Myanmar,MMR,GOV_WGI_RL_EST,2020,-1.1631619
Myanmar,MMR,SE.TER.ENRR,2020,
Myanmar,MMR,IP.JRN.ARTC.SC,2020,380.95
Namibia,NAM,GOV_WGI_CC_EST,2020,0.3917523
Namibia,NAM,IT.NET.BBND.P2,2020,2.88695019939445
Namibia,NAM,NY.GDP.PCAP.PP.CD,2020,9354.13136713077
Namibia,NAM,TX.VAL.TECH.MF.ZS,2020,0.0232766057778037
Namibia,NAM,IT.CEL.SETS.P2,2020,106.206587456143
Namibia,NAM,GOV_WGI_PV_EST,2020,0.5126308
Namibia,NAM,GOV_WGI_RL_EST,2020,0.2186834
Namibia,NAM,SE.TER.ENRR,2020,25.9870484145026
Namibia,NAM,IP.JRN.ARTC.SC,2020,208.52
Nauru,NRU,GOV_WGI_CC_EST,2020,0.449309
Nauru,NRU,IT.NET.BBND.P2,2020,
Nauru,NRU,NY.GDP.PCAP.PP.CD,2020,10810.946100240097
Nauru,NRU,TX.VAL.TECH.MF.ZS,2020,
Nauru,NRU,IT.CEL.SETS.P2,2020,85.8885167053165
Nauru,NRU,GOV_WGI_PV_EST,2020,0.7590998
Nauru,NRU,GOV_WGI_RL_EST,2020,0.214808
Nauru,NRU,SE.TER.ENRR,2020,
Nauru,NRU,IP.JRN.ARTC.SC,2020,0.9
Nepal,NPL,GOV_WGI_CC_EST,2020,-0.701156999999999
Nepal,NPL,IT.NET.BBND.P2,2020,4.38436385331589
Nepal,NPL,NY.GDP.PCAP.PP.CD,2020,4235.574623269048
Nepal,NPL,TX.VAL.TECH.MF.ZS,2020,2.448800143855544
Nepal,NPL,IT.CEL.SETS.P2,2020,131.921020414772
Nepal,NPL,GOV_WGI_PV_EST,2020,-0.250305599999999
Nepal,NPL,GOV_WGI_RL_EST,2020,-0.3725321
Nepal,NPL,SE.TER.ENRR,2020,14.2002391888535
Nepal,NPL,IP.JRN.ARTC.SC,2020,1344.57
Netherlands,NLD,GOV_WGI_CC_EST,2020,2.0646075
Netherlands,NLD,IT.NET.BBND.P2,2020,42.6667277513049
Netherlands,NLD,NY.GDP.PCAP.PP.CD,2020,62596.630202752414
Netherlands,NLD,TX.VAL.TECH.MF.ZS,2020,23.16397608538036
Netherlands,NLD,IT.CEL.SETS.P2,2020,121.422728509042
Netherlands,NLD,GOV_WGI_PV_EST,2020,0.7092891
Netherlands,NLD,GOV_WGI_RL_EST,2020,1.8319749
Netherlands,NLD,SE.TER.ENRR,2020,85.3370819091797
Netherlands,NLD,IP.JRN.ARTC.SC,2020,32236.56
New Caledonia,NCL,GOV_WGI_CC_EST,2020,
New Caledonia,NCL,IT.NET.BBND.P2,2020,19.3542030291087
New Caledonia,NCL,NY.GDP.PCAP.PP.CD,2020,
New Caledonia,NCL,TX.VAL.TECH.MF.ZS,2020,
New Caledonia,NCL,IT.CEL.SETS.P2,2020,91.4925961376049
New Caledonia,NCL,GOV_WGI_PV_EST,2020,1.0443731
New Caledonia,NCL,GOV_WGI_RL_EST,2020,1.0460544
New Caledonia,NCL,SE.TER.ENRR,2020,
New Caledonia,NCL,IP.JRN.ARTC.SC,2020,
New Zealand,NZL,GOV_WGI_CC_EST,2020,2.154305
New Zealand,NZL,IT.NET.BBND.P2,2020,34.8130286721914
New Zealand,NZL,NY.GDP.PCAP.PP.CD,2020,45513.312376834336
New Zealand,NZL,TX.VAL.TECH.MF.ZS,2020,9.608749742179509
New Zealand,NZL,IT.CEL.SETS.P2,2020,123.000574962598
New Zealand,NZL,GOV_WGI_PV_EST,2020,1.4605501
New Zealand,NZL,GOV_WGI_RL_EST,2020,1.7666346
New Zealand,NZL,SE.TER.ENRR,2020,75.7348327636719
New Zealand,NZL,IP.JRN.ARTC.SC,2020,8679.94
Nicaragua,NIC,GOV_WGI_CC_EST,2020,-1.1373893
Nicaragua,NIC,IT.NET.BBND.P2,2020,4.42253148272568
Nicaragua,NIC,NY.GDP.PCAP.PP.CD,2020,6274.094567413876
Nicaragua,NIC,TX.VAL.TECH.MF.ZS,2020,0.5379568049752341
Nicaragua,NIC,IT.CEL.SETS.P2,2020,90.8140674248283
Nicaragua,NIC,GOV_WGI_PV_EST,2020,-0.5232726
Nicaragua,NIC,GOV_WGI_RL_EST,2020,-1.3373983
Nicaragua,NIC,SE.TER.ENRR,2020,
Nicaragua,NIC,IP.JRN.ARTC.SC,2020,38.33
Niger,NER,GOV_WGI_CC_EST,2020,-0.529990899999999
Niger,NER,IT.NET.BBND.P2,2020,0.0505953107507067
Niger,NER,NY.GDP.PCAP.PP.CD,2020,1496.8335002302204
Niger,NER,TX.VAL.TECH.MF.ZS,2020,12.24092675222296
Niger,NER,IT.CEL.SETS.P2,2020,60.0355524816093
Niger,NER,GOV_WGI_PV_EST,2020,-1.502479
Niger,NER,GOV_WGI_RL_EST,2020,-0.5192429
Niger,NER,SE.TER.ENRR,2020,
Niger,NER,IP.JRN.ARTC.SC,2020,87.38
Nigeria,NGA,GOV_WGI_CC_EST,2020,-1.1178348
Nigeria,NGA,IT.NET.BBND.P2,2020,0.0305206381229766
Nigeria,NGA,NY.GDP.PCAP.PP.CD,2020,7414.774955404803
Nigeria,NGA,TX.VAL.TECH.MF.ZS,2020,6.944123095735878
Nigeria,NGA,IT.CEL.SETS.P2,2020,95.4356648074949
Nigeria,NGA,GOV_WGI_PV_EST,2020,-2.0090379
Nigeria,NGA,GOV_WGI_RL_EST,2020,-0.8413031
Nigeria,NGA,SE.TER.ENRR,2020,
Nigeria,NGA,IP.JRN.ARTC.SC,2020,8324.39
North Macedonia,MKD,GOV_WGI_CC_EST,2020,-0.456976999999999
North Macedonia,MKD,IT.NET.BBND.P2,2020,25.4041233643961
North Macedonia,MKD,NY.GDP.PCAP.PP.CD,2020,19962.14824682756
North Macedonia,MKD,TX.VAL.TECH.MF.ZS,2020,4.181055430361338
North Macedonia,MKD,IT.CEL.SETS.P2,2020,99.4723867063031
North Macedonia,MKD,GOV_WGI_PV_EST,2020,0.0891281999999999
North Macedonia,MKD,GOV_WGI_RL_EST,2020,-0.1729781
North Macedonia,MKD,SE.TER.ENRR,2020,43.782169342041
North Macedonia,MKD,IP.JRN.ARTC.SC,2020,420.13
Northern Mariana Islands,MNP,GOV_WGI_CC_EST,2020,
Northern Mariana Islands,MNP,IT.NET.BBND.P2,2020,
Northern Mariana Islands,MNP,NY.GDP.PCAP.PP.CD,2020,
Northern Mariana Islands,MNP,TX.VAL.TECH.MF.ZS,2020,
Northern Mariana Islands,MNP,IT.CEL.SETS.P2,2020,
Northern Mariana Islands,MNP,GOV_WGI_PV_EST,2020,
Northern Mariana Islands,MNP,GOV_WGI_RL_EST,2020,
Northern Mariana Islands,MNP,SE.TER.ENRR,2020,
Northern Mariana Islands,MNP,IP.JRN.ARTC.SC,2020,
Norway,NOR,GOV_WGI_CC_EST,2020,2.0836375
Norway,NOR,IT.NET.BBND.P2,2020,44.3863056613216
Norway,NOR,NY.GDP.PCAP.PP.CD,2020,67110.60457055019
Norway,NOR,TX.VAL.TECH.MF.ZS,2020,22.068884292682565
Norway,NOR,IT.CEL.SETS.P2,2020,108.296844518424
Norway,NOR,GOV_WGI_PV_EST,2020,1.2049763
Norway,NOR,GOV_WGI_RL_EST,2020,2.0591873
Norway,NOR,SE.TER.ENRR,2020,87.1685333251953
Norway,NOR,IP.JRN.ARTC.SC,2020,13284.78
Oman,OMN,GOV_WGI_CC_EST,2020,0.0239194
Oman,OMN,IT.NET.BBND.P2,2020,11.3829602598706
Oman,OMN,NY.GDP.PCAP.PP.CD,2020,35163.32817814155
Oman,OMN,TX.VAL.TECH.MF.ZS,2020,8.495604879111701
Oman,OMN,IT.CEL.SETS.P2,2020,140.378600753095
Oman,OMN,GOV_WGI_PV_EST,2020,0.468834
Oman,OMN,GOV_WGI_RL_EST,2020,0.2562542
Oman,OMN,SE.TER.ENRR,2020,48.3754397440909
Oman,OMN,IP.JRN.ARTC.SC,2020,1039.96
Pakistan,PAK,GOV_WGI_CC_EST,2020,-0.9370003
Pakistan,PAK,IT.NET.BBND.P2,2020,1.03954036154268
Pakistan,PAK,NY.GDP.PCAP.PP.CD,2020,5048.021306296299
Pakistan,PAK,TX.VAL.TECH.MF.ZS,2020,1.8878124960338265
Pakistan,PAK,IT.CEL.SETS.P2,2020,74.7332166629945
Pakistan,PAK,GOV_WGI_PV_EST,2020,-1.5881564
Pakistan,PAK,GOV_WGI_RL_EST,2020,-0.812966099999999
Pakistan,PAK,SE.TER.ENRR,2020,11.7245978752314
Pakistan,PAK,IP.JRN.ARTC.SC,2020,16903.42
Palau,PLW,GOV_WGI_CC_EST,2020,0.449309
Palau,PLW,IT.NET.BBND.P2,2020,
Palau,PLW,NY.GDP.PCAP.PP.CD,2020,17389.724615316598
Palau,PLW,TX.VAL.TECH.MF.ZS,2020,
Palau,PLW,IT.CEL.SETS.P2,2020,134.892086330935
Palau,PLW,GOV_WGI_PV_EST,2020,1.1429587
Palau,PLW,GOV_WGI_RL_EST,2020,1.1608966
Palau,PLW,SE.TER.ENRR,2020,
Palau,PLW,IP.JRN.ARTC.SC,2020,7.22
Panama,PAN,GOV_WGI_CC_EST,2020,-0.5190072
Panama,PAN,IT.NET.BBND.P2,2020,13.8346818420776
Panama,PAN,NY.GDP.PCAP.PP.CD,2020,27017.003379090605
Panama,PAN,TX.VAL.TECH.MF.ZS,2020,0.7436624856538381
Panama,PAN,IT.CEL.SETS.P2,2020,142.283080390407
Panama,PAN,GOV_WGI_PV_EST,2020,0.3368353
Panama,PAN,GOV_WGI_RL_EST,2020,-0.2397538
Panama,PAN,SE.TER.ENRR,2020,44.9372948646286
Panama,PAN,IP.JRN.ARTC.SC,2020,249.53
Papua New Guinea,PNG,GOV_WGI_CC_EST,2020,-0.5484433
Papua New Guinea,PNG,IT.NET.BBND.P2,2020,0.213941966305974
Papua New Guinea,PNG,NY.GDP.PCAP.PP.CD,2020,3899.577192368509
Papua New Guinea,PNG,TX.VAL.TECH.MF.ZS,2020,44.798404591005855
Papua New Guinea,PNG,IT.CEL.SETS.P2,2020,49.0843996981992
Papua New Guinea,PNG,GOV_WGI_PV_EST,2020,-0.768714799999999
Papua New Guinea,PNG,GOV_WGI_RL_EST,2020,-0.6603549
Papua New Guinea,PNG,SE.TER.ENRR,2020,
Papua New Guinea,PNG,IP.JRN.ARTC.SC,2020,61.12
Paraguay,PRY,GOV_WGI_CC_EST,2020,-0.8101421
Paraguay,PRY,IT.NET.BBND.P2,2020,8.5159180276507
Paraguay,PRY,NY.GDP.PCAP.PP.CD,2020,14308.878773830456
Paraguay,PRY,TX.VAL.TECH.MF.ZS,2020,5.148321537493579
Paraguay,PRY,IT.CEL.SETS.P2,2020,119.099952314893
Paraguay,PRY,GOV_WGI_PV_EST,2020,0.0082817
Paraguay,PRY,GOV_WGI_RL_EST,2020,-0.3727181
Paraguay,PRY,SE.TER.ENRR,2020,
Paraguay,PRY,IP.JRN.ARTC.SC,2020,204.26
Peru,PER,GOV_WGI_CC_EST,2020,-0.4980887
Peru,PER,IT.NET.BBND.P2,2020,8.41186520281526
Peru,PER,NY.GDP.PCAP.PP.CD,2020,12563.303806089298
Peru,PER,TX.VAL.TECH.MF.ZS,2020,4.794833903401191
Peru,PER,IT.CEL.SETS.P2,2020,119.854099046125
Peru,PER,GOV_WGI_PV_EST,2020,-0.2963963
Peru,PER,GOV_WGI_RL_EST,2020,-0.4320888
Peru,PER,SE.TER.ENRR,2020,
Peru,PER,IP.JRN.ARTC.SC,2020,3064.15
Philippines,PHL,GOV_WGI_CC_EST,2020,-0.5392618
Philippines,PHL,IT.NET.BBND.P2,2020,7.08108894988907
Philippines,PHL,NY.GDP.PCAP.PP.CD,2020,8238.368020374568
Philippines,PHL,TX.VAL.TECH.MF.ZS,2020,67.04509158506893
Philippines,PHL,IT.CEL.SETS.P2,2020,133.45620905917
Philippines,PHL,GOV_WGI_PV_EST,2020,-0.9415427
Philippines,PHL,GOV_WGI_RL_EST,2020,-0.6331335
Philippines,PHL,SE.TER.ENRR,2020,31.6317598507085
Philippines,PHL,IP.JRN.ARTC.SC,2020,3137.34
Poland,POL,GOV_WGI_CC_EST,2020,0.7442004
Poland,POL,IT.NET.BBND.P2,2020,21.9255858346119
Poland,POL,NY.GDP.PCAP.PP.CD,2020,37089.300425681184
Poland,POL,TX.VAL.TECH.MF.ZS,2020,9.866165489971658
Poland,POL,IT.CEL.SETS.P2,2020,129.288487295019
Poland,POL,GOV_WGI_PV_EST,2020,0.5545247
Poland,POL,GOV_WGI_RL_EST,2020,0.460073
Poland,POL,SE.TER.ENRR,2020,70.9730377197266
Poland,POL,IP.JRN.ARTC.SC,2020,34204.93
Portugal,PRT,GOV_WGI_CC_EST,2020,0.795911
Portugal,PRT,IT.NET.BBND.P2,2020,40.1215406866329
Portugal,PRT,NY.GDP.PCAP.PP.CD,2020,35966.71279656101
Portugal,PRT,TX.VAL.TECH.MF.ZS,2020,7.114711571123802
Portugal,PRT,IT.CEL.SETS.P2,2020,114.276382888841
Portugal,PRT,GOV_WGI_PV_EST,2020,0.9830461
Portugal,PRT,GOV_WGI_RL_EST,2020,1.1830529
Portugal,PRT,SE.TER.ENRR,2020,68.1568908691406
Portugal,PRT,IP.JRN.ARTC.SC,2020,16428.64
Puerto Rico (US),PRI,GOV_WGI_CC_EST,2020,0.2833466
Puerto Rico (US),PRI,IT.NET.BBND.P2,2020,20.438273950983
Puerto Rico (US),PRI,NY.GDP.PCAP.PP.CD,2020,36858.60852179076
Puerto Rico (US),PRI,TX.VAL.TECH.MF.ZS,2020,
Puerto Rico (US),PRI,IT.CEL.SETS.P2,2020,106.682174305247
Puerto Rico (US),PRI,GOV_WGI_PV_EST,2020,0.3722414
Puerto Rico (US),PRI,GOV_WGI_RL_EST,2020,0.515317
Puerto Rico (US),PRI,SE.TER.ENRR,2020,88.4148538699338
Puerto Rico (US),PRI,IP.JRN.ARTC.SC,2020,570.41
Qatar,QAT,GOV_WGI_CC_EST,2020,0.8746817
Qatar,QAT,IT.NET.BBND.P2,2020,10.5631961475008
Qatar,QAT,NY.GDP.PCAP.PP.CD,2020,82149.4569875883
Qatar,QAT,TX.VAL.TECH.MF.ZS,2020,7.111804651918517
Qatar,QAT,IT.CEL.SETS.P2,2020,135.497890935034
Qatar,QAT,GOV_WGI_PV_EST,2020,0.8905079
Qatar,QAT,GOV_WGI_RL_EST,2020,0.4786325
Qatar,QAT,SE.TER.ENRR,2020,23.7649212314763
Qatar,QAT,IP.JRN.ARTC.SC,2020,2230.15
Romania,ROU,GOV_WGI_CC_EST,2020,-0.0497221
Romania,ROU,IT.NET.BBND.P2,2020,29.314080636148
Romania,ROU,NY.GDP.PCAP.PP.CD,2020,34193.83745218679
Romania,ROU,TX.VAL.TECH.MF.ZS,2020,11.937042485069838
Romania,ROU,IT.CEL.SETS.P2,2020,116.478206049988
Romania,ROU,GOV_WGI_PV_EST,2020,0.6180826
Romania,ROU,GOV_WGI_RL_EST,2020,0.4593734
Romania,ROU,SE.TER.ENRR,2020,53.4911117553711
Romania,ROU,IP.JRN.ARTC.SC,2020,9723.0
Russian Federation,RUS,GOV_WGI_CC_EST,2020,-0.7746533
Russian Federation,RUS,IT.NET.BBND.P2,2020,23.1557041794102
Russian Federation,RUS,NY.GDP.PCAP.PP.CD,2020,31490.8046875
Russian Federation,RUS,TX.VAL.TECH.MF.ZS,2020,9.193638977872078
Russian Federation,RUS,IT.CEL.SETS.P2,2020,163.101112466044
Russian Federation,RUS,GOV_WGI_PV_EST,2020,-0.5068977
Russian Federation,RUS,GOV_WGI_RL_EST,2020,-0.8254091
Russian Federation,RUS,SE.TER.ENRR,2020,57.2232854739754
Russian Federation,RUS,IP.JRN.ARTC.SC,2020,88564.43
Rwanda,RWA,GOV_WGI_CC_EST,2020,0.5134655
Rwanda,RWA,IT.NET.BBND.P2,2020,0.135352981978881
Rwanda,RWA,NY.GDP.PCAP.PP.CD,2020,2284.898897953281
Rwanda,RWA,TX.VAL.TECH.MF.ZS,2020,7.559386439364159
Rwanda,RWA,IT.CEL.SETS.P2,2020,81.2378724761376
Rwanda,RWA,GOV_WGI_PV_EST,2020,0.1600853
Rwanda,RWA,GOV_WGI_RL_EST,2020,-0.0314872999999999
Rwanda,RWA,SE.TER.ENRR,2020,7.56709586345553
Rwanda,RWA,IP.JRN.ARTC.SC,2020,277.92
Samoa,WSM,GOV_WGI_CC_EST,2020,0.8109135
Samoa,WSM,IT.NET.BBND.P2,2020,0.798324085607519
Samoa,WSM,NY.GDP.PCAP.PP.CD,2020,6450.752011834047
Samoa,WSM,TX.VAL.TECH.MF.ZS,2020,
Samoa,WSM,IT.CEL.SETS.P2,2020,32.5557694485336
Samoa,WSM,GOV_WGI_PV_EST,2020,1.1753028
Samoa,WSM,GOV_WGI_RL_EST,2020,1.164435
Samoa,WSM,SE.TER.ENRR,2020,17.3303454643177
Samoa,WSM,IP.JRN.ARTC.SC,2020,21.49
San Marino,SMR,GOV_WGI_CC_EST,2020,1.1797991
San Marino,SMR,IT.NET.BBND.P2,2020,31.6373781241911
San Marino,SMR,NY.GDP.PCAP.PP.CD,2020,55206.58123244048
San Marino,SMR,TX.VAL.TECH.MF.ZS,2020,
San Marino,SMR,IT.CEL.SETS.P2,2020,112.168886076677
San Marino,SMR,GOV_WGI_PV_EST,2020,1.2062355
San Marino,SMR,GOV_WGI_RL_EST,2020,1.4570337
San Marino,SMR,SE.TER.ENRR,2020,55.0960978450786
San Marino,SMR,IP.JRN.ARTC.SC,2020,10.07
Sao Tome and Principe,STP,GOV_WGI_CC_EST,2020,0.0892524
Sao Tome and Principe,STP,IT.NET.BBND.P2,2020,1.15528778715478
Sao Tome and Principe,STP,NY.GDP.PCAP.PP.CD,2020,5144.535602860143
Sao Tome and Principe,STP,TX.VAL.TECH.MF.ZS,2020,10.171173297664945
Sao Tome and Principe,STP,IT.CEL.SETS.P2,2020,80.1172764274381
Sao Tome and Principe,STP,GOV_WGI_PV_EST,2020,0.4748721
Sao Tome and Principe,STP,GOV_WGI_RL_EST,2020,-0.356877899999999
Sao Tome and Principe,STP,SE.TER.ENRR,2020,
Sao Tome and Principe,STP,IP.JRN.ARTC.SC,2020,2.78
Saudi Arabia,SAU,GOV_WGI_CC_EST,2020,0.32153
Saudi Arabia,SAU,IT.NET.BBND.P2,2020,25.4596763527151
Saudi Arabia,SAU,NY.GDP.PCAP.PP.CD,2020,47518.48774851529
Saudi Arabia,SAU,TX.VAL.TECH.MF.ZS,2020,0.6050675882867609
Saudi Arabia,SAU,IT.CEL.SETS.P2,2020,139.444194606554
Saudi Arabia,SAU,GOV_WGI_PV_EST,2020,-0.5528267
Saudi Arabia,SAU,GOV_WGI_RL_EST,2020,-0.1793363
Saudi Arabia,SAU,SE.TER.ENRR,2020,73.7510866368859
Saudi Arabia,SAU,IP.JRN.ARTC.SC,2020,16098.89
Senegal,SEN,GOV_WGI_CC_EST,2020,-0.0155587
Senegal,SEN,IT.NET.BBND.P2,2020,1.05641006886622
Senegal,SEN,NY.GDP.PCAP.PP.CD,2020,3752.91947490817
Senegal,SEN,TX.VAL.TECH.MF.ZS,2020,0.7441590350961075
Senegal,SEN,IT.CEL.SETS.P2,2020,113.638091206029
Senegal,SEN,GOV_WGI_PV_EST,2020,-0.0271012
Senegal,SEN,GOV_WGI_RL_EST,2020,-0.0993883
Senegal,SEN,SE.TER.ENRR,2020,13.3136624860931
Senegal,SEN,IP.JRN.ARTC.SC,2020,447.88
Serbia,SRB,GOV_WGI_CC_EST,2020,-0.3682278
Serbia,SRB,IT.NET.BBND.P2,2020,25.1834994361532
Serbia,SRB,NY.GDP.PCAP.PP.CD,2020,21013.051259036463
Serbia,SRB,TX.VAL.TECH.MF.ZS,2020,
Serbia,SRB,IT.CEL.SETS.P2,2020,120.216859464106
Serbia,SRB,GOV_WGI_PV_EST,2020,-0.0681568
Serbia,SRB,GOV_WGI_RL_EST,2020,-0.1348535
Serbia,SRB,SE.TER.ENRR,2020,68.1431121826172
Serbia,SRB,IP.JRN.ARTC.SC,2020,4569.29
Seychelles,SYC,GOV_WGI_CC_EST,2020,1.1448063
Seychelles,SYC,IT.NET.BBND.P2,2020,29.067843812089
Seychelles,SYC,NY.GDP.PCAP.PP.CD,2020,31055.944205503947
Seychelles,SYC,TX.VAL.TECH.MF.ZS,2020,3.2849992760269555
Seychelles,SYC,IT.CEL.SETS.P2,2020,152.5450781854
Seychelles,SYC,GOV_WGI_PV_EST,2020,0.727409
Seychelles,SYC,GOV_WGI_RL_EST,2020,0.532971
Seychelles,SYC,SE.TER.ENRR,2020,26.934264107039
Seychelles,SYC,IP.JRN.ARTC.SC,2020,26.55
Sierra Leone,SLE,GOV_WGI_CC_EST,2020,-0.4611415
Sierra Leone,SLE,IT.NET.BBND.P2,2020,0.002274864841433
Sierra Leone,SLE,NY.GDP.PCAP.PP.CD,2020,2719.072868158068
Sierra Leone,SLE,TX.VAL.TECH.MF.ZS,2020,
Sierra Leone,SLE,IT.CEL.SETS.P2,2020,87.0034823125467
Sierra Leone,SLE,GOV_WGI_PV_EST,2020,-0.366900299999999
Sierra Leone,SLE,GOV_WGI_RL_EST,2020,-0.6747383
Sierra Leone,SLE,SE.TER.ENRR,2020,
Sierra Leone,SLE,IP.JRN.ARTC.SC,2020,63.52
Singapore,SGP,GOV_WGI_CC_EST,2020,2.1272918
Singapore,SGP,IT.NET.BBND.P2,2020,26.8622723592787
Singapore,SGP,NY.GDP.PCAP.PP.CD,2020,101518.3179844398
Singapore,SGP,TX.VAL.TECH.MF.ZS,2020,55.2615580095711
Singapore,SGP,IT.CEL.SETS.P2,2020,150.259334715266
Singapore,SGP,GOV_WGI_PV_EST,2020,1.2855556
Singapore,SGP,GOV_WGI_RL_EST,2020,1.4703849
Singapore,SGP,SE.TER.ENRR,2020,93.134767179468
Singapore,SGP,IP.JRN.ARTC.SC,2020,12173.97
Sint Maarten (Dutch part),SXM,GOV_WGI_CC_EST,2020,
Sint Maarten (Dutch part),SXM,IT.NET.BBND.P2,2020,
Sint Maarten (Dutch part),SXM,NY.GDP.PCAP.PP.CD,2020,38901.48676037122
Sint Maarten (Dutch part),SXM,TX.VAL.TECH.MF.ZS,2020,
Sint Maarten (Dutch part),SXM,IT.CEL.SETS.P2,2020,
Sint Maarten (Dutch part),SXM,GOV_WGI_PV_EST,2020,
Sint Maarten (Dutch part),SXM,GOV_WGI_RL_EST,2020,
Sint Maarten (Dutch part),SXM,SE.TER.ENRR,2020,
Sint Maarten (Dutch part),SXM,IP.JRN.ARTC.SC,2020,
Slovak Republic,SVK,GOV_WGI_CC_EST,2020,0.4197316
Slovak Republic,SVK,IT.NET.BBND.P2,2020,31.192548373756
Slovak Republic,SVK,NY.GDP.PCAP.PP.CD,2020,35327.94391655885
Slovak Republic,SVK,TX.VAL.TECH.MF.ZS,2020,9.99741446798114
Slovak Republic,SVK,IT.CEL.SETS.P2,2020,133.632904273198
Slovak Republic,SVK,GOV_WGI_PV_EST,2020,0.6167177
Slovak Republic,SVK,GOV_WGI_RL_EST,2020,0.5265879
Slovak Republic,SVK,SE.TER.ENRR,2020,48.3790016174316
Slovak Republic,SVK,IP.JRN.ARTC.SC,2020,5161.36
Slovenia,SVN,GOV_WGI_CC_EST,2020,0.7760206
Slovenia,SVN,IT.NET.BBND.P2,2020,30.9930132861242
Slovenia,SVN,NY.GDP.PCAP.PP.CD,2020,41767.25798999567
Slovenia,SVN,TX.VAL.TECH.MF.ZS,2020,7.799852785708071
Slovenia,SVN,IT.CEL.SETS.P2,2020,121.331428226248
Slovenia,SVN,GOV_WGI_PV_EST,2020,0.7478672
Slovenia,SVN,GOV_WGI_RL_EST,2020,0.9364183
Slovenia,SVN,SE.TER.ENRR,2020,75.8166809082031
Slovenia,SVN,IP.JRN.ARTC.SC,2020,3692.85
Solomon Islands,SLB,GOV_WGI_CC_EST,2020,-0.0256466
Solomon Islands,SLB,IT.NET.BBND.P2,2020,0.134318695281922
Solomon Islands,SLB,NY.GDP.PCAP.PP.CD,2020,2405.315093647036
Solomon Islands,SLB,TX.VAL.TECH.MF.ZS,2020,
Solomon Islands,SLB,IT.CEL.SETS.P2,2020,63.6670615636308
Solomon Islands,SLB,GOV_WGI_PV_EST,2020,0.5368126
Solomon Islands,SLB,GOV_WGI_RL_EST,2020,0.2111308
Solomon Islands,SLB,SE.TER.ENRR,2020,
Solomon Islands,SLB,IP.JRN.ARTC.SC,2020,14.14
"Somalia, Fed. Rep.",SOM,GOV_WGI_CC_EST,2020,-1.5494727
"Somalia, Fed. Rep.",SOM,IT.NET.BBND.P2,2020,0.714663593733325
"Somalia, Fed. Rep.",SOM,NY.GDP.PCAP.PP.CD,2020,1454.2671184885548
"Somalia, Fed. Rep.",SOM,TX.VAL.TECH.MF.ZS,2020,
"Somalia, Fed. Rep.",SOM,IT.CEL.SETS.P2,2020,53.1133178401473
"Somalia, Fed. Rep.",SOM,GOV_WGI_PV_EST,2020,-2.3507544
"Somalia, Fed. Rep.",SOM,GOV_WGI_RL_EST,2020,-2.18341659999999
"Somalia, Fed. Rep.",SOM,SE.TER.ENRR,2020,
"Somalia, Fed. Rep.",SOM,IP.JRN.ARTC.SC,2020,34.77
South Africa,ZAF,GOV_WGI_CC_EST,2020,0.0256677
South Africa,ZAF,IT.NET.BBND.P2,2020,2.15159473337087
South Africa,ZAF,NY.GDP.PCAP.PP.CD,2020,12671.086243685098
South Africa,ZAF,TX.VAL.TECH.MF.ZS,2020,5.621719759584795
South Africa,ZAF,IT.CEL.SETS.P2,2020,158.447269436121
South Africa,ZAF,GOV_WGI_PV_EST,2020,-0.2489513
South Africa,ZAF,GOV_WGI_RL_EST,2020,-0.0613794
South Africa,ZAF,SE.TER.ENRR,2020,22.6148742572009
South Africa,ZAF,IP.JRN.ARTC.SC,2020,15308.72
South Sudan,SSD,GOV_WGI_CC_EST,2020,-1.80683669999999
South Sudan,SSD,IT.NET.BBND.P2,2020,
South Sudan,SSD,NY.GDP.PCAP.PP.CD,2020,
South Sudan,SSD,TX.VAL.TECH.MF.ZS,2020,
South Sudan,SSD,IT.CEL.SETS.P2,2020,
South Sudan,SSD,GOV_WGI_PV_EST,2020,-2.1055063
South Sudan,SSD,GOV_WGI_RL_EST,2020,-1.90756779999999
South Sudan,SSD,SE.TER.ENRR,2020,
South Sudan,SSD,IP.JRN.ARTC.SC,2020,14.47
Spain,ESP,GOV_WGI_CC_EST,2020,0.8309019
Spain,ESP,IT.NET.BBND.P2,2020,33.9527590155171
Spain,ESP,NY.GDP.PCAP.PP.CD,2020,39327.84792695986
Spain,ESP,TX.VAL.TECH.MF.ZS,2020,7.768421355311217
Spain,ESP,IT.CEL.SETS.P2,2020,116.712041523767
Spain,ESP,GOV_WGI_PV_EST,2020,0.2956928
Spain,ESP,GOV_WGI_RL_EST,2020,0.9801536
Spain,ESP,SE.TER.ENRR,2020,91.59912109375
Spain,ESP,IP.JRN.ARTC.SC,2020,60134.98
Sri Lanka,LKA,GOV_WGI_CC_EST,2020,-0.2760375
Sri Lanka,LKA,IT.NET.BBND.P2,2020,7.8962203692284
Sri Lanka,LKA,NY.GDP.PCAP.PP.CD,2020,12940.904329574932
Sri Lanka,LKA,TX.VAL.TECH.MF.ZS,2020,1.2563928064125354
Sri Lanka,LKA,IT.CEL.SETS.P2,2020,131.773421339878
Sri Lanka,LKA,GOV_WGI_PV_EST,2020,-0.1154138
Sri Lanka,LKA,GOV_WGI_RL_EST,2020,-0.1909487
Sri Lanka,LKA,SE.TER.ENRR,2020,20.1614879343022
Sri Lanka,LKA,IP.JRN.ARTC.SC,2020,1789.35
St. Kitts and Nevis,KNA,GOV_WGI_CC_EST,2020,0.3247512
St. Kitts and Nevis,KNA,IT.NET.BBND.P2,2020,45.9569020695541
St. Kitts and Nevis,KNA,NY.GDP.PCAP.PP.CD,2020,27326.036057423
St. Kitts and Nevis,KNA,TX.VAL.TECH.MF.ZS,2020,
St. Kitts and Nevis,KNA,IT.CEL.SETS.P2,2020,133.400896095584
St. Kitts and Nevis,KNA,GOV_WGI_PV_EST,2020,0.9164728
St. Kitts and Nevis,KNA,GOV_WGI_RL_EST,2020,0.6337014
St. Kitts and Nevis,KNA,SE.TER.ENRR,2020,
St. Kitts and Nevis,KNA,IP.JRN.ARTC.SC,2020,37.34
St. Lucia,LCA,GOV_WGI_CC_EST,2020,0.37834
St. Lucia,LCA,IT.NET.BBND.P2,2020,19.9725105189341
St. Lucia,LCA,NY.GDP.PCAP.PP.CD,2020,14912.159584235043
St. Lucia,LCA,TX.VAL.TECH.MF.ZS,2020,9.332240174629582
St. Lucia,LCA,IT.CEL.SETS.P2,2020,81.8687237026648
St. Lucia,LCA,GOV_WGI_PV_EST,2020,0.8698532
St. Lucia,LCA,GOV_WGI_RL_EST,2020,0.5946847
St. Lucia,LCA,SE.TER.ENRR,2020,16.8199691772461
St. Lucia,LCA,IP.JRN.ARTC.SC,2020,3.09
St. Martin (French part),MAF,GOV_WGI_CC_EST,2020,
St. Martin (French part),MAF,IT.NET.BBND.P2,2020,
St. Martin (French part),MAF,NY.GDP.PCAP.PP.CD,2020,
St. Martin (French part),MAF,TX.VAL.TECH.MF.ZS,2020,
St. Martin (French part),MAF,IT.CEL.SETS.P2,2020,
St. Martin (French part),MAF,GOV_WGI_PV_EST,2020,
St. Martin (French part),MAF,GOV_WGI_RL_EST,2020,
St. Martin (French part),MAF,SE.TER.ENRR,2020,
St. Martin (French part),MAF,IP.JRN.ARTC.SC,2020,
St. Vincent and the Grenadines,VCT,GOV_WGI_CC_EST,2020,0.7606733
St. Vincent and the Grenadines,VCT,IT.NET.BBND.P2,2020,23.8906168498735
St. Vincent and the Grenadines,VCT,NY.GDP.PCAP.PP.CD,2020,15336.598777176448
St. Vincent and the Grenadines,VCT,TX.VAL.TECH.MF.ZS,2020,0.0
St. Vincent and the Grenadines,VCT,IT.CEL.SETS.P2,2020,96.9437629194598
St. Vincent and the Grenadines,VCT,GOV_WGI_PV_EST,2020,1.0425879
St. Vincent and the Grenadines,VCT,GOV_WGI_RL_EST,2020,0.6515481
St. Vincent and the Grenadines,VCT,SE.TER.ENRR,2020,33.6692278624512
St. Vincent and the Grenadines,VCT,IP.JRN.ARTC.SC,2020,3.15
Sudan,SDN,GOV_WGI_CC_EST,2020,-1.3828975
Sudan,SDN,IT.NET.BBND.P2,2020,0.0615141548276354
Sudan,SDN,NY.GDP.PCAP.PP.CD,2020,3348.57836914063
Sudan,SDN,TX.VAL.TECH.MF.ZS,2020,
Sudan,SDN,IT.CEL.SETS.P2,2020,75.2207425678785
Sudan,SDN,GOV_WGI_PV_EST,2020,-1.3881394
Sudan,SDN,GOV_WGI_RL_EST,2020,-1.344873
Sudan,SDN,SE.TER.ENRR,2020,
Sudan,SDN,IP.JRN.ARTC.SC,2020,375.71
Suriname,SUR,GOV_WGI_CC_EST,2020,-0.3026185
Suriname,SUR,IT.NET.BBND.P2,2020,15.0689920417039
Suriname,SUR,NY.GDP.PCAP.PP.CD,2020,16946.894236191354
Suriname,SUR,TX.VAL.TECH.MF.ZS,2020,2.511958910997272
Suriname,SUR,IT.CEL.SETS.P2,2020,146.874739718153
Suriname,SUR,GOV_WGI_PV_EST,2020,0.4628889
Suriname,SUR,GOV_WGI_RL_EST,2020,-0.185081599999999
Suriname,SUR,SE.TER.ENRR,2020,5.30574712643678
Suriname,SUR,IP.JRN.ARTC.SC,2020,18.38
Sweden,SWE,GOV_WGI_CC_EST,2020,2.1337232
Sweden,SWE,IT.NET.BBND.P2,2020,40.3679810262741
Sweden,SWE,NY.GDP.PCAP.PP.CD,2020,57489.26571962186
Sweden,SWE,TX.VAL.TECH.MF.ZS,2020,15.13595083802388
Sweden,SWE,IT.CEL.SETS.P2,2020,123.548656971054
Sweden,SWE,GOV_WGI_PV_EST,2020,0.955794
Sweden,SWE,GOV_WGI_RL_EST,2020,1.8204763
Sweden,SWE,SE.TER.ENRR,2020,79.1196365356445
Sweden,SWE,IP.JRN.ARTC.SC,2020,21153.6
Switzerland,CHE,GOV_WGI_CC_EST,2020,2.2868791
Switzerland,CHE,IT.NET.BBND.P2,2020,46.4813712779996
Switzerland,CHE,NY.GDP.PCAP.PP.CD,2020,72997.82395032821
Switzerland,CHE,TX.VAL.TECH.MF.ZS,2020,12.845086709427786
Switzerland,CHE,IT.CEL.SETS.P2,2020,127.376373489656
Switzerland,CHE,GOV_WGI_PV_EST,2020,1.1126481
Switzerland,CHE,GOV_WGI_RL_EST,2020,1.8077068
Switzerland,CHE,SE.TER.ENRR,2020,68.0676422119141
Switzerland,CHE,IP.JRN.ARTC.SC,2020,23197.82
Syrian Arab Republic,SYR,GOV_WGI_CC_EST,2020,-1.6873687
Syrian Arab Republic,SYR,IT.NET.BBND.P2,2020,7.35459379919522
Syrian Arab Republic,SYR,NY.GDP.PCAP.PP.CD,2020,3737.6575183137593
Syrian Arab Republic,SYR,TX.VAL.TECH.MF.ZS,2020,
Syrian Arab Republic,SYR,IT.CEL.SETS.P2,2020,79.1482419784404
Syrian Arab Republic,SYR,GOV_WGI_PV_EST,2020,-2.35367569999999
Syrian Arab Republic,SYR,GOV_WGI_RL_EST,2020,-1.8514471
Syrian Arab Republic,SYR,SE.TER.ENRR,2020,
Syrian Arab Republic,SYR,IP.JRN.ARTC.SC,2020,480.36
Tajikistan,TJK,GOV_WGI_CC_EST,2020,-1.083847
Tajikistan,TJK,IT.NET.BBND.P2,2020,0.369964643651705
Tajikistan,TJK,NY.GDP.PCAP.PP.CD,2020,3653.959767591123
Tajikistan,TJK,TX.VAL.TECH.MF.ZS,2020,2.607663160969191
Tajikistan,TJK,IT.CEL.SETS.P2,2020,62.2826230779409
Tajikistan,TJK,GOV_WGI_PV_EST,2020,-0.3288928
Tajikistan,TJK,GOV_WGI_RL_EST,2020,-1.2395237
Tajikistan,TJK,SE.TER.ENRR,2020,34.6676458195911
Tajikistan,TJK,IP.JRN.ARTC.SC,2020,118.36
Tanzania,TZA,GOV_WGI_CC_EST,2020,-0.2540505
Tanzania,TZA,IT.NET.BBND.P2,2020,1.86248
Tanzania,TZA,NY.GDP.PCAP.PP.CD,2020,3290.60986328125
Tanzania,TZA,TX.VAL.TECH.MF.ZS,2020,2.687619295546712
Tanzania,TZA,IT.CEL.SETS.P2,2020,84.0050558283384
Tanzania,TZA,GOV_WGI_PV_EST,2020,-0.6629379
Tanzania,TZA,GOV_WGI_RL_EST,2020,-0.565190299999999
Tanzania,TZA,SE.TER.ENRR,2020,7.18188265775187
Tanzania,TZA,IP.JRN.ARTC.SC,2020,915.83
Thailand,THA,GOV_WGI_CC_EST,2020,-0.3820186
Thailand,THA,IT.NET.BBND.P2,2020,16.021813562656
Thailand,THA,NY.GDP.PCAP.PP.CD,2020,19163.74151523488
Thailand,THA,TX.VAL.TECH.MF.ZS,2020,27.64764726425959
Thailand,THA,IT.CEL.SETS.P2,2020,162.327737376294
Thailand,THA,GOV_WGI_PV_EST,2020,-0.7333386
Thailand,THA,GOV_WGI_RL_EST,2020,-0.2036855
Thailand,THA,SE.TER.ENRR,2020,42.5900878816865
Thailand,THA,IP.JRN.ARTC.SC,2020,13335.96
Timor-Leste,TLS,GOV_WGI_CC_EST,2020,-0.424278699999999
Timor-Leste,TLS,IT.NET.BBND.P2,2020,0.0062591766694091
Timor-Leste,TLS,NY.GDP.PCAP.PP.CD,2020,6132.082998064948
Timor-Leste,TLS,TX.VAL.TECH.MF.ZS,2020,0.0072955424235791
Timor-Leste,TLS,IT.CEL.SETS.P2,2020,103.911005065408
Timor-Leste,TLS,GOV_WGI_PV_EST,2020,0.2673205
Timor-Leste,TLS,GOV_WGI_RL_EST,2020,-0.748894899999999
Timor-Leste,TLS,SE.TER.ENRR,2020,
Timor-Leste,TLS,IP.JRN.ARTC.SC,2020,10.88
Togo,TGO,GOV_WGI_CC_EST,2020,-0.644805899999999
Togo,TGO,IT.NET.BBND.P2,2020,0.607931974735055
Togo,TGO,NY.GDP.PCAP.PP.CD,2020,2384.0664545182667
Togo,TGO,TX.VAL.TECH.MF.ZS,2020,0.2379302037427752
Togo,TGO,IT.CEL.SETS.P2,2020,75.164019137873
Togo,TGO,GOV_WGI_PV_EST,2020,-0.8075061
Togo,TGO,GOV_WGI_RL_EST,2020,-0.6160719
Togo,TGO,SE.TER.ENRR,2020,14.9029897765252
Togo,TGO,IP.JRN.ARTC.SC,2020,109.88
Tonga,TON,GOV_WGI_CC_EST,2020,-0.2816956
Tonga,TON,IT.NET.BBND.P2,2020,4.73018996442897
Tonga,TON,NY.GDP.PCAP.PP.CD,2020,6675.603049871098
Tonga,TON,TX.VAL.TECH.MF.ZS,2020,3.733361757016026
Tonga,TON,IT.CEL.SETS.P2,2020,58.6543555589192
Tonga,TON,GOV_WGI_PV_EST,2020,1.1156731
Tonga,TON,GOV_WGI_RL_EST,2020,0.7544798
Tonga,TON,SE.TER.ENRR,2020,21.2782986508118
Tonga,TON,IP.JRN.ARTC.SC,2020,5.9
Trinidad and Tobago,TTO,GOV_WGI_CC_EST,2020,-0.1941792
Trinidad and Tobago,TTO,IT.NET.BBND.P2,2020,25.4398983406076
Trinidad and Tobago,TTO,NY.GDP.PCAP.PP.CD,2020,26731.35564100292
Trinidad and Tobago,TTO,TX.VAL.TECH.MF.ZS,2020,0.1758632266485796
Trinidad and Tobago,TTO,IT.CEL.SETS.P2,2020,134.231180588566
Trinidad and Tobago,TTO,GOV_WGI_PV_EST,2020,0.059501
Trinidad and Tobago,TTO,GOV_WGI_RL_EST,2020,-0.1617074
Trinidad and Tobago,TTO,SE.TER.ENRR,2020,
Trinidad and Tobago,TTO,IP.JRN.ARTC.SC,2020,243.44
Tunisia,TUN,GOV_WGI_CC_EST,2020,-0.019263
Tunisia,TUN,IT.NET.BBND.P2,2020,11.1467984493476
Tunisia,TUN,NY.GDP.PCAP.PP.CD,2020,11918.066205482995
Tunisia,TUN,TX.VAL.TECH.MF.ZS,2020,7.648322244662982
Tunisia,TUN,IT.CEL.SETS.P2,2020,124.041976750236
Tunisia,TUN,GOV_WGI_PV_EST,2020,-0.4326193
Tunisia,TUN,GOV_WGI_RL_EST,2020,-0.0116452999999999
Tunisia,TUN,SE.TER.ENRR,2020,32.5181999206543
Tunisia,TUN,IP.JRN.ARTC.SC,2020,4851.93
Turkiye,TUR,GOV_WGI_CC_EST,2020,-0.3242268
Turkiye,TUR,IT.NET.BBND.P2,2020,19.4384064376386
Turkiye,TUR,NY.GDP.PCAP.PP.CD,2020,29209.330886688283
Turkiye,TUR,TX.VAL.TECH.MF.ZS,2020,3.1527701132911825
Turkiye,TUR,IT.CEL.SETS.P2,2020,95.3960853737199
Turkiye,TUR,GOV_WGI_PV_EST,2020,-1.0396051
Turkiye,TUR,GOV_WGI_RL_EST,2020,-0.709944799999999
Turkiye,TUR,SE.TER.ENRR,2020,118.883682250977
Turkiye,TUR,IP.JRN.ARTC.SC,2020,40758.58
Turkmenistan,TKM,GOV_WGI_CC_EST,2020,-1.3595471
Turkmenistan,TKM,IT.NET.BBND.P2,2020,3.40423015428109
Turkmenistan,TKM,NY.GDP.PCAP.PP.CD,2020,15090.93949717776
Turkmenistan,TKM,TX.VAL.TECH.MF.ZS,2020,
Turkmenistan,TKM,IT.CEL.SETS.P2,2020,88.7029504834018
Turkmenistan,TKM,GOV_WGI_PV_EST,2020,-0.1270103
Turkmenistan,TKM,GOV_WGI_RL_EST,2020,-1.53039329999999
Turkmenistan,TKM,SE.TER.ENRR,2020,12.4085702576356
Turkmenistan,TKM,IP.JRN.ARTC.SC,2020,6.73
Turks and Caicos Islands,TCA,GOV_WGI_CC_EST,2020,
Turks and Caicos Islands,TCA,IT.NET.BBND.P2,2020,
Turks and Caicos Islands,TCA,NY.GDP.PCAP.PP.CD,2020,19530.025407561257
Turks and Caicos Islands,TCA,TX.VAL.TECH.MF.ZS,2020,
Turks and Caicos Islands,TCA,IT.CEL.SETS.P2,2020,
Turks and Caicos Islands,TCA,GOV_WGI_PV_EST,2020,
Turks and Caicos Islands,TCA,GOV_WGI_RL_EST,2020,
Turks and Caicos Islands,TCA,SE.TER.ENRR,2020,
Turks and Caicos Islands,TCA,IP.JRN.ARTC.SC,2020,
Tuvalu,TUV,GOV_WGI_CC_EST,2020,0.2051999
Tuvalu,TUV,IT.NET.BBND.P2,2020,
Tuvalu,TUV,NY.GDP.PCAP.PP.CD,2020,5122.198279846984
Tuvalu,TUV,TX.VAL.TECH.MF.ZS,2020,
Tuvalu,TUV,IT.CEL.SETS.P2,2020,86.5467833445524
Tuvalu,TUV,GOV_WGI_PV_EST,2020,1.234863
Tuvalu,TUV,GOV_WGI_RL_EST,2020,0.9463084
Tuvalu,TUV,SE.TER.ENRR,2020,
Tuvalu,TUV,IP.JRN.ARTC.SC,2020,0.39
Uganda,UGA,GOV_WGI_CC_EST,2020,-0.936142199999999
Uganda,UGA,IT.NET.BBND.P2,2020,0.077818750062982
Uganda,UGA,NY.GDP.PCAP.PP.CD,2020,2532.219501020688
Uganda,UGA,TX.VAL.TECH.MF.ZS,2020,2.1028720292943825
Uganda,UGA,IT.CEL.SETS.P2,2020,62.2824129624858
Uganda,UGA,GOV_WGI_PV_EST,2020,-0.842814499999999
Uganda,UGA,GOV_WGI_RL_EST,2020,-0.690221499999999
Uganda,UGA,SE.TER.ENRR,2020,
Uganda,UGA,IP.JRN.ARTC.SC,2020,926.63
Ukraine,UKR,GOV_WGI_CC_EST,2020,-0.830952599999999
Ukraine,UKR,IT.NET.BBND.P2,2020,18.617022844321
Ukraine,UKR,NY.GDP.PCAP.PP.CD,2020,15541.02734375
Ukraine,UKR,TX.VAL.TECH.MF.ZS,2020,5.852393844952258
Ukraine,UKR,IT.CEL.SETS.P2,2020,129.341230786476
Ukraine,UKR,GOV_WGI_PV_EST,2020,-0.9599236
Ukraine,UKR,GOV_WGI_RL_EST,2020,-0.5670134
Ukraine,UKR,SE.TER.ENRR,2020,82.1345992180731
Ukraine,UKR,IP.JRN.ARTC.SC,2020,15062.95
United Arab Emirates,ARE,GOV_WGI_CC_EST,2020,1.0614313
United Arab Emirates,ARE,IT.NET.BBND.P2,2020,34.345290333178
United Arab Emirates,ARE,NY.GDP.PCAP.PP.CD,2020,66790.68226647544
United Arab Emirates,ARE,TX.VAL.TECH.MF.ZS,2020,5.377044928265526
United Arab Emirates,ARE,IT.CEL.SETS.P2,2020,194.467749671801
United Arab Emirates,ARE,GOV_WGI_PV_EST,2020,0.826942
United Arab Emirates,ARE,GOV_WGI_RL_EST,2020,0.3974987
United Arab Emirates,ARE,SE.TER.ENRR,2020,54.9746998074699
United Arab Emirates,ARE,IP.JRN.ARTC.SC,2020,4394.25
United Kingdom,GBR,GOV_WGI_CC_EST,2020,1.7210258
United Kingdom,GBR,IT.NET.BBND.P2,2020,40.5775246507294
United Kingdom,GBR,NY.GDP.PCAP.PP.CD,2020,48230.04770274613
United Kingdom,GBR,TX.VAL.TECH.MF.ZS,2020,23.00736049907073
United Kingdom,GBR,IT.CEL.SETS.P2,2020,117.304850715261
United Kingdom,GBR,GOV_WGI_PV_EST,2020,0.5102213
United Kingdom,GBR,GOV_WGI_RL_EST,2020,1.3554927
United Kingdom,GBR,SE.TER.ENRR,2020,69.4076614379883
United Kingdom,GBR,IP.JRN.ARTC.SC,2020,103341.82
United States,USA,GOV_WGI_CC_EST,2020,1.124297
United States,USA,IT.NET.BBND.P2,2020,35.7156999293054
United States,USA,NY.GDP.PCAP.PP.CD,2020,64401.50743542087
United States,USA,TX.VAL.TECH.MF.ZS,2020,19.49397616094524
United States,USA,IT.CEL.SETS.P2,2020,103.855170008567
United States,USA,GOV_WGI_PV_EST,2020,-0.146807
United States,USA,GOV_WGI_RL_EST,2020,1.0043814
United States,USA,SE.TER.ENRR,2020,87.5676574707031
United States,USA,IP.JRN.ARTC.SC,2020,453889.89
Uruguay,URY,GOV_WGI_CC_EST,2020,1.5144744
Uruguay,URY,IT.NET.BBND.P2,2020,31.2948224284548
Uruguay,URY,NY.GDP.PCAP.PP.CD,2020,25725.258216941977
Uruguay,URY,TX.VAL.TECH.MF.ZS,2020,9.802503203659697
Uruguay,URY,IT.CEL.SETS.P2,2020,133.90170192835
Uruguay,URY,GOV_WGI_PV_EST,2020,1.1512208
Uruguay,URY,GOV_WGI_RL_EST,2020,0.8853539
Uruguay,URY,SE.TER.ENRR,2020,64.9332150107214
Uruguay,URY,IP.JRN.ARTC.SC,2020,961.47
Uzbekistan,UZB,GOV_WGI_CC_EST,2020,-0.835694199999999
Uzbekistan,UZB,IT.NET.BBND.P2,2020,15.8070422134311
Uzbekistan,UZB,NY.GDP.PCAP.PP.CD,2020,8451.725051081145
Uzbekistan,UZB,TX.VAL.TECH.MF.ZS,2020,1.3049078266424607
Uzbekistan,UZB,IT.CEL.SETS.P2,2020,99.4063901870675
Uzbekistan,UZB,GOV_WGI_PV_EST,2020,-0.3614058
Uzbekistan,UZB,GOV_WGI_RL_EST,2020,-0.912569899999999
Uzbekistan,UZB,SE.TER.ENRR,2020,15.9720957084892
Uzbekistan,UZB,IP.JRN.ARTC.SC,2020,1101.71
Vanuatu,VUT,GOV_WGI_CC_EST,2020,-0.0267151
Vanuatu,VUT,IT.NET.BBND.P2,2020,0.931880692502794
Vanuatu,VUT,NY.GDP.PCAP.PP.CD,2020,3117.6442529203755
Vanuatu,VUT,TX.VAL.TECH.MF.ZS,2020,
Vanuatu,VUT,IT.CEL.SETS.P2,2020,82.3909682859418
Vanuatu,VUT,GOV_WGI_PV_EST,2020,0.9435444
Vanuatu,VUT,GOV_WGI_RL_EST,2020,0.5488283
Vanuatu,VUT,SE.TER.ENRR,2020,
Vanuatu,VUT,IP.JRN.ARTC.SC,2020,11.29
"Venezuela, RB",VEN,GOV_WGI_CC_EST,2020,-1.57832329999999
"Venezuela, RB",VEN,IT.NET.BBND.P2,2020,9.00606477756336
"Venezuela, RB",VEN,NY.GDP.PCAP.PP.CD,2020,
"Venezuela, RB",VEN,TX.VAL.TECH.MF.ZS,2020,
"Venezuela, RB",VEN,IT.CEL.SETS.P2,2020,58.1625657953324
"Venezuela, RB",VEN,GOV_WGI_PV_EST,2020,-1.4257071
"Venezuela, RB",VEN,GOV_WGI_RL_EST,2020,-2.3520631
"Venezuela, RB",VEN,SE.TER.ENRR,2020,
"Venezuela, RB",VEN,IP.JRN.ARTC.SC,2020,711.85
Viet Nam,VNM,GOV_WGI_CC_EST,2020,-0.3131812
Viet Nam,VNM,IT.NET.BBND.P2,2020,17.0262915402718
Viet Nam,VNM,NY.GDP.PCAP.PP.CD,2020,11609.31772764233
Viet Nam,VNM,TX.VAL.TECH.MF.ZS,2020,41.74010404211885
Viet Nam,VNM,IT.CEL.SETS.P2,2020,141.655558720912
Viet Nam,VNM,GOV_WGI_PV_EST,2020,0.1302346
Viet Nam,VNM,GOV_WGI_RL_EST,2020,-0.3016754
Viet Nam,VNM,SE.TER.ENRR,2020,
Viet Nam,VNM,IP.JRN.ARTC.SC,2020,7751.05
Virgin Islands (U.S.),VIR,GOV_WGI_CC_EST,2020,-0.0682938999999999
Virgin Islands (U.S.),VIR,IT.NET.BBND.P2,2020,
Virgin Islands (U.S.),VIR,NY.GDP.PCAP.PP.CD,2020,41749.080036455336
Virgin Islands (U.S.),VIR,TX.VAL.TECH.MF.ZS,2020,
Virgin Islands (U.S.),VIR,IT.CEL.SETS.P2,2020,91.2127880328822
Virgin Islands (U.S.),VIR,GOV_WGI_PV_EST,2020,0.9766825
Virgin Islands (U.S.),VIR,GOV_WGI_RL_EST,2020,0.8753325
Virgin Islands (U.S.),VIR,SE.TER.ENRR,2020,
Virgin Islands (U.S.),VIR,IP.JRN.ARTC.SC,2020,
West Bank and Gaza,PSE,GOV_WGI_CC_EST,2020,-0.5368921
West Bank and Gaza,PSE,IT.NET.BBND.P2,2020,7.43459365973318
West Bank and Gaza,PSE,NY.GDP.PCAP.PP.CD,2020,5956.2862006481855
West Bank and Gaza,PSE,TX.VAL.TECH.MF.ZS,2020,1.6974732259956846
West Bank and Gaza,PSE,IT.CEL.SETS.P2,2020,80.1297988122355
West Bank and Gaza,PSE,GOV_WGI_PV_EST,2020,-1.7401966
West Bank and Gaza,PSE,GOV_WGI_RL_EST,2020,-0.884182199999999
West Bank and Gaza,PSE,SE.TER.ENRR,2020,45.3895360497376
West Bank and Gaza,PSE,IP.JRN.ARTC.SC,2020,508.45
"Yemen, Rep.",YEM,GOV_WGI_CC_EST,2020,-1.59971739999999
"Yemen, Rep.",YEM,IT.NET.BBND.P2,2020,1.08205751326634
"Yemen, Rep.",YEM,NY.GDP.PCAP.PP.CD,2020,
"Yemen, Rep.",YEM,TX.VAL.TECH.MF.ZS,2020,
"Yemen, Rep.",YEM,IT.CEL.SETS.P2,2020,42.0037568704771
"Yemen, Rep.",YEM,GOV_WGI_PV_EST,2020,-2.65635899999999
"Yemen, Rep.",YEM,GOV_WGI_RL_EST,2020,-1.82232929999999
"Yemen, Rep.",YEM,SE.TER.ENRR,2020,
"Yemen, Rep.",YEM,IP.JRN.ARTC.SC,2020,264.59
Zambia,ZMB,GOV_WGI_CC_EST,2020,-0.6050749
Zambia,ZMB,IT.NET.BBND.P2,2020,0.431897234933218
Zambia,ZMB,NY.GDP.PCAP.PP.CD,2020,3157.300093116429
Zambia,ZMB,TX.VAL.TECH.MF.ZS,2020,1.361262327555705
Zambia,ZMB,IT.CEL.SETS.P2,2020,100.235122888213
Zambia,ZMB,GOV_WGI_PV_EST,2020,-0.3679359
Zambia,ZMB,GOV_WGI_RL_EST,2020,-0.6567755
Zambia,ZMB,SE.TER.ENRR,2020,
Zambia,ZMB,IP.JRN.ARTC.SC,2020,268.45
Zimbabwe,ZWE,GOV_WGI_CC_EST,2020,-1.1729479
Zimbabwe,ZWE,IT.NET.BBND.P2,2020,1.31037848666133
Zimbabwe,ZWE,NY.GDP.PCAP.PP.CD,2020,4178.585579438281
Zimbabwe,ZWE,TX.VAL.TECH.MF.ZS,2020,2.3838675838292125
Zimbabwe,ZWE,IT.CEL.SETS.P2,2020,84.9604118996672
Zimbabwe,ZWE,GOV_WGI_PV_EST,2020,-1.0459616
Zimbabwe,ZWE,GOV_WGI_RL_EST,2020,-1.24233859999999
Zimbabwe,ZWE,SE.TER.ENRR,2020,
Zimbabwe,ZWE,IP.JRN.ARTC.SC,2020,456.09
Afghanistan,AFG,GOV_WGI_CC_EST,2021,-1.22202489999999
Afghanistan,AFG,IT.NET.BBND.P2,2021,0.066424315829547
Afghanistan,AFG,NY.GDP.PCAP.PP.CD,2021,2144.166570028188
Afghanistan,AFG,TX.VAL.TECH.MF.ZS,2021,
Afghanistan,AFG,IT.CEL.SETS.P2,2021,56.6944760468967
Afghanistan,AFG,GOV_WGI_PV_EST,2021,-2.4506389
Afghanistan,AFG,GOV_WGI_RL_EST,2021,-1.7202682
Afghanistan,AFG,SE.TER.ENRR,2021,
Afghanistan,AFG,IP.JRN.ARTC.SC,2021,168.21
Albania,ALB,GOV_WGI_CC_EST,2021,-0.60203
Albania,ALB,IT.NET.BBND.P2,2021,19.6303737145283
Albania,ALB,NY.GDP.PCAP.PP.CD,2021,18212.87024666862
Albania,ALB,TX.VAL.TECH.MF.ZS,2021,0.4195099889772987
Albania,ALB,IT.CEL.SETS.P2,2021,92.4843357131703
Albania,ALB,GOV_WGI_PV_EST,2021,0.0239536
Albania,ALB,GOV_WGI_RL_EST,2021,-0.2015586
Albania,ALB,SE.TER.ENRR,2021,59.9698690125562
Albania,ALB,IP.JRN.ARTC.SC,2021,255.02
Algeria,DZA,GOV_WGI_CC_EST,2021,-0.6509952
Algeria,DZA,IT.NET.BBND.P2,2021,9.33184191925225
Algeria,DZA,NY.GDP.PCAP.PP.CD,2021,14496.865469729872
Algeria,DZA,TX.VAL.TECH.MF.ZS,2021,
Algeria,DZA,IT.CEL.SETS.P2,2021,105.037092587919
Algeria,DZA,GOV_WGI_PV_EST,2021,-0.9009933
Algeria,DZA,GOV_WGI_RL_EST,2021,-0.7553319
Algeria,DZA,SE.TER.ENRR,2021,54.2222597146723
Algeria,DZA,IP.JRN.ARTC.SC,2021,6650.05
American Samoa,ASM,GOV_WGI_CC_EST,2021,1.1772281
American Samoa,ASM,IT.NET.BBND.P2,2021,
American Samoa,ASM,NY.GDP.PCAP.PP.CD,2021,
American Samoa,ASM,TX.VAL.TECH.MF.ZS,2021,
American Samoa,ASM,IT.CEL.SETS.P2,2021,
American Samoa,ASM,GOV_WGI_PV_EST,2021,1.2442687
American Samoa,ASM,GOV_WGI_RL_EST,2021,1.1954792
American Samoa,ASM,SE.TER.ENRR,2021,
American Samoa,ASM,IP.JRN.ARTC.SC,2021,
Andorra,AND,GOV_WGI_CC_EST,2021,
Andorra,AND,IT.NET.BBND.P2,2021,50.2769128681537
Andorra,AND,NY.GDP.PCAP.PP.CD,2021,59332.20291001272
Andorra,AND,TX.VAL.TECH.MF.ZS,2021,24.380676250865427
Andorra,AND,IT.CEL.SETS.P2,2021,119.687611658415
Andorra,AND,GOV_WGI_PV_EST,2021,
Andorra,AND,GOV_WGI_RL_EST,2021,
Andorra,AND,SE.TER.ENRR,2021,15.4117647058823
Andorra,AND,IP.JRN.ARTC.SC,2021,8.52
Angola,AGO,GOV_WGI_CC_EST,2021,-0.6416506
Angola,AGO,IT.NET.BBND.P2,2021,0.39092529517689
Angola,AGO,NY.GDP.PCAP.PP.CD,2021,8862.281333145209
Angola,AGO,TX.VAL.TECH.MF.ZS,2021,16.12695404361047
Angola,AGO,IT.CEL.SETS.P2,2021,44.3868689341257
Angola,AGO,GOV_WGI_PV_EST,2021,-0.7936068
Angola,AGO,GOV_WGI_RL_EST,2021,-1.0980135
Angola,AGO,SE.TER.ENRR,2021,
Angola,AGO,IP.JRN.ARTC.SC,2021,40.17
Antigua and Barbuda,ATG,GOV_WGI_CC_EST,2021,0.181489
Antigua and Barbuda,ATG,IT.NET.BBND.P2,2021,8.66279006811119
Antigua and Barbuda,ATG,NY.GDP.PCAP.PP.CD,2021,25745.495806774616
Antigua and Barbuda,ATG,TX.VAL.TECH.MF.ZS,2021,0.0
Antigua and Barbuda,ATG,IT.CEL.SETS.P2,2021,199.244171566557
Antigua and Barbuda,ATG,GOV_WGI_PV_EST,2021,0.9147636
Antigua and Barbuda,ATG,GOV_WGI_RL_EST,2021,0.5666971
Antigua and Barbuda,ATG,SE.TER.ENRR,2021,
Antigua and Barbuda,ATG,IP.JRN.ARTC.SC,2021,6.09
Argentina,ARG,GOV_WGI_CC_EST,2021,-0.3273298
Argentina,ARG,IT.NET.BBND.P2,2021,23.1500020932515
Argentina,ARG,NY.GDP.PCAP.PP.CD,2021,26300.274261175044
Argentina,ARG,TX.VAL.TECH.MF.ZS,2021,4.422891392643118
Argentina,ARG,IT.CEL.SETS.P2,2021,130.352799939601
Argentina,ARG,GOV_WGI_PV_EST,2021,0.0921998
Argentina,ARG,GOV_WGI_RL_EST,2021,-0.303899
Argentina,ARG,SE.TER.ENRR,2021,107.219557633976
Argentina,ARG,IP.JRN.ARTC.SC,2021,9943.87
Armenia,ARM,GOV_WGI_CC_EST,2021,0.0558398
Armenia,ARM,IT.NET.BBND.P2,2021,16.2565945813558
Armenia,ARM,NY.GDP.PCAP.PP.CD,2021,15921.705281964018
Armenia,ARM,TX.VAL.TECH.MF.ZS,2021,5.956719936847862
Armenia,ARM,IT.CEL.SETS.P2,2021,125.395134877327
Armenia,ARM,GOV_WGI_PV_EST,2021,-0.5019
Armenia,ARM,GOV_WGI_RL_EST,2021,-0.1028405
Armenia,ARM,SE.TER.ENRR,2021,56.6235144830279
Armenia,ARM,IP.JRN.ARTC.SC,2021,565.63
Aruba,ABW,GOV_WGI_CC_EST,2021,0.8692192
Aruba,ABW,IT.NET.BBND.P2,2021,17.664887781476
Aruba,ABW,NY.GDP.PCAP.PP.CD,2021,35104.78680353744
Aruba,ABW,TX.VAL.TECH.MF.ZS,2021,4.817053302546841
Aruba,ABW,IT.CEL.SETS.P2,2021,131.09206195727
Aruba,ABW,GOV_WGI_PV_EST,2021,1.3328137
Aruba,ABW,GOV_WGI_RL_EST,2021,1.2183341
Aruba,ABW,SE.TER.ENRR,2021,
Aruba,ABW,IP.JRN.ARTC.SC,2021,
Australia,AUS,GOV_WGI_CC_EST,2021,1.6770561
Australia,AUS,IT.NET.BBND.P2,2021,35.8359861455454
Australia,AUS,NY.GDP.PCAP.PP.CD,2021,58327.41468423248
Australia,AUS,TX.VAL.TECH.MF.ZS,2021,22.39407660085994
Australia,AUS,IT.CEL.SETS.P2,2021,105.118514623956
Australia,AUS,GOV_WGI_PV_EST,2021,0.8536507
Australia,AUS,GOV_WGI_RL_EST,2021,1.5701838
Australia,AUS,SE.TER.ENRR,2021,112.688293457031
Australia,AUS,IP.JRN.ARTC.SC,2021,60308.46
Austria,AUT,GOV_WGI_CC_EST,2021,1.3601171
Austria,AUT,IT.NET.BBND.P2,2021,29.2537339731419
Austria,AUT,NY.GDP.PCAP.PP.CD,2021,62968.942231189205
Austria,AUT,TX.VAL.TECH.MF.ZS,2021,11.017122140568004
Austria,AUT,IT.CEL.SETS.P2,2021,121.357731973824
Austria,AUT,GOV_WGI_PV_EST,2021,0.7543747
Austria,AUT,GOV_WGI_RL_EST,2021,1.7167011
Austria,AUT,SE.TER.ENRR,2021,93.940071105957
Austria,AUT,IP.JRN.ARTC.SC,2021,14370.95
Azerbaijan,AZE,GOV_WGI_CC_EST,2021,-0.775813299999999
Azerbaijan,AZE,IT.NET.BBND.P2,2021,20.0856994533421
Azerbaijan,AZE,NY.GDP.PCAP.PP.CD,2021,20111.37569521088
Azerbaijan,AZE,TX.VAL.TECH.MF.ZS,2021,2.097104231471289
Azerbaijan,AZE,IT.CEL.SETS.P2,2021,105.693559477177
Azerbaijan,AZE,GOV_WGI_PV_EST,2021,-0.4888287
Azerbaijan,AZE,GOV_WGI_RL_EST,2021,-0.608585199999999
Azerbaijan,AZE,SE.TER.ENRR,2021,39.0095977224788
Azerbaijan,AZE,IP.JRN.ARTC.SC,2021,1021.54
"Bahamas, The",BHS,GOV_WGI_CC_EST,2021,1.2282597
"Bahamas, The",BHS,IT.NET.BBND.P2,2021,20.7423310871326
"Bahamas, The",BHS,NY.GDP.PCAP.PP.CD,2021,31064.68221661941
"Bahamas, The",BHS,TX.VAL.TECH.MF.ZS,2021,0.2611999658182343
"Bahamas, The",BHS,IT.CEL.SETS.P2,2021,100.257333370336
"Bahamas, The",BHS,GOV_WGI_PV_EST,2021,0.7434332
"Bahamas, The",BHS,GOV_WGI_RL_EST,2021,0.3484926
"Bahamas, The",BHS,SE.TER.ENRR,2021,
"Bahamas, The",BHS,IP.JRN.ARTC.SC,2021,22.93
Bahrain,BHR,GOV_WGI_CC_EST,2021,0.210097
Bahrain,BHR,IT.NET.BBND.P2,2021,16.5057891919103
Bahrain,BHR,NY.GDP.PCAP.PP.CD,2021,54954.67578955323
Bahrain,BHR,TX.VAL.TECH.MF.ZS,2021,0.5905900434456504
Bahrain,BHR,IT.CEL.SETS.P2,2021,128.078912532195
Bahrain,BHR,GOV_WGI_PV_EST,2021,-0.5041164
Bahrain,BHR,GOV_WGI_RL_EST,2021,0.0190676
Bahrain,BHR,SE.TER.ENRR,2021,47.5015525503536
Bahrain,BHR,IP.JRN.ARTC.SC,2021,665.36
Bangladesh,BGD,GOV_WGI_CC_EST,2021,-1.0928915
Bangladesh,BGD,IT.NET.BBND.P2,2021,6.64246518111116
Bangladesh,BGD,NY.GDP.PCAP.PP.CD,2021,7441.069139612541
Bangladesh,BGD,TX.VAL.TECH.MF.ZS,2021,
Bangladesh,BGD,IT.CEL.SETS.P2,2021,110.012054001037
Bangladesh,BGD,GOV_WGI_PV_EST,2021,-1.0535518
Bangladesh,BGD,GOV_WGI_RL_EST,2021,-0.974914899999999
Bangladesh,BGD,SE.TER.ENRR,2021,23.9006822335243
Bangladesh,BGD,IP.JRN.ARTC.SC,2021,7463.57
Barbados,BRB,GOV_WGI_CC_EST,2021,1.1946829
Barbados,BRB,IT.NET.BBND.P2,2021,36.3512637029634
Barbados,BRB,NY.GDP.PCAP.PP.CD,2021,17682.73145374831
Barbados,BRB,TX.VAL.TECH.MF.ZS,2021,17.15596635281923
Barbados,BRB,IT.CEL.SETS.P2,2021,112.222706603295
Barbados,BRB,GOV_WGI_PV_EST,2021,1.0845669
Barbados,BRB,GOV_WGI_RL_EST,2021,0.7010659
Barbados,BRB,SE.TER.ENRR,2021,54.672
Barbados,BRB,IP.JRN.ARTC.SC,2021,57.51
Belarus,BLR,GOV_WGI_CC_EST,2021,-0.2062736
Belarus,BLR,IT.NET.BBND.P2,2021,35.0097634241001
Belarus,BLR,NY.GDP.PCAP.PP.CD,2021,27611.180113515707
Belarus,BLR,TX.VAL.TECH.MF.ZS,2021,6.015768463598526
Belarus,BLR,IT.CEL.SETS.P2,2021,127.117317282369
Belarus,BLR,GOV_WGI_PV_EST,2021,-0.616372399999999
Belarus,BLR,GOV_WGI_RL_EST,2021,-1.0672559
Belarus,BLR,SE.TER.ENRR,2021,78.6027133367864
Belarus,BLR,IP.JRN.ARTC.SC,2021,1600.37
Belgium,BEL,GOV_WGI_CC_EST,2021,1.5502151
Belgium,BEL,IT.NET.BBND.P2,2021,43.0218054966431
Belgium,BEL,NY.GDP.PCAP.PP.CD,2021,60669.21377465312
Belgium,BEL,TX.VAL.TECH.MF.ZS,2021,21.37996387637373
Belgium,BEL,IT.CEL.SETS.P2,2021,101.462935633736
Belgium,BEL,GOV_WGI_PV_EST,2021,0.461917
Belgium,BEL,GOV_WGI_RL_EST,2021,1.4052126
Belgium,BEL,SE.TER.ENRR,2021,82.6882019042969
Belgium,BEL,IP.JRN.ARTC.SC,2021,17845.94
Belize,BLZ,GOV_WGI_CC_EST,2021,-0.0899104999999999
Belize,BLZ,IT.NET.BBND.P2,2021,9.10594770150703
Belize,BLZ,NY.GDP.PCAP.PP.CD,2021,11716.326781865551
Belize,BLZ,TX.VAL.TECH.MF.ZS,2021,0.1916399093921313
Belize,BLZ,IT.CEL.SETS.P2,2021,66.7769498110516
Belize,BLZ,GOV_WGI_PV_EST,2021,0.3568757
Belize,BLZ,GOV_WGI_RL_EST,2021,-0.527655099999999
Belize,BLZ,SE.TER.ENRR,2021,23.6813942822198
Belize,BLZ,IP.JRN.ARTC.SC,2021,11.93
Benin,BEN,GOV_WGI_CC_EST,2021,-0.1642663
Benin,BEN,IT.NET.BBND.P2,2021,0.154166533404575
Benin,BEN,NY.GDP.PCAP.PP.CD,2021,3464.2886286745
Benin,BEN,TX.VAL.TECH.MF.ZS,2021,2.6984468993049537
Benin,BEN,IT.CEL.SETS.P2,2021,94.9182598289459
Benin,BEN,GOV_WGI_PV_EST,2021,-0.4106645
Benin,BEN,GOV_WGI_RL_EST,2021,-0.3852134
Benin,BEN,SE.TER.ENRR,2021,9.82796955108643
Benin,BEN,IP.JRN.ARTC.SC,2021,402.31
Bermuda,BMU,GOV_WGI_CC_EST,2021,1.1772281
Bermuda,BMU,IT.NET.BBND.P2,2021,35.5772800395991
Bermuda,BMU,NY.GDP.PCAP.PP.CD,2021,92319.67148612188
Bermuda,BMU,TX.VAL.TECH.MF.ZS,2021,8.074360496583553
Bermuda,BMU,IT.CEL.SETS.P2,2021,105.185001856206
Bermuda,BMU,GOV_WGI_PV_EST,2021,0.974511
Bermuda,BMU,GOV_WGI_RL_EST,2021,0.6399761
Bermuda,BMU,SE.TER.ENRR,2021,
Bermuda,BMU,IP.JRN.ARTC.SC,2021,
Bhutan,BTN,GOV_WGI_CC_EST,2021,1.3198694
Bhutan,BTN,IT.NET.BBND.P2,2021,0.364566273170656
Bhutan,BTN,NY.GDP.PCAP.PP.CD,2021,13458.812666742975
Bhutan,BTN,TX.VAL.TECH.MF.ZS,2021,
Bhutan,BTN,IT.CEL.SETS.P2,2021,100.330908049861
Bhutan,BTN,GOV_WGI_PV_EST,2021,0.9391838
Bhutan,BTN,GOV_WGI_RL_EST,2021,0.6782878
Bhutan,BTN,SE.TER.ENRR,2021,14.7382447141292
Bhutan,BTN,IP.JRN.ARTC.SC,2021,106.33
Bolivia,BOL,GOV_WGI_CC_EST,2021,-0.9489015
Bolivia,BOL,IT.NET.BBND.P2,2021,9.44574009663778
Bolivia,BOL,NY.GDP.PCAP.PP.CD,2021,11202.440983670713
Bolivia,BOL,TX.VAL.TECH.MF.ZS,2021,4.548883143171252
Bolivia,BOL,IT.CEL.SETS.P2,2021,100.809064985893
Bolivia,BOL,GOV_WGI_PV_EST,2021,-0.2859636
Bolivia,BOL,GOV_WGI_RL_EST,2021,-1.1101906
Bolivia,BOL,SE.TER.ENRR,2021,
Bolivia,BOL,IP.JRN.ARTC.SC,2021,161.62
Bosnia and Herzegovina,BIH,GOV_WGI_CC_EST,2021,-0.6690056
Bosnia and Herzegovina,BIH,IT.NET.BBND.P2,2021,24.5890868366952
Bosnia and Herzegovina,BIH,NY.GDP.PCAP.PP.CD,2021,18286.73733242331
Bosnia and Herzegovina,BIH,TX.VAL.TECH.MF.ZS,2021,5.316222002422011
Bosnia and Herzegovina,BIH,IT.CEL.SETS.P2,2021,114.911613799718
Bosnia and Herzegovina,BIH,GOV_WGI_PV_EST,2021,-0.310701599999999
Bosnia and Herzegovina,BIH,GOV_WGI_RL_EST,2021,-0.3074514
Bosnia and Herzegovina,BIH,SE.TER.ENRR,2021,45.0589485168457
Bosnia and Herzegovina,BIH,IP.JRN.ARTC.SC,2021,1091.63
Botswana,BWA,GOV_WGI_CC_EST,2021,0.7018975
Botswana,BWA,IT.NET.BBND.P2,2021,5.5483769953124
Botswana,BWA,NY.GDP.PCAP.PP.CD,2021,17960.625444743728
Botswana,BWA,TX.VAL.TECH.MF.ZS,2021,0.3307859414532644
Botswana,BWA,IT.CEL.SETS.P2,2021,173.25235140068
Botswana,BWA,GOV_WGI_PV_EST,2021,1.0572186
Botswana,BWA,GOV_WGI_RL_EST,2021,0.3719933
Botswana,BWA,SE.TER.ENRR,2021,21.2032904951187
Botswana,BWA,IP.JRN.ARTC.SC,2021,377.36
Brazil,BRA,GOV_WGI_CC_EST,2021,-0.404589
Brazil,BRA,IT.NET.BBND.P2,2021,19.8363162401481
Brazil,BRA,NY.GDP.PCAP.PP.CD,2021,18075.70600487568
Brazil,BRA,TX.VAL.TECH.MF.ZS,2021,9.00155420026002
Brazil,BRA,IT.CEL.SETS.P2,2021,104.824727184587
Brazil,BRA,GOV_WGI_PV_EST,2021,-0.3922756
Brazil,BRA,GOV_WGI_RL_EST,2021,-0.4091435
Brazil,BRA,SE.TER.ENRR,2021,57.6311988830566
Brazil,BRA,IP.JRN.ARTC.SC,2021,69590.64
British Virgin Islands,VGB,GOV_WGI_CC_EST,2021,
British Virgin Islands,VGB,IT.NET.BBND.P2,2021,20.8865614007247
British Virgin Islands,VGB,NY.GDP.PCAP.PP.CD,2021,
British Virgin Islands,VGB,TX.VAL.TECH.MF.ZS,2021,
British Virgin Islands,VGB,IT.CEL.SETS.P2,2021,99.5556613504721
British Virgin Islands,VGB,GOV_WGI_PV_EST,2021,
British Virgin Islands,VGB,GOV_WGI_RL_EST,2021,
British Virgin Islands,VGB,SE.TER.ENRR,2021,30.3667262969589
British Virgin Islands,VGB,IP.JRN.ARTC.SC,2021,
Brunei Darussalam,BRN,GOV_WGI_CC_EST,2021,1.1827999
Brunei Darussalam,BRN,IT.NET.BBND.P2,2021,17.580984722871
Brunei Darussalam,BRN,NY.GDP.PCAP.PP.CD,2021,78248.797127611
Brunei Darussalam,BRN,TX.VAL.TECH.MF.ZS,2021,1.3609175851410775
Brunei Darussalam,BRN,IT.CEL.SETS.P2,2021,133.597065445264
Brunei Darussalam,BRN,GOV_WGI_PV_EST,2021,1.1632013
Brunei Darussalam,BRN,GOV_WGI_RL_EST,2021,0.5616354
Brunei Darussalam,BRN,SE.TER.ENRR,2021,27.4258937503291
Brunei Darussalam,BRN,IP.JRN.ARTC.SC,2021,302.38
Bulgaria,BGR,GOV_WGI_CC_EST,2021,-0.2260611
Bulgaria,BGR,IT.NET.BBND.P2,2021,32.7688420838347
Bulgaria,BGR,NY.GDP.PCAP.PP.CD,2021,30959.111845980715
Bulgaria,BGR,TX.VAL.TECH.MF.ZS,2021,10.924473573821324
Bulgaria,BGR,IT.CEL.SETS.P2,2021,114.911988483727
Bulgaria,BGR,GOV_WGI_PV_EST,2021,0.4063981
Bulgaria,BGR,GOV_WGI_RL_EST,2021,-0.0377457
Bulgaria,BGR,SE.TER.ENRR,2021,85.3017501831055
Bulgaria,BGR,IP.JRN.ARTC.SC,2021,4748.48
Burkina Faso,BFA,GOV_WGI_CC_EST,2021,-0.2024751
Burkina Faso,BFA,IT.NET.BBND.P2,2021,0.0740660150924452
Burkina Faso,BFA,NY.GDP.PCAP.PP.CD,2021,2486.4309314776174
Burkina Faso,BFA,TX.VAL.TECH.MF.ZS,2021,2.256539167833058
Burkina Faso,BFA,IT.CEL.SETS.P2,2021,112.198419449151
Burkina Faso,BFA,GOV_WGI_PV_EST,2021,-1.5801637
Burkina Faso,BFA,GOV_WGI_RL_EST,2021,-0.401084599999999
Burkina Faso,BFA,SE.TER.ENRR,2021,9.30513098594236
Burkina Faso,BFA,IP.JRN.ARTC.SC,2021,357.04
Burundi,BDI,GOV_WGI_CC_EST,2021,-1.390618
Burundi,BDI,IT.NET.BBND.P2,2021,0.0304886490520483
Burundi,BDI,NY.GDP.PCAP.PP.CD,2021,1035.5385738493778
Burundi,BDI,TX.VAL.TECH.MF.ZS,2021,0.250001784207837
Burundi,BDI,IT.CEL.SETS.P2,2021,59.700785493419
Burundi,BDI,GOV_WGI_PV_EST,2021,-1.37835589999999
Burundi,BDI,GOV_WGI_RL_EST,2021,-1.3122824
Burundi,BDI,SE.TER.ENRR,2021,
Burundi,BDI,IP.JRN.ARTC.SC,2021,29.42
Cabo Verde,CPV,GOV_WGI_CC_EST,2021,0.8975963
Cabo Verde,CPV,IT.NET.BBND.P2,2021,5.90962142576488
Cabo Verde,CPV,NY.GDP.PCAP.PP.CD,2021,7685.419213936686
Cabo Verde,CPV,TX.VAL.TECH.MF.ZS,2021,2.038021424785556
Cabo Verde,CPV,IT.CEL.SETS.P2,2021,114.230551109167
Cabo Verde,CPV,GOV_WGI_PV_EST,2021,0.8339009
Cabo Verde,CPV,GOV_WGI_RL_EST,2021,0.4863826
Cabo Verde,CPV,SE.TER.ENRR,2021,
Cabo Verde,CPV,IP.JRN.ARTC.SC,2021,21.08
Cambodia,KHM,GOV_WGI_CC_EST,2021,-1.0917539
Cambodia,KHM,IT.NET.BBND.P2,2021,1.98089406311481
Cambodia,KHM,NY.GDP.PCAP.PP.CD,2021,6225.532654747405
Cambodia,KHM,TX.VAL.TECH.MF.ZS,2021,2.980632793680184
Cambodia,KHM,IT.CEL.SETS.P2,2021,117.234785164989
Cambodia,KHM,GOV_WGI_PV_EST,2021,-0.1486895
Cambodia,KHM,GOV_WGI_RL_EST,2021,-1.14770479999999
Cambodia,KHM,SE.TER.ENRR,2021,13.5005634857238
Cambodia,KHM,IP.JRN.ARTC.SC,2021,153.37
Cameroon,CMR,GOV_WGI_CC_EST,2021,-1.115647
Cameroon,CMR,IT.NET.BBND.P2,2021,2.23385126289217
Cameroon,CMR,NY.GDP.PCAP.PP.CD,2021,4793.556282001956
Cameroon,CMR,TX.VAL.TECH.MF.ZS,2021,2.1512316696661284
Cameroon,CMR,IT.CEL.SETS.P2,2021,80.8081013360278
Cameroon,CMR,GOV_WGI_PV_EST,2021,-1.57868299999999
Cameroon,CMR,GOV_WGI_RL_EST,2021,-1.2194535
Cameroon,CMR,SE.TER.ENRR,2021,17.1581831920239
Cameroon,CMR,IP.JRN.ARTC.SC,2021,1323.23
Canada,CAN,GOV_WGI_CC_EST,2021,1.6156132
Canada,CAN,IT.NET.BBND.P2,2021,41.6930962576979
Canada,CAN,NY.GDP.PCAP.PP.CD,2021,56995.11767813512
Canada,CAN,TX.VAL.TECH.MF.ZS,2021,16.337628887139992
Canada,CAN,IT.CEL.SETS.P2,2021,87.4056019628826
Canada,CAN,GOV_WGI_PV_EST,2021,0.7604154
Canada,CAN,GOV_WGI_RL_EST,2021,1.5493331
Canada,CAN,SE.TER.ENRR,2021,79.7657318115234
Canada,CAN,IP.JRN.ARTC.SC,2021,68647.82
Cayman Islands,CYM,GOV_WGI_CC_EST,2021,0.6049017
Cayman Islands,CYM,IT.NET.BBND.P2,2021,45.6438637530667
Cayman Islands,CYM,NY.GDP.PCAP.PP.CD,2021,74160.4914000191
Cayman Islands,CYM,TX.VAL.TECH.MF.ZS,2021,67.76533746208843
Cayman Islands,CYM,IT.CEL.SETS.P2,2021,142.637074228333
Cayman Islands,CYM,GOV_WGI_PV_EST,2021,1.4633939
Cayman Islands,CYM,GOV_WGI_RL_EST,2021,0.8542534
Cayman Islands,CYM,SE.TER.ENRR,2021,
Cayman Islands,CYM,IP.JRN.ARTC.SC,2021,
Central African Republic,CAF,GOV_WGI_CC_EST,2021,-1.316273
Central African Republic,CAF,IT.NET.BBND.P2,2021,0.0097611549069853
Central African Republic,CAF,NY.GDP.PCAP.PP.CD,2021,1128.5523799645855
Central African Republic,CAF,TX.VAL.TECH.MF.ZS,2021,7.669124470247622
Central African Republic,CAF,IT.CEL.SETS.P2,2021,35.8169832358522
Central African Republic,CAF,GOV_WGI_PV_EST,2021,-2.1689304
Central African Republic,CAF,GOV_WGI_RL_EST,2021,-1.5476834
Central African Republic,CAF,SE.TER.ENRR,2021,
Central African Republic,CAF,IP.JRN.ARTC.SC,2021,17.31
Chad,TCD,GOV_WGI_CC_EST,2021,-1.4920803
Chad,TCD,IT.NET.BBND.P2,2021,0.0
Chad,TCD,NY.GDP.PCAP.PP.CD,2021,2435.0727465109894
Chad,TCD,TX.VAL.TECH.MF.ZS,2021,
Chad,TCD,IT.CEL.SETS.P2,2021,58.0323175441615
Chad,TCD,GOV_WGI_PV_EST,2021,-1.689273
Chad,TCD,GOV_WGI_RL_EST,2021,-1.34307209999999
Chad,TCD,SE.TER.ENRR,2021,
Chad,TCD,IP.JRN.ARTC.SC,2021,27.43
Chile,CHL,GOV_WGI_CC_EST,2021,1.1463006
Chile,CHL,IT.NET.BBND.P2,2021,22.0140443723879
Chile,CHL,NY.GDP.PCAP.PP.CD,2021,29089.85045972798
Chile,CHL,TX.VAL.TECH.MF.ZS,2021,12.441774859085578
Chile,CHL,IT.CEL.SETS.P2,2021,136.571581265001
Chile,CHL,GOV_WGI_PV_EST,2021,0.146317
Chile,CHL,GOV_WGI_RL_EST,2021,0.7564837
Chile,CHL,SE.TER.ENRR,2021,96.2227935791016
Chile,CHL,IP.JRN.ARTC.SC,2021,9319.43
China,CHN,GOV_WGI_CC_EST,2021,0.0556852
China,CHN,IT.NET.BBND.P2,2021,37.5611751315805
China,CHN,NY.GDP.PCAP.PP.CD,2021,20843.29783473765
China,CHN,TX.VAL.TECH.MF.ZS,2021,30.21907327965956
China,CHN,IT.CEL.SETS.P2,2021,121.491918368395
China,CHN,GOV_WGI_PV_EST,2021,-0.259168
China,CHN,GOV_WGI_RL_EST,2021,-0.5386195
China,CHN,SE.TER.ENRR,2021,66.8186077597542
China,CHN,IP.JRN.ARTC.SC,2021,756203.38
Colombia,COL,GOV_WGI_CC_EST,2021,-0.269745299999999
Colombia,COL,IT.NET.BBND.P2,2021,16.4767904492313
Colombia,COL,NY.GDP.PCAP.PP.CD,2021,17383.090172829532
Colombia,COL,TX.VAL.TECH.MF.ZS,2021,8.209149609062438
Colombia,COL,IT.CEL.SETS.P2,2021,146.627837254516
Colombia,COL,GOV_WGI_PV_EST,2021,-1.0147831
Colombia,COL,GOV_WGI_RL_EST,2021,-0.506983
Colombia,COL,SE.TER.ENRR,2021,58.3159217834473
Colombia,COL,IP.JRN.ARTC.SC,2021,9491.15
Comoros,COM,GOV_WGI_CC_EST,2021,-1.4088014
Comoros,COM,IT.NET.BBND.P2,2021,0.150456993255713
Comoros,COM,NY.GDP.PCAP.PP.CD,2021,3377.885184825867
Comoros,COM,TX.VAL.TECH.MF.ZS,2021,0.2068839095744487
Comoros,COM,IT.CEL.SETS.P2,2021,104.311430086999
Comoros,COM,GOV_WGI_PV_EST,2021,-0.3981267
Comoros,COM,GOV_WGI_RL_EST,2021,-1.1021442
Comoros,COM,SE.TER.ENRR,2021,
Comoros,COM,IP.JRN.ARTC.SC,2021,4.51
"Congo, Dem. Rep.",COD,GOV_WGI_CC_EST,2021,-1.50417239999999
"Congo, Dem. Rep.",COD,IT.NET.BBND.P2,2021,0.0312660957356555
"Congo, Dem. Rep.",COD,NY.GDP.PCAP.PP.CD,2021,1402.3856029522096
"Congo, Dem. Rep.",COD,TX.VAL.TECH.MF.ZS,2021,0.0782346689876281
"Congo, Dem. Rep.",COD,IT.CEL.SETS.P2,2021,47.2882541992485
"Congo, Dem. Rep.",COD,GOV_WGI_PV_EST,2021,-1.6314631
"Congo, Dem. Rep.",COD,GOV_WGI_RL_EST,2021,-1.53122649999999
"Congo, Dem. Rep.",COD,SE.TER.ENRR,2021,
"Congo, Dem. Rep.",COD,IP.JRN.ARTC.SC,2021,205.52
"Congo, Rep.",COG,GOV_WGI_CC_EST,2021,-1.34316449999999
"Congo, Rep.",COG,IT.NET.BBND.P2,2021,0.256899692355108
"Congo, Rep.",COG,NY.GDP.PCAP.PP.CD,2021,6263.211612926363
"Congo, Rep.",COG,TX.VAL.TECH.MF.ZS,2021,6.537112474603848
"Congo, Rep.",COG,IT.CEL.SETS.P2,2021,95.8614998889206
"Congo, Rep.",COG,GOV_WGI_PV_EST,2021,-0.517419899999999
"Congo, Rep.",COG,GOV_WGI_RL_EST,2021,-1.23331679999999
"Congo, Rep.",COG,SE.TER.ENRR,2021,
"Congo, Rep.",COG,IP.JRN.ARTC.SC,2021,89.9
Costa Rica,CRI,GOV_WGI_CC_EST,2021,0.590956
Costa Rica,CRI,IT.NET.BBND.P2,2021,20.9242986347003
Costa Rica,CRI,NY.GDP.PCAP.PP.CD,2021,23852.925302000167
Costa Rica,CRI,TX.VAL.TECH.MF.ZS,2021,16.967000554270463
Costa Rica,CRI,IT.CEL.SETS.P2,2021,140.788061157457
Costa Rica,CRI,GOV_WGI_PV_EST,2021,1.0171458
Costa Rica,CRI,GOV_WGI_RL_EST,2021,0.6104539
Costa Rica,CRI,SE.TER.ENRR,2021,
Costa Rica,CRI,IP.JRN.ARTC.SC,2021,750.58
Cote d'Ivoire,CIV,GOV_WGI_CC_EST,2021,-0.446876999999999
Cote d'Ivoire,CIV,IT.NET.BBND.P2,2021,1.13037781443128
Cote d'Ivoire,CIV,NY.GDP.PCAP.PP.CD,2021,6045.204804908794
Cote d'Ivoire,CIV,TX.VAL.TECH.MF.ZS,2021,3.8633664537050194
Cote d'Ivoire,CIV,IT.CEL.SETS.P2,2021,150.343798608733
Cote d'Ivoire,CIV,GOV_WGI_PV_EST,2021,-0.895587799999999
Cote d'Ivoire,CIV,GOV_WGI_RL_EST,2021,-0.6527655
Cote d'Ivoire,CIV,SE.TER.ENRR,2021,10.7725833415282
Cote d'Ivoire,CIV,IP.JRN.ARTC.SC,2021,394.35
Croatia,HRV,GOV_WGI_CC_EST,2021,0.0954983
Croatia,HRV,IT.NET.BBND.P2,2021,26.7157501000099
Croatia,HRV,NY.GDP.PCAP.PP.CD,2021,36930.28419414053
Croatia,HRV,TX.VAL.TECH.MF.ZS,2021,9.606733514122746
Croatia,HRV,IT.CEL.SETS.P2,2021,112.169438491978
Croatia,HRV,GOV_WGI_PV_EST,2021,0.6364386
Croatia,HRV,GOV_WGI_RL_EST,2021,0.4127964
Croatia,HRV,SE.TER.ENRR,2021,78.0067901611328
Croatia,HRV,IP.JRN.ARTC.SC,2021,5529.57
Cuba,CUB,GOV_WGI_CC_EST,2021,-0.2211207
Cuba,CUB,IT.NET.BBND.P2,2021,2.67322881654008
Cuba,CUB,NY.GDP.PCAP.PP.CD,2021,
Cuba,CUB,TX.VAL.TECH.MF.ZS,2021,70.08656603414103
Cuba,CUB,IT.CEL.SETS.P2,2021,63.8661095570576
Cuba,CUB,GOV_WGI_PV_EST,2021,0.4994388
Cuba,CUB,GOV_WGI_RL_EST,2021,-0.6486658
Cuba,CUB,SE.TER.ENRR,2021,51.8885571735926
Cuba,CUB,IP.JRN.ARTC.SC,2021,1600.57
Curacao,CUW,GOV_WGI_CC_EST,2021,
Curacao,CUW,IT.NET.BBND.P2,2021,32.5704880878504
Curacao,CUW,NY.GDP.PCAP.PP.CD,2021,24905.76844532444
Curacao,CUW,TX.VAL.TECH.MF.ZS,2021,
Curacao,CUW,IT.CEL.SETS.P2,2021,90.6602271807463
Curacao,CUW,GOV_WGI_PV_EST,2021,
Curacao,CUW,GOV_WGI_RL_EST,2021,
Curacao,CUW,SE.TER.ENRR,2021,
Curacao,CUW,IP.JRN.ARTC.SC,2021,
Cyprus,CYP,GOV_WGI_CC_EST,2021,0.4905518
Cyprus,CYP,IT.NET.BBND.P2,2021,36.6502473650247
Cyprus,CYP,NY.GDP.PCAP.PP.CD,2021,47632.76953125
Cyprus,CYP,TX.VAL.TECH.MF.ZS,2021,15.969002678663305
Cyprus,CYP,IT.CEL.SETS.P2,2021,142.051408905141
Cyprus,CYP,GOV_WGI_PV_EST,2021,0.4791734
Cyprus,CYP,GOV_WGI_RL_EST,2021,0.7712279
Cyprus,CYP,SE.TER.ENRR,2021,106.362930297852
Cyprus,CYP,IP.JRN.ARTC.SC,2021,1628.11
Czechia,CZE,GOV_WGI_CC_EST,2021,0.7300087
Czechia,CZE,IT.NET.BBND.P2,2021,37.4984794433561
Czechia,CZE,NY.GDP.PCAP.PP.CD,2021,47796.0337408466
Czechia,CZE,TX.VAL.TECH.MF.ZS,2021,20.35609092625528
Czechia,CZE,IT.CEL.SETS.P2,2021,126.173145654465
Czechia,CZE,GOV_WGI_PV_EST,2021,0.9968819
Czechia,CZE,GOV_WGI_RL_EST,2021,1.1669833
Czechia,CZE,SE.TER.ENRR,2021,69.8369293212891
Czechia,CZE,IP.JRN.ARTC.SC,2021,14812.42
Denmark,DNK,GOV_WGI_CC_EST,2021,2.2948313
Denmark,DNK,IT.NET.BBND.P2,2021,44.9598379722906
Denmark,DNK,NY.GDP.PCAP.PP.CD,2021,69715.18096809289
Denmark,DNK,TX.VAL.TECH.MF.ZS,2021,13.924798203132632
Denmark,DNK,IT.CEL.SETS.P2,2021,125.604137839658
Denmark,DNK,GOV_WGI_PV_EST,2021,0.8409469
Denmark,DNK,GOV_WGI_RL_EST,2021,2.0133921
Denmark,DNK,SE.TER.ENRR,2021,83.982292175293
Denmark,DNK,IP.JRN.ARTC.SC,2021,15879.3
Djibouti,DJI,GOV_WGI_CC_EST,2021,-0.9086172
Djibouti,DJI,IT.NET.BBND.P2,2021,1.39112845686235
Djibouti,DJI,NY.GDP.PCAP.PP.CD,2021,5960.108073968246
Djibouti,DJI,TX.VAL.TECH.MF.ZS,2021,2.6282762117554803
Djibouti,DJI,IT.CEL.SETS.P2,2021,43.6423520933817
Djibouti,DJI,GOV_WGI_PV_EST,2021,-0.5273642
Djibouti,DJI,GOV_WGI_RL_EST,2021,-1.0311038
Djibouti,DJI,SE.TER.ENRR,2021,
Djibouti,DJI,IP.JRN.ARTC.SC,2021,8.17
Dominica,DMA,GOV_WGI_CC_EST,2021,0.3994373
Dominica,DMA,IT.NET.BBND.P2,2021,20.9562215410256
Dominica,DMA,NY.GDP.PCAP.PP.CD,2021,15808.9743503945
Dominica,DMA,TX.VAL.TECH.MF.ZS,2021,3.3053307777051906
Dominica,DMA,IT.CEL.SETS.P2,2021,92.5136156662004
Dominica,DMA,GOV_WGI_PV_EST,2021,1.2367945
Dominica,DMA,GOV_WGI_RL_EST,2021,0.5368851
Dominica,DMA,SE.TER.ENRR,2021,
Dominica,DMA,IP.JRN.ARTC.SC,2021,6.51
Dominican Republic,DOM,GOV_WGI_CC_EST,2021,-0.545258
Dominican Republic,DOM,IT.NET.BBND.P2,2021,10.3195260186654
Dominican Republic,DOM,NY.GDP.PCAP.PP.CD,2021,22053.458986995527
Dominican Republic,DOM,TX.VAL.TECH.MF.ZS,2021,8.480050015491772
Dominican Republic,DOM,IT.CEL.SETS.P2,2021,87.5207623947766
Dominican Republic,DOM,GOV_WGI_PV_EST,2021,0.3502987
Dominican Republic,DOM,GOV_WGI_RL_EST,2021,-0.3243436
Dominican Republic,DOM,SE.TER.ENRR,2021,56.4690832383051
Dominican Republic,DOM,IP.JRN.ARTC.SC,2021,100.61
Ecuador,ECU,GOV_WGI_CC_EST,2021,-0.6326965
Ecuador,ECU,IT.NET.BBND.P2,2021,14.0284374555704
Ecuador,ECU,NY.GDP.PCAP.PP.CD,2021,13507.444563837456
Ecuador,ECU,TX.VAL.TECH.MF.ZS,2021,4.840963173813314
Ecuador,ECU,IT.CEL.SETS.P2,2021,94.950621672761
Ecuador,ECU,GOV_WGI_PV_EST,2021,-0.1983083
Ecuador,ECU,GOV_WGI_RL_EST,2021,-0.4314709
Ecuador,ECU,SE.TER.ENRR,2021,
Ecuador,ECU,IP.JRN.ARTC.SC,2021,2473.5
"Egypt, Arab Rep.",EGY,GOV_WGI_CC_EST,2021,-0.7873199
"Egypt, Arab Rep.",EGY,IT.NET.BBND.P2,2021,9.76582299335252
"Egypt, Arab Rep.",EGY,NY.GDP.PCAP.PP.CD,2021,15579.01608615512
"Egypt, Arab Rep.",EGY,TX.VAL.TECH.MF.ZS,2021,3.170819270558141
"Egypt, Arab Rep.",EGY,IT.CEL.SETS.P2,2021,84.0866220906029
"Egypt, Arab Rep.",EGY,GOV_WGI_PV_EST,2021,-1.066781
"Egypt, Arab Rep.",EGY,GOV_WGI_RL_EST,2021,-0.8185251
"Egypt, Arab Rep.",EGY,SE.TER.ENRR,2021,35.1185317783157
"Egypt, Arab Rep.",EGY,IP.JRN.ARTC.SC,2021,20781.71
El Salvador,SLV,GOV_WGI_CC_EST,2021,-0.5616664
El Salvador,SLV,IT.NET.BBND.P2,2021,9.07178351163771
El Salvador,SLV,NY.GDP.PCAP.PP.CD,2021,10809.71339951796
El Salvador,SLV,TX.VAL.TECH.MF.ZS,2021,7.17516150721425
El Salvador,SLV,IT.CEL.SETS.P2,2021,176.973446325336
El Salvador,SLV,GOV_WGI_PV_EST,2021,-0.222007099999999
El Salvador,SLV,GOV_WGI_RL_EST,2021,-0.83512
El Salvador,SLV,SE.TER.ENRR,2021,30.3043325211094
El Salvador,SLV,IP.JRN.ARTC.SC,2021,33.5
Equatorial Guinea,GNQ,GOV_WGI_CC_EST,2021,-1.51813589999999
Equatorial Guinea,GNQ,IT.NET.BBND.P2,2021,0.0976810140631094
Equatorial Guinea,GNQ,NY.GDP.PCAP.PP.CD,2021,16821.44864704129
Equatorial Guinea,GNQ,TX.VAL.TECH.MF.ZS,2021,
Equatorial Guinea,GNQ,IT.CEL.SETS.P2,2021,46.434813558898
Equatorial Guinea,GNQ,GOV_WGI_PV_EST,2021,-0.3214725
Equatorial Guinea,GNQ,GOV_WGI_RL_EST,2021,-1.528819
Equatorial Guinea,GNQ,SE.TER.ENRR,2021,
Equatorial Guinea,GNQ,IP.JRN.ARTC.SC,2021,4.25
Eritrea,ERI,GOV_WGI_CC_EST,2021,-1.36851339999999
Eritrea,ERI,IT.NET.BBND.P2,2021,0.149245578525113
Eritrea,ERI,NY.GDP.PCAP.PP.CD,2021,
Eritrea,ERI,TX.VAL.TECH.MF.ZS,2021,
Eritrea,ERI,IT.CEL.SETS.P2,2021,53.7582573847458
Eritrea,ERI,GOV_WGI_PV_EST,2021,-1.02707899999999
Eritrea,ERI,GOV_WGI_RL_EST,2021,-1.6516587
Eritrea,ERI,SE.TER.ENRR,2021,
Eritrea,ERI,IP.JRN.ARTC.SC,2021,32.01
Estonia,EST,GOV_WGI_CC_EST,2021,1.5368104
Estonia,EST,IT.NET.BBND.P2,2021,37.357189680638
Estonia,EST,NY.GDP.PCAP.PP.CD,2021,44251.53749834551
Estonia,EST,TX.VAL.TECH.MF.ZS,2021,20.63011555770852
Estonia,EST,IT.CEL.SETS.P2,2021,148.739589817601
Estonia,EST,GOV_WGI_PV_EST,2021,0.8879044
Estonia,EST,GOV_WGI_RL_EST,2021,1.4888413
Estonia,EST,SE.TER.ENRR,2021,73.1502075195312
Estonia,EST,IP.JRN.ARTC.SC,2021,1765.86
Eswatini,SWZ,GOV_WGI_CC_EST,2021,-0.5806756
Eswatini,SWZ,IT.NET.BBND.P2,2021,2.55280778191155
Eswatini,SWZ,NY.GDP.PCAP.PP.CD,2021,9990.434919512049
Eswatini,SWZ,TX.VAL.TECH.MF.ZS,2021,0.3254456211324775
Eswatini,SWZ,IT.CEL.SETS.P2,2021,118.627490794327
Eswatini,SWZ,GOV_WGI_PV_EST,2021,-0.428643699999999
Eswatini,SWZ,GOV_WGI_RL_EST,2021,-0.6977002
Eswatini,SWZ,SE.TER.ENRR,2021,
Eswatini,SWZ,IP.JRN.ARTC.SC,2021,38.27
Ethiopia,ETH,GOV_WGI_CC_EST,2021,-0.4003096
Ethiopia,ETH,IT.NET.BBND.P2,2021,0.399382380284272
Ethiopia,ETH,NY.GDP.PCAP.PP.CD,2021,2588.413102158837
Ethiopia,ETH,TX.VAL.TECH.MF.ZS,2021,8.546588831622683
Ethiopia,ETH,IT.CEL.SETS.P2,2021,52.8088633217211
Ethiopia,ETH,GOV_WGI_PV_EST,2021,-2.0139565
Ethiopia,ETH,GOV_WGI_RL_EST,2021,-0.9484534
Ethiopia,ETH,SE.TER.ENRR,2021,
Ethiopia,ETH,IP.JRN.ARTC.SC,2021,5572.61
Faroe Islands,FRO,GOV_WGI_CC_EST,2021,
Faroe Islands,FRO,IT.NET.BBND.P2,2021,34.6022514071295
Faroe Islands,FRO,NY.GDP.PCAP.PP.CD,2021,68426.79432188983
Faroe Islands,FRO,TX.VAL.TECH.MF.ZS,2021,
Faroe Islands,FRO,IT.CEL.SETS.P2,2021,111.093808630394
Faroe Islands,FRO,GOV_WGI_PV_EST,2021,
Faroe Islands,FRO,GOV_WGI_RL_EST,2021,
Faroe Islands,FRO,SE.TER.ENRR,2021,
Faroe Islands,FRO,IP.JRN.ARTC.SC,2021,
Fiji,FJI,GOV_WGI_CC_EST,2021,0.4839702
Fiji,FJI,IT.NET.BBND.P2,2021,2.51573287546457
Fiji,FJI,NY.GDP.PCAP.PP.CD,2021,10322.427963885417
Fiji,FJI,TX.VAL.TECH.MF.ZS,2021,1.9091287366652567
Fiji,FJI,IT.CEL.SETS.P2,2021,108.158405429846
Fiji,FJI,GOV_WGI_PV_EST,2021,0.6663534
Fiji,FJI,GOV_WGI_RL_EST,2021,0.1636161
Fiji,FJI,SE.TER.ENRR,2021,76.7030156165859
Fiji,FJI,IP.JRN.ARTC.SC,2021,197.31
Finland,FIN,GOV_WGI_CC_EST,2021,2.2264683
Finland,FIN,IT.NET.BBND.P2,2021,33.6396818306917
Finland,FIN,NY.GDP.PCAP.PP.CD,2021,56790.376617769165
Finland,FIN,TX.VAL.TECH.MF.ZS,2021,10.29375385362533
Finland,FIN,IT.CEL.SETS.P2,2021,129.036333202492
Finland,FIN,GOV_WGI_PV_EST,2021,1.1287431
Finland,FIN,GOV_WGI_RL_EST,2021,2.0708538
Finland,FIN,SE.TER.ENRR,2021,100.868072509766
Finland,FIN,IP.JRN.ARTC.SC,2021,11446.35
France,FRA,GOV_WGI_CC_EST,2021,1.422803
France,FRA,IT.NET.BBND.P2,2021,47.6442336298287
France,FRA,NY.GDP.PCAP.PP.CD,2021,52517.33549058552
France,FRA,TX.VAL.TECH.MF.ZS,2021,22.30500308556504
France,FRA,IT.CEL.SETS.P2,2021,113.952719366702
France,FRA,GOV_WGI_PV_EST,2021,0.1241525
France,FRA,GOV_WGI_RL_EST,2021,1.0805521
France,FRA,SE.TER.ENRR,2021,69.9397888183594
France,FRA,IP.JRN.ARTC.SC,2021,67690.4
French Polynesia,PYF,GOV_WGI_CC_EST,2021,-0.2035976
French Polynesia,PYF,IT.NET.BBND.P2,2021,26.724495339395
French Polynesia,PYF,NY.GDP.PCAP.PP.CD,2021,
French Polynesia,PYF,TX.VAL.TECH.MF.ZS,2021,23.28224679805556
French Polynesia,PYF,IT.CEL.SETS.P2,2021,115.413592954766
French Polynesia,PYF,GOV_WGI_PV_EST,2021,1.0386429
French Polynesia,PYF,GOV_WGI_RL_EST,2021,1.0299512
French Polynesia,PYF,SE.TER.ENRR,2021,
French Polynesia,PYF,IP.JRN.ARTC.SC,2021,
Gabon,GAB,GOV_WGI_CC_EST,2021,-0.8653289
Gabon,GAB,IT.NET.BBND.P2,2021,2.65142494578668
Gabon,GAB,NY.GDP.PCAP.PP.CD,2021,18523.57980321933
Gabon,GAB,TX.VAL.TECH.MF.ZS,2021,1.483325896335714
Gabon,GAB,IT.CEL.SETS.P2,2021,132.30865873249
Gabon,GAB,GOV_WGI_PV_EST,2021,-0.28203
Gabon,GAB,GOV_WGI_RL_EST,2021,-0.9165415
Gabon,GAB,SE.TER.ENRR,2021,
Gabon,GAB,IP.JRN.ARTC.SC,2021,94.55
"Gambia, The",GMB,GOV_WGI_CC_EST,2021,-0.3139401
"Gambia, The",GMB,IT.NET.BBND.P2,2021,0.194098625393535
"Gambia, The",GMB,NY.GDP.PCAP.PP.CD,2021,2777.79620978324
"Gambia, The",GMB,TX.VAL.TECH.MF.ZS,2021,0.0007359778735612
"Gambia, The",GMB,IT.CEL.SETS.P2,2021,108.847403542688
"Gambia, The",GMB,GOV_WGI_PV_EST,2021,0.0231959
"Gambia, The",GMB,GOV_WGI_RL_EST,2021,-0.3721489
"Gambia, The",GMB,SE.TER.ENRR,2021,
"Gambia, The",GMB,IP.JRN.ARTC.SC,2021,75.92
Georgia,GEO,GOV_WGI_CC_EST,2021,0.7226795
Georgia,GEO,IT.NET.BBND.P2,2021,26.6463786914494
Georgia,GEO,NY.GDP.PCAP.PP.CD,2021,18915.65340052628
Georgia,GEO,TX.VAL.TECH.MF.ZS,2021,1.602893022457743
Georgia,GEO,IT.CEL.SETS.P2,2021,146.566472682371
Georgia,GEO,GOV_WGI_PV_EST,2021,-0.2017684
Georgia,GEO,GOV_WGI_RL_EST,2021,0.2251347
Georgia,GEO,SE.TER.ENRR,2021,77.2303110681266
Georgia,GEO,IP.JRN.ARTC.SC,2021,663.11
Germany,DEU,GOV_WGI_CC_EST,2021,1.8243293
Germany,DEU,IT.NET.BBND.P2,2021,44.0643361489671
Germany,DEU,NY.GDP.PCAP.PP.CD,2021,62530.765319923936
Germany,DEU,TX.VAL.TECH.MF.ZS,2021,15.385104822776526
Germany,DEU,IT.CEL.SETS.P2,2021,127.125099449404
Germany,DEU,GOV_WGI_PV_EST,2021,0.6603045
Germany,DEU,GOV_WGI_RL_EST,2021,1.6349496
Germany,DEU,SE.TER.ENRR,2021,75.6655426025391
Germany,DEU,IP.JRN.ARTC.SC,2021,117127.47
Ghana,GHA,GOV_WGI_CC_EST,2021,-0.1554389
Ghana,GHA,IT.NET.BBND.P2,2021,0.352237707175248
Ghana,GHA,NY.GDP.PCAP.PP.CD,2021,6607.502973783208
Ghana,GHA,TX.VAL.TECH.MF.ZS,2021,0.7260845937203071
Ghana,GHA,IT.CEL.SETS.P2,2021,124.402625384529
Ghana,GHA,GOV_WGI_PV_EST,2021,-0.1622488
Ghana,GHA,GOV_WGI_RL_EST,2021,0.0415219
Ghana,GHA,SE.TER.ENRR,2021,19.2005186528071
Ghana,GHA,IP.JRN.ARTC.SC,2021,2561.95
Gibraltar,GIB,GOV_WGI_CC_EST,2021,
Gibraltar,GIB,IT.NET.BBND.P2,2021,59.8567475174996
Gibraltar,GIB,NY.GDP.PCAP.PP.CD,2021,
Gibraltar,GIB,TX.VAL.TECH.MF.ZS,2021,
Gibraltar,GIB,IT.CEL.SETS.P2,2021,92.6501709262575
Gibraltar,GIB,GOV_WGI_PV_EST,2021,
Gibraltar,GIB,GOV_WGI_RL_EST,2021,
Gibraltar,GIB,SE.TER.ENRR,2021,
Gibraltar,GIB,IP.JRN.ARTC.SC,2021,
Greece,GRC,GOV_WGI_CC_EST,2021,0.3910516
Greece,GRC,IT.NET.BBND.P2,2021,41.9213046741732
Greece,GRC,NY.GDP.PCAP.PP.CD,2021,33531.15511225996
Greece,GRC,TX.VAL.TECH.MF.ZS,2021,12.284868152439335
Greece,GRC,IT.CEL.SETS.P2,2021,108.643525000707
Greece,GRC,GOV_WGI_PV_EST,2021,0.2270172
Greece,GRC,GOV_WGI_RL_EST,2021,0.4439375
Greece,GRC,SE.TER.ENRR,2021,150.605484008789
Greece,GRC,IP.JRN.ARTC.SC,2021,13776.67
Greenland,GRL,GOV_WGI_CC_EST,2021,1.0270782
Greenland,GRL,IT.NET.BBND.P2,2021,29.9441480344748
Greenland,GRL,NY.GDP.PCAP.PP.CD,2021,69302.0088788237
Greenland,GRL,TX.VAL.TECH.MF.ZS,2021,
Greenland,GRL,IT.CEL.SETS.P2,2021,118.85048446673
Greenland,GRL,GOV_WGI_PV_EST,2021,1.7551692
Greenland,GRL,GOV_WGI_RL_EST,2021,1.6254815
Greenland,GRL,SE.TER.ENRR,2021,
Greenland,GRL,IP.JRN.ARTC.SC,2021,35.34
Grenada,GRD,GOV_WGI_CC_EST,2021,0.3144044
Grenada,GRD,IT.NET.BBND.P2,2021,26.1175099410394
Grenada,GRD,NY.GDP.PCAP.PP.CD,2021,15290.250903138003
Grenada,GRD,TX.VAL.TECH.MF.ZS,2021,1.2414575816424456
Grenada,GRD,IT.CEL.SETS.P2,2021,86.5710270122035
Grenada,GRD,GOV_WGI_PV_EST,2021,1.0408786
Grenada,GRD,GOV_WGI_RL_EST,2021,0.4044535
Grenada,GRD,SE.TER.ENRR,2021,
Grenada,GRD,IP.JRN.ARTC.SC,2021,62.74
Guam,GUM,GOV_WGI_CC_EST,2021,1.1772281
Guam,GUM,IT.NET.BBND.P2,2021,1.83228485921945
Guam,GUM,NY.GDP.PCAP.PP.CD,2021,
Guam,GUM,TX.VAL.TECH.MF.ZS,2021,
Guam,GUM,IT.CEL.SETS.P2,2021,
Guam,GUM,GOV_WGI_PV_EST,2021,0.9953332
Guam,GUM,GOV_WGI_RL_EST,2021,1.1509221
Guam,GUM,SE.TER.ENRR,2021,
Guam,GUM,IP.JRN.ARTC.SC,2021,
Guatemala,GTM,GOV_WGI_CC_EST,2021,-1.21790929999999
Guatemala,GTM,IT.NET.BBND.P2,2021,3.4775394703571
Guatemala,GTM,NY.GDP.PCAP.PP.CD,2021,11825.141273764004
Guatemala,GTM,TX.VAL.TECH.MF.ZS,2021,5.167081043254193
Guatemala,GTM,IT.CEL.SETS.P2,2021,125.718955715353
Guatemala,GTM,GOV_WGI_PV_EST,2021,-0.5740791
Guatemala,GTM,GOV_WGI_RL_EST,2021,-0.975567699999999
Guatemala,GTM,SE.TER.ENRR,2021,
Guatemala,GTM,IP.JRN.ARTC.SC,2021,119.25
Guinea,GIN,GOV_WGI_CC_EST,2021,-1.0113603
Guinea,GIN,IT.NET.BBND.P2,2021,0.0072936731105539
Guinea,GIN,NY.GDP.PCAP.PP.CD,2021,3738.8051255133023
Guinea,GIN,TX.VAL.TECH.MF.ZS,2021,
Guinea,GIN,IT.CEL.SETS.P2,2021,110.185519681138
Guinea,GIN,GOV_WGI_PV_EST,2021,-1.0159308
Guinea,GIN,GOV_WGI_RL_EST,2021,-1.003033
Guinea,GIN,SE.TER.ENRR,2021,
Guinea,GIN,IP.JRN.ARTC.SC,2021,53.97
Guinea-Bissau,GNB,GOV_WGI_CC_EST,2021,-1.21682239999999
Guinea-Bissau,GNB,IT.NET.BBND.P2,2021,0.160430067207715
Guinea-Bissau,GNB,NY.GDP.PCAP.PP.CD,2021,2522.767643025207
Guinea-Bissau,GNB,TX.VAL.TECH.MF.ZS,2021,
Guinea-Bissau,GNB,IT.CEL.SETS.P2,2021,108.62961248586
Guinea-Bissau,GNB,GOV_WGI_PV_EST,2021,-0.3001867
Guinea-Bissau,GNB,GOV_WGI_RL_EST,2021,-1.2016468
Guinea-Bissau,GNB,SE.TER.ENRR,2021,
Guinea-Bissau,GNB,IP.JRN.ARTC.SC,2021,14.28
Guyana,GUY,GOV_WGI_CC_EST,2021,-0.1042454
Guyana,GUY,IT.NET.BBND.P2,2021,11.6495520440672
Guyana,GUY,NY.GDP.PCAP.PP.CD,2021,22865.9270968882
Guyana,GUY,TX.VAL.TECH.MF.ZS,2021,0.2216851014746262
Guyana,GUY,IT.CEL.SETS.P2,2021,104.968595260226
Guyana,GUY,GOV_WGI_PV_EST,2021,-0.0281476999999999
Guyana,GUY,GOV_WGI_RL_EST,2021,-0.378924
Guyana,GUY,SE.TER.ENRR,2021,
Guyana,GUY,IP.JRN.ARTC.SC,2021,45.08
Haiti,HTI,GOV_WGI_CC_EST,2021,-1.4853353
Haiti,HTI,IT.NET.BBND.P2,2021,0.272537391690564
Haiti,HTI,NY.GDP.PCAP.PP.CD,2021,3145.006810572685
Haiti,HTI,TX.VAL.TECH.MF.ZS,2021,
Haiti,HTI,IT.CEL.SETS.P2,2021,64.3451990252656
Haiti,HTI,GOV_WGI_PV_EST,2021,-1.2132391
Haiti,HTI,GOV_WGI_RL_EST,2021,-1.392161
Haiti,HTI,SE.TER.ENRR,2021,
Haiti,HTI,IP.JRN.ARTC.SC,2021,40.71
Honduras,HND,GOV_WGI_CC_EST,2021,-1.1204199
Honduras,HND,IT.NET.BBND.P2,2021,4.0958409901304
Honduras,HND,NY.GDP.PCAP.PP.CD,2021,6202.980788120369
Honduras,HND,TX.VAL.TECH.MF.ZS,2021,1.4495499920382977
Honduras,HND,IT.CEL.SETS.P2,2021,73.4771659564055
Honduras,HND,GOV_WGI_PV_EST,2021,-0.806377
Honduras,HND,GOV_WGI_RL_EST,2021,-1.1417518
Honduras,HND,SE.TER.ENRR,2021,
Honduras,HND,IP.JRN.ARTC.SC,2021,89.88
"Hong Kong SAR, China",HKG,GOV_WGI_CC_EST,2021,1.6345393
"Hong Kong SAR, China",HKG,IT.NET.BBND.P2,2021,39.2188975738319
"Hong Kong SAR, China",HKG,NY.GDP.PCAP.PP.CD,2021,65884.93762606029
"Hong Kong SAR, China",HKG,TX.VAL.TECH.MF.ZS,2021,70.55065572149053
"Hong Kong SAR, China",HKG,IT.CEL.SETS.P2,2021,319.852066930488
"Hong Kong SAR, China",HKG,GOV_WGI_PV_EST,2021,0.2186871
"Hong Kong SAR, China",HKG,GOV_WGI_RL_EST,2021,1.0319968
"Hong Kong SAR, China",HKG,SE.TER.ENRR,2021,97.3813269493844
"Hong Kong SAR, China",HKG,IP.JRN.ARTC.SC,2021,
Hungary,HUN,GOV_WGI_CC_EST,2021,0.1312695
Hungary,HUN,IT.NET.BBND.P2,2021,34.8391868436369
Hungary,HUN,NY.GDP.PCAP.PP.CD,2021,38887.19095271536
Hungary,HUN,TX.VAL.TECH.MF.ZS,2021,16.397512642927854
Hungary,HUN,IT.CEL.SETS.P2,2021,105.137285804787
Hungary,HUN,GOV_WGI_PV_EST,2021,0.7337253
Hungary,HUN,GOV_WGI_RL_EST,2021,0.2971399
Hungary,HUN,SE.TER.ENRR,2021,58.6536102294922
Hungary,HUN,IP.JRN.ARTC.SC,2021,7822.44
Iceland,ISL,GOV_WGI_CC_EST,2021,1.8584301
Iceland,ISL,IT.NET.BBND.P2,2021,38.4077027940877
Iceland,ISL,NY.GDP.PCAP.PP.CD,2021,61610.213274071466
Iceland,ISL,TX.VAL.TECH.MF.ZS,2021,33.48741486572734
Iceland,ISL,IT.CEL.SETS.P2,2021,117.34255750797
Iceland,ISL,GOV_WGI_PV_EST,2021,1.3382488
Iceland,ISL,GOV_WGI_RL_EST,2021,1.7076168
Iceland,ISL,SE.TER.ENRR,2021,86.5232086181641
Iceland,ISL,IP.JRN.ARTC.SC,2021,725.0
India,IND,GOV_WGI_CC_EST,2021,-0.300757
India,IND,IT.NET.BBND.P2,2021,1.9487996093033
India,IND,NY.GDP.PCAP.PP.CD,2021,8050.018574526641
India,IND,TX.VAL.TECH.MF.ZS,2021,10.212559662511833
India,IND,IT.CEL.SETS.P2,2021,81.603974311212
India,IND,GOV_WGI_PV_EST,2021,-0.6015988
India,IND,GOV_WGI_RL_EST,2021,-0.1841026
India,IND,SE.TER.ENRR,2021,31.5741765984501
India,IND,IP.JRN.ARTC.SC,2021,173096.47
Indonesia,IDN,GOV_WGI_CC_EST,2021,-0.416213499999999
Indonesia,IDN,IT.NET.BBND.P2,2021,4.4874632789818
Indonesia,IDN,NY.GDP.PCAP.PP.CD,2021,12757.07464402037
Indonesia,IDN,TX.VAL.TECH.MF.ZS,2021,7.201279701443059
Indonesia,IDN,IT.CEL.SETS.P2,2021,132.199444256099
Indonesia,IDN,GOV_WGI_PV_EST,2021,-0.6496757
Indonesia,IDN,GOV_WGI_RL_EST,2021,-0.1436778
Indonesia,IDN,SE.TER.ENRR,2021,40.6293239880732
Indonesia,IDN,IP.JRN.ARTC.SC,2021,23653.58
"Iran, Islamic Rep.",IRN,GOV_WGI_CC_EST,2021,-1.1267612
"Iran, Islamic Rep.",IRN,IT.NET.BBND.P2,2021,12.068102546673
"Iran, Islamic Rep.",IRN,NY.GDP.PCAP.PP.CD,2021,15884.427677596332
"Iran, Islamic Rep.",IRN,TX.VAL.TECH.MF.ZS,2021,0.3805253978606729
"Iran, Islamic Rep.",IRN,IT.CEL.SETS.P2,2021,153.624638869213
"Iran, Islamic Rep.",IRN,GOV_WGI_PV_EST,2021,-1.1577773
"Iran, Islamic Rep.",IRN,GOV_WGI_RL_EST,2021,-1.06900019999999
"Iran, Islamic Rep.",IRN,SE.TER.ENRR,2021,54.3051986694336
"Iran, Islamic Rep.",IRN,IP.JRN.ARTC.SC,2021,58049.49
Iraq,IRQ,GOV_WGI_CC_EST,2021,-1.37400869999999
Iraq,IRQ,IT.NET.BBND.P2,2021,14.8275236561145
Iraq,IRQ,NY.GDP.PCAP.PP.CD,2021,12731.753575512885
Iraq,IRQ,TX.VAL.TECH.MF.ZS,2021,
Iraq,IRQ,IT.CEL.SETS.P2,2021,94.6092832170426
Iraq,IRQ,GOV_WGI_PV_EST,2021,-2.1722684
Iraq,IRQ,GOV_WGI_RL_EST,2021,-1.4374976
Iraq,IRQ,SE.TER.ENRR,2021,
Iraq,IRQ,IP.JRN.ARTC.SC,2021,8689.54
Ireland,IRL,GOV_WGI_CC_EST,2021,1.6117468
Ireland,IRL,IT.NET.BBND.P2,2021,31.3616427884193
Ireland,IRL,NY.GDP.PCAP.PP.CD,2021,116903.61243516988
Ireland,IRL,TX.VAL.TECH.MF.ZS,2021,28.478147527199187
Ireland,IRL,IT.CEL.SETS.P2,2021,106.86972424373
Ireland,IRL,GOV_WGI_PV_EST,2021,0.7362963
Ireland,IRL,GOV_WGI_RL_EST,2021,1.5453584
Ireland,IRL,SE.TER.ENRR,2021,78.4613265991211
Ireland,IRL,IP.JRN.ARTC.SC,2021,9216.71
Isle of Man,IMN,GOV_WGI_CC_EST,2021,
Isle of Man,IMN,IT.NET.BBND.P2,2021,
Isle of Man,IMN,NY.GDP.PCAP.PP.CD,2021,
Isle of Man,IMN,TX.VAL.TECH.MF.ZS,2021,
Isle of Man,IMN,IT.CEL.SETS.P2,2021,
Isle of Man,IMN,GOV_WGI_PV_EST,2021,
Isle of Man,IMN,GOV_WGI_RL_EST,2021,
Isle of Man,IMN,SE.TER.ENRR,2021,
Isle of Man,IMN,IP.JRN.ARTC.SC,2021,
Israel,ISR,GOV_WGI_CC_EST,2021,0.9249105
Israel,ISR,IT.NET.BBND.P2,2021,29.7078785417387
Israel,ISR,NY.GDP.PCAP.PP.CD,2021,46162.082273024746
Israel,ISR,TX.VAL.TECH.MF.ZS,2021,29.59567587227614
Israel,ISR,IT.CEL.SETS.P2,2021,139.775312861878
Israel,ISR,GOV_WGI_PV_EST,2021,-0.699899199999999
Israel,ISR,GOV_WGI_RL_EST,2021,0.8807927
Israel,ISR,SE.TER.ENRR,2021,60.2585487365723
Israel,ISR,IP.JRN.ARTC.SC,2021,14633.85
Italy,ITA,GOV_WGI_CC_EST,2021,0.5394316
Italy,ITA,IT.NET.BBND.P2,2021,31.2852927413407
Italy,ITA,NY.GDP.PCAP.PP.CD,2021,49825.39341118482
Italy,ITA,TX.VAL.TECH.MF.ZS,2021,7.770245655162528
Italy,ITA,IT.CEL.SETS.P2,2021,130.781488497698
Italy,ITA,GOV_WGI_PV_EST,2021,0.4392226
Italy,ITA,GOV_WGI_RL_EST,2021,0.5885
Italy,ITA,SE.TER.ENRR,2021,71.2745208740234
Italy,ITA,IP.JRN.ARTC.SC,2021,85699.51
Jamaica,JAM,GOV_WGI_CC_EST,2021,-0.0851526
Jamaica,JAM,IT.NET.BBND.P2,2021,14.5717525783368
Jamaica,JAM,NY.GDP.PCAP.PP.CD,2021,10430.690977175882
Jamaica,JAM,TX.VAL.TECH.MF.ZS,2021,2.471950011647286
Jamaica,JAM,IT.CEL.SETS.P2,2021,102.38666630017
Jamaica,JAM,GOV_WGI_PV_EST,2021,0.1423135
Jamaica,JAM,GOV_WGI_RL_EST,2021,-0.0742917999999999
Jamaica,JAM,SE.TER.ENRR,2021,
Jamaica,JAM,IP.JRN.ARTC.SC,2021,185.06
Japan,JPN,GOV_WGI_CC_EST,2021,1.4554011
Japan,JPN,IT.NET.BBND.P2,2021,35.9391724358064
Japan,JPN,NY.GDP.PCAP.PP.CD,2021,44355.3487163354
Japan,JPN,TX.VAL.TECH.MF.ZS,2021,18.003991348261415
Japan,JPN,IT.CEL.SETS.P2,2021,159.516123485628
Japan,JPN,GOV_WGI_PV_EST,2021,1.1600529
Japan,JPN,GOV_WGI_RL_EST,2021,1.5319019
Japan,JPN,SE.TER.ENRR,2021,62.0412483215332
Japan,JPN,IP.JRN.ARTC.SC,2021,106309.76
Jordan,JOR,GOV_WGI_CC_EST,2021,0.0177108
Jordan,JOR,IT.NET.BBND.P2,2021,6.45876564968631
Jordan,JOR,NY.GDP.PCAP.PP.CD,2021,9182.496161255996
Jordan,JOR,TX.VAL.TECH.MF.ZS,2021,1.713679702988074
Jordan,JOR,IT.CEL.SETS.P2,2021,65.7448847660422
Jordan,JOR,GOV_WGI_PV_EST,2021,-0.390988399999999
Jordan,JOR,GOV_WGI_RL_EST,2021,0.0436082
Jordan,JOR,SE.TER.ENRR,2021,30.451314266821
Jordan,JOR,IP.JRN.ARTC.SC,2021,3852.39
Kazakhstan,KAZ,GOV_WGI_CC_EST,2021,-0.2698189
Kazakhstan,KAZ,IT.NET.BBND.P2,2021,13.946795830528
Kazakhstan,KAZ,NY.GDP.PCAP.PP.CD,2021,32945.85157258231
Kazakhstan,KAZ,TX.VAL.TECH.MF.ZS,2021,27.34354406361486
Kazakhstan,KAZ,IT.CEL.SETS.P2,2021,123.943942754522
Kazakhstan,KAZ,GOV_WGI_PV_EST,2021,-0.2325504
Kazakhstan,KAZ,GOV_WGI_RL_EST,2021,-0.4655785
Kazakhstan,KAZ,SE.TER.ENRR,2021,59.3849415869809
Kazakhstan,KAZ,IP.JRN.ARTC.SC,2021,2950.4
Kenya,KEN,GOV_WGI_CC_EST,2021,-0.710787899999999
Kenya,KEN,IT.NET.BBND.P2,2021,1.48254108303764
Kenya,KEN,NY.GDP.PCAP.PP.CD,2021,5338.852433827813
Kenya,KEN,TX.VAL.TECH.MF.ZS,2021,3.127360613968883
Kenya,KEN,IT.CEL.SETS.P2,2021,122.297519656734
Kenya,KEN,GOV_WGI_PV_EST,2021,-1.11021939999999
Kenya,KEN,GOV_WGI_RL_EST,2021,-0.445618199999999
Kenya,KEN,SE.TER.ENRR,2021,
Kenya,KEN,IP.JRN.ARTC.SC,2021,1991.87
Kiribati,KIR,GOV_WGI_CC_EST,2021,0.3344081
Kiribati,KIR,IT.NET.BBND.P2,2021,0.0864640862459786
Kiribati,KIR,NY.GDP.PCAP.PP.CD,2021,3020.4939993569524
Kiribati,KIR,TX.VAL.TECH.MF.ZS,2021,2.2969311405469752
Kiribati,KIR,IT.CEL.SETS.P2,2021,40.9979980837689
Kiribati,KIR,GOV_WGI_PV_EST,2021,1.1647191
Kiribati,KIR,GOV_WGI_RL_EST,2021,1.0695661
Kiribati,KIR,SE.TER.ENRR,2021,
Kiribati,KIR,IP.JRN.ARTC.SC,2021,2.36
"Korea, Dem. People's Rep.",PRK,GOV_WGI_CC_EST,2021,-1.651571
"Korea, Dem. People's Rep.",PRK,IT.NET.BBND.P2,2021,
"Korea, Dem. People's Rep.",PRK,NY.GDP.PCAP.PP.CD,2021,
"Korea, Dem. People's Rep.",PRK,TX.VAL.TECH.MF.ZS,2021,
"Korea, Dem. People's Rep.",PRK,IT.CEL.SETS.P2,2021,22.8723614729709
"Korea, Dem. People's Rep.",PRK,GOV_WGI_PV_EST,2021,-0.1983915
"Korea, Dem. People's Rep.",PRK,GOV_WGI_RL_EST,2021,-1.680154
"Korea, Dem. People's Rep.",PRK,SE.TER.ENRR,2021,
"Korea, Dem. People's Rep.",PRK,IP.JRN.ARTC.SC,2021,238.88
"Korea, Rep.",KOR,GOV_WGI_CC_EST,2021,0.7614152
"Korea, Rep.",KOR,IT.NET.BBND.P2,2021,44.2526082339633
"Korea, Rep.",KOR,NY.GDP.PCAP.PP.CD,2021,51718.25186566312
"Korea, Rep.",KOR,TX.VAL.TECH.MF.ZS,2021,36.01450367448602
"Korea, Rep.",KOR,IT.CEL.SETS.P2,2021,140.516382791931
"Korea, Rep.",KOR,GOV_WGI_PV_EST,2021,0.9005342
"Korea, Rep.",KOR,GOV_WGI_RL_EST,2021,1.1681575
"Korea, Rep.",KOR,SE.TER.ENRR,2021,100.359878540039
"Korea, Rep.",KOR,IP.JRN.ARTC.SC,2021,72352.13
Kuwait,KWT,GOV_WGI_CC_EST,2021,-0.0606404
Kuwait,KWT,IT.NET.BBND.P2,2021,1.61587179429556
Kuwait,KWT,NY.GDP.PCAP.PP.CD,2021,50651.95753370912
Kuwait,KWT,TX.VAL.TECH.MF.ZS,2021,1.1917798374399038
Kuwait,KWT,IT.CEL.SETS.P2,2021,158.646854136291
Kuwait,KWT,GOV_WGI_PV_EST,2021,0.1542148
Kuwait,KWT,GOV_WGI_RL_EST,2021,0.1194986
Kuwait,KWT,SE.TER.ENRR,2021,51.8967176944636
Kuwait,KWT,IP.JRN.ARTC.SC,2021,1184.25
Kyrgyz Republic,KGZ,GOV_WGI_CC_EST,2021,-1.1583724
Kyrgyz Republic,KGZ,IT.NET.BBND.P2,2021,4.43257724274204
Kyrgyz Republic,KGZ,NY.GDP.PCAP.PP.CD,2021,5736.4788341515405
Kyrgyz Republic,KGZ,TX.VAL.TECH.MF.ZS,2021,16.29872607093401
Kyrgyz Republic,KGZ,IT.CEL.SETS.P2,2021,108.171654806063
Kyrgyz Republic,KGZ,GOV_WGI_PV_EST,2021,-0.3876484
Kyrgyz Republic,KGZ,GOV_WGI_RL_EST,2021,-0.879262
Kyrgyz Republic,KGZ,SE.TER.ENRR,2021,51.6239256637785
Kyrgyz Republic,KGZ,IP.JRN.ARTC.SC,2021,217.52
Lao PDR,LAO,GOV_WGI_CC_EST,2021,-1.0773186
Lao PDR,LAO,IT.NET.BBND.P2,2021,2.0226898696049
Lao PDR,LAO,NY.GDP.PCAP.PP.CD,2021,8080.435532499231
Lao PDR,LAO,TX.VAL.TECH.MF.ZS,2021,7.286446376639242
Lao PDR,LAO,IT.CEL.SETS.P2,2021,64.7101497693472
Lao PDR,LAO,GOV_WGI_PV_EST,2021,0.583086
Lao PDR,LAO,GOV_WGI_RL_EST,2021,-0.7575675
Lao PDR,LAO,SE.TER.ENRR,2021,12.4396649191011
Lao PDR,LAO,IP.JRN.ARTC.SC,2021,83.5
Latvia,LVA,GOV_WGI_CC_EST,2021,0.8423495
Latvia,LVA,IT.NET.BBND.P2,2021,25.9761549056076
Latvia,LVA,NY.GDP.PCAP.PP.CD,2021,36912.013060216064
Latvia,LVA,TX.VAL.TECH.MF.ZS,2021,16.980371363084238
Latvia,LVA,IT.CEL.SETS.P2,2021,114.644670333429
Latvia,LVA,GOV_WGI_PV_EST,2021,0.8069842
Latvia,LVA,GOV_WGI_RL_EST,2021,0.9839815
Latvia,LVA,SE.TER.ENRR,2021,93.4839324951172
Latvia,LVA,IP.JRN.ARTC.SC,2021,1786.29
Lebanon,LBN,GOV_WGI_CC_EST,2021,-1.2586741
Lebanon,LBN,IT.NET.BBND.P2,2021,7.55615217723581
Lebanon,LBN,NY.GDP.PCAP.PP.CD,2021,11599.77550837654
Lebanon,LBN,TX.VAL.TECH.MF.ZS,2021,2.154253144780375
Lebanon,LBN,IT.CEL.SETS.P2,2021,74.9935205999452
Lebanon,LBN,GOV_WGI_PV_EST,2021,-1.3231817
Lebanon,LBN,GOV_WGI_RL_EST,2021,-1.0028379
Lebanon,LBN,SE.TER.ENRR,2021,56.8657861418168
Lebanon,LBN,IP.JRN.ARTC.SC,2021,2130.13
Lesotho,LSO,GOV_WGI_CC_EST,2021,-0.1543581
Lesotho,LSO,IT.NET.BBND.P2,2021,0.353652507890634
Lesotho,LSO,NY.GDP.PCAP.PP.CD,2021,2544.7824955121414
Lesotho,LSO,TX.VAL.TECH.MF.ZS,2021,0.0697267831899667
Lesotho,LSO,IT.CEL.SETS.P2,2021,80.5368195682415
Lesotho,LSO,GOV_WGI_PV_EST,2021,-0.1334002
Lesotho,LSO,GOV_WGI_RL_EST,2021,-0.401743299999999
Lesotho,LSO,SE.TER.ENRR,2021,
Lesotho,LSO,IP.JRN.ARTC.SC,2021,42.41
Liberia,LBR,GOV_WGI_CC_EST,2021,-0.9896145
Liberia,LBR,IT.NET.BBND.P2,2021,0.247180102838331
Liberia,LBR,NY.GDP.PCAP.PP.CD,2021,1539.20892304674
Liberia,LBR,TX.VAL.TECH.MF.ZS,2021,7.934965405129269
Liberia,LBR,IT.CEL.SETS.P2,2021,31.429900768597
Liberia,LBR,GOV_WGI_PV_EST,2021,-0.2103506
Liberia,LBR,GOV_WGI_RL_EST,2021,-0.8429491
Liberia,LBR,SE.TER.ENRR,2021,
Liberia,LBR,IP.JRN.ARTC.SC,2021,25.33
Libya,LBY,GOV_WGI_CC_EST,2021,-1.5502152
Libya,LBY,IT.NET.BBND.P2,2021,4.65300430613124
Libya,LBY,NY.GDP.PCAP.PP.CD,2021,12641.509771407456
Libya,LBY,TX.VAL.TECH.MF.ZS,2021,
Libya,LBY,IT.CEL.SETS.P2,2021,195.117849246865
Libya,LBY,GOV_WGI_PV_EST,2021,-2.2069296
Libya,LBY,GOV_WGI_RL_EST,2021,-1.56279409999999
Libya,LBY,SE.TER.ENRR,2021,
Libya,LBY,IP.JRN.ARTC.SC,2021,458.51
Liechtenstein,LIE,GOV_WGI_CC_EST,2021,1.7554608
Liechtenstein,LIE,IT.NET.BBND.P2,2021,47.5207458252228
Liechtenstein,LIE,NY.GDP.PCAP.PP.CD,2021,
Liechtenstein,LIE,TX.VAL.TECH.MF.ZS,2021,
Liechtenstein,LIE,IT.CEL.SETS.P2,2021,126.070587030017
Liechtenstein,LIE,GOV_WGI_PV_EST,2021,1.5846135
Liechtenstein,LIE,GOV_WGI_RL_EST,2021,1.6323677
Liechtenstein,LIE,SE.TER.ENRR,2021,46.0189590454102
Liechtenstein,LIE,IP.JRN.ARTC.SC,2021,43.26
Lithuania,LTU,GOV_WGI_CC_EST,2021,0.9249581
Lithuania,LTU,IT.NET.BBND.P2,2021,28.712701575387
Lithuania,LTU,NY.GDP.PCAP.PP.CD,2021,45873.52732394857
Lithuania,LTU,TX.VAL.TECH.MF.ZS,2021,11.508956927431983
Lithuania,LTU,IT.CEL.SETS.P2,2021,133.357273318046
Lithuania,LTU,GOV_WGI_PV_EST,2021,1.0111257
Lithuania,LTU,GOV_WGI_RL_EST,2021,1.2107283
Lithuania,LTU,SE.TER.ENRR,2021,75.0314712524414
Lithuania,LTU,IP.JRN.ARTC.SC,2021,2694.9
Luxembourg,LUX,GOV_WGI_CC_EST,2021,1.9638476
Luxembourg,LUX,IT.NET.BBND.P2,2021,38.0399641403524
Luxembourg,LUX,NY.GDP.PCAP.PP.CD,2021,136772.44375329223
Luxembourg,LUX,TX.VAL.TECH.MF.ZS,2021,6.075202068215098
Luxembourg,LUX,IT.CEL.SETS.P2,2021,136.87108956478
Luxembourg,LUX,GOV_WGI_PV_EST,2021,1.1450494
Luxembourg,LUX,GOV_WGI_RL_EST,2021,1.7333366
Luxembourg,LUX,SE.TER.ENRR,2021,20.7341499328613
Luxembourg,LUX,IP.JRN.ARTC.SC,2021,1048.94
"Macao SAR, China",MAC,GOV_WGI_CC_EST,2021,0.5738053
"Macao SAR, China",MAC,IT.NET.BBND.P2,2021,29.6158421202704
"Macao SAR, China",MAC,NY.GDP.PCAP.PP.CD,2021,73374.44868295889
"Macao SAR, China",MAC,TX.VAL.TECH.MF.ZS,2021,0.0
"Macao SAR, China",MAC,IT.CEL.SETS.P2,2021,183.574788091048
"Macao SAR, China",MAC,GOV_WGI_PV_EST,2021,0.9688675
"Macao SAR, China",MAC,GOV_WGI_RL_EST,2021,0.7814373
"Macao SAR, China",MAC,SE.TER.ENRR,2021,98.9696202531646
"Macao SAR, China",MAC,IP.JRN.ARTC.SC,2021,
Madagascar,MDG,GOV_WGI_CC_EST,2021,-0.9473613
Madagascar,MDG,IT.NET.BBND.P2,2021,0.104182794544746
Madagascar,MDG,NY.GDP.PCAP.PP.CD,2021,1577.432460565288
Madagascar,MDG,TX.VAL.TECH.MF.ZS,2021,0.4059914364785988
Madagascar,MDG,IT.CEL.SETS.P2,2021,53.9177233784298
Madagascar,MDG,GOV_WGI_PV_EST,2021,-0.4612648
Madagascar,MDG,GOV_WGI_RL_EST,2021,-0.893154
Madagascar,MDG,SE.TER.ENRR,2021,5.3135678666922
Madagascar,MDG,IP.JRN.ARTC.SC,2021,176.01
Malawi,MWI,GOV_WGI_CC_EST,2021,-0.4316195
Malawi,MWI,IT.NET.BBND.P2,2021,0.0670814931398598
Malawi,MWI,NY.GDP.PCAP.PP.CD,2021,1687.593581796507
Malawi,MWI,TX.VAL.TECH.MF.ZS,2021,6.073562308628742
Malawi,MWI,IT.CEL.SETS.P2,2021,59.5599408158462
Malawi,MWI,GOV_WGI_PV_EST,2021,-0.102843499999999
Malawi,MWI,GOV_WGI_RL_EST,2021,-0.2454536
Malawi,MWI,SE.TER.ENRR,2021,2.39798041885226
Malawi,MWI,IP.JRN.ARTC.SC,2021,374.94
Malaysia,MYS,GOV_WGI_CC_EST,2021,0.3015023
Malaysia,MYS,IT.NET.BBND.P2,2021,10.8921782282506
Malaysia,MYS,NY.GDP.PCAP.PP.CD,2021,29822.84918316184
Malaysia,MYS,TX.VAL.TECH.MF.ZS,2021,51.678683637951394
Malaysia,MYS,IT.CEL.SETS.P2,2021,137.684938559871
Malaysia,MYS,GOV_WGI_PV_EST,2021,0.196108
Malaysia,MYS,GOV_WGI_RL_EST,2021,0.3016338
Malaysia,MYS,SE.TER.ENRR,2021,38.1899993008367
Malaysia,MYS,IP.JRN.ARTC.SC,2021,22347.89
Maldives,MDV,GOV_WGI_CC_EST,2021,-0.1632074
Maldives,MDV,IT.NET.BBND.P2,2021,14.8246453577808
Maldives,MDV,NY.GDP.PCAP.PP.CD,2021,19052.622490431066
Maldives,MDV,TX.VAL.TECH.MF.ZS,2021,2.0112518938114587
Maldives,MDV,IT.CEL.SETS.P2,2021,136.789214071769
Maldives,MDV,GOV_WGI_PV_EST,2021,0.4430279
Maldives,MDV,GOV_WGI_RL_EST,2021,-0.1352825
Maldives,MDV,SE.TER.ENRR,2021,23.794640430505
Maldives,MDV,IP.JRN.ARTC.SC,2021,22.11
Mali,MLI,GOV_WGI_CC_EST,2021,-0.896400299999999
Mali,MLI,IT.NET.BBND.P2,2021,0.648338018002888
Mali,MLI,NY.GDP.PCAP.PP.CD,2021,2796.227937954328
Mali,MLI,TX.VAL.TECH.MF.ZS,2021,13.885397758683316
Mali,MLI,IT.CEL.SETS.P2,2021,108.693122357196
Mali,MLI,GOV_WGI_PV_EST,2021,-2.3319481
Mali,MLI,GOV_WGI_RL_EST,2021,-0.882688199999999
Mali,MLI,SE.TER.ENRR,2021,
Mali,MLI,IP.JRN.ARTC.SC,2021,137.47
Malta,MLT,GOV_WGI_CC_EST,2021,0.4667226
Malta,MLT,IT.NET.BBND.P2,2021,42.1830899964911
Malta,MLT,NY.GDP.PCAP.PP.CD,2021,56852.32185122669
Malta,MLT,TX.VAL.TECH.MF.ZS,2021,30.73555909823162
Malta,MLT,IT.CEL.SETS.P2,2021,123.941408455002
Malta,MLT,GOV_WGI_PV_EST,2021,0.9318346
Malta,MLT,GOV_WGI_RL_EST,2021,0.8666429
Malta,MLT,SE.TER.ENRR,2021,70.2313537597656
Malta,MLT,IP.JRN.ARTC.SC,2021,519.44
Marshall Islands,MHL,GOV_WGI_CC_EST,2021,-0.0263173999999999
Marshall Islands,MHL,IT.NET.BBND.P2,2021,2.27717746029444
Marshall Islands,MHL,NY.GDP.PCAP.PP.CD,2021,6767.957855105285
Marshall Islands,MHL,TX.VAL.TECH.MF.ZS,2021,
Marshall Islands,MHL,IT.CEL.SETS.P2,2021,38.6781734232601
Marshall Islands,MHL,GOV_WGI_PV_EST,2021,1.004613
Marshall Islands,MHL,GOV_WGI_RL_EST,2021,0.7827543
Marshall Islands,MHL,SE.TER.ENRR,2021,
Marshall Islands,MHL,IP.JRN.ARTC.SC,2021,2.9
Mauritania,MRT,GOV_WGI_CC_EST,2021,-0.879153
Mauritania,MRT,IT.NET.BBND.P2,2021,0.405903092669414
Mauritania,MRT,NY.GDP.PCAP.PP.CD,2021,5836.565808218969
Mauritania,MRT,TX.VAL.TECH.MF.ZS,2021,5.076981808043832
Mauritania,MRT,IT.CEL.SETS.P2,2021,137.540323142707
Mauritania,MRT,GOV_WGI_PV_EST,2021,-0.5222228
Mauritania,MRT,GOV_WGI_RL_EST,2021,-0.8740834
Mauritania,MRT,SE.TER.ENRR,2021,
Mauritania,MRT,IP.JRN.ARTC.SC,2021,36.92
Mauritius,MUS,GOV_WGI_CC_EST,2021,0.416008
Mauritius,MUS,IT.NET.BBND.P2,2021,25.7028828022003
Mauritius,MUS,NY.GDP.PCAP.PP.CD,2021,23010.201382690524
Mauritius,MUS,TX.VAL.TECH.MF.ZS,2021,0.3862043609499416
Mauritius,MUS,IT.CEL.SETS.P2,2021,154.053185977432
Mauritius,MUS,GOV_WGI_PV_EST,2021,0.9264413
Mauritius,MUS,GOV_WGI_RL_EST,2021,0.7212842
Mauritius,MUS,SE.TER.ENRR,2021,43.9577226373808
Mauritius,MUS,IP.JRN.ARTC.SC,2021,208.35
Mexico,MEX,GOV_WGI_CC_EST,2021,-0.8733867
Mexico,MEX,IT.NET.BBND.P2,2021,19.2796725887476
Mexico,MEX,NY.GDP.PCAP.PP.CD,2021,20782.58774175454
Mexico,MEX,TX.VAL.TECH.MF.ZS,2021,19.811340639837663
Mexico,MEX,IT.CEL.SETS.P2,2021,99.09481491263
Mexico,MEX,GOV_WGI_PV_EST,2021,-0.736204699999999
Mexico,MEX,GOV_WGI_RL_EST,2021,-1.0248188
Mexico,MEX,SE.TER.ENRR,2021,45.6506195068359
Mexico,MEX,IP.JRN.ARTC.SC,2021,20345.96
"Micronesia, Fed. Sts.",FSM,GOV_WGI_CC_EST,2021,0.3004111
"Micronesia, Fed. Sts.",FSM,IT.NET.BBND.P2,2021,5.37518813158461
"Micronesia, Fed. Sts.",FSM,NY.GDP.PCAP.PP.CD,2021,3946.416081091658
"Micronesia, Fed. Sts.",FSM,TX.VAL.TECH.MF.ZS,2021,
"Micronesia, Fed. Sts.",FSM,IT.CEL.SETS.P2,2021,19.7090231491436
"Micronesia, Fed. Sts.",FSM,GOV_WGI_PV_EST,2021,1.2268624
"Micronesia, Fed. Sts.",FSM,GOV_WGI_RL_EST,2021,0.8844429
"Micronesia, Fed. Sts.",FSM,SE.TER.ENRR,2021,
"Micronesia, Fed. Sts.",FSM,IP.JRN.ARTC.SC,2021,2.18
Moldova,MDA,GOV_WGI_CC_EST,2021,-0.550342
Moldova,MDA,IT.NET.BBND.P2,2021,25.2112754309344
Moldova,MDA,NY.GDP.PCAP.PP.CD,2021,15682.070328465348
Moldova,MDA,TX.VAL.TECH.MF.ZS,2021,2.236947406737116
Moldova,MDA,IT.CEL.SETS.P2,2021,128.983642317657
Moldova,MDA,GOV_WGI_PV_EST,2021,-0.0451684
Moldova,MDA,GOV_WGI_RL_EST,2021,-0.2519381
Moldova,MDA,SE.TER.ENRR,2021,61.3014036981023
Moldova,MDA,IP.JRN.ARTC.SC,2021,334.96
Monaco,MCO,GOV_WGI_CC_EST,2021,1.1772281
Monaco,MCO,IT.NET.BBND.P2,2021,54.9173307031433
Monaco,MCO,NY.GDP.PCAP.PP.CD,2021,
Monaco,MCO,TX.VAL.TECH.MF.ZS,2021,
Monaco,MCO,IT.CEL.SETS.P2,2021,97.1422638668985
Monaco,MCO,GOV_WGI_PV_EST,2021,1.2044193
Monaco,MCO,GOV_WGI_RL_EST,2021,1.3737068
Monaco,MCO,SE.TER.ENRR,2021,
Monaco,MCO,IP.JRN.ARTC.SC,2021,51.23
Mongolia,MNG,GOV_WGI_CC_EST,2021,-0.6644684
Mongolia,MNG,IT.NET.BBND.P2,2021,11.3929982387502
Mongolia,MNG,NY.GDP.PCAP.PP.CD,2021,14792.250908642214
Mongolia,MNG,TX.VAL.TECH.MF.ZS,2021,22.02069998665383
Mongolia,MNG,IT.CEL.SETS.P2,2021,140.352142155192
Mongolia,MNG,GOV_WGI_PV_EST,2021,0.7338327
Mongolia,MNG,GOV_WGI_RL_EST,2021,-0.1731689
Mongolia,MNG,SE.TER.ENRR,2021,67.4261046440448
Mongolia,MNG,IP.JRN.ARTC.SC,2021,274.29
Montenegro,MNE,GOV_WGI_CC_EST,2021,0.0383454
Montenegro,MNE,IT.NET.BBND.P2,2021,31.180870777725
Montenegro,MNE,NY.GDP.PCAP.PP.CD,2021,23690.07735130564
Montenegro,MNE,TX.VAL.TECH.MF.ZS,2021,9.444483875061833
Montenegro,MNE,IT.CEL.SETS.P2,2021,185.488473149833
Montenegro,MNE,GOV_WGI_PV_EST,2021,-0.0332398999999999
Montenegro,MNE,GOV_WGI_RL_EST,2021,0.0178112
Montenegro,MNE,SE.TER.ENRR,2021,57.9613914489746
Montenegro,MNE,IP.JRN.ARTC.SC,2021,283.61
Morocco,MAR,GOV_WGI_CC_EST,2021,-0.4783966
Morocco,MAR,IT.NET.BBND.P2,2021,6.14617858388986
Morocco,MAR,NY.GDP.PCAP.PP.CD,2021,8623.265625
Morocco,MAR,TX.VAL.TECH.MF.ZS,2021,4.3012763601155495
Morocco,MAR,IT.CEL.SETS.P2,2021,138.911268095998
Morocco,MAR,GOV_WGI_PV_EST,2021,-0.4686437
Morocco,MAR,GOV_WGI_RL_EST,2021,-0.4447944
Morocco,MAR,SE.TER.ENRR,2021,42.531967383806
Morocco,MAR,IP.JRN.ARTC.SC,2021,6993.78
Mozambique,MOZ,GOV_WGI_CC_EST,2021,-0.809070699999999
Mozambique,MOZ,IT.NET.BBND.P2,2021,0.206558007808804
Mozambique,MOZ,NY.GDP.PCAP.PP.CD,2021,1457.2354093092151
Mozambique,MOZ,TX.VAL.TECH.MF.ZS,2021,1.5990396278462573
Mozambique,MOZ,IT.CEL.SETS.P2,2021,43.1636190464176
Mozambique,MOZ,GOV_WGI_PV_EST,2021,-1.2675269
Mozambique,MOZ,GOV_WGI_RL_EST,2021,-1.0487663
Mozambique,MOZ,SE.TER.ENRR,2021,
Mozambique,MOZ,IP.JRN.ARTC.SC,2021,219.18
Myanmar,MMR,GOV_WGI_CC_EST,2021,-0.9391159
Myanmar,MMR,IT.NET.BBND.P2,2021,1.67276170937317
Myanmar,MMR,NY.GDP.PCAP.PP.CD,2021,5178.447182171636
Myanmar,MMR,TX.VAL.TECH.MF.ZS,2021,5.069368433603247
Myanmar,MMR,IT.CEL.SETS.P2,2021,127.240645128106
Myanmar,MMR,GOV_WGI_PV_EST,2021,-2.09394989999999
Myanmar,MMR,GOV_WGI_RL_EST,2021,-1.5648147
Myanmar,MMR,SE.TER.ENRR,2021,
Myanmar,MMR,IP.JRN.ARTC.SC,2021,273.07
Namibia,NAM,GOV_WGI_CC_EST,2021,0.3260821
Namibia,NAM,IT.NET.BBND.P2,2021,3.1781346555903
Namibia,NAM,NY.GDP.PCAP.PP.CD,2021,9709.099306467706
Namibia,NAM,TX.VAL.TECH.MF.ZS,2021,0.0666275179134237
Namibia,NAM,IT.CEL.SETS.P2,2021,103.727351391971
Namibia,NAM,GOV_WGI_PV_EST,2021,0.5136089
Namibia,NAM,GOV_WGI_RL_EST,2021,0.2859049
Namibia,NAM,SE.TER.ENRR,2021,26.6057345682932
Namibia,NAM,IP.JRN.ARTC.SC,2021,233.51
Nauru,NRU,GOV_WGI_CC_EST,2021,0.4468112
Nauru,NRU,IT.NET.BBND.P2,2021,
Nauru,NRU,NY.GDP.PCAP.PP.CD,2021,12112.235838422816
Nauru,NRU,TX.VAL.TECH.MF.ZS,2021,
Nauru,NRU,IT.CEL.SETS.P2,2021,85.404389785635
Nauru,NRU,GOV_WGI_PV_EST,2021,0.7572142
Nauru,NRU,GOV_WGI_RL_EST,2021,0.2100341
Nauru,NRU,SE.TER.ENRR,2021,
Nauru,NRU,IP.JRN.ARTC.SC,2021,0.0
Nepal,NPL,GOV_WGI_CC_EST,2021,-0.624520499999999
Nepal,NPL,IT.NET.BBND.P2,2021,4.30873475530627
Nepal,NPL,NY.GDP.PCAP.PP.CD,2021,4546.229700062892
Nepal,NPL,TX.VAL.TECH.MF.ZS,2021,1.247831570758662
Nepal,NPL,IT.CEL.SETS.P2,2021,129.645418271275
Nepal,NPL,GOV_WGI_PV_EST,2021,-0.2520173
Nepal,NPL,GOV_WGI_RL_EST,2021,-0.3560122
Nepal,NPL,SE.TER.ENRR,2021,15.243139284484
Nepal,NPL,IP.JRN.ARTC.SC,2021,1627.26
Netherlands,NLD,GOV_WGI_CC_EST,2021,2.0280226
Netherlands,NLD,IT.NET.BBND.P2,2021,42.9460563127039
Netherlands,NLD,NY.GDP.PCAP.PP.CD,2021,68573.56487864463
Netherlands,NLD,TX.VAL.TECH.MF.ZS,2021,22.002321190827328
Netherlands,NLD,IT.CEL.SETS.P2,2021,123.447849713072
Netherlands,NLD,GOV_WGI_PV_EST,2021,0.732977
Netherlands,NLD,GOV_WGI_RL_EST,2021,1.7767646
Netherlands,NLD,SE.TER.ENRR,2021,89.3898620605469
Netherlands,NLD,IP.JRN.ARTC.SC,2021,34144.24
New Caledonia,NCL,GOV_WGI_CC_EST,2021,0.1313142
New Caledonia,NCL,IT.NET.BBND.P2,2021,19.2837658740455
New Caledonia,NCL,NY.GDP.PCAP.PP.CD,2021,
New Caledonia,NCL,TX.VAL.TECH.MF.ZS,2021,
New Caledonia,NCL,IT.CEL.SETS.P2,2021,91.1596204954876
New Caledonia,NCL,GOV_WGI_PV_EST,2021,1.1123709
New Caledonia,NCL,GOV_WGI_RL_EST,2021,1.1043988
New Caledonia,NCL,SE.TER.ENRR,2021,
New Caledonia,NCL,IP.JRN.ARTC.SC,2021,
New Zealand,NZL,GOV_WGI_CC_EST,2021,2.1244607
New Zealand,NZL,IT.NET.BBND.P2,2021,35.262820014578
New Zealand,NZL,NY.GDP.PCAP.PP.CD,2021,48248.71767298924
New Zealand,NZL,TX.VAL.TECH.MF.ZS,2021,9.761107814301456
New Zealand,NZL,IT.CEL.SETS.P2,2021,114.454714130458
New Zealand,NZL,GOV_WGI_PV_EST,2021,1.3569818
New Zealand,NZL,GOV_WGI_RL_EST,2021,1.7303956
New Zealand,NZL,SE.TER.ENRR,2021,79.4128875732422
New Zealand,NZL,IP.JRN.ARTC.SC,2021,8960.04
Nicaragua,NIC,GOV_WGI_CC_EST,2021,-1.237514
Nicaragua,NIC,IT.NET.BBND.P2,2021,4.51379519532816
Nicaragua,NIC,NY.GDP.PCAP.PP.CD,2021,7119.169233600418
Nicaragua,NIC,TX.VAL.TECH.MF.ZS,2021,1.217988202251335
Nicaragua,NIC,IT.CEL.SETS.P2,2021,93.8165084237294
Nicaragua,NIC,GOV_WGI_PV_EST,2021,-0.4075357
Nicaragua,NIC,GOV_WGI_RL_EST,2021,-1.474372
Nicaragua,NIC,SE.TER.ENRR,2021,
Nicaragua,NIC,IP.JRN.ARTC.SC,2021,42.73
Niger,NER,GOV_WGI_CC_EST,2021,-0.5632509
Niger,NER,IT.NET.BBND.P2,2021,
Niger,NER,NY.GDP.PCAP.PP.CD,2021,1585.5992202118823
Niger,NER,TX.VAL.TECH.MF.ZS,2021,32.36995874764103
Niger,NER,IT.CEL.SETS.P2,2021,61.5063092448251
Niger,NER,GOV_WGI_PV_EST,2021,-1.4793091
Niger,NER,GOV_WGI_RL_EST,2021,-0.598975199999999
Niger,NER,SE.TER.ENRR,2021,
Niger,NER,IP.JRN.ARTC.SC,2021,65.74
Nigeria,NGA,GOV_WGI_CC_EST,2021,-1.1909306
Nigeria,NGA,IT.NET.BBND.P2,2021,0.0301639204550369
Nigeria,NGA,NY.GDP.PCAP.PP.CD,2021,7588.47885596359
Nigeria,NGA,TX.VAL.TECH.MF.ZS,2021,6.487965049125805
Nigeria,NGA,IT.CEL.SETS.P2,2021,89.2915858426408
Nigeria,NGA,GOV_WGI_PV_EST,2021,-2.0135756
Nigeria,NGA,GOV_WGI_RL_EST,2021,-0.926327599999999
Nigeria,NGA,SE.TER.ENRR,2021,
Nigeria,NGA,IP.JRN.ARTC.SC,2021,9263.7
North Macedonia,MKD,GOV_WGI_CC_EST,2021,-0.3856405
North Macedonia,MKD,IT.NET.BBND.P2,2021,26.9448892231031
North Macedonia,MKD,NY.GDP.PCAP.PP.CD,2021,22144.28425714312
North Macedonia,MKD,TX.VAL.TECH.MF.ZS,2021,4.0331959439009
North Macedonia,MKD,IT.CEL.SETS.P2,2021,104.875134243923
North Macedonia,MKD,GOV_WGI_PV_EST,2021,0.0908151
North Macedonia,MKD,GOV_WGI_RL_EST,2021,-0.117091
North Macedonia,MKD,SE.TER.ENRR,2021,44.3020210266113
North Macedonia,MKD,IP.JRN.ARTC.SC,2021,425.21
Northern Mariana Islands,MNP,GOV_WGI_CC_EST,2021,
Northern Mariana Islands,MNP,IT.NET.BBND.P2,2021,
Northern Mariana Islands,MNP,NY.GDP.PCAP.PP.CD,2021,
Northern Mariana Islands,MNP,TX.VAL.TECH.MF.ZS,2021,
Northern Mariana Islands,MNP,IT.CEL.SETS.P2,2021,
Northern Mariana Islands,MNP,GOV_WGI_PV_EST,2021,
Northern Mariana Islands,MNP,GOV_WGI_RL_EST,2021,
Northern Mariana Islands,MNP,SE.TER.ENRR,2021,
Northern Mariana Islands,MNP,IP.JRN.ARTC.SC,2021,
Norway,NOR,GOV_WGI_CC_EST,2021,2.070812
Norway,NOR,IT.NET.BBND.P2,2021,44.9392216218255
Norway,NOR,NY.GDP.PCAP.PP.CD,2021,88984.1386736515
Norway,NOR,TX.VAL.TECH.MF.ZS,2021,20.586371589954304
Norway,NOR,IT.CEL.SETS.P2,2021,109.585637519783
Norway,NOR,GOV_WGI_PV_EST,2021,1.0721678
Norway,NOR,GOV_WGI_RL_EST,2021,2.0582629
Norway,NOR,SE.TER.ENRR,2021,93.9243011474609
Norway,NOR,IP.JRN.ARTC.SC,2021,13802.78
Oman,OMN,GOV_WGI_CC_EST,2021,0.0233919
Oman,OMN,IT.NET.BBND.P2,2021,11.5852955507366
Oman,OMN,NY.GDP.PCAP.PP.CD,2021,38719.45876820488
Oman,OMN,TX.VAL.TECH.MF.ZS,2021,6.610686846504331
Oman,OMN,IT.CEL.SETS.P2,2021,135.076972756826
Oman,OMN,GOV_WGI_PV_EST,2021,0.3902352
Oman,OMN,GOV_WGI_RL_EST,2021,0.2255117
Oman,OMN,SE.TER.ENRR,2021,43.8433613964625
Oman,OMN,IP.JRN.ARTC.SC,2021,1320.34
Pakistan,PAK,GOV_WGI_CC_EST,2021,-0.906181199999999
Pakistan,PAK,IT.NET.BBND.P2,2021,1.23144065449307
Pakistan,PAK,NY.GDP.PCAP.PP.CD,2021,5367.273647147621
Pakistan,PAK,TX.VAL.TECH.MF.ZS,2021,1.4884882360675116
Pakistan,PAK,IT.CEL.SETS.P2,2021,78.8012296805749
Pakistan,PAK,GOV_WGI_PV_EST,2021,-1.6496402
Pakistan,PAK,GOV_WGI_RL_EST,2021,-0.8231206
Pakistan,PAK,SE.TER.ENRR,2021,12.3810012807012
Pakistan,PAK,IP.JRN.ARTC.SC,2021,19703.26
Palau,PLW,GOV_WGI_CC_EST,2021,0.4468112
Palau,PLW,IT.NET.BBND.P2,2021,
Palau,PLW,NY.GDP.PCAP.PP.CD,2021,15780.550115886552
Palau,PLW,TX.VAL.TECH.MF.ZS,2021,
Palau,PLW,IT.CEL.SETS.P2,2021,134.960355395603
Palau,PLW,GOV_WGI_PV_EST,2021,1.1404301
Palau,PLW,GOV_WGI_RL_EST,2021,1.1551047
Palau,PLW,SE.TER.ENRR,2021,
Palau,PLW,IP.JRN.ARTC.SC,2021,5.61
Panama,PAN,GOV_WGI_CC_EST,2021,-0.5235702
Panama,PAN,IT.NET.BBND.P2,2021,14.8381106018887
Panama,PAN,NY.GDP.PCAP.PP.CD,2021,30932.76278091445
Panama,PAN,TX.VAL.TECH.MF.ZS,2021,0.2600622267048286
Panama,PAN,IT.CEL.SETS.P2,2021,147.899862038176
Panama,PAN,GOV_WGI_PV_EST,2021,0.3538332
Panama,PAN,GOV_WGI_RL_EST,2021,-0.230409999999999
Panama,PAN,SE.TER.ENRR,2021,52.7147829654218
Panama,PAN,IP.JRN.ARTC.SC,2021,282.05
Papua New Guinea,PNG,GOV_WGI_CC_EST,2021,-0.6567906
Papua New Guinea,PNG,IT.NET.BBND.P2,2021,0.209729532794508
Papua New Guinea,PNG,NY.GDP.PCAP.PP.CD,2021,3976.903801169556
Papua New Guinea,PNG,TX.VAL.TECH.MF.ZS,2021,40.05406216233834
Papua New Guinea,PNG,IT.CEL.SETS.P2,2021,48.1179470954257
Papua New Guinea,PNG,GOV_WGI_PV_EST,2021,-0.747625099999999
Papua New Guinea,PNG,GOV_WGI_RL_EST,2021,-0.6493713
Papua New Guinea,PNG,SE.TER.ENRR,2021,
Papua New Guinea,PNG,IP.JRN.ARTC.SC,2021,80.07
Paraguay,PRY,GOV_WGI_CC_EST,2021,-0.905500299999999
Paraguay,PRY,IT.NET.BBND.P2,2021,10.8118689766377
Paraguay,PRY,NY.GDP.PCAP.PP.CD,2021,15406.167064657566
Paraguay,PRY,TX.VAL.TECH.MF.ZS,2021,7.420545984681914
Paraguay,PRY,IT.CEL.SETS.P2,2021,119.312639901188
Paraguay,PRY,GOV_WGI_PV_EST,2021,-0.0550381999999999
Paraguay,PRY,GOV_WGI_RL_EST,2021,-0.5280024
Paraguay,PRY,SE.TER.ENRR,2021,
Paraguay,PRY,IP.JRN.ARTC.SC,2021,227.95
Peru,PER,GOV_WGI_CC_EST,2021,-0.509709
Peru,PER,IT.NET.BBND.P2,2021,9.05771410333768
Peru,PER,NY.GDP.PCAP.PP.CD,2021,15280.551210648637
Peru,PER,TX.VAL.TECH.MF.ZS,2021,4.461645050021671
Peru,PER,IT.CEL.SETS.P2,2021,129.993736857913
Peru,PER,GOV_WGI_PV_EST,2021,-0.334168099999999
Peru,PER,GOV_WGI_RL_EST,2021,-0.5208197
Peru,PER,SE.TER.ENRR,2021,
Peru,PER,IP.JRN.ARTC.SC,2021,4073.17
Philippines,PHL,GOV_WGI_CC_EST,2021,-0.5743865
Philippines,PHL,IT.NET.BBND.P2,2021,8.50897715713263
Philippines,PHL,NY.GDP.PCAP.PP.CD,2021,8857.789951155139
Philippines,PHL,TX.VAL.TECH.MF.ZS,2021,64.22540833461062
Philippines,PHL,IT.CEL.SETS.P2,2021,144.424289981649
Philippines,PHL,GOV_WGI_PV_EST,2021,-1.0935816
Philippines,PHL,GOV_WGI_RL_EST,2021,-0.6736731
Philippines,PHL,SE.TER.ENRR,2021,33.6166173848126
Philippines,PHL,IP.JRN.ARTC.SC,2021,3948.12
Poland,POL,GOV_WGI_CC_EST,2021,0.6869719
Poland,POL,IT.NET.BBND.P2,2021,22.8165643900514
Poland,POL,NY.GDP.PCAP.PP.CD,2021,41059.5847829682
Poland,POL,TX.VAL.TECH.MF.ZS,2021,9.445565142809356
Poland,POL,IT.CEL.SETS.P2,2021,132.987203939653
Poland,POL,GOV_WGI_PV_EST,2021,0.5651963
Poland,POL,GOV_WGI_RL_EST,2021,0.4098572
Poland,POL,SE.TER.ENRR,2021,72.2060623168945
Poland,POL,IP.JRN.ARTC.SC,2021,34667.25
Portugal,PRT,GOV_WGI_CC_EST,2021,0.8188182
Portugal,PRT,IT.NET.BBND.P2,2021,41.5145728650954
Portugal,PRT,NY.GDP.PCAP.PP.CD,2021,38657.6677223425
Portugal,PRT,TX.VAL.TECH.MF.ZS,2021,6.250331404511996
Portugal,PRT,IT.CEL.SETS.P2,2021,119.768700781718
Portugal,PRT,GOV_WGI_PV_EST,2021,0.9584396
Portugal,PRT,GOV_WGI_RL_EST,2021,1.1690784
Portugal,PRT,SE.TER.ENRR,2021,72.5122375488281
Portugal,PRT,IP.JRN.ARTC.SC,2021,18387.68
Puerto Rico (US),PRI,GOV_WGI_CC_EST,2021,0.5017099
Puerto Rico (US),PRI,IT.NET.BBND.P2,2021,23.6440930650035
Puerto Rico (US),PRI,NY.GDP.PCAP.PP.CD,2021,40559.47481181196
Puerto Rico (US),PRI,TX.VAL.TECH.MF.ZS,2021,
Puerto Rico (US),PRI,IT.CEL.SETS.P2,2021,112.540413929626
Puerto Rico (US),PRI,GOV_WGI_PV_EST,2021,0.4249881
Puerto Rico (US),PRI,GOV_WGI_RL_EST,2021,0.5130714
Puerto Rico (US),PRI,SE.TER.ENRR,2021,88.5327447779272
Puerto Rico (US),PRI,IP.JRN.ARTC.SC,2021,556.86
Qatar,QAT,GOV_WGI_CC_EST,2021,0.8394432
Qatar,QAT,IT.NET.BBND.P2,2021,11.0795735105944
Qatar,QAT,NY.GDP.PCAP.PP.CD,2021,116832.65694197152
Qatar,QAT,TX.VAL.TECH.MF.ZS,2021,1.719404264112815
Qatar,QAT,IT.CEL.SETS.P2,2021,137.709548409191
Qatar,QAT,GOV_WGI_PV_EST,2021,0.9259515
Qatar,QAT,GOV_WGI_RL_EST,2021,0.5003341
Qatar,QAT,SE.TER.ENRR,2021,31.2813974439236
Qatar,QAT,IP.JRN.ARTC.SC,2021,2522.3
Romania,ROU,GOV_WGI_CC_EST,2021,0.0096051
Romania,ROU,IT.NET.BBND.P2,2021,31.6949603653045
Romania,ROU,NY.GDP.PCAP.PP.CD,2021,37534.15591769115
Romania,ROU,TX.VAL.TECH.MF.ZS,2021,11.487940834609924
Romania,ROU,IT.CEL.SETS.P2,2021,119.123068432356
Romania,ROU,GOV_WGI_PV_EST,2021,0.6671952
Romania,ROU,GOV_WGI_RL_EST,2021,0.4615581
Romania,ROU,SE.TER.ENRR,2021,55.2656097412109
Romania,ROU,IP.JRN.ARTC.SC,2021,10812.95
Russian Federation,RUS,GOV_WGI_CC_EST,2021,-0.7788442
Russian Federation,RUS,IT.NET.BBND.P2,2021,23.7409106485411
Russian Federation,RUS,NY.GDP.PCAP.PP.CD,2021,38638.4296875
Russian Federation,RUS,TX.VAL.TECH.MF.ZS,2021,9.72984772707015
Russian Federation,RUS,IT.CEL.SETS.P2,2021,169.07261384221
Russian Federation,RUS,GOV_WGI_PV_EST,2021,-0.5061895
Russian Federation,RUS,GOV_WGI_RL_EST,2021,-0.902773199999999
Russian Federation,RUS,SE.TER.ENRR,2021,54.9542479280814
Russian Federation,RUS,IP.JRN.ARTC.SC,2021,90676.68
Rwanda,RWA,GOV_WGI_CC_EST,2021,0.4694992
Rwanda,RWA,IT.NET.BBND.P2,2021,0.238872174708692
Rwanda,RWA,NY.GDP.PCAP.PP.CD,2021,2733.4356676244715
Rwanda,RWA,TX.VAL.TECH.MF.ZS,2021,5.102408027079126
Rwanda,RWA,IT.CEL.SETS.P2,2021,81.6381635400584
Rwanda,RWA,GOV_WGI_PV_EST,2021,0.115233
Rwanda,RWA,GOV_WGI_RL_EST,2021,0.0190329
Rwanda,RWA,SE.TER.ENRR,2021,
Rwanda,RWA,IP.JRN.ARTC.SC,2021,332.31
Samoa,WSM,GOV_WGI_CC_EST,2021,0.7667536
Samoa,WSM,IT.NET.BBND.P2,2021,0.791471566430753
Samoa,WSM,NY.GDP.PCAP.PP.CD,2021,6350.114283532528
Samoa,WSM,TX.VAL.TECH.MF.ZS,2021,1.0752843011372046
Samoa,WSM,IT.CEL.SETS.P2,2021,32.2763227445165
Samoa,WSM,GOV_WGI_PV_EST,2021,1.1396511
Samoa,WSM,GOV_WGI_RL_EST,2021,1.0545903
Samoa,WSM,SE.TER.ENRR,2021,19.1409681560724
Samoa,WSM,IP.JRN.ARTC.SC,2021,24.01
San Marino,SMR,GOV_WGI_CC_EST,2021,1.1772281
San Marino,SMR,IT.NET.BBND.P2,2021,34.7101700798334
San Marino,SMR,NY.GDP.PCAP.PP.CD,2021,64745.13167807012
San Marino,SMR,TX.VAL.TECH.MF.ZS,2021,
San Marino,SMR,IT.CEL.SETS.P2,2021,115.700566932778
San Marino,SMR,GOV_WGI_PV_EST,2021,1.2044193
San Marino,SMR,GOV_WGI_RL_EST,2021,1.4510365
San Marino,SMR,SE.TER.ENRR,2021,57.6704545454545
San Marino,SMR,IP.JRN.ARTC.SC,2021,15.77
Sao Tome and Principe,STP,GOV_WGI_CC_EST,2021,0.1620477
Sao Tome and Principe,STP,IT.NET.BBND.P2,2021,1.54216281238596
Sao Tome and Principe,STP,NY.GDP.PCAP.PP.CD,2021,5732.694560615356
Sao Tome and Principe,STP,TX.VAL.TECH.MF.ZS,2021,8.179267482623718
Sao Tome and Principe,STP,IT.CEL.SETS.P2,2021,85.2577705092336
Sao Tome and Principe,STP,GOV_WGI_PV_EST,2021,0.6052679
Sao Tome and Principe,STP,GOV_WGI_RL_EST,2021,-0.3937827
Sao Tome and Principe,STP,SE.TER.ENRR,2021,
Sao Tome and Principe,STP,IP.JRN.ARTC.SC,2021,3.96
Saudi Arabia,SAU,GOV_WGI_CC_EST,2021,0.2365231
Saudi Arabia,SAU,IT.NET.BBND.P2,2021,33.7973610185654
Saudi Arabia,SAU,NY.GDP.PCAP.PP.CD,2021,62690.49666459286
Saudi Arabia,SAU,TX.VAL.TECH.MF.ZS,2021,0.3057152401093848
Saudi Arabia,SAU,IT.CEL.SETS.P2,2021,145.003757775499
Saudi Arabia,SAU,GOV_WGI_PV_EST,2021,-0.4672131
Saudi Arabia,SAU,GOV_WGI_RL_EST,2021,-0.1658751
Saudi Arabia,SAU,SE.TER.ENRR,2021,74.3924865722656
Saudi Arabia,SAU,IP.JRN.ARTC.SC,2021,19810.93
Senegal,SEN,GOV_WGI_CC_EST,2021,0.0360917
Senegal,SEN,IT.NET.BBND.P2,2021,1.20966034985347
Senegal,SEN,NY.GDP.PCAP.PP.CD,2021,4173.677413996194
Senegal,SEN,TX.VAL.TECH.MF.ZS,2021,1.8791867469948085
Senegal,SEN,IT.CEL.SETS.P2,2021,115.325093678501
Senegal,SEN,GOV_WGI_PV_EST,2021,-0.1040585
Senegal,SEN,GOV_WGI_RL_EST,2021,-0.1485159
Senegal,SEN,SE.TER.ENRR,2021,14.6823561354842
Senegal,SEN,IP.JRN.ARTC.SC,2021,434.2
Serbia,SRB,GOV_WGI_CC_EST,2021,-0.4707878
Serbia,SRB,IT.NET.BBND.P2,2021,26.4794202826056
Serbia,SRB,NY.GDP.PCAP.PP.CD,2021,23406.40363156344
Serbia,SRB,TX.VAL.TECH.MF.ZS,2021,
Serbia,SRB,IT.CEL.SETS.P2,2021,125.075587327252
Serbia,SRB,GOV_WGI_PV_EST,2021,-0.0436914
Serbia,SRB,GOV_WGI_RL_EST,2021,-0.1926347
Serbia,SRB,SE.TER.ENRR,2021,69.1800231933594
Serbia,SRB,IP.JRN.ARTC.SC,2021,4878.41
Seychelles,SYC,GOV_WGI_CC_EST,2021,1.1441374
Seychelles,SYC,IT.NET.BBND.P2,2021,33.5645230796751
Seychelles,SYC,NY.GDP.PCAP.PP.CD,2021,29979.827268609057
Seychelles,SYC,TX.VAL.TECH.MF.ZS,2021,3.343076157890919
Seychelles,SYC,IT.CEL.SETS.P2,2021,149.479213250181
Seychelles,SYC,GOV_WGI_PV_EST,2021,0.7262104
Seychelles,SYC,GOV_WGI_RL_EST,2021,0.5521392
Seychelles,SYC,SE.TER.ENRR,2021,26.8701526144608
Seychelles,SYC,IP.JRN.ARTC.SC,2021,19.69
Sierra Leone,SLE,GOV_WGI_CC_EST,2021,-0.478002999999999
Sierra Leone,SLE,IT.NET.BBND.P2,2021,0.0022731197902009
Sierra Leone,SLE,NY.GDP.PCAP.PP.CD,2021,2849.388659264359
Sierra Leone,SLE,TX.VAL.TECH.MF.ZS,2021,
Sierra Leone,SLE,IT.CEL.SETS.P2,2021,101.636782141976
Sierra Leone,SLE,GOV_WGI_PV_EST,2021,-0.2367225
Sierra Leone,SLE,GOV_WGI_RL_EST,2021,-0.759120999999999
Sierra Leone,SLE,SE.TER.ENRR,2021,
Sierra Leone,SLE,IP.JRN.ARTC.SC,2021,73.66
Singapore,SGP,GOV_WGI_CC_EST,2021,2.0800635
Singapore,SGP,IT.NET.BBND.P2,2021,27.5210996900631
Singapore,SGP,NY.GDP.PCAP.PP.CD,2021,132617.3540208764
Singapore,SGP,TX.VAL.TECH.MF.ZS,2021,54.972275251408654
Singapore,SGP,IT.CEL.SETS.P2,2021,157.977675166643
Singapore,SGP,GOV_WGI_PV_EST,2021,1.2816641
Singapore,SGP,GOV_WGI_RL_EST,2021,1.4327468
Singapore,SGP,SE.TER.ENRR,2021,97.0989103061521
Singapore,SGP,IP.JRN.ARTC.SC,2021,12432.16
Sint Maarten (Dutch part),SXM,GOV_WGI_CC_EST,2021,
Sint Maarten (Dutch part),SXM,IT.NET.BBND.P2,2021,
Sint Maarten (Dutch part),SXM,NY.GDP.PCAP.PP.CD,2021,40507.06724117173
Sint Maarten (Dutch part),SXM,TX.VAL.TECH.MF.ZS,2021,
Sint Maarten (Dutch part),SXM,IT.CEL.SETS.P2,2021,
Sint Maarten (Dutch part),SXM,GOV_WGI_PV_EST,2021,
Sint Maarten (Dutch part),SXM,GOV_WGI_RL_EST,2021,
Sint Maarten (Dutch part),SXM,SE.TER.ENRR,2021,
Sint Maarten (Dutch part),SXM,IP.JRN.ARTC.SC,2021,
Slovak Republic,SVK,GOV_WGI_CC_EST,2021,0.3575001
Slovak Republic,SVK,IT.NET.BBND.P2,2021,32.6060735005904
Slovak Republic,SVK,NY.GDP.PCAP.PP.CD,2021,38346.09357681767
Slovak Republic,SVK,TX.VAL.TECH.MF.ZS,2021,9.001389401510746
Slovak Republic,SVK,IT.CEL.SETS.P2,2021,135.268252737261
Slovak Republic,SVK,GOV_WGI_PV_EST,2021,0.5857562
Slovak Republic,SVK,GOV_WGI_RL_EST,2021,0.7070856
Slovak Republic,SVK,SE.TER.ENRR,2021,50.7342491149902
Slovak Republic,SVK,IP.JRN.ARTC.SC,2021,5150.0
Slovenia,SVN,GOV_WGI_CC_EST,2021,0.6986582
Slovenia,SVN,IT.NET.BBND.P2,2021,31.5502669986288
Slovenia,SVN,NY.GDP.PCAP.PP.CD,2021,45914.05723924055
Slovenia,SVN,TX.VAL.TECH.MF.ZS,2021,6.209306032570846
Slovenia,SVN,IT.CEL.SETS.P2,2021,123.362924143622
Slovenia,SVN,GOV_WGI_PV_EST,2021,0.7356372
Slovenia,SVN,GOV_WGI_RL_EST,2021,0.9260486
Slovenia,SVN,SE.TER.ENRR,2021,82.2400436401367
Slovenia,SVN,IP.JRN.ARTC.SC,2021,4058.0
Solomon Islands,SLB,GOV_WGI_CC_EST,2021,-0.1748432
Solomon Islands,SLB,IT.NET.BBND.P2,2021,0.131131891144795
Solomon Islands,SLB,NY.GDP.PCAP.PP.CD,2021,2449.870098214515
Solomon Islands,SLB,TX.VAL.TECH.MF.ZS,2021,
Solomon Islands,SLB,IT.CEL.SETS.P2,2021,62.1565164026326
Solomon Islands,SLB,GOV_WGI_PV_EST,2021,0.4456005
Solomon Islands,SLB,GOV_WGI_RL_EST,2021,0.015353
Solomon Islands,SLB,SE.TER.ENRR,2021,
Solomon Islands,SLB,IP.JRN.ARTC.SC,2021,13.72
"Somalia, Fed. Rep.",SOM,GOV_WGI_CC_EST,2021,-1.6031075
"Somalia, Fed. Rep.",SOM,IT.NET.BBND.P2,2021,0.68899907598855
"Somalia, Fed. Rep.",SOM,NY.GDP.PCAP.PP.CD,2021,1392.3178205337051
"Somalia, Fed. Rep.",SOM,TX.VAL.TECH.MF.ZS,2021,
"Somalia, Fed. Rep.",SOM,IT.CEL.SETS.P2,2021,51.2059481348129
"Somalia, Fed. Rep.",SOM,GOV_WGI_PV_EST,2021,-2.60696149999999
"Somalia, Fed. Rep.",SOM,GOV_WGI_RL_EST,2021,-2.16817529999999
"Somalia, Fed. Rep.",SOM,SE.TER.ENRR,2021,
"Somalia, Fed. Rep.",SOM,IP.JRN.ARTC.SC,2021,53.74
South Africa,ZAF,GOV_WGI_CC_EST,2021,0.0645613
South Africa,ZAF,IT.NET.BBND.P2,2021,2.75540858002384
South Africa,ZAF,NY.GDP.PCAP.PP.CD,2021,13681.954814481312
South Africa,ZAF,TX.VAL.TECH.MF.ZS,2021,5.547560490452681
South Africa,ZAF,IT.CEL.SETS.P2,2021,163.12806305125
South Africa,ZAF,GOV_WGI_PV_EST,2021,-0.7738081
South Africa,ZAF,GOV_WGI_RL_EST,2021,0.1210745
South Africa,ZAF,SE.TER.ENRR,2021,22.3431289991291
South Africa,ZAF,IP.JRN.ARTC.SC,2021,15478.5
South Sudan,SSD,GOV_WGI_CC_EST,2021,-1.82343179999999
South Sudan,SSD,IT.NET.BBND.P2,2021,0.0018406409848165
South Sudan,SSD,NY.GDP.PCAP.PP.CD,2021,
South Sudan,SSD,TX.VAL.TECH.MF.ZS,2021,
South Sudan,SSD,IT.CEL.SETS.P2,2021,30.151042999214
South Sudan,SSD,GOV_WGI_PV_EST,2021,-2.21948739999999
South Sudan,SSD,GOV_WGI_RL_EST,2021,-1.97781689999999
South Sudan,SSD,SE.TER.ENRR,2021,
South Sudan,SSD,IP.JRN.ARTC.SC,2021,14.73
Spain,ESP,GOV_WGI_CC_EST,2021,0.8120886
Spain,ESP,IT.NET.BBND.P2,2021,34.9302420932073
Spain,ESP,NY.GDP.PCAP.PP.CD,2021,44251.66582226214
Spain,ESP,TX.VAL.TECH.MF.ZS,2021,9.39320382214351
Spain,ESP,IT.CEL.SETS.P2,2021,118.999806936801
Spain,ESP,GOV_WGI_PV_EST,2021,0.38323
Spain,ESP,GOV_WGI_RL_EST,2021,0.9207665
Spain,ESP,SE.TER.ENRR,2021,95.3768997192383
Spain,ESP,IP.JRN.ARTC.SC,2021,63622.32
Sri Lanka,LKA,GOV_WGI_CC_EST,2021,-0.3367364
Sri Lanka,LKA,IT.NET.BBND.P2,2021,10.5401488574725
Sri Lanka,LKA,NY.GDP.PCAP.PP.CD,2021,14316.135222568291
Sri Lanka,LKA,TX.VAL.TECH.MF.ZS,2021,1.0451912960950598
Sri Lanka,LKA,IT.CEL.SETS.P2,2021,135.522602889503
Sri Lanka,LKA,GOV_WGI_PV_EST,2021,-0.510938
Sri Lanka,LKA,GOV_WGI_RL_EST,2021,-0.2315397
Sri Lanka,LKA,SE.TER.ENRR,2021,20.7824292013914
Sri Lanka,LKA,IP.JRN.ARTC.SC,2021,2410.12
St. Kitts and Nevis,KNA,GOV_WGI_CC_EST,2021,0.352033
St. Kitts and Nevis,KNA,IT.NET.BBND.P2,2021,43.0254688535808
St. Kitts and Nevis,KNA,NY.GDP.PCAP.PP.CD,2021,26896.61770659784
St. Kitts and Nevis,KNA,TX.VAL.TECH.MF.ZS,2021,
St. Kitts and Nevis,KNA,IT.CEL.SETS.P2,2021,121.256121292475
St. Kitts and Nevis,KNA,GOV_WGI_PV_EST,2021,0.9147636
St. Kitts and Nevis,KNA,GOV_WGI_RL_EST,2021,0.5899268
St. Kitts and Nevis,KNA,SE.TER.ENRR,2021,
St. Kitts and Nevis,KNA,IP.JRN.ARTC.SC,2021,35.08
St. Lucia,LCA,GOV_WGI_CC_EST,2021,0.370132
St. Lucia,LCA,IT.NET.BBND.P2,2021,10.675434960397
St. Lucia,LCA,NY.GDP.PCAP.PP.CD,2021,19101.16529566755
St. Lucia,LCA,TX.VAL.TECH.MF.ZS,2021,
St. Lucia,LCA,IT.CEL.SETS.P2,2021,96.2374385229832
St. Lucia,LCA,GOV_WGI_PV_EST,2021,0.868144
St. Lucia,LCA,GOV_WGI_RL_EST,2021,0.6252576
St. Lucia,LCA,SE.TER.ENRR,2021,
St. Lucia,LCA,IP.JRN.ARTC.SC,2021,3.84
St. Martin (French part),MAF,GOV_WGI_CC_EST,2021,
St. Martin (French part),MAF,IT.NET.BBND.P2,2021,
St. Martin (French part),MAF,NY.GDP.PCAP.PP.CD,2021,
St. Martin (French part),MAF,TX.VAL.TECH.MF.ZS,2021,
St. Martin (French part),MAF,IT.CEL.SETS.P2,2021,
St. Martin (French part),MAF,GOV_WGI_PV_EST,2021,
St. Martin (French part),MAF,GOV_WGI_RL_EST,2021,
St. Martin (French part),MAF,SE.TER.ENRR,2021,
St. Martin (French part),MAF,IP.JRN.ARTC.SC,2021,
St. Vincent and the Grenadines,VCT,GOV_WGI_CC_EST,2021,0.7401119
St. Vincent and the Grenadines,VCT,IT.NET.BBND.P2,2021,27.1020312910221
St. Vincent and the Grenadines,VCT,NY.GDP.PCAP.PP.CD,2021,16200.899459784525
St. Vincent and the Grenadines,VCT,TX.VAL.TECH.MF.ZS,2021,0.0034502487133053
St. Vincent and the Grenadines,VCT,IT.CEL.SETS.P2,2021,95.5173520288601
St. Vincent and the Grenadines,VCT,GOV_WGI_PV_EST,2021,1.0408786
St. Vincent and the Grenadines,VCT,GOV_WGI_RL_EST,2021,0.6474473
St. Vincent and the Grenadines,VCT,SE.TER.ENRR,2021,35.7032258064516
St. Vincent and the Grenadines,VCT,IP.JRN.ARTC.SC,2021,5.84
Sudan,SDN,GOV_WGI_CC_EST,2021,-1.292527
Sudan,SDN,IT.NET.BBND.P2,2021,0.0632992450276202
Sudan,SDN,NY.GDP.PCAP.PP.CD,2021,3248.9755859375
Sudan,SDN,TX.VAL.TECH.MF.ZS,2021,
Sudan,SDN,IT.CEL.SETS.P2,2021,71.767230205952
Sudan,SDN,GOV_WGI_PV_EST,2021,-1.7826483
Sudan,SDN,GOV_WGI_RL_EST,2021,-1.3405003
Sudan,SDN,SE.TER.ENRR,2021,
Sudan,SDN,IP.JRN.ARTC.SC,2021,531.71
Suriname,SUR,GOV_WGI_CC_EST,2021,-0.311597299999999
Suriname,SUR,IT.NET.BBND.P2,2021,19.899950800782
Suriname,SUR,NY.GDP.PCAP.PP.CD,2021,18458.23499968104
Suriname,SUR,TX.VAL.TECH.MF.ZS,2021,4.633987928760653
Suriname,SUR,IT.CEL.SETS.P2,2021,146.654129497521
Suriname,SUR,GOV_WGI_PV_EST,2021,0.3607899
Suriname,SUR,GOV_WGI_RL_EST,2021,-0.1971687
Suriname,SUR,SE.TER.ENRR,2021,8.45416298008342
Suriname,SUR,IP.JRN.ARTC.SC,2021,25.22
Sweden,SWE,GOV_WGI_CC_EST,2021,2.0899139
Sweden,SWE,IT.NET.BBND.P2,2021,40.8351431063991
Sweden,SWE,NY.GDP.PCAP.PP.CD,2021,62731.70061629304
Sweden,SWE,TX.VAL.TECH.MF.ZS,2021,13.934831746892607
Sweden,SWE,IT.CEL.SETS.P2,2021,124.96149481991
Sweden,SWE,GOV_WGI_PV_EST,2021,0.9471541
Sweden,SWE,GOV_WGI_RL_EST,2021,1.7883138
Sweden,SWE,SE.TER.ENRR,2021,85.9426193237305
Sweden,SWE,IP.JRN.ARTC.SC,2021,22021.79
Switzerland,CHE,GOV_WGI_CC_EST,2021,2.1059546
Switzerland,CHE,IT.NET.BBND.P2,2021,47.9433096708255
Switzerland,CHE,NY.GDP.PCAP.PP.CD,2021,81001.41112061175
Switzerland,CHE,TX.VAL.TECH.MF.ZS,2021,14.23506327297248
Switzerland,CHE,IT.CEL.SETS.P2,2021,123.21236546636
Switzerland,CHE,GOV_WGI_PV_EST,2021,1.0255347
Switzerland,CHE,GOV_WGI_RL_EST,2021,1.7893994
Switzerland,CHE,SE.TER.ENRR,2021,71.893928527832
Switzerland,CHE,IP.JRN.ARTC.SC,2021,24649.1
Syrian Arab Republic,SYR,GOV_WGI_CC_EST,2021,-1.79070699999999
Syrian Arab Republic,SYR,IT.NET.BBND.P2,2021,7.28562915466706
Syrian Arab Republic,SYR,NY.GDP.PCAP.PP.CD,2021,4592.83860100874
Syrian Arab Republic,SYR,TX.VAL.TECH.MF.ZS,2021,
Syrian Arab Republic,SYR,IT.CEL.SETS.P2,2021,78.5558300193552
Syrian Arab Republic,SYR,GOV_WGI_PV_EST,2021,-2.37452369999999
Syrian Arab Republic,SYR,GOV_WGI_RL_EST,2021,-1.8887237
Syrian Arab Republic,SYR,SE.TER.ENRR,2021,
Syrian Arab Republic,SYR,IP.JRN.ARTC.SC,2021,538.61
Tajikistan,TJK,GOV_WGI_CC_EST,2021,-1.0874541
Tajikistan,TJK,IT.NET.BBND.P2,2021,0.495991334524208
Tajikistan,TJK,NY.GDP.PCAP.PP.CD,2021,3985.912476112185
Tajikistan,TJK,TX.VAL.TECH.MF.ZS,2021,0.4082846489619872
Tajikistan,TJK,IT.CEL.SETS.P2,2021,64.0874682499327
Tajikistan,TJK,GOV_WGI_PV_EST,2021,-0.3984715
Tajikistan,TJK,GOV_WGI_RL_EST,2021,-1.2591682
Tajikistan,TJK,SE.TER.ENRR,2021,37.4220713871838
Tajikistan,TJK,IP.JRN.ARTC.SC,2021,131.4
Tanzania,TZA,GOV_WGI_CC_EST,2021,-0.351543
Tanzania,TZA,IT.NET.BBND.P2,2021,1.97842
Tanzania,TZA,NY.GDP.PCAP.PP.CD,2021,3493.0830078125
Tanzania,TZA,TX.VAL.TECH.MF.ZS,2021,1.6829347109246815
Tanzania,TZA,IT.CEL.SETS.P2,2021,86.0162814148027
Tanzania,TZA,GOV_WGI_PV_EST,2021,-0.5751002
Tanzania,TZA,GOV_WGI_RL_EST,2021,-0.5650588
Tanzania,TZA,SE.TER.ENRR,2021,3.59164319762461
Tanzania,TZA,IP.JRN.ARTC.SC,2021,1031.55
Thailand,THA,GOV_WGI_CC_EST,2021,-0.3893452
Thailand,THA,IT.NET.BBND.P2,2021,17.3168855632327
Thailand,THA,NY.GDP.PCAP.PP.CD,2021,20242.770003565594
Thailand,THA,TX.VAL.TECH.MF.ZS,2021,24.66428000193656
Thailand,THA,IT.CEL.SETS.P2,2021,168.485285358167
Thailand,THA,GOV_WGI_PV_EST,2021,-0.6963747
Thailand,THA,GOV_WGI_RL_EST,2021,-0.2575207
Thailand,THA,SE.TER.ENRR,2021,43.4690405127808
Thailand,THA,IP.JRN.ARTC.SC,2021,15679.41
Timor-Leste,TLS,GOV_WGI_CC_EST,2021,-0.3019067
Timor-Leste,TLS,IT.NET.BBND.P2,2021,0.0101471033723194
Timor-Leste,TLS,NY.GDP.PCAP.PP.CD,2021,6825.045886307448
Timor-Leste,TLS,TX.VAL.TECH.MF.ZS,2021,0.0271228875443354
Timor-Leste,TLS,IT.CEL.SETS.P2,2021,102.668836319816
Timor-Leste,TLS,GOV_WGI_PV_EST,2021,0.2660158
Timor-Leste,TLS,GOV_WGI_RL_EST,2021,-0.640091699999999
Timor-Leste,TLS,SE.TER.ENRR,2021,
Timor-Leste,TLS,IP.JRN.ARTC.SC,2021,14.32
Togo,TGO,GOV_WGI_CC_EST,2021,-0.6519768
Togo,TGO,IT.NET.BBND.P2,2021,0.749325974933037
Togo,TGO,NY.GDP.PCAP.PP.CD,2021,2638.8109526796325
Togo,TGO,TX.VAL.TECH.MF.ZS,2021,0.3260921380959298
Togo,TGO,IT.CEL.SETS.P2,2021,70.4496733018494
Togo,TGO,GOV_WGI_PV_EST,2021,-0.6682329
Togo,TGO,GOV_WGI_RL_EST,2021,-0.6328001
Togo,TGO,SE.TER.ENRR,2021,
Togo,TGO,IP.JRN.ARTC.SC,2021,123.02
Tonga,TON,GOV_WGI_CC_EST,2021,-0.3427691
Tonga,TON,IT.NET.BBND.P2,2021,6.4574841217177
Tonga,TON,NY.GDP.PCAP.PP.CD,2021,6929.176692884377
Tonga,TON,TX.VAL.TECH.MF.ZS,2021,1.68995954105615
Tonga,TON,IT.CEL.SETS.P2,2021,60.9801876955162
Tonga,TON,GOV_WGI_PV_EST,2021,1.111896
Tonga,TON,GOV_WGI_RL_EST,2021,0.7498563
Tonga,TON,SE.TER.ENRR,2021,
Tonga,TON,IP.JRN.ARTC.SC,2021,3.67
Trinidad and Tobago,TTO,GOV_WGI_CC_EST,2021,-0.2305843
Trinidad and Tobago,TTO,IT.NET.BBND.P2,2021,24.9299429931902
Trinidad and Tobago,TTO,NY.GDP.PCAP.PP.CD,2021,30482.120179863054
Trinidad and Tobago,TTO,TX.VAL.TECH.MF.ZS,2021,0.1028344019126642
Trinidad and Tobago,TTO,IT.CEL.SETS.P2,2021,134.221562299819
Trinidad and Tobago,TTO,GOV_WGI_PV_EST,2021,0.1561926
Trinidad and Tobago,TTO,GOV_WGI_RL_EST,2021,-0.1513775
Trinidad and Tobago,TTO,SE.TER.ENRR,2021,
Trinidad and Tobago,TTO,IP.JRN.ARTC.SC,2021,266.0
Tunisia,TUN,GOV_WGI_CC_EST,2021,-0.1415165
Tunisia,TUN,IT.NET.BBND.P2,2021,12.4220429522978
Tunisia,TUN,NY.GDP.PCAP.PP.CD,2021,12444.3264026887
Tunisia,TUN,TX.VAL.TECH.MF.ZS,2021,7.168311183732175
Tunisia,TUN,IT.CEL.SETS.P2,2021,129.846077003661
Tunisia,TUN,GOV_WGI_PV_EST,2021,-0.6668946
Tunisia,TUN,GOV_WGI_RL_EST,2021,-0.0151282999999999
Tunisia,TUN,SE.TER.ENRR,2021,33.2740287780762
Tunisia,TUN,IP.JRN.ARTC.SC,2021,4958.99
Turkiye,TUR,GOV_WGI_CC_EST,2021,-0.3992138
Turkiye,TUR,IT.NET.BBND.P2,2021,20.9211211378579
Turkiye,TUR,NY.GDP.PCAP.PP.CD,2021,32105.547440050563
Turkiye,TUR,TX.VAL.TECH.MF.ZS,2021,3.2836273997014094
Turkiye,TUR,IT.CEL.SETS.P2,2021,99.5415432248525
Turkiye,TUR,GOV_WGI_PV_EST,2021,-0.9721057
Turkiye,TUR,GOV_WGI_RL_EST,2021,-0.775344399999999
Turkiye,TUR,SE.TER.ENRR,2021,125.763786315918
Turkiye,TUR,IP.JRN.ARTC.SC,2021,46843.54
Turkmenistan,TKM,GOV_WGI_CC_EST,2021,-1.36021099999999
Turkmenistan,TKM,IT.NET.BBND.P2,2021,4.08263176069293
Turkmenistan,TKM,NY.GDP.PCAP.PP.CD,2021,16434.13990603527
Turkmenistan,TKM,TX.VAL.TECH.MF.ZS,2021,
Turkmenistan,TKM,IT.CEL.SETS.P2,2021,88.1929367884543
Turkmenistan,TKM,GOV_WGI_PV_EST,2021,-0.224582999999999
Turkmenistan,TKM,GOV_WGI_RL_EST,2021,-1.5825855
Turkmenistan,TKM,SE.TER.ENRR,2021,14.5425982703266
Turkmenistan,TKM,IP.JRN.ARTC.SC,2021,13.81
Turks and Caicos Islands,TCA,GOV_WGI_CC_EST,2021,
Turks and Caicos Islands,TCA,IT.NET.BBND.P2,2021,
Turks and Caicos Islands,TCA,NY.GDP.PCAP.PP.CD,2021,25056.488051556884
Turks and Caicos Islands,TCA,TX.VAL.TECH.MF.ZS,2021,
Turks and Caicos Islands,TCA,IT.CEL.SETS.P2,2021,
Turks and Caicos Islands,TCA,GOV_WGI_PV_EST,2021,
Turks and Caicos Islands,TCA,GOV_WGI_RL_EST,2021,
Turks and Caicos Islands,TCA,SE.TER.ENRR,2021,
Turks and Caicos Islands,TCA,IP.JRN.ARTC.SC,2021,
Tuvalu,TUV,GOV_WGI_CC_EST,2021,0.2034342
Tuvalu,TUV,IT.NET.BBND.P2,2021,4.41436138905238
Tuvalu,TUV,NY.GDP.PCAP.PP.CD,2021,5352.9786253789725
Tuvalu,TUV,TX.VAL.TECH.MF.ZS,2021,
Tuvalu,TUV,IT.CEL.SETS.P2,2021,88.2872277810477
Tuvalu,TUV,GOV_WGI_PV_EST,2021,1.2851524
Tuvalu,TUV,GOV_WGI_RL_EST,2021,0.9727856
Tuvalu,TUV,SE.TER.ENRR,2021,
Tuvalu,TUV,IP.JRN.ARTC.SC,2021,0.06
Uganda,UGA,GOV_WGI_CC_EST,2021,-0.9322359
Uganda,UGA,IT.NET.BBND.P2,2021,0.0838841644026815
Uganda,UGA,NY.GDP.PCAP.PP.CD,2021,2684.920359397436
Uganda,UGA,TX.VAL.TECH.MF.ZS,2021,2.3479346973229247
Uganda,UGA,IT.CEL.SETS.P2,2021,65.6220730009172
Uganda,UGA,GOV_WGI_PV_EST,2021,-0.9440307
Uganda,UGA,GOV_WGI_RL_EST,2021,-0.7277087
Uganda,UGA,SE.TER.ENRR,2021,
Uganda,UGA,IP.JRN.ARTC.SC,2021,1211.34
Ukraine,UKR,GOV_WGI_CC_EST,2021,-0.8040912
Ukraine,UKR,IT.NET.BBND.P2,2021,18.2677942438439
Ukraine,UKR,NY.GDP.PCAP.PP.CD,2021,17846.408203125
Ukraine,UKR,TX.VAL.TECH.MF.ZS,2021,4.510507922578411
Ukraine,UKR,IT.CEL.SETS.P2,2021,135.025688989835
Ukraine,UKR,GOV_WGI_PV_EST,2021,-0.990563099999999
Ukraine,UKR,GOV_WGI_RL_EST,2021,-0.5685603
Ukraine,UKR,SE.TER.ENRR,2021,75.9079435107907
Ukraine,UKR,IP.JRN.ARTC.SC,2021,15639.81
United Arab Emirates,ARE,GOV_WGI_CC_EST,2021,1.0349829
United Arab Emirates,ARE,IT.NET.BBND.P2,2021,36.5005361093336
United Arab Emirates,ARE,NY.GDP.PCAP.PP.CD,2021,68580.14854234828
United Arab Emirates,ARE,TX.VAL.TECH.MF.ZS,2021,8.957962657252622
United Arab Emirates,ARE,IT.CEL.SETS.P2,2021,186.30089463245
United Arab Emirates,ARE,GOV_WGI_PV_EST,2021,0.839581
United Arab Emirates,ARE,GOV_WGI_RL_EST,2021,0.338504
United Arab Emirates,ARE,SE.TER.ENRR,2021,56.4520334436146
United Arab Emirates,ARE,IP.JRN.ARTC.SC,2021,5201.38
United Kingdom,GBR,GOV_WGI_CC_EST,2021,1.6641761
United Kingdom,GBR,IT.NET.BBND.P2,2021,41.1134869970784
United Kingdom,GBR,NY.GDP.PCAP.PP.CD,2021,51004.42717142381
United Kingdom,GBR,TX.VAL.TECH.MF.ZS,2021,23.86540571821931
United Kingdom,GBR,IT.CEL.SETS.P2,2021,117.887430294308
United Kingdom,GBR,GOV_WGI_PV_EST,2021,0.4363658
United Kingdom,GBR,GOV_WGI_RL_EST,2021,1.3061844
United Kingdom,GBR,SE.TER.ENRR,2021,76.7543563842773
United Kingdom,GBR,IP.JRN.ARTC.SC,2021,108095.52
United States,USA,GOV_WGI_CC_EST,2021,1.1247591
United States,USA,IT.NET.BBND.P2,2021,37.0074278936277
United States,USA,NY.GDP.PCAP.PP.CD,2021,71307.40172772181
United States,USA,TX.VAL.TECH.MF.ZS,2021,19.90146141317924
United States,USA,IT.CEL.SETS.P2,2021,106.324514306135
United States,USA,GOV_WGI_PV_EST,2021,-0.126399999999999
United States,USA,GOV_WGI_RL_EST,2021,1.0279752
United States,USA,SE.TER.ENRR,2021,84.8550872802734
United States,USA,IP.JRN.ARTC.SC,2021,471378.18
Uruguay,URY,GOV_WGI_CC_EST,2021,1.6220519
Uruguay,URY,IT.NET.BBND.P2,2021,32.5451063460216
Uruguay,URY,NY.GDP.PCAP.PP.CD,2021,29431.885008747067
Uruguay,URY,TX.VAL.TECH.MF.ZS,2021,8.603734005252923
Uruguay,URY,IT.CEL.SETS.P2,2021,138.112989243956
Uruguay,URY,GOV_WGI_PV_EST,2021,1.1500797
Uruguay,URY,GOV_WGI_RL_EST,2021,0.9518641
Uruguay,URY,SE.TER.ENRR,2021,75.1713873701582
Uruguay,URY,IP.JRN.ARTC.SC,2021,1185.78
Uzbekistan,UZB,GOV_WGI_CC_EST,2021,-0.7419446
Uzbekistan,UZB,IT.NET.BBND.P2,2021,21.8944210928633
Uzbekistan,UZB,NY.GDP.PCAP.PP.CD,2021,9247.643827039294
Uzbekistan,UZB,TX.VAL.TECH.MF.ZS,2021,0.3080874944273715
Uzbekistan,UZB,IT.CEL.SETS.P2,2021,102.410090312681
Uzbekistan,UZB,GOV_WGI_PV_EST,2021,-0.221247
Uzbekistan,UZB,GOV_WGI_RL_EST,2021,-0.700166499999999
Uzbekistan,UZB,SE.TER.ENRR,2021,22.0939011675309
Uzbekistan,UZB,IP.JRN.ARTC.SC,2021,2104.99
Vanuatu,VUT,GOV_WGI_CC_EST,2021,-0.0360087
Vanuatu,VUT,IT.NET.BBND.P2,2021,1.03214458524592
Vanuatu,VUT,NY.GDP.PCAP.PP.CD,2021,3135.8366494567786
Vanuatu,VUT,TX.VAL.TECH.MF.ZS,2021,
Vanuatu,VUT,IT.CEL.SETS.P2,2021,81.6914485987419
Vanuatu,VUT,GOV_WGI_PV_EST,2021,0.9586235
Vanuatu,VUT,GOV_WGI_RL_EST,2021,0.6224841
Vanuatu,VUT,SE.TER.ENRR,2021,
Vanuatu,VUT,IP.JRN.ARTC.SC,2021,17.05
"Venezuela, RB",VEN,GOV_WGI_CC_EST,2021,-1.58437079999999
"Venezuela, RB",VEN,IT.NET.BBND.P2,2021,9.2424360147272
"Venezuela, RB",VEN,NY.GDP.PCAP.PP.CD,2021,
"Venezuela, RB",VEN,TX.VAL.TECH.MF.ZS,2021,
"Venezuela, RB",VEN,IT.CEL.SETS.P2,2021,60.2344883065715
"Venezuela, RB",VEN,GOV_WGI_PV_EST,2021,-1.2895082
"Venezuela, RB",VEN,GOV_WGI_RL_EST,2021,-2.3086878
"Venezuela, RB",VEN,SE.TER.ENRR,2021,
"Venezuela, RB",VEN,IP.JRN.ARTC.SC,2021,676.82
Viet Nam,VNM,GOV_WGI_CC_EST,2021,-0.310677
Viet Nam,VNM,IT.NET.BBND.P2,2021,19.5362327330994
Viet Nam,VNM,NY.GDP.PCAP.PP.CD,2021,12048.901993553598
Viet Nam,VNM,TX.VAL.TECH.MF.ZS,2021,41.53963465441981
Viet Nam,VNM,IT.CEL.SETS.P2,2021,136.806313165021
Viet Nam,VNM,GOV_WGI_PV_EST,2021,0.1345844
Viet Nam,VNM,GOV_WGI_RL_EST,2021,-0.310641599999999
Viet Nam,VNM,SE.TER.ENRR,2021,41.9554971195048
Viet Nam,VNM,IP.JRN.ARTC.SC,2021,8978.42
Virgin Islands (U.S.),VIR,GOV_WGI_CC_EST,2021,-0.0708649
Virgin Islands (U.S.),VIR,IT.NET.BBND.P2,2021,
Virgin Islands (U.S.),VIR,NY.GDP.PCAP.PP.CD,2021,46893.54969887414
Virgin Islands (U.S.),VIR,TX.VAL.TECH.MF.ZS,2021,
Virgin Islands (U.S.),VIR,IT.CEL.SETS.P2,2021,91.7189273471447
Virgin Islands (U.S.),VIR,GOV_WGI_PV_EST,2021,0.5654024
Virgin Islands (U.S.),VIR,GOV_WGI_RL_EST,2021,0.8667504
Virgin Islands (U.S.),VIR,SE.TER.ENRR,2021,
Virgin Islands (U.S.),VIR,IP.JRN.ARTC.SC,2021,
West Bank and Gaza,PSE,GOV_WGI_CC_EST,2021,-0.5922462
West Bank and Gaza,PSE,IT.NET.BBND.P2,2021,8.01282694120497
West Bank and Gaza,PSE,NY.GDP.PCAP.PP.CD,2021,5663.121607435843
West Bank and Gaza,PSE,TX.VAL.TECH.MF.ZS,2021,1.6008857452355787
West Bank and Gaza,PSE,IT.CEL.SETS.P2,2021,78.1621094563592
West Bank and Gaza,PSE,GOV_WGI_PV_EST,2021,-1.6333144
West Bank and Gaza,PSE,GOV_WGI_RL_EST,2021,-0.8929068
West Bank and Gaza,PSE,SE.TER.ENRR,2021,44.2081176768623
West Bank and Gaza,PSE,IP.JRN.ARTC.SC,2021,606.62
"Yemen, Rep.",YEM,GOV_WGI_CC_EST,2021,-1.5920705
"Yemen, Rep.",YEM,IT.NET.BBND.P2,2021,1.09217148089821
"Yemen, Rep.",YEM,NY.GDP.PCAP.PP.CD,2021,
"Yemen, Rep.",YEM,TX.VAL.TECH.MF.ZS,2021,
"Yemen, Rep.",YEM,IT.CEL.SETS.P2,2021,47.8090200303014
"Yemen, Rep.",YEM,GOV_WGI_PV_EST,2021,-2.6676713
"Yemen, Rep.",YEM,GOV_WGI_RL_EST,2021,-1.8471399
"Yemen, Rep.",YEM,SE.TER.ENRR,2021,
"Yemen, Rep.",YEM,IP.JRN.ARTC.SC,2021,392.24
Zambia,ZMB,GOV_WGI_CC_EST,2021,-0.6928953
Zambia,ZMB,IT.NET.BBND.P2,2021,0.411108017009319
Zambia,ZMB,NY.GDP.PCAP.PP.CD,2021,3503.034914183715
Zambia,ZMB,TX.VAL.TECH.MF.ZS,2021,0.9531205105768966
Zambia,ZMB,IT.CEL.SETS.P2,2021,103.28257957834
Zambia,ZMB,GOV_WGI_PV_EST,2021,-0.158277199999999
Zambia,ZMB,GOV_WGI_RL_EST,2021,-0.6026535
Zambia,ZMB,SE.TER.ENRR,2021,
Zambia,ZMB,IP.JRN.ARTC.SC,2021,327.01
Zimbabwe,ZWE,GOV_WGI_CC_EST,2021,-1.1867823
Zimbabwe,ZWE,IT.NET.BBND.P2,2021,1.29980547197891
Zimbabwe,ZWE,NY.GDP.PCAP.PP.CD,2021,4827.0886936086
Zimbabwe,ZWE,TX.VAL.TECH.MF.ZS,2021,1.0537401042556411
Zimbabwe,ZWE,IT.CEL.SETS.P2,2021,90.2538486226365
Zimbabwe,ZWE,GOV_WGI_PV_EST,2021,-1.0184197
Zimbabwe,ZWE,GOV_WGI_RL_EST,2021,-1.263628
Zimbabwe,ZWE,SE.TER.ENRR,2021,
Zimbabwe,ZWE,IP.JRN.ARTC.SC,2021,498.52
Afghanistan,AFG,GOV_WGI_CC_EST,2022,-1.1719937
Afghanistan,AFG,IT.NET.BBND.P2,2022,0.0796301678593983
Afghanistan,AFG,NY.GDP.PCAP.PP.CD,2022,2122.995815126633
Afghanistan,AFG,TX.VAL.TECH.MF.ZS,2022,
Afghanistan,AFG,IT.CEL.SETS.P2,2022,56.2655188632539
Afghanistan,AFG,GOV_WGI_PV_EST,2022,-2.4492487
Afghanistan,AFG,GOV_WGI_RL_EST,2022,-1.8586889
Afghanistan,AFG,SE.TER.ENRR,2022,
Afghanistan,AFG,IP.JRN.ARTC.SC,2022,157.05
Albania,ALB,GOV_WGI_CC_EST,2022,-0.500456
Albania,ALB,IT.NET.BBND.P2,2022,20.6989441252111
Albania,ALB,NY.GDP.PCAP.PP.CD,2022,22138.418285734453
Albania,ALB,TX.VAL.TECH.MF.ZS,2022,0.0596409977568036
Albania,ALB,IT.CEL.SETS.P2,2022,98.3950391992101
Albania,ALB,GOV_WGI_PV_EST,2022,0.0115425
Albania,ALB,GOV_WGI_RL_EST,2022,-0.1309656
Albania,ALB,SE.TER.ENRR,2022,62.647921513098
Albania,ALB,IP.JRN.ARTC.SC,2022,242.18
Algeria,DZA,GOV_WGI_CC_EST,2022,-0.6430769
Algeria,DZA,IT.NET.BBND.P2,2022,10.3517244580598
Algeria,DZA,NY.GDP.PCAP.PP.CD,2022,15836.094437032109
Algeria,DZA,TX.VAL.TECH.MF.ZS,2022,
Algeria,DZA,IT.CEL.SETS.P2,2022,107.787115922596
Algeria,DZA,GOV_WGI_PV_EST,2022,-0.8074555
Algeria,DZA,GOV_WGI_RL_EST,2022,-0.798385
Algeria,DZA,SE.TER.ENRR,2022,53.3875786756
Algeria,DZA,IP.JRN.ARTC.SC,2022,7550.23
American Samoa,ASM,GOV_WGI_CC_EST,2022,1.1763452
American Samoa,ASM,IT.NET.BBND.P2,2022,
American Samoa,ASM,NY.GDP.PCAP.PP.CD,2022,
American Samoa,ASM,TX.VAL.TECH.MF.ZS,2022,
American Samoa,ASM,IT.CEL.SETS.P2,2022,
American Samoa,ASM,GOV_WGI_PV_EST,2022,1.2481785
American Samoa,ASM,GOV_WGI_RL_EST,2022,1.1914695
American Samoa,ASM,SE.TER.ENRR,2022,
American Samoa,ASM,IP.JRN.ARTC.SC,2022,
Andorra,AND,GOV_WGI_CC_EST,2022,
Andorra,AND,IT.NET.BBND.P2,2022,51.2050686907973
Andorra,AND,NY.GDP.PCAP.PP.CD,2022,68470.0759483848
Andorra,AND,TX.VAL.TECH.MF.ZS,2022,13.307661357266516
Andorra,AND,IT.CEL.SETS.P2,2022,142.426447525249
Andorra,AND,GOV_WGI_PV_EST,2022,
Andorra,AND,GOV_WGI_RL_EST,2022,
Andorra,AND,SE.TER.ENRR,2022,34.6414389161411
Andorra,AND,IP.JRN.ARTC.SC,2022,9.09
Angola,AGO,GOV_WGI_CC_EST,2022,-0.6031537
Angola,AGO,IT.NET.BBND.P2,2022,0.386698155907211
Angola,AGO,NY.GDP.PCAP.PP.CD,2022,9588.241295111882
Angola,AGO,TX.VAL.TECH.MF.ZS,2022,22.063503999578096
Angola,AGO,IT.CEL.SETS.P2,2022,66.6008073123779
Angola,AGO,GOV_WGI_PV_EST,2022,-0.5414068
Angola,AGO,GOV_WGI_RL_EST,2022,-1.1625439
Angola,AGO,SE.TER.ENRR,2022,
Angola,AGO,IP.JRN.ARTC.SC,2022,45.14
Antigua and Barbuda,ATG,GOV_WGI_CC_EST,2022,0.2369304
Antigua and Barbuda,ATG,IT.NET.BBND.P2,2022,10.6818181818182
Antigua and Barbuda,ATG,NY.GDP.PCAP.PP.CD,2022,29933.889369890207
Antigua and Barbuda,ATG,TX.VAL.TECH.MF.ZS,2022,0.0
Antigua and Barbuda,ATG,IT.CEL.SETS.P2,2022,200.540715208962
Antigua and Barbuda,ATG,GOV_WGI_PV_EST,2022,1.0787211
Antigua and Barbuda,ATG,GOV_WGI_RL_EST,2022,0.6200291
Antigua and Barbuda,ATG,SE.TER.ENRR,2022,
Antigua and Barbuda,ATG,IP.JRN.ARTC.SC,2022,6.28
Argentina,ARG,GOV_WGI_CC_EST,2022,-0.3402325
Argentina,ARG,IT.NET.BBND.P2,2022,24.6831785056628
Argentina,ARG,NY.GDP.PCAP.PP.CD,2022,29808.807346800702
Argentina,ARG,TX.VAL.TECH.MF.ZS,2022,4.751575243385936
Argentina,ARG,IT.CEL.SETS.P2,2022,131.483556254876
Argentina,ARG,GOV_WGI_PV_EST,2022,0.0576438
Argentina,ARG,GOV_WGI_RL_EST,2022,-0.2913485
Argentina,ARG,SE.TER.ENRR,2022,107.103901423423
Argentina,ARG,IP.JRN.ARTC.SC,2022,9086.96
Armenia,ARM,GOV_WGI_CC_EST,2022,0.0574942
Armenia,ARM,IT.NET.BBND.P2,2022,17.7300708049016
Armenia,ARM,NY.GDP.PCAP.PP.CD,2022,19161.37005141889
Armenia,ARM,TX.VAL.TECH.MF.ZS,2022,21.84752834353729
Armenia,ARM,IT.CEL.SETS.P2,2022,130.540072214196
Armenia,ARM,GOV_WGI_PV_EST,2022,-0.3556235
Armenia,ARM,GOV_WGI_RL_EST,2022,-0.2386468
Armenia,ARM,SE.TER.ENRR,2022,57.1818422625098
Armenia,ARM,IP.JRN.ARTC.SC,2022,674.73
Aruba,ABW,GOV_WGI_CC_EST,2022,0.8688452
Aruba,ABW,IT.NET.BBND.P2,2022,17.4862221892338
Aruba,ABW,NY.GDP.PCAP.PP.CD,2022,41758.895756654405
Aruba,ABW,TX.VAL.TECH.MF.ZS,2022,7.125146544626561
Aruba,ABW,IT.CEL.SETS.P2,2022,130.647974615427
Aruba,ABW,GOV_WGI_PV_EST,2022,1.3357267
Aruba,ABW,GOV_WGI_RL_EST,2022,1.2205245
Aruba,ABW,SE.TER.ENRR,2022,
Aruba,ABW,IP.JRN.ARTC.SC,2022,
Australia,AUS,GOV_WGI_CC_EST,2022,1.7288156
Australia,AUS,IT.NET.BBND.P2,2022,36.3933201898066
Australia,AUS,NY.GDP.PCAP.PP.CD,2022,66103.17970669566
Australia,AUS,TX.VAL.TECH.MF.ZS,2022,25.83187041162716
Australia,AUS,IT.CEL.SETS.P2,2022,109.469171081514
Australia,AUS,GOV_WGI_PV_EST,2022,0.9015353
Australia,AUS,GOV_WGI_RL_EST,2022,1.471946
Australia,AUS,SE.TER.ENRR,2022,106.240760803223
Australia,AUS,IP.JRN.ARTC.SC,2022,58183.41
Austria,AUT,GOV_WGI_CC_EST,2022,1.3678343
Austria,AUT,IT.NET.BBND.P2,2022,29.2342573265435
Austria,AUT,NY.GDP.PCAP.PP.CD,2022,72065.49742701056
Austria,AUT,TX.VAL.TECH.MF.ZS,2022,14.914170247260156
Austria,AUT,IT.CEL.SETS.P2,2022,121.16645744796
Austria,AUT,GOV_WGI_PV_EST,2022,0.6005165
Austria,AUT,GOV_WGI_RL_EST,2022,1.6419642
Austria,AUT,SE.TER.ENRR,2022,94.5116882324219
Austria,AUT,IP.JRN.ARTC.SC,2022,14103.32
Azerbaijan,AZE,GOV_WGI_CC_EST,2022,-0.8302212
Azerbaijan,AZE,IT.NET.BBND.P2,2022,20.3655958095069
Azerbaijan,AZE,NY.GDP.PCAP.PP.CD,2022,22552.088656052303
Azerbaijan,AZE,TX.VAL.TECH.MF.ZS,2022,3.912944162002704
Azerbaijan,AZE,IT.CEL.SETS.P2,2022,107.506296074404
Azerbaijan,AZE,GOV_WGI_PV_EST,2022,-0.542048099999999
Azerbaijan,AZE,GOV_WGI_RL_EST,2022,-0.5484749
Azerbaijan,AZE,SE.TER.ENRR,2022,41.0017793895325
Azerbaijan,AZE,IP.JRN.ARTC.SC,2022,1155.81
"Bahamas, The",BHS,GOV_WGI_CC_EST,2022,1.2330855
"Bahamas, The",BHS,IT.NET.BBND.P2,2022,21.135589553703
"Bahamas, The",BHS,NY.GDP.PCAP.PP.CD,2022,36791.40104609638
"Bahamas, The",BHS,TX.VAL.TECH.MF.ZS,2022,0.0
"Bahamas, The",BHS,IT.CEL.SETS.P2,2022,101.623744145214
"Bahamas, The",BHS,GOV_WGI_PV_EST,2022,0.8592816
"Bahamas, The",BHS,GOV_WGI_RL_EST,2022,0.272063
"Bahamas, The",BHS,SE.TER.ENRR,2022,
"Bahamas, The",BHS,IP.JRN.ARTC.SC,2022,17.7
Bahrain,BHR,GOV_WGI_CC_EST,2022,0.144834
Bahrain,BHR,IT.NET.BBND.P2,2022,18.0025680504011
Bahrain,BHR,NY.GDP.PCAP.PP.CD,2022,61677.6538492695
Bahrain,BHR,TX.VAL.TECH.MF.ZS,2022,0.5699591963159788
Bahrain,BHR,IT.CEL.SETS.P2,2022,139.636142863944
Bahrain,BHR,GOV_WGI_PV_EST,2022,-0.482549599999999
Bahrain,BHR,GOV_WGI_RL_EST,2022,0.0328686
Bahrain,BHR,SE.TER.ENRR,2022,50.3073760962771
Bahrain,BHR,IP.JRN.ARTC.SC,2022,613.67
Bangladesh,BGD,GOV_WGI_CC_EST,2022,-1.17834859999999
Bangladesh,BGD,IT.NET.BBND.P2,2022,7.17020479104462
Bangladesh,BGD,NY.GDP.PCAP.PP.CD,2022,8450.549025339405
Bangladesh,BGD,TX.VAL.TECH.MF.ZS,2022,
Bangladesh,BGD,IT.CEL.SETS.P2,2022,109.8665408168
Bangladesh,BGD,GOV_WGI_PV_EST,2022,-1.0954422
Bangladesh,BGD,GOV_WGI_RL_EST,2022,-0.973641299999999
Bangladesh,BGD,SE.TER.ENRR,2022,23.5005059888653
Bangladesh,BGD,IP.JRN.ARTC.SC,2022,7255.24
Barbados,BRB,GOV_WGI_CC_EST,2022,1.1926841
Barbados,BRB,IT.NET.BBND.P2,2022,37.4843261853654
Barbados,BRB,NY.GDP.PCAP.PP.CD,2022,22193.248712578938
Barbados,BRB,TX.VAL.TECH.MF.ZS,2022,17.011739306168195
Barbados,BRB,IT.CEL.SETS.P2,2022,114.580721030894
Barbados,BRB,GOV_WGI_PV_EST,2022,1.2066625
Barbados,BRB,GOV_WGI_RL_EST,2022,0.7169373
Barbados,BRB,SE.TER.ENRR,2022,55.0600902713579
Barbados,BRB,IP.JRN.ARTC.SC,2022,70.21
Belarus,BLR,GOV_WGI_CC_EST,2022,-0.415013199999999
Belarus,BLR,IT.NET.BBND.P2,2022,34.0671782490739
Belarus,BLR,NY.GDP.PCAP.PP.CD,2022,28429.49488218266
Belarus,BLR,TX.VAL.TECH.MF.ZS,2022,
Belarus,BLR,IT.CEL.SETS.P2,2022,128.314999383533
Belarus,BLR,GOV_WGI_PV_EST,2022,-0.6168791
Belarus,BLR,GOV_WGI_RL_EST,2022,-1.1591441
Belarus,BLR,SE.TER.ENRR,2022,77.0977334087936
Belarus,BLR,IP.JRN.ARTC.SC,2022,1563.85
Belgium,BEL,GOV_WGI_CC_EST,2022,1.5774306
Belgium,BEL,IT.NET.BBND.P2,2022,43.5657139519422
Belgium,BEL,NY.GDP.PCAP.PP.CD,2022,69128.13888838432
Belgium,BEL,TX.VAL.TECH.MF.ZS,2022,22.817913517326545
Belgium,BEL,IT.CEL.SETS.P2,2022,101.680355820653
Belgium,BEL,GOV_WGI_PV_EST,2022,0.2465264
Belgium,BEL,GOV_WGI_RL_EST,2022,1.3398087
Belgium,BEL,SE.TER.ENRR,2022,83.5736465454102
Belgium,BEL,IP.JRN.ARTC.SC,2022,17124.05
Belize,BLZ,GOV_WGI_CC_EST,2022,-0.0459141999999999
Belize,BLZ,IT.NET.BBND.P2,2022,9.75385677359442
Belize,BLZ,NY.GDP.PCAP.PP.CD,2022,13461.209845161278
Belize,BLZ,TX.VAL.TECH.MF.ZS,2022,0.0001824316203361
Belize,BLZ,IT.CEL.SETS.P2,2022,67.1750266305468
Belize,BLZ,GOV_WGI_PV_EST,2022,0.7353533
Belize,BLZ,GOV_WGI_RL_EST,2022,-0.4371369
Belize,BLZ,SE.TER.ENRR,2022,23.9767727412258
Belize,BLZ,IP.JRN.ARTC.SC,2022,17.84
Benin,BEN,GOV_WGI_CC_EST,2022,-0.1108108
Benin,BEN,IT.NET.BBND.P2,2022,0.153072411564925
Benin,BEN,NY.GDP.PCAP.PP.CD,2022,3844.154157458155
Benin,BEN,TX.VAL.TECH.MF.ZS,2022,4.287156206215209
Benin,BEN,IT.CEL.SETS.P2,2022,105.745019386968
Benin,BEN,GOV_WGI_PV_EST,2022,-0.4373008
Benin,BEN,GOV_WGI_RL_EST,2022,-0.468466
Benin,BEN,SE.TER.ENRR,2022,10.2350101470947
Benin,BEN,IP.JRN.ARTC.SC,2022,441.45
Bermuda,BMU,GOV_WGI_CC_EST,2022,1.1763452
Bermuda,BMU,IT.NET.BBND.P2,2022,35.5804722852863
Bermuda,BMU,NY.GDP.PCAP.PP.CD,2022,105142.40996718328
Bermuda,BMU,TX.VAL.TECH.MF.ZS,2022,12.540290834702713
Bermuda,BMU,IT.CEL.SETS.P2,2022,105.274212729154
Bermuda,BMU,GOV_WGI_PV_EST,2022,0.9782486
Bermuda,BMU,GOV_WGI_RL_EST,2022,0.8013243
Bermuda,BMU,SE.TER.ENRR,2022,
Bermuda,BMU,IP.JRN.ARTC.SC,2022,
Bhutan,BTN,GOV_WGI_CC_EST,2022,1.357056
Bhutan,BTN,IT.NET.BBND.P2,2022,0.631823734751842
Bhutan,BTN,NY.GDP.PCAP.PP.CD,2022,15063.810576307216
Bhutan,BTN,TX.VAL.TECH.MF.ZS,2022,0.0122179939865198
Bhutan,BTN,IT.CEL.SETS.P2,2022,95.129809428439
Bhutan,BTN,GOV_WGI_PV_EST,2022,1.3224382
Bhutan,BTN,GOV_WGI_RL_EST,2022,0.6837835
Bhutan,BTN,SE.TER.ENRR,2022,14.5780698560857
Bhutan,BTN,IP.JRN.ARTC.SC,2022,116.64
Bolivia,BOL,GOV_WGI_CC_EST,2022,-0.9824356
Bolivia,BOL,IT.NET.BBND.P2,2022,10.9975247479663
Bolivia,BOL,NY.GDP.PCAP.PP.CD,2022,12306.729312869538
Bolivia,BOL,TX.VAL.TECH.MF.ZS,2022,5.517697487182869
Bolivia,BOL,IT.CEL.SETS.P2,2022,101.57150434614
Bolivia,BOL,GOV_WGI_PV_EST,2022,-0.170608899999999
Bolivia,BOL,GOV_WGI_RL_EST,2022,-1.1775683
Bolivia,BOL,SE.TER.ENRR,2022,
Bolivia,BOL,IP.JRN.ARTC.SC,2022,181.31
Bosnia and Herzegovina,BIH,GOV_WGI_CC_EST,2022,-0.680061199999999
Bosnia and Herzegovina,BIH,IT.NET.BBND.P2,2022,27.3190356221695
Bosnia and Herzegovina,BIH,NY.GDP.PCAP.PP.CD,2022,21651.295237486163
Bosnia and Herzegovina,BIH,TX.VAL.TECH.MF.ZS,2022,5.224749177601036
Bosnia and Herzegovina,BIH,IT.CEL.SETS.P2,2022,118.944352880459
Bosnia and Herzegovina,BIH,GOV_WGI_PV_EST,2022,-0.248056399999999
Bosnia and Herzegovina,BIH,GOV_WGI_RL_EST,2022,-0.289740999999999
Bosnia and Herzegovina,BIH,SE.TER.ENRR,2022,45.6063499450684
Bosnia and Herzegovina,BIH,IP.JRN.ARTC.SC,2022,1029.2
Botswana,BWA,GOV_WGI_CC_EST,2022,0.6506622
Botswana,BWA,IT.NET.BBND.P2,2022,4.53192190474005
Botswana,BWA,NY.GDP.PCAP.PP.CD,2022,19976.83437944735
Botswana,BWA,TX.VAL.TECH.MF.ZS,2022,0.5023812940932434
Botswana,BWA,IT.CEL.SETS.P2,2022,178.205018910673
Botswana,BWA,GOV_WGI_PV_EST,2022,1.0798421
Botswana,BWA,GOV_WGI_RL_EST,2022,0.3434669
Botswana,BWA,SE.TER.ENRR,2022,20.7095613715302
Botswana,BWA,IP.JRN.ARTC.SC,2022,391.01
Brazil,BRA,GOV_WGI_CC_EST,2022,-0.4562788
Brazil,BRA,IT.NET.BBND.P2,2022,20.9534469027015
Brazil,BRA,NY.GDP.PCAP.PP.CD,2022,19876.85335313965
Brazil,BRA,TX.VAL.TECH.MF.ZS,2022,9.11134627987528
Brazil,BRA,IT.CEL.SETS.P2,2022,101.245468903076
Brazil,BRA,GOV_WGI_PV_EST,2022,-0.415796899999999
Brazil,BRA,GOV_WGI_RL_EST,2022,-0.4398335
Brazil,BRA,SE.TER.ENRR,2022,61.0000915527344
Brazil,BRA,IP.JRN.ARTC.SC,2022,62659.84
British Virgin Islands,VGB,GOV_WGI_CC_EST,2022,
British Virgin Islands,VGB,IT.NET.BBND.P2,2022,20.5485529371852
British Virgin Islands,VGB,NY.GDP.PCAP.PP.CD,2022,
British Virgin Islands,VGB,TX.VAL.TECH.MF.ZS,2022,
British Virgin Islands,VGB,IT.CEL.SETS.P2,2022,92.8912549909966
British Virgin Islands,VGB,GOV_WGI_PV_EST,2022,
British Virgin Islands,VGB,GOV_WGI_RL_EST,2022,
British Virgin Islands,VGB,SE.TER.ENRR,2022,29.0409725348942
British Virgin Islands,VGB,IP.JRN.ARTC.SC,2022,
Brunei Darussalam,BRN,GOV_WGI_CC_EST,2022,1.1825406
Brunei Darussalam,BRN,IT.NET.BBND.P2,2022,19.8049937413532
Brunei Darussalam,BRN,NY.GDP.PCAP.PP.CD,2022,81801.7459224403
Brunei Darussalam,BRN,TX.VAL.TECH.MF.ZS,2022,1.0442596038317469
Brunei Darussalam,BRN,IT.CEL.SETS.P2,2022,116.108439291126
Brunei Darussalam,BRN,GOV_WGI_PV_EST,2022,1.175984
Brunei Darussalam,BRN,GOV_WGI_RL_EST,2022,0.6385844
Brunei Darussalam,BRN,SE.TER.ENRR,2022,31.1925368707703
Brunei Darussalam,BRN,IP.JRN.ARTC.SC,2022,375.4
Bulgaria,BGR,GOV_WGI_CC_EST,2022,-0.1369351
Bulgaria,BGR,IT.NET.BBND.P2,2022,34.9667968772891
Bulgaria,BGR,NY.GDP.PCAP.PP.CD,2022,36320.14222951922
Bulgaria,BGR,TX.VAL.TECH.MF.ZS,2022,10.38267754185687
Bulgaria,BGR,IT.CEL.SETS.P2,2022,116.679163253179
Bulgaria,BGR,GOV_WGI_PV_EST,2022,0.3269733
Bulgaria,BGR,GOV_WGI_RL_EST,2022,-0.0998029
Bulgaria,BGR,SE.TER.ENRR,2022,84.1293563842773
Bulgaria,BGR,IP.JRN.ARTC.SC,2022,4858.97
Burkina Faso,BFA,GOV_WGI_CC_EST,2022,-0.2342071
Burkina Faso,BFA,IT.NET.BBND.P2,2022,0.214398323020291
Burkina Faso,BFA,NY.GDP.PCAP.PP.CD,2022,2645.2406799661094
Burkina Faso,BFA,TX.VAL.TECH.MF.ZS,2022,1.528998976495303
Burkina Faso,BFA,IT.CEL.SETS.P2,2022,113.996146792235
Burkina Faso,BFA,GOV_WGI_PV_EST,2022,-1.82102069999999
Burkina Faso,BFA,GOV_WGI_RL_EST,2022,-0.6266501
Burkina Faso,BFA,SE.TER.ENRR,2022,9.67069485831779
Burkina Faso,BFA,IP.JRN.ARTC.SC,2022,451.82
Burundi,BDI,GOV_WGI_CC_EST,2022,-1.3235206
Burundi,BDI,IT.NET.BBND.P2,2022,0.0300650914860841
Burundi,BDI,NY.GDP.PCAP.PP.CD,2022,1104.7771876487784
Burundi,BDI,TX.VAL.TECH.MF.ZS,2022,1.1179240916667086
Burundi,BDI,IT.CEL.SETS.P2,2022,56.2599912004244
Burundi,BDI,GOV_WGI_PV_EST,2022,-1.28089529999999
Burundi,BDI,GOV_WGI_RL_EST,2022,-1.32171369999999
Burundi,BDI,SE.TER.ENRR,2022,
Burundi,BDI,IP.JRN.ARTC.SC,2022,33.96
Cabo Verde,CPV,GOV_WGI_CC_EST,2022,0.856269
Cabo Verde,CPV,IT.NET.BBND.P2,2022,6.56769429388869
Cabo Verde,CPV,NY.GDP.PCAP.PP.CD,2022,9481.073354056049
Cabo Verde,CPV,TX.VAL.TECH.MF.ZS,2022,3.4765400015460224
Cabo Verde,CPV,IT.CEL.SETS.P2,2022,113.247367438782
Cabo Verde,CPV,GOV_WGI_PV_EST,2022,0.8359641
Cabo Verde,CPV,GOV_WGI_RL_EST,2022,0.4774863
Cabo Verde,CPV,SE.TER.ENRR,2022,
Cabo Verde,CPV,IP.JRN.ARTC.SC,2022,23.38
Cambodia,KHM,GOV_WGI_CC_EST,2022,-1.1129555
Cambodia,KHM,IT.NET.BBND.P2,2022,2.9638308346303
Cambodia,KHM,NY.GDP.PCAP.PP.CD,2022,6918.81626947213
Cambodia,KHM,TX.VAL.TECH.MF.ZS,2022,6.562225982364634
Cambodia,KHM,IT.CEL.SETS.P2,2022,113.391506572248
Cambodia,KHM,GOV_WGI_PV_EST,2022,-0.0739156
Cambodia,KHM,GOV_WGI_RL_EST,2022,-1.1151898
Cambodia,KHM,SE.TER.ENRR,2022,14.6069513022825
Cambodia,KHM,IP.JRN.ARTC.SC,2022,183.99
Cameroon,CMR,GOV_WGI_CC_EST,2022,-1.1102965
Cameroon,CMR,IT.NET.BBND.P2,2022,2.12862474053
Cameroon,CMR,NY.GDP.PCAP.PP.CD,2022,5188.977508660814
Cameroon,CMR,TX.VAL.TECH.MF.ZS,2022,3.288647060039671
Cameroon,CMR,IT.CEL.SETS.P2,2022,89.8274190453067
Cameroon,CMR,GOV_WGI_PV_EST,2022,-1.6950827
Cameroon,CMR,GOV_WGI_RL_EST,2022,-1.2120562
Cameroon,CMR,SE.TER.ENRR,2022,16.4371527754335
Cameroon,CMR,IP.JRN.ARTC.SC,2022,1462.84
Canada,CAN,GOV_WGI_CC_EST,2022,1.651994
Canada,CAN,IT.NET.BBND.P2,2022,42.1792116530791
Canada,CAN,NY.GDP.PCAP.PP.CD,2022,63944.10501006869
Canada,CAN,TX.VAL.TECH.MF.ZS,2022,15.148976538046844
Canada,CAN,IT.CEL.SETS.P2,2022,91.2386689983444
Canada,CAN,GOV_WGI_PV_EST,2022,0.5074459
Canada,CAN,GOV_WGI_RL_EST,2022,1.5052581
Canada,CAN,SE.TER.ENRR,2022,78.8488311767578
Canada,CAN,IP.JRN.ARTC.SC,2022,66751.03
Cayman Islands,CYM,GOV_WGI_CC_EST,2022,0.6045278
Cayman Islands,CYM,IT.NET.BBND.P2,2022,56.3604363676998
Cayman Islands,CYM,NY.GDP.PCAP.PP.CD,2022,82295.58207047821
Cayman Islands,CYM,TX.VAL.TECH.MF.ZS,2022,56.64670519086216
Cayman Islands,CYM,IT.CEL.SETS.P2,2022,139.314997695241
Cayman Islands,CYM,GOV_WGI_PV_EST,2022,1.4663069
Cayman Islands,CYM,GOV_WGI_RL_EST,2022,0.8305979
Cayman Islands,CYM,SE.TER.ENRR,2022,
Cayman Islands,CYM,IP.JRN.ARTC.SC,2022,
Central African Republic,CAF,GOV_WGI_CC_EST,2022,-1.3173981
Central African Republic,CAF,IT.NET.BBND.P2,2022,0.0160846160651184
Central African Republic,CAF,NY.GDP.PCAP.PP.CD,2022,1217.8497714115497
Central African Republic,CAF,TX.VAL.TECH.MF.ZS,2022,37.29740467739519
Central African Republic,CAF,IT.CEL.SETS.P2,2022,38.8217901039988
Central African Republic,CAF,GOV_WGI_PV_EST,2022,-1.9022515
Central African Republic,CAF,GOV_WGI_RL_EST,2022,-1.66733549999999
Central African Republic,CAF,SE.TER.ENRR,2022,
Central African Republic,CAF,IP.JRN.ARTC.SC,2022,22.39
Chad,TCD,GOV_WGI_CC_EST,2022,-1.4663578
Chad,TCD,IT.NET.BBND.P2,2022,0.0
Chad,TCD,NY.GDP.PCAP.PP.CD,2022,2624.11789713994
Chad,TCD,TX.VAL.TECH.MF.ZS,2022,
Chad,TCD,IT.CEL.SETS.P2,2022,65.4377795535985
Chad,TCD,GOV_WGI_PV_EST,2022,-1.6491593
Chad,TCD,GOV_WGI_RL_EST,2022,-1.38191249999999
Chad,TCD,SE.TER.ENRR,2022,
Chad,TCD,IP.JRN.ARTC.SC,2022,37.07
Chile,CHL,GOV_WGI_CC_EST,2022,1.1452971
Chile,CHL,IT.NET.BBND.P2,2022,22.7901897178525
Chile,CHL,NY.GDP.PCAP.PP.CD,2022,30932.0010873677
Chile,CHL,TX.VAL.TECH.MF.ZS,2022,6.936726841166927
Chile,CHL,IT.CEL.SETS.P2,2022,135.114280974065
Chile,CHL,GOV_WGI_PV_EST,2022,-0.004406
Chile,CHL,GOV_WGI_RL_EST,2022,0.7437613
Chile,CHL,SE.TER.ENRR,2022,99.3372802734375
Chile,CHL,IP.JRN.ARTC.SC,2022,8443.63
China,CHN,GOV_WGI_CC_EST,2022,0.0432332
China,CHN,IT.NET.BBND.P2,2022,41.3736197056022
China,CHN,NY.GDP.PCAP.PP.CD,2022,23032.17662711428
China,CHN,TX.VAL.TECH.MF.ZS,2022,27.765061256315583
China,CHN,IT.CEL.SETS.P2,2022,124.195248970763
China,CHN,GOV_WGI_PV_EST,2022,-0.249058199999999
China,CHN,GOV_WGI_RL_EST,2022,-0.563864399999999
China,CHN,SE.TER.ENRR,2022,71.5799465086024
China,CHN,IP.JRN.ARTC.SC,2022,885962.5
Colombia,COL,GOV_WGI_CC_EST,2022,-0.256400299999999
Colombia,COL,IT.NET.BBND.P2,2022,17.007465545983
Colombia,COL,NY.GDP.PCAP.PP.CD,2022,20854.002999162018
Colombia,COL,TX.VAL.TECH.MF.ZS,2022,8.401826371864393
Colombia,COL,IT.CEL.SETS.P2,2022,156.195161137443
Colombia,COL,GOV_WGI_PV_EST,2022,-0.809182
Colombia,COL,GOV_WGI_RL_EST,2022,-0.5296476
Colombia,COL,SE.TER.ENRR,2022,59.2901382446289
Colombia,COL,IP.JRN.ARTC.SC,2022,9305.41
Comoros,COM,GOV_WGI_CC_EST,2022,-1.33720709999999
Comoros,COM,IT.NET.BBND.P2,2022,0.219375008990779
Comoros,COM,NY.GDP.PCAP.PP.CD,2022,3641.629203903529
Comoros,COM,TX.VAL.TECH.MF.ZS,2022,0.3073308465241927
Comoros,COM,IT.CEL.SETS.P2,2022,100.549036907747
Comoros,COM,GOV_WGI_PV_EST,2022,-0.374766
Comoros,COM,GOV_WGI_RL_EST,2022,-1.17970929999999
Comoros,COM,SE.TER.ENRR,2022,
Comoros,COM,IP.JRN.ARTC.SC,2022,3.91
"Congo, Dem. Rep.",COD,GOV_WGI_CC_EST,2022,-1.5102589
"Congo, Dem. Rep.",COD,IT.NET.BBND.P2,2022,0.0322275167366284
"Congo, Dem. Rep.",COD,NY.GDP.PCAP.PP.CD,2022,1590.1640421955578
"Congo, Dem. Rep.",COD,TX.VAL.TECH.MF.ZS,2022,0.723158681595087
"Congo, Dem. Rep.",COD,IT.CEL.SETS.P2,2022,48.6773534153863
"Congo, Dem. Rep.",COD,GOV_WGI_PV_EST,2022,-1.8455557
"Congo, Dem. Rep.",COD,GOV_WGI_RL_EST,2022,-1.5809744
"Congo, Dem. Rep.",COD,SE.TER.ENRR,2022,
"Congo, Dem. Rep.",COD,IP.JRN.ARTC.SC,2022,238.79
"Congo, Rep.",COG,GOV_WGI_CC_EST,2022,-1.36385159999999
"Congo, Rep.",COG,IT.NET.BBND.P2,2022,0.435883126454822
"Congo, Rep.",COG,NY.GDP.PCAP.PP.CD,2022,6647.496817313898
"Congo, Rep.",COG,TX.VAL.TECH.MF.ZS,2022,4.327226541631775
"Congo, Rep.",COG,IT.CEL.SETS.P2,2022,93.6259259161068
"Congo, Rep.",COG,GOV_WGI_PV_EST,2022,-0.1445911
"Congo, Rep.",COG,GOV_WGI_RL_EST,2022,-1.2067389
"Congo, Rep.",COG,SE.TER.ENRR,2022,
"Congo, Rep.",COG,IP.JRN.ARTC.SC,2022,100.48
Costa Rica,CRI,GOV_WGI_CC_EST,2022,0.5669805
Costa Rica,CRI,IT.NET.BBND.P2,2022,21.7575979999075
Costa Rica,CRI,NY.GDP.PCAP.PP.CD,2022,26226.27548159493
Costa Rica,CRI,TX.VAL.TECH.MF.ZS,2022,21.974896001181843
Costa Rica,CRI,IT.CEL.SETS.P2,2022,136.518375013406
Costa Rica,CRI,GOV_WGI_PV_EST,2022,1.1460641
Costa Rica,CRI,GOV_WGI_RL_EST,2022,0.6675589
Costa Rica,CRI,SE.TER.ENRR,2022,
Costa Rica,CRI,IP.JRN.ARTC.SC,2022,725.44
Cote d'Ivoire,CIV,GOV_WGI_CC_EST,2022,-0.370305999999999
Cote d'Ivoire,CIV,IT.NET.BBND.P2,2022,1.25179133069312
Cote d'Ivoire,CIV,NY.GDP.PCAP.PP.CD,2022,6719.443815576367
Cote d'Ivoire,CIV,TX.VAL.TECH.MF.ZS,2022,3.556570328724159
Cote d'Ivoire,CIV,IT.CEL.SETS.P2,2022,161.231833444196
Cote d'Ivoire,CIV,GOV_WGI_PV_EST,2022,-0.716317499999999
Cote d'Ivoire,CIV,GOV_WGI_RL_EST,2022,-0.6021757
Cote d'Ivoire,CIV,SE.TER.ENRR,2022,11.1134926507622
Cote d'Ivoire,CIV,IP.JRN.ARTC.SC,2022,349.61
Croatia,HRV,GOV_WGI_CC_EST,2022,0.1067785
Croatia,HRV,IT.NET.BBND.P2,2022,27.6606739600213
Croatia,HRV,NY.GDP.PCAP.PP.CD,2022,42125.07269309308
Croatia,HRV,TX.VAL.TECH.MF.ZS,2022,12.063854042863776
Croatia,HRV,IT.CEL.SETS.P2,2022,114.677195729643
Croatia,HRV,GOV_WGI_PV_EST,2022,0.7321186
Croatia,HRV,GOV_WGI_RL_EST,2022,0.4345096
Croatia,HRV,SE.TER.ENRR,2022,80.7626724243164
Croatia,HRV,IP.JRN.ARTC.SC,2022,5488.61
Cuba,CUB,GOV_WGI_CC_EST,2022,-0.2238752
Cuba,CUB,IT.NET.BBND.P2,2022,2.89200005063374
Cuba,CUB,NY.GDP.PCAP.PP.CD,2022,
Cuba,CUB,TX.VAL.TECH.MF.ZS,2022,7.875589131826639
Cuba,CUB,IT.CEL.SETS.P2,2022,68.7180442358013
Cuba,CUB,GOV_WGI_PV_EST,2022,0.4974928
Cuba,CUB,GOV_WGI_RL_EST,2022,-0.4977926
Cuba,CUB,SE.TER.ENRR,2022,
Cuba,CUB,IP.JRN.ARTC.SC,2022,1420.58
Curacao,CUW,GOV_WGI_CC_EST,2022,
Curacao,CUW,IT.NET.BBND.P2,2022,32.9115972915374
Curacao,CUW,NY.GDP.PCAP.PP.CD,2022,28640.687233602606
Curacao,CUW,TX.VAL.TECH.MF.ZS,2022,
Curacao,CUW,IT.CEL.SETS.P2,2022,92.7324718767703
Curacao,CUW,GOV_WGI_PV_EST,2022,
Curacao,CUW,GOV_WGI_RL_EST,2022,
Curacao,CUW,SE.TER.ENRR,2022,
Curacao,CUW,IP.JRN.ARTC.SC,2022,
Cyprus,CYP,GOV_WGI_CC_EST,2022,0.5652889
Cyprus,CYP,IT.NET.BBND.P2,2022,36.7656727425982
Cyprus,CYP,NY.GDP.PCAP.PP.CD,2022,55876.17578125
Cyprus,CYP,TX.VAL.TECH.MF.ZS,2022,17.659598122901116
Cyprus,CYP,IT.CEL.SETS.P2,2022,146.71583605521
Cyprus,CYP,GOV_WGI_PV_EST,2022,0.3811357
Cyprus,CYP,GOV_WGI_RL_EST,2022,0.7642266
Cyprus,CYP,SE.TER.ENRR,2022,105.384979248047
Cyprus,CYP,IP.JRN.ARTC.SC,2022,1725.47
Czechia,CZE,GOV_WGI_CC_EST,2022,0.8031753
Czechia,CZE,IT.NET.BBND.P2,2022,37.7136856539825
Czechia,CZE,NY.GDP.PCAP.PP.CD,2022,52946.966085446205
Czechia,CZE,TX.VAL.TECH.MF.ZS,2022,21.835361895952587
Czechia,CZE,IT.CEL.SETS.P2,2022,128.105295003482
Czechia,CZE,GOV_WGI_PV_EST,2022,0.9957469
Czechia,CZE,GOV_WGI_RL_EST,2022,1.1392733
Czechia,CZE,SE.TER.ENRR,2022,70.8145904541016
Czechia,CZE,IP.JRN.ARTC.SC,2022,14098.3
Denmark,DNK,GOV_WGI_CC_EST,2022,2.3022376
Denmark,DNK,IT.NET.BBND.P2,2022,44.8863644064006
Denmark,DNK,NY.GDP.PCAP.PP.CD,2022,78913.65349131271
Denmark,DNK,TX.VAL.TECH.MF.ZS,2022,15.988289228272013
Denmark,DNK,IT.CEL.SETS.P2,2022,126.48354098254
Denmark,DNK,GOV_WGI_PV_EST,2022,0.8416401
Denmark,DNK,GOV_WGI_RL_EST,2022,2.0023268
Denmark,DNK,SE.TER.ENRR,2022,84.5866088867188
Denmark,DNK,IP.JRN.ARTC.SC,2022,15700.65
Djibouti,DJI,GOV_WGI_CC_EST,2022,-0.9087909
Djibouti,DJI,IT.NET.BBND.P2,2022,1.41245769926198
Djibouti,DJI,NY.GDP.PCAP.PP.CD,2022,6621.330382204093
Djibouti,DJI,TX.VAL.TECH.MF.ZS,2022,3.024177420850287
Djibouti,DJI,IT.CEL.SETS.P2,2022,46.7770531248021
Djibouti,DJI,GOV_WGI_PV_EST,2022,-0.4774121
Djibouti,DJI,GOV_WGI_RL_EST,2022,-1.0215603
Djibouti,DJI,SE.TER.ENRR,2022,
Djibouti,DJI,IP.JRN.ARTC.SC,2022,11.08
Dominica,DMA,GOV_WGI_CC_EST,2022,0.3990364
Dominica,DMA,IT.NET.BBND.P2,2022,20.86014425523
Dominica,DMA,NY.GDP.PCAP.PP.CD,2022,18802.081991320545
Dominica,DMA,TX.VAL.TECH.MF.ZS,2022,27.594662663954928
Dominica,DMA,IT.CEL.SETS.P2,2022,85.1898961482058
Dominica,DMA,GOV_WGI_PV_EST,2022,1.2397365
Dominica,DMA,GOV_WGI_RL_EST,2022,0.5641308
Dominica,DMA,SE.TER.ENRR,2022,
Dominica,DMA,IP.JRN.ARTC.SC,2022,5.06
Dominican Republic,DOM,GOV_WGI_CC_EST,2022,-0.422172599999999
Dominican Republic,DOM,IT.NET.BBND.P2,2022,10.6744492390257
Dominican Republic,DOM,NY.GDP.PCAP.PP.CD,2022,24625.808856403743
Dominican Republic,DOM,TX.VAL.TECH.MF.ZS,2022,6.018790558768618
Dominican Republic,DOM,IT.CEL.SETS.P2,2022,90.3760163850377
Dominican Republic,DOM,GOV_WGI_PV_EST,2022,0.4914554
Dominican Republic,DOM,GOV_WGI_RL_EST,2022,-0.2774196
Dominican Republic,DOM,SE.TER.ENRR,2022,55.1665311527454
Dominican Republic,DOM,IP.JRN.ARTC.SC,2022,110.33
Ecuador,ECU,GOV_WGI_CC_EST,2022,-0.655353
Ecuador,ECU,IT.NET.BBND.P2,2022,15.1128846850944
Ecuador,ECU,NY.GDP.PCAP.PP.CD,2022,15198.07255544725
Ecuador,ECU,TX.VAL.TECH.MF.ZS,2022,6.711579234057294
Ecuador,ECU,IT.CEL.SETS.P2,2022,98.1309025742238
Ecuador,ECU,GOV_WGI_PV_EST,2022,-0.2336288
Ecuador,ECU,GOV_WGI_RL_EST,2022,-0.5794902
Ecuador,ECU,SE.TER.ENRR,2022,59.879782344866
Ecuador,ECU,IP.JRN.ARTC.SC,2022,3317.49
"Egypt, Arab Rep.",EGY,GOV_WGI_CC_EST,2022,-0.7776624
"Egypt, Arab Rep.",EGY,IT.NET.BBND.P2,2022,10.6832498285136
"Egypt, Arab Rep.",EGY,NY.GDP.PCAP.PP.CD,2022,17526.801703016554
"Egypt, Arab Rep.",EGY,TX.VAL.TECH.MF.ZS,2022,3.4020498750804142
"Egypt, Arab Rep.",EGY,IT.CEL.SETS.P2,2022,90.6794715776528
"Egypt, Arab Rep.",EGY,GOV_WGI_PV_EST,2022,-0.9542974
"Egypt, Arab Rep.",EGY,GOV_WGI_RL_EST,2022,-0.772813099999999
"Egypt, Arab Rep.",EGY,SE.TER.ENRR,2022,36.462230682373
"Egypt, Arab Rep.",EGY,IP.JRN.ARTC.SC,2022,22502.97
El Salvador,SLV,GOV_WGI_CC_EST,2022,-0.680151
El Salvador,SLV,IT.NET.BBND.P2,2022,9.73832698625659
El Salvador,SLV,NY.GDP.PCAP.PP.CD,2022,11875.964806623284
El Salvador,SLV,TX.VAL.TECH.MF.ZS,2022,7.850018887340596
El Salvador,SLV,IT.CEL.SETS.P2,2022,183.248955984561
El Salvador,SLV,GOV_WGI_PV_EST,2022,-0.0998814
El Salvador,SLV,GOV_WGI_RL_EST,2022,-0.9646984
El Salvador,SLV,SE.TER.ENRR,2022,31.4538910186841
El Salvador,SLV,IP.JRN.ARTC.SC,2022,55.8
Equatorial Guinea,GNQ,GOV_WGI_CC_EST,2022,-1.5183607
Equatorial Guinea,GNQ,IT.NET.BBND.P2,2022,0.10069058437688
Equatorial Guinea,GNQ,NY.GDP.PCAP.PP.CD,2022,18139.989326627
Equatorial Guinea,GNQ,TX.VAL.TECH.MF.ZS,2022,
Equatorial Guinea,GNQ,IT.CEL.SETS.P2,2022,49.5380486763568
Equatorial Guinea,GNQ,GOV_WGI_PV_EST,2022,-0.3481526
Equatorial Guinea,GNQ,GOV_WGI_RL_EST,2022,-1.4839685
Equatorial Guinea,GNQ,SE.TER.ENRR,2022,
Equatorial Guinea,GNQ,IP.JRN.ARTC.SC,2022,2.93
Eritrea,ERI,GOV_WGI_CC_EST,2022,-1.3644356
Eritrea,ERI,IT.NET.BBND.P2,2022,0.165393390775689
Eritrea,ERI,NY.GDP.PCAP.PP.CD,2022,
Eritrea,ERI,TX.VAL.TECH.MF.ZS,2022,
Eritrea,ERI,IT.CEL.SETS.P2,2022,59.1248082166991
Eritrea,ERI,GOV_WGI_PV_EST,2022,-1.0696541
Eritrea,ERI,GOV_WGI_RL_EST,2022,-1.7694664
Eritrea,ERI,SE.TER.ENRR,2022,
Eritrea,ERI,IP.JRN.ARTC.SC,2022,29.98
Estonia,EST,GOV_WGI_CC_EST,2022,1.5957125
Estonia,EST,IT.NET.BBND.P2,2022,39.7219150412824
Estonia,EST,NY.GDP.PCAP.PP.CD,2022,48217.552310602834
Estonia,EST,TX.VAL.TECH.MF.ZS,2022,18.01864383156159
Estonia,EST,IT.CEL.SETS.P2,2022,152.270772859015
Estonia,EST,GOV_WGI_PV_EST,2022,0.8742633
Estonia,EST,GOV_WGI_RL_EST,2022,1.5220957
Estonia,EST,SE.TER.ENRR,2022,71.4251937866211
Estonia,EST,IP.JRN.ARTC.SC,2022,1791.71
Eswatini,SWZ,GOV_WGI_CC_EST,2022,-0.6085804
Eswatini,SWZ,IT.NET.BBND.P2,2022,2.18530055779024
Eswatini,SWZ,NY.GDP.PCAP.PP.CD,2022,10635.39241561134
Eswatini,SWZ,TX.VAL.TECH.MF.ZS,2022,0.3159117701799301
Eswatini,SWZ,IT.CEL.SETS.P2,2022,121.491701239707
Eswatini,SWZ,GOV_WGI_PV_EST,2022,-0.400835
Eswatini,SWZ,GOV_WGI_RL_EST,2022,-0.726965099999999
Eswatini,SWZ,SE.TER.ENRR,2022,
Eswatini,SWZ,IP.JRN.ARTC.SC,2022,43.57
Ethiopia,ETH,GOV_WGI_CC_EST,2022,-0.406565399999999
Ethiopia,ETH,IT.NET.BBND.P2,2022,0.45157652011053
Ethiopia,ETH,NY.GDP.PCAP.PP.CD,2022,2844.922745357532
Ethiopia,ETH,TX.VAL.TECH.MF.ZS,2022,3.210265749360578
Ethiopia,ETH,IT.CEL.SETS.P2,2022,56.9642988837987
Ethiopia,ETH,GOV_WGI_PV_EST,2022,-1.8659545
Ethiopia,ETH,GOV_WGI_RL_EST,2022,-0.9181925
Ethiopia,ETH,SE.TER.ENRR,2022,
Ethiopia,ETH,IP.JRN.ARTC.SC,2022,7017.98
Faroe Islands,FRO,GOV_WGI_CC_EST,2022,
Faroe Islands,FRO,IT.NET.BBND.P2,2022,34.5873988631945
Faroe Islands,FRO,NY.GDP.PCAP.PP.CD,2022,75265.6585388594
Faroe Islands,FRO,TX.VAL.TECH.MF.ZS,2022,
Faroe Islands,FRO,IT.CEL.SETS.P2,2022,105.80437318324
Faroe Islands,FRO,GOV_WGI_PV_EST,2022,
Faroe Islands,FRO,GOV_WGI_RL_EST,2022,
Faroe Islands,FRO,SE.TER.ENRR,2022,
Faroe Islands,FRO,IP.JRN.ARTC.SC,2022,
Fiji,FJI,GOV_WGI_CC_EST,2022,0.4582725
Fiji,FJI,IT.NET.BBND.P2,2022,2.53376577893503
Fiji,FJI,NY.GDP.PCAP.PP.CD,2022,12982.291451991914
Fiji,FJI,TX.VAL.TECH.MF.ZS,2022,2.241245877544534
Fiji,FJI,IT.CEL.SETS.P2,2022,111.749120643187
Fiji,FJI,GOV_WGI_PV_EST,2022,0.782553
Fiji,FJI,GOV_WGI_RL_EST,2022,0.2370994
Fiji,FJI,SE.TER.ENRR,2022,68.7794855157684
Fiji,FJI,IP.JRN.ARTC.SC,2022,197.72
Finland,FIN,GOV_WGI_CC_EST,2022,2.1894699
Finland,FIN,IT.NET.BBND.P2,2022,34.2951599474189
Finland,FIN,NY.GDP.PCAP.PP.CD,2022,62133.13752199117
Finland,FIN,TX.VAL.TECH.MF.ZS,2022,9.62392843667484
Finland,FIN,IT.CEL.SETS.P2,2022,128.023293416281
Finland,FIN,GOV_WGI_PV_EST,2022,1.0892287
Finland,FIN,GOV_WGI_RL_EST,2022,1.9939363
Finland,FIN,SE.TER.ENRR,2022,104.944221496582
Finland,FIN,IP.JRN.ARTC.SC,2022,11543.1
France,FRA,GOV_WGI_CC_EST,2022,1.3856444
France,FRA,IT.NET.BBND.P2,2022,48.250226559098
France,FRA,NY.GDP.PCAP.PP.CD,2022,57042.944901377225
France,FRA,TX.VAL.TECH.MF.ZS,2022,21.92646112571559
France,FRA,IT.CEL.SETS.P2,2022,115.950519429629
France,FRA,GOV_WGI_PV_EST,2022,0.0198376
France,FRA,GOV_WGI_RL_EST,2022,1.0195192
France,FRA,SE.TER.ENRR,2022,71.5107269287109
France,FRA,IP.JRN.ARTC.SC,2022,65197.8
French Polynesia,PYF,GOV_WGI_CC_EST,2022,-0.2079857
French Polynesia,PYF,IT.NET.BBND.P2,2022,27.914458338386
French Polynesia,PYF,NY.GDP.PCAP.PP.CD,2022,
French Polynesia,PYF,TX.VAL.TECH.MF.ZS,2022,9.982096391702768
French Polynesia,PYF,IT.CEL.SETS.P2,2022,116.866159256432
French Polynesia,PYF,GOV_WGI_PV_EST,2022,1.0479309
French Polynesia,PYF,GOV_WGI_RL_EST,2022,1.0202576
French Polynesia,PYF,SE.TER.ENRR,2022,
French Polynesia,PYF,IP.JRN.ARTC.SC,2022,
Gabon,GAB,GOV_WGI_CC_EST,2022,-1.0035399
Gabon,GAB,IT.NET.BBND.P2,2022,3.3054859267542
Gabon,GAB,NY.GDP.PCAP.PP.CD,2022,19992.55706434685
Gabon,GAB,TX.VAL.TECH.MF.ZS,2022,3.9075849423199847
Gabon,GAB,IT.CEL.SETS.P2,2022,123.233187164275
Gabon,GAB,GOV_WGI_PV_EST,2022,-0.1324826
Gabon,GAB,GOV_WGI_RL_EST,2022,-1.0937103
Gabon,GAB,SE.TER.ENRR,2022,
Gabon,GAB,IP.JRN.ARTC.SC,2022,100.2
"Gambia, The",GMB,GOV_WGI_CC_EST,2022,-0.3002052
"Gambia, The",GMB,IT.NET.BBND.P2,2022,0.215818879031432
"Gambia, The",GMB,NY.GDP.PCAP.PP.CD,2022,3067.31040374628
"Gambia, The",GMB,TX.VAL.TECH.MF.ZS,2022,3.2124882300216684
"Gambia, The",GMB,IT.CEL.SETS.P2,2022,106.782250509204
"Gambia, The",GMB,GOV_WGI_PV_EST,2022,0.1344853
"Gambia, The",GMB,GOV_WGI_RL_EST,2022,-0.3639747
"Gambia, The",GMB,SE.TER.ENRR,2022,
"Gambia, The",GMB,IP.JRN.ARTC.SC,2022,79.44
Georgia,GEO,GOV_WGI_CC_EST,2022,0.6512819
Georgia,GEO,IT.NET.BBND.P2,2022,28.3337075311796
Georgia,GEO,NY.GDP.PCAP.PP.CD,2022,22461.332641454654
Georgia,GEO,TX.VAL.TECH.MF.ZS,2022,2.9492009025545625
Georgia,GEO,IT.CEL.SETS.P2,2022,154.013561773213
Georgia,GEO,GOV_WGI_PV_EST,2022,-0.100034699999999
Georgia,GEO,GOV_WGI_RL_EST,2022,0.18182
Georgia,GEO,SE.TER.ENRR,2022,79.3253367493498
Georgia,GEO,IP.JRN.ARTC.SC,2022,602.02
Germany,DEU,GOV_WGI_CC_EST,2022,1.8224098
Germany,DEU,IT.NET.BBND.P2,2022,44.6186317766404
Germany,DEU,NY.GDP.PCAP.PP.CD,2022,69048.98840368852
Germany,DEU,TX.VAL.TECH.MF.ZS,2022,17.49815055736594
Germany,DEU,IT.CEL.SETS.P2,2022,124.158264349285
Germany,DEU,GOV_WGI_PV_EST,2022,0.5284799
Germany,DEU,GOV_WGI_RL_EST,2022,1.5810518
Germany,DEU,SE.TER.ENRR,2022,77.3656997680664
Germany,DEU,IP.JRN.ARTC.SC,2022,112300.79
Ghana,GHA,GOV_WGI_CC_EST,2022,-0.0967234999999999
Ghana,GHA,IT.NET.BBND.P2,2022,0.62494509663475
Ghana,GHA,NY.GDP.PCAP.PP.CD,2022,7208.157989827231
Ghana,GHA,TX.VAL.TECH.MF.ZS,2022,1.9574071685201435
Ghana,GHA,IT.CEL.SETS.P2,2022,120.803416027053
Ghana,GHA,GOV_WGI_PV_EST,2022,-0.1877453
Ghana,GHA,GOV_WGI_RL_EST,2022,0.0021348
Ghana,GHA,SE.TER.ENRR,2022,20.44559258931
Ghana,GHA,IP.JRN.ARTC.SC,2022,2973.03
Gibraltar,GIB,GOV_WGI_CC_EST,2022,
Gibraltar,GIB,IT.NET.BBND.P2,2022,60.9747666781887
Gibraltar,GIB,NY.GDP.PCAP.PP.CD,2022,
Gibraltar,GIB,TX.VAL.TECH.MF.ZS,2022,
Gibraltar,GIB,IT.CEL.SETS.P2,2022,97.6042968438406
Gibraltar,GIB,GOV_WGI_PV_EST,2022,
Gibraltar,GIB,GOV_WGI_RL_EST,2022,
Gibraltar,GIB,SE.TER.ENRR,2022,
Gibraltar,GIB,IP.JRN.ARTC.SC,2022,
Greece,GRC,GOV_WGI_CC_EST,2022,0.3224993
Greece,GRC,IT.NET.BBND.P2,2022,42.923040428409
Greece,GRC,NY.GDP.PCAP.PP.CD,2022,39612.44063779162
Greece,GRC,TX.VAL.TECH.MF.ZS,2022,14.470865176220707
Greece,GRC,IT.CEL.SETS.P2,2022,109.026956114201
Greece,GRC,GOV_WGI_PV_EST,2022,0.236947
Greece,GRC,GOV_WGI_RL_EST,2022,0.4892737
Greece,GRC,SE.TER.ENRR,2022,166.389556884766
Greece,GRC,IP.JRN.ARTC.SC,2022,13922.21
Greenland,GRL,GOV_WGI_CC_EST,2022,1.0265006
Greenland,GRL,IT.NET.BBND.P2,2022,31.9842829076621
Greenland,GRL,NY.GDP.PCAP.PP.CD,2022,75720.42982193232
Greenland,GRL,TX.VAL.TECH.MF.ZS,2022,
Greenland,GRL,IT.CEL.SETS.P2,2022,118.637256652974
Greenland,GRL,GOV_WGI_PV_EST,2022,1.2502225
Greenland,GRL,GOV_WGI_RL_EST,2022,1.5750875
Greenland,GRL,SE.TER.ENRR,2022,
Greenland,GRL,IP.JRN.ARTC.SC,2022,32.01
Grenada,GRD,GOV_WGI_CC_EST,2022,0.2886861
Grenada,GRD,IT.NET.BBND.P2,2022,29.767433903843
Grenada,GRD,NY.GDP.PCAP.PP.CD,2022,17543.98155962659
Grenada,GRD,TX.VAL.TECH.MF.ZS,2022,2.1771874895919696
Grenada,GRD,IT.CEL.SETS.P2,2022,95.759239776586
Grenada,GRD,GOV_WGI_PV_EST,2022,1.2048361
Grenada,GRD,GOV_WGI_RL_EST,2022,0.4711413
Grenada,GRD,SE.TER.ENRR,2022,
Grenada,GRD,IP.JRN.ARTC.SC,2022,55.73
Guam,GUM,GOV_WGI_CC_EST,2022,1.1763452
Guam,GUM,IT.NET.BBND.P2,2022,1.8392057149776
Guam,GUM,NY.GDP.PCAP.PP.CD,2022,
Guam,GUM,TX.VAL.TECH.MF.ZS,2022,
Guam,GUM,IT.CEL.SETS.P2,2022,
Guam,GUM,GOV_WGI_PV_EST,2022,0.9982241
Guam,GUM,GOV_WGI_RL_EST,2022,1.1703242
Guam,GUM,SE.TER.ENRR,2022,
Guam,GUM,IP.JRN.ARTC.SC,2022,
Guatemala,GTM,GOV_WGI_CC_EST,2022,-1.2166625
Guatemala,GTM,IT.NET.BBND.P2,2022,5.02439029583182
Guatemala,GTM,NY.GDP.PCAP.PP.CD,2022,13014.015380982615
Guatemala,GTM,TX.VAL.TECH.MF.ZS,2022,4.971624031709513
Guatemala,GTM,IT.CEL.SETS.P2,2022,115.156435692604
Guatemala,GTM,GOV_WGI_PV_EST,2022,-0.3005447
Guatemala,GTM,GOV_WGI_RL_EST,2022,-1.0371304
Guatemala,GTM,SE.TER.ENRR,2022,
Guatemala,GTM,IP.JRN.ARTC.SC,2022,117.76
Guinea,GIN,GOV_WGI_CC_EST,2022,-0.9739553
Guinea,GIN,IT.NET.BBND.P2,2022,0.0062752856838037
Guinea,GIN,NY.GDP.PCAP.PP.CD,2022,4062.361364379217
Guinea,GIN,TX.VAL.TECH.MF.ZS,2022,
Guinea,GIN,IT.CEL.SETS.P2,2022,95.3174629318803
Guinea,GIN,GOV_WGI_PV_EST,2022,-0.813667399999999
Guinea,GIN,GOV_WGI_RL_EST,2022,-1.05538819999999
Guinea,GIN,SE.TER.ENRR,2022,
Guinea,GIN,IP.JRN.ARTC.SC,2022,50.37
Guinea-Bissau,GNB,GOV_WGI_CC_EST,2022,-1.1609749
Guinea-Bissau,GNB,IT.NET.BBND.P2,2022,0.219184822436547
Guinea-Bissau,GNB,NY.GDP.PCAP.PP.CD,2022,2788.837739379542
Guinea-Bissau,GNB,TX.VAL.TECH.MF.ZS,2022,
Guinea-Bissau,GNB,IT.CEL.SETS.P2,2022,125.934670099533
Guinea-Bissau,GNB,GOV_WGI_PV_EST,2022,-0.360252199999999
Guinea-Bissau,GNB,GOV_WGI_RL_EST,2022,-1.25159
Guinea-Bissau,GNB,SE.TER.ENRR,2022,
Guinea-Bissau,GNB,IP.JRN.ARTC.SC,2022,17.19
Guyana,GUY,GOV_WGI_CC_EST,2022,-0.2293385
Guyana,GUY,IT.NET.BBND.P2,2022,12.9356394612219
Guyana,GUY,NY.GDP.PCAP.PP.CD,2022,39710.96956075305
Guyana,GUY,TX.VAL.TECH.MF.ZS,2022,0.1239541093201857
Guyana,GUY,IT.CEL.SETS.P2,2022,112.56503784518
Guyana,GUY,GOV_WGI_PV_EST,2022,0.210713
Guyana,GUY,GOV_WGI_RL_EST,2022,-0.3602997
Guyana,GUY,SE.TER.ENRR,2022,
Guyana,GUY,IP.JRN.ARTC.SC,2022,49.46
Haiti,HTI,GOV_WGI_CC_EST,2022,-1.508626
Haiti,HTI,IT.NET.BBND.P2,2022,0.306790757611135
Haiti,HTI,NY.GDP.PCAP.PP.CD,2022,3275.4071812634534
Haiti,HTI,TX.VAL.TECH.MF.ZS,2022,
Haiti,HTI,IT.CEL.SETS.P2,2022,65.1889329311174
Haiti,HTI,GOV_WGI_PV_EST,2022,-0.947002399999999
Haiti,HTI,GOV_WGI_RL_EST,2022,-1.5628925
Haiti,HTI,SE.TER.ENRR,2022,
Haiti,HTI,IP.JRN.ARTC.SC,2022,40.79
Honduras,HND,GOV_WGI_CC_EST,2022,-1.03140529999999
Honduras,HND,IT.NET.BBND.P2,2022,4.40980164894983
Honduras,HND,NY.GDP.PCAP.PP.CD,2022,6805.493582945538
Honduras,HND,TX.VAL.TECH.MF.ZS,2022,
Honduras,HND,IT.CEL.SETS.P2,2022,75.8551423411907
Honduras,HND,GOV_WGI_PV_EST,2022,-0.4781621
Honduras,HND,GOV_WGI_RL_EST,2022,-1.09175279999999
Honduras,HND,SE.TER.ENRR,2022,
Honduras,HND,IP.JRN.ARTC.SC,2022,131.63
"Hong Kong SAR, China",HKG,GOV_WGI_CC_EST,2022,1.5284267
"Hong Kong SAR, China",HKG,IT.NET.BBND.P2,2022,39.9517808600821
"Hong Kong SAR, China",HKG,NY.GDP.PCAP.PP.CD,2022,68602.12579004731
"Hong Kong SAR, China",HKG,TX.VAL.TECH.MF.ZS,2022,72.63677264372393
"Hong Kong SAR, China",HKG,IT.CEL.SETS.P2,2022,292.80765987826
"Hong Kong SAR, China",HKG,GOV_WGI_PV_EST,2022,0.3891702
"Hong Kong SAR, China",HKG,GOV_WGI_RL_EST,2022,0.8841773
"Hong Kong SAR, China",HKG,SE.TER.ENRR,2022,100.776315789474
"Hong Kong SAR, China",HKG,IP.JRN.ARTC.SC,2022,
Hungary,HUN,GOV_WGI_CC_EST,2022,0.0402617
Hungary,HUN,IT.NET.BBND.P2,2022,36.5338104764554
Hungary,HUN,NY.GDP.PCAP.PP.CD,2022,44365.91081283429
Hungary,HUN,TX.VAL.TECH.MF.ZS,2022,18.40489172584307
Hungary,HUN,IT.CEL.SETS.P2,2022,105.793848314995
Hungary,HUN,GOV_WGI_PV_EST,2022,0.6701403
Hungary,HUN,GOV_WGI_RL_EST,2022,0.2426218
Hungary,HUN,SE.TER.ENRR,2022,60.2746810913086
Hungary,HUN,IP.JRN.ARTC.SC,2022,8168.57
Iceland,ISL,GOV_WGI_CC_EST,2022,1.6495728
Iceland,ISL,IT.NET.BBND.P2,2022,37.4212579793667
Iceland,ISL,NY.GDP.PCAP.PP.CD,2022,75332.8528345867
Iceland,ISL,TX.VAL.TECH.MF.ZS,2022,33.31162925425808
Iceland,ISL,IT.CEL.SETS.P2,2022,120.114839781678
Iceland,ISL,GOV_WGI_PV_EST,2022,1.2672872
Iceland,ISL,GOV_WGI_RL_EST,2022,1.5968615
Iceland,ISL,SE.TER.ENRR,2022,84.985237121582
Iceland,ISL,IP.JRN.ARTC.SC,2022,746.67
India,IND,GOV_WGI_CC_EST,2022,-0.2924866
India,IND,IT.NET.BBND.P2,2022,2.35231555917724
India,IND,NY.GDP.PCAP.PP.CD,2022,9207.127430401446
India,IND,TX.VAL.TECH.MF.ZS,2022,12.682279480728722
India,IND,IT.CEL.SETS.P2,2022,80.1818007717416
India,IND,GOV_WGI_PV_EST,2022,-0.7535037
India,IND,GOV_WGI_RL_EST,2022,-0.1104884
India,IND,SE.TER.ENRR,2022,32.6703053423023
India,IND,IP.JRN.ARTC.SC,2022,200488.43
Indonesia,IDN,GOV_WGI_CC_EST,2022,-0.3702139
Indonesia,IDN,IT.NET.BBND.P2,2022,4.82151507878823
Indonesia,IDN,NY.GDP.PCAP.PP.CD,2022,14284.929293132958
Indonesia,IDN,TX.VAL.TECH.MF.ZS,2022,8.308193067098319
Indonesia,IDN,IT.CEL.SETS.P2,2022,122.873012230307
Indonesia,IDN,GOV_WGI_PV_EST,2022,-0.7624666
Indonesia,IDN,GOV_WGI_RL_EST,2022,-0.1291182
Indonesia,IDN,SE.TER.ENRR,2022,42.3260385456152
Indonesia,IDN,IP.JRN.ARTC.SC,2022,26452.38
"Iran, Islamic Rep.",IRN,GOV_WGI_CC_EST,2022,-1.13191439999999
"Iran, Islamic Rep.",IRN,IT.NET.BBND.P2,2022,12.2102486068411
"Iran, Islamic Rep.",IRN,NY.GDP.PCAP.PP.CD,2022,17545.624662942948
"Iran, Islamic Rep.",IRN,TX.VAL.TECH.MF.ZS,2022,0.8140079231973251
"Iran, Islamic Rep.",IRN,IT.CEL.SETS.P2,2022,162.712943709127
"Iran, Islamic Rep.",IRN,GOV_WGI_PV_EST,2022,-1.1448403
"Iran, Islamic Rep.",IRN,GOV_WGI_RL_EST,2022,-1.1257877
"Iran, Islamic Rep.",IRN,SE.TER.ENRR,2022,58.6838607788086
"Iran, Islamic Rep.",IRN,IP.JRN.ARTC.SC,2022,58271.06
Iraq,IRQ,GOV_WGI_CC_EST,2022,-1.37334849999999
Iraq,IRQ,IT.NET.BBND.P2,2022,14.4912960130678
Iraq,IRQ,NY.GDP.PCAP.PP.CD,2022,14391.129234980575
Iraq,IRQ,TX.VAL.TECH.MF.ZS,2022,
Iraq,IRQ,IT.CEL.SETS.P2,2022,99.1323661916548
Iraq,IRQ,GOV_WGI_PV_EST,2022,-2.2294281
Iraq,IRQ,GOV_WGI_RL_EST,2022,-1.45504109999999
Iraq,IRQ,SE.TER.ENRR,2022,
Iraq,IRQ,IP.JRN.ARTC.SC,2022,12326.35
Ireland,IRL,GOV_WGI_CC_EST,2022,1.6463639
Ireland,IRL,IT.NET.BBND.P2,2022,31.5362809040128
Ireland,IRL,NY.GDP.PCAP.PP.CD,2022,138522.5178002039
Ireland,IRL,TX.VAL.TECH.MF.ZS,2022,46.7867801497714
Ireland,IRL,IT.CEL.SETS.P2,2022,110.608851322579
Ireland,IRL,GOV_WGI_PV_EST,2022,0.8053599
Ireland,IRL,GOV_WGI_RL_EST,2022,1.5040267
Ireland,IRL,SE.TER.ENRR,2022,77.5933380126953
Ireland,IRL,IP.JRN.ARTC.SC,2022,8811.1
Isle of Man,IMN,GOV_WGI_CC_EST,2022,
Isle of Man,IMN,IT.NET.BBND.P2,2022,
Isle of Man,IMN,NY.GDP.PCAP.PP.CD,2022,
Isle of Man,IMN,TX.VAL.TECH.MF.ZS,2022,
Isle of Man,IMN,IT.CEL.SETS.P2,2022,
Isle of Man,IMN,GOV_WGI_PV_EST,2022,
Isle of Man,IMN,GOV_WGI_RL_EST,2022,
Isle of Man,IMN,SE.TER.ENRR,2022,
Isle of Man,IMN,IP.JRN.ARTC.SC,2022,
Israel,ISR,GOV_WGI_CC_EST,2022,0.8878345
Israel,ISR,IT.NET.BBND.P2,2022,29.1676695245416
Israel,ISR,NY.GDP.PCAP.PP.CD,2022,53619.06809950952
Israel,ISR,TX.VAL.TECH.MF.ZS,2022,29.109054041052342
Israel,ISR,IT.CEL.SETS.P2,2022,151.1379631075
Israel,ISR,GOV_WGI_PV_EST,2022,-0.904996799999999
Israel,ISR,GOV_WGI_RL_EST,2022,0.8010265
Israel,ISR,SE.TER.ENRR,2022,58.9500617980957
Israel,ISR,IP.JRN.ARTC.SC,2022,14331.79
Italy,ITA,GOV_WGI_CC_EST,2022,0.5738577
Italy,ITA,IT.NET.BBND.P2,2022,31.19136706407
Italy,ITA,NY.GDP.PCAP.PP.CD,2022,57260.89453724933
Italy,ITA,TX.VAL.TECH.MF.ZS,2022,9.15916231271025
Italy,ITA,IT.CEL.SETS.P2,2022,131.673965640047
Italy,ITA,GOV_WGI_PV_EST,2022,0.4124684
Italy,ITA,GOV_WGI_RL_EST,2022,0.5739685
Italy,ITA,SE.TER.ENRR,2022,73.8962097167969
Italy,ITA,IP.JRN.ARTC.SC,2022,83236.9
Jamaica,JAM,GOV_WGI_CC_EST,2022,-0.0788141
Jamaica,JAM,IT.NET.BBND.P2,2022,14.9601781381994
Jamaica,JAM,NY.GDP.PCAP.PP.CD,2022,11887.77036942296
Jamaica,JAM,TX.VAL.TECH.MF.ZS,2022,1.4709847551675832
Jamaica,JAM,IT.CEL.SETS.P2,2022,105.762018411183
Jamaica,JAM,GOV_WGI_PV_EST,2022,0.4525342
Jamaica,JAM,GOV_WGI_RL_EST,2022,-0.0687388999999999
Jamaica,JAM,SE.TER.ENRR,2022,
Jamaica,JAM,IP.JRN.ARTC.SC,2022,144.46
Japan,JPN,GOV_WGI_CC_EST,2022,1.4419346
Japan,JPN,IT.NET.BBND.P2,2022,36.8414210393741
Japan,JPN,NY.GDP.PCAP.PP.CD,2022,47192.05006033716
Japan,JPN,TX.VAL.TECH.MF.ZS,2022,18.259261535190227
Japan,JPN,IT.CEL.SETS.P2,2022,168.602943650636
Japan,JPN,GOV_WGI_PV_EST,2022,1.2758787
Japan,JPN,GOV_WGI_RL_EST,2022,1.5084676
Japan,JPN,SE.TER.ENRR,2022,63.3752288818359
Japan,JPN,IP.JRN.ARTC.SC,2022,102422.96
Jordan,JOR,GOV_WGI_CC_EST,2022,0.0226578
Jordan,JOR,IT.NET.BBND.P2,2022,7.0736531298176
Jordan,JOR,NY.GDP.PCAP.PP.CD,2022,9927.234100250598
Jordan,JOR,TX.VAL.TECH.MF.ZS,2022,1.4496882666855757
Jordan,JOR,IT.CEL.SETS.P2,2022,67.7457074341635
Jordan,JOR,GOV_WGI_PV_EST,2022,-0.311462199999999
Jordan,JOR,GOV_WGI_RL_EST,2022,0.0764869
Jordan,JOR,SE.TER.ENRR,2022,32.5119829829151
Jordan,JOR,IP.JRN.ARTC.SC,2022,4732.04
Kazakhstan,KAZ,GOV_WGI_CC_EST,2022,-0.1920096
Kazakhstan,KAZ,IT.NET.BBND.P2,2022,14.4739535470844
Kazakhstan,KAZ,NY.GDP.PCAP.PP.CD,2022,35895.08398716668
Kazakhstan,KAZ,TX.VAL.TECH.MF.ZS,2022,32.26664971102692
Kazakhstan,KAZ,IT.CEL.SETS.P2,2022,125.641583521795
Kazakhstan,KAZ,GOV_WGI_PV_EST,2022,-0.5795614
Kazakhstan,KAZ,GOV_WGI_RL_EST,2022,-0.440637699999999
Kazakhstan,KAZ,SE.TER.ENRR,2022,57.2459264222925
Kazakhstan,KAZ,IP.JRN.ARTC.SC,2022,3211.19
Kenya,KEN,GOV_WGI_CC_EST,2022,-0.751285
Kenya,KEN,IT.NET.BBND.P2,2022,1.47646942688922
Kenya,KEN,NY.GDP.PCAP.PP.CD,2022,5883.2230396192135
Kenya,KEN,TX.VAL.TECH.MF.ZS,2022,2.260738110257122
Kenya,KEN,IT.CEL.SETS.P2,2022,121.168999135357
Kenya,KEN,GOV_WGI_PV_EST,2022,-0.962236
Kenya,KEN,GOV_WGI_RL_EST,2022,-0.4245656
Kenya,KEN,SE.TER.ENRR,2022,
Kenya,KEN,IP.JRN.ARTC.SC,2022,2051.43
Kiribati,KIR,GOV_WGI_CC_EST,2022,0.3338154
Kiribati,KIR,IT.NET.BBND.P2,2022,0.0689819037472503
Kiribati,KIR,NY.GDP.PCAP.PP.CD,2022,3329.3443446486085
Kiribati,KIR,TX.VAL.TECH.MF.ZS,2022,
Kiribati,KIR,IT.CEL.SETS.P2,2022,49.1120496056535
Kiribati,KIR,GOV_WGI_PV_EST,2022,1.2429196
Kiribati,KIR,GOV_WGI_RL_EST,2022,0.7720439
Kiribati,KIR,SE.TER.ENRR,2022,
Kiribati,KIR,IP.JRN.ARTC.SC,2022,2.2
"Korea, Dem. People's Rep.",PRK,GOV_WGI_CC_EST,2022,-1.6517597
"Korea, Dem. People's Rep.",PRK,IT.NET.BBND.P2,2022,
"Korea, Dem. People's Rep.",PRK,NY.GDP.PCAP.PP.CD,2022,
"Korea, Dem. People's Rep.",PRK,TX.VAL.TECH.MF.ZS,2022,
"Korea, Dem. People's Rep.",PRK,IT.CEL.SETS.P2,2022,24.1311041179361
"Korea, Dem. People's Rep.",PRK,GOV_WGI_PV_EST,2022,0.2686785
"Korea, Dem. People's Rep.",PRK,GOV_WGI_RL_EST,2022,-1.48587729999999
"Korea, Dem. People's Rep.",PRK,SE.TER.ENRR,2022,
"Korea, Dem. People's Rep.",PRK,IP.JRN.ARTC.SC,2022,247.74
"Korea, Rep.",KOR,GOV_WGI_CC_EST,2022,0.8217095
"Korea, Rep.",KOR,IT.NET.BBND.P2,2022,45.4542124182774
"Korea, Rep.",KOR,NY.GDP.PCAP.PP.CD,2022,55509.33687611736
"Korea, Rep.",KOR,TX.VAL.TECH.MF.ZS,2022,36.11827893121698
"Korea, Rep.",KOR,IT.CEL.SETS.P2,2022,148.68360770138
"Korea, Rep.",KOR,GOV_WGI_PV_EST,2022,0.855673
"Korea, Rep.",KOR,GOV_WGI_RL_EST,2022,1.1662138
"Korea, Rep.",KOR,SE.TER.ENRR,2022,102.813056945801
"Korea, Rep.",KOR,IP.JRN.ARTC.SC,2022,71998.13
Kuwait,KWT,GOV_WGI_CC_EST,2022,0.0771437
Kuwait,KWT,IT.NET.BBND.P2,2022,1.36328249349441
Kuwait,KWT,NY.GDP.PCAP.PP.CD,2022,55043.00226358495
Kuwait,KWT,TX.VAL.TECH.MF.ZS,2022,0.7163548082807456
Kuwait,KWT,IT.CEL.SETS.P2,2022,168.350157565806
Kuwait,KWT,GOV_WGI_PV_EST,2022,0.1041664
Kuwait,KWT,GOV_WGI_RL_EST,2022,0.2236666
Kuwait,KWT,SE.TER.ENRR,2022,
Kuwait,KWT,IP.JRN.ARTC.SC,2022,1245.88
Kyrgyz Republic,KGZ,GOV_WGI_CC_EST,2022,-1.2024196
Kyrgyz Republic,KGZ,IT.NET.BBND.P2,2022,5.60484304582026
Kyrgyz Republic,KGZ,NY.GDP.PCAP.PP.CD,2022,6577.512177283893
Kyrgyz Republic,KGZ,TX.VAL.TECH.MF.ZS,2022,10.554052011145703
Kyrgyz Republic,KGZ,IT.CEL.SETS.P2,2022,106.925973017004
Kyrgyz Republic,KGZ,GOV_WGI_PV_EST,2022,-0.422477
Kyrgyz Republic,KGZ,GOV_WGI_RL_EST,2022,-0.9265186
Kyrgyz Republic,KGZ,SE.TER.ENRR,2022,54.2184527097527
Kyrgyz Republic,KGZ,IP.JRN.ARTC.SC,2022,234.43
Lao PDR,LAO,GOV_WGI_CC_EST,2022,-0.9974286
Lao PDR,LAO,IT.NET.BBND.P2,2022,2.38186047453058
Lao PDR,LAO,NY.GDP.PCAP.PP.CD,2022,8766.440626110943
Lao PDR,LAO,TX.VAL.TECH.MF.ZS,2022,9.517677832973265
Lao PDR,LAO,IT.CEL.SETS.P2,2022,63.3546046458219
Lao PDR,LAO,GOV_WGI_PV_EST,2022,0.7033051
Lao PDR,LAO,GOV_WGI_RL_EST,2022,-0.8397916
Lao PDR,LAO,SE.TER.ENRR,2022,13.677811550152
Lao PDR,LAO,IP.JRN.ARTC.SC,2022,82.63
Latvia,LVA,GOV_WGI_CC_EST,2022,0.8238921
Latvia,LVA,IT.NET.BBND.P2,2022,25.989241189689
Latvia,LVA,NY.GDP.PCAP.PP.CD,2022,40558.749584112185
Latvia,LVA,TX.VAL.TECH.MF.ZS,2022,17.550589370940063
Latvia,LVA,IT.CEL.SETS.P2,2022,115.202627450543
Latvia,LVA,GOV_WGI_PV_EST,2022,0.7798656
Latvia,LVA,GOV_WGI_RL_EST,2022,1.0087817
Latvia,LVA,SE.TER.ENRR,2022,91.3303680419922
Latvia,LVA,IP.JRN.ARTC.SC,2022,1655.62
Lebanon,LBN,GOV_WGI_CC_EST,2022,-1.21762979999999
Lebanon,LBN,IT.NET.BBND.P2,2022,7.29166684799988
Lebanon,LBN,NY.GDP.PCAP.PP.CD,2022,12292.840730550111
Lebanon,LBN,TX.VAL.TECH.MF.ZS,2022,15.133219943969994
Lebanon,LBN,IT.CEL.SETS.P2,2022,74.0148340435503
Lebanon,LBN,GOV_WGI_PV_EST,2022,-1.34257539999999
Lebanon,LBN,GOV_WGI_RL_EST,2022,-1.0323318
Lebanon,LBN,SE.TER.ENRR,2022,58.1761149059991
Lebanon,LBN,IP.JRN.ARTC.SC,2022,1990.44
Lesotho,LSO,GOV_WGI_CC_EST,2022,-0.1463735
Lesotho,LSO,IT.NET.BBND.P2,2022,0.39753117741491
Lesotho,LSO,NY.GDP.PCAP.PP.CD,2022,2761.3110500221565
Lesotho,LSO,TX.VAL.TECH.MF.ZS,2022,0.0925726266687245
Lesotho,LSO,IT.CEL.SETS.P2,2022,68.1001351640997
Lesotho,LSO,GOV_WGI_PV_EST,2022,-0.128161
Lesotho,LSO,GOV_WGI_RL_EST,2022,-0.4650393
Lesotho,LSO,SE.TER.ENRR,2022,
Lesotho,LSO,IP.JRN.ARTC.SC,2022,47.35
Liberia,LBR,GOV_WGI_CC_EST,2022,-1.0479173
Liberia,LBR,IT.NET.BBND.P2,2022,0.274673226516174
Liberia,LBR,NY.GDP.PCAP.PP.CD,2022,1691.5727572185108
Liberia,LBR,TX.VAL.TECH.MF.ZS,2022,10.267997840320067
Liberia,LBR,IT.CEL.SETS.P2,2022,32.0638885570006
Liberia,LBR,GOV_WGI_PV_EST,2022,-0.2807974
Liberia,LBR,GOV_WGI_RL_EST,2022,-0.858746399999999
Liberia,LBR,SE.TER.ENRR,2022,
Liberia,LBR,IP.JRN.ARTC.SC,2022,27.29
Libya,LBY,GOV_WGI_CC_EST,2022,-1.5332986
Libya,LBY,IT.NET.BBND.P2,2022,4.51840823499527
Libya,LBY,NY.GDP.PCAP.PP.CD,2022,12266.38968047156
Libya,LBY,TX.VAL.TECH.MF.ZS,2022,
Libya,LBY,IT.CEL.SETS.P2,2022,192.97309381967
Libya,LBY,GOV_WGI_PV_EST,2022,-2.00397249999999
Libya,LBY,GOV_WGI_RL_EST,2022,-1.7431898
Libya,LBY,SE.TER.ENRR,2022,
Libya,LBY,IP.JRN.ARTC.SC,2022,407.68
Liechtenstein,LIE,GOV_WGI_CC_EST,2022,1.7550868
Liechtenstein,LIE,IT.NET.BBND.P2,2022,48.9304880840349
Liechtenstein,LIE,NY.GDP.PCAP.PP.CD,2022,
Liechtenstein,LIE,TX.VAL.TECH.MF.ZS,2022,
Liechtenstein,LIE,IT.CEL.SETS.P2,2022,126.306686674975
Liechtenstein,LIE,GOV_WGI_PV_EST,2022,1.5871411
Liechtenstein,LIE,GOV_WGI_RL_EST,2022,1.7279582
Liechtenstein,LIE,SE.TER.ENRR,2022,
Liechtenstein,LIE,IP.JRN.ARTC.SC,2022,44.58
Lithuania,LTU,GOV_WGI_CC_EST,2022,0.855068
Lithuania,LTU,IT.NET.BBND.P2,2022,28.4400438919259
Lithuania,LTU,NY.GDP.PCAP.PP.CD,2022,50936.00495474423
Lithuania,LTU,TX.VAL.TECH.MF.ZS,2022,12.99639413336345
Lithuania,LTU,IT.CEL.SETS.P2,2022,135.834150715729
Lithuania,LTU,GOV_WGI_PV_EST,2022,0.963939
Lithuania,LTU,GOV_WGI_RL_EST,2022,1.228331
Lithuania,LTU,SE.TER.ENRR,2022,76.9154586791992
Lithuania,LTU,IP.JRN.ARTC.SC,2022,2698.05
Luxembourg,LUX,GOV_WGI_CC_EST,2022,1.9674109
Luxembourg,LUX,IT.NET.BBND.P2,2022,38.3269581349215
Luxembourg,LUX,NY.GDP.PCAP.PP.CD,2022,146919.14539849444
Luxembourg,LUX,TX.VAL.TECH.MF.ZS,2022,5.990460389365796
Luxembourg,LUX,IT.CEL.SETS.P2,2022,139.651285065505
Luxembourg,LUX,GOV_WGI_PV_EST,2022,1.0244114
Luxembourg,LUX,GOV_WGI_RL_EST,2022,1.7477473
Luxembourg,LUX,SE.TER.ENRR,2022,21.032600402832
Luxembourg,LUX,IP.JRN.ARTC.SC,2022,1158.62
"Macao SAR, China",MAC,GOV_WGI_CC_EST,2022,0.5734313
"Macao SAR, China",MAC,IT.NET.BBND.P2,2022,29.6066193799726
"Macao SAR, China",MAC,NY.GDP.PCAP.PP.CD,2022,64193.529404861845
"Macao SAR, China",MAC,TX.VAL.TECH.MF.ZS,2022,0.0
"Macao SAR, China",MAC,IT.CEL.SETS.P2,2022,172.244717160072
"Macao SAR, China",MAC,GOV_WGI_PV_EST,2022,0.9728177
"Macao SAR, China",MAC,GOV_WGI_RL_EST,2022,0.7797993
"Macao SAR, China",MAC,SE.TER.ENRR,2022,116.232189973615
"Macao SAR, China",MAC,IP.JRN.ARTC.SC,2022,
Madagascar,MDG,GOV_WGI_CC_EST,2022,-0.9659728
Madagascar,MDG,IT.NET.BBND.P2,2022,0.10748996107107
Madagascar,MDG,NY.GDP.PCAP.PP.CD,2022,1716.9788487379749
Madagascar,MDG,TX.VAL.TECH.MF.ZS,2022,0.3486249845942597
Madagascar,MDG,IT.CEL.SETS.P2,2022,64.7494924066919
Madagascar,MDG,GOV_WGI_PV_EST,2022,-0.525026099999999
Madagascar,MDG,GOV_WGI_RL_EST,2022,-0.9669241
Madagascar,MDG,SE.TER.ENRR,2022,5.87562673022926
Madagascar,MDG,IP.JRN.ARTC.SC,2022,161.19
Malawi,MWI,GOV_WGI_CC_EST,2022,-0.6548107
Malawi,MWI,IT.NET.BBND.P2,2022,0.0724060330808983
Malawi,MWI,NY.GDP.PCAP.PP.CD,2022,1778.3058214600076
Malawi,MWI,TX.VAL.TECH.MF.ZS,2022,2.3076953930761377
Malawi,MWI,IT.CEL.SETS.P2,2022,59.6495709408963
Malawi,MWI,GOV_WGI_PV_EST,2022,-0.166924
Malawi,MWI,GOV_WGI_RL_EST,2022,-0.215452999999999
Malawi,MWI,SE.TER.ENRR,2022,2.70813684546823
Malawi,MWI,IP.JRN.ARTC.SC,2022,357.99
Malaysia,MYS,GOV_WGI_CC_EST,2022,0.3710292
Malaysia,MYS,IT.NET.BBND.P2,2022,12.1753566089982
Malaysia,MYS,NY.GDP.PCAP.PP.CD,2022,34419.86849756656
Malaysia,MYS,TX.VAL.TECH.MF.ZS,2022,58.28182440314864
Malaysia,MYS,IT.CEL.SETS.P2,2022,138.208441079076
Malaysia,MYS,GOV_WGI_PV_EST,2022,0.2483001
Malaysia,MYS,GOV_WGI_RL_EST,2022,0.2952941
Malaysia,MYS,SE.TER.ENRR,2022,36.9853099297291
Malaysia,MYS,IP.JRN.ARTC.SC,2022,23520.32
Maldives,MDV,GOV_WGI_CC_EST,2022,-0.265023299999999
Maldives,MDV,IT.NET.BBND.P2,2022,17.3997244832152
Maldives,MDV,NY.GDP.PCAP.PP.CD,2022,22880.51231514193
Maldives,MDV,TX.VAL.TECH.MF.ZS,2022,4.096414731302233
Maldives,MDV,IT.CEL.SETS.P2,2022,136.458655310185
Maldives,MDV,GOV_WGI_PV_EST,2022,0.2721525
Maldives,MDV,GOV_WGI_RL_EST,2022,0.1059573
Maldives,MDV,SE.TER.ENRR,2022,48.4968654322788
Maldives,MDV,IP.JRN.ARTC.SC,2022,31.4
Mali,MLI,GOV_WGI_CC_EST,2022,-0.8528176
Mali,MLI,IT.NET.BBND.P2,2022,0.774220028570636
Mali,MLI,NY.GDP.PCAP.PP.CD,2022,3014.4210732687966
Mali,MLI,TX.VAL.TECH.MF.ZS,2022,10.25786682849866
Mali,MLI,IT.CEL.SETS.P2,2022,112.119852778009
Mali,MLI,GOV_WGI_PV_EST,2022,-2.4680844
Mali,MLI,GOV_WGI_RL_EST,2022,-1.0213887
Mali,MLI,SE.TER.ENRR,2022,
Mali,MLI,IP.JRN.ARTC.SC,2022,145.1
Malta,MLT,GOV_WGI_CC_EST,2022,0.4469911
Malta,MLT,IT.NET.BBND.P2,2022,43.4449972737186
Malta,MLT,NY.GDP.PCAP.PP.CD,2022,60588.889059179375
Malta,MLT,TX.VAL.TECH.MF.ZS,2022,38.96158518861868
Malta,MLT,IT.CEL.SETS.P2,2022,132.861156549134
Malta,MLT,GOV_WGI_PV_EST,2022,0.9316852
Malta,MLT,GOV_WGI_RL_EST,2022,0.8543614
Malta,MLT,SE.TER.ENRR,2022,74.5901336669922
Malta,MLT,IP.JRN.ARTC.SC,2022,593.4
Marshall Islands,MHL,GOV_WGI_CC_EST,2022,-0.0269237999999999
Marshall Islands,MHL,IT.NET.BBND.P2,2022,2.35047533498016
Marshall Islands,MHL,NY.GDP.PCAP.PP.CD,2022,7431.427578954963
Marshall Islands,MHL,TX.VAL.TECH.MF.ZS,2022,
Marshall Islands,MHL,IT.CEL.SETS.P2,2022,39.7060658232902
Marshall Islands,MHL,GOV_WGI_PV_EST,2022,1.2819745
Marshall Islands,MHL,GOV_WGI_RL_EST,2022,0.836255
Marshall Islands,MHL,SE.TER.ENRR,2022,41.3350449293967
Marshall Islands,MHL,IP.JRN.ARTC.SC,2022,2.17
Mauritania,MRT,GOV_WGI_CC_EST,2022,-0.8477941
Mauritania,MRT,IT.NET.BBND.P2,2022,0.415227794850191
Mauritania,MRT,NY.GDP.PCAP.PP.CD,2022,6484.827921326307
Mauritania,MRT,TX.VAL.TECH.MF.ZS,2022,3.979493382012026
Mauritania,MRT,IT.CEL.SETS.P2,2022,109.883898247552
Mauritania,MRT,GOV_WGI_PV_EST,2022,-0.2992865
Mauritania,MRT,GOV_WGI_RL_EST,2022,-0.8487425
Mauritania,MRT,SE.TER.ENRR,2022,
Mauritania,MRT,IP.JRN.ARTC.SC,2022,25.95
Mauritius,MUS,GOV_WGI_CC_EST,2022,0.3948817
Mauritius,MUS,IT.NET.BBND.P2,2022,26.1963906498554
Mauritius,MUS,NY.GDP.PCAP.PP.CD,2022,26874.489992759285
Mauritius,MUS,TX.VAL.TECH.MF.ZS,2022,2.067079625286801
Mauritius,MUS,IT.CEL.SETS.P2,2022,164.309278835228
Mauritius,MUS,GOV_WGI_PV_EST,2022,0.8607357
Mauritius,MUS,GOV_WGI_RL_EST,2022,0.6838381
Mauritius,MUS,SE.TER.ENRR,2022,44.2026816403629
Mauritius,MUS,IP.JRN.ARTC.SC,2022,247.88
Mexico,MEX,GOV_WGI_CC_EST,2022,-0.8757541
Mexico,MEX,IT.NET.BBND.P2,2022,20.6070256426489
Mexico,MEX,NY.GDP.PCAP.PP.CD,2022,23135.49316012762
Mexico,MEX,TX.VAL.TECH.MF.ZS,2022,20.53436922578491
Mexico,MEX,IT.CEL.SETS.P2,2022,105.720624125765
Mexico,MEX,GOV_WGI_PV_EST,2022,-0.5890439
Mexico,MEX,GOV_WGI_RL_EST,2022,-1.0822517
Mexico,MEX,SE.TER.ENRR,2022,46.4061317443848
Mexico,MEX,IP.JRN.ARTC.SC,2022,19740.68
"Micronesia, Fed. Sts.",FSM,GOV_WGI_CC_EST,2022,0.2998184
"Micronesia, Fed. Sts.",FSM,IT.NET.BBND.P2,2022,5.81818506163369
"Micronesia, Fed. Sts.",FSM,NY.GDP.PCAP.PP.CD,2022,4086.9798010393984
"Micronesia, Fed. Sts.",FSM,TX.VAL.TECH.MF.ZS,2022,
"Micronesia, Fed. Sts.",FSM,IT.CEL.SETS.P2,2022,19.9885830493962
"Micronesia, Fed. Sts.",FSM,GOV_WGI_PV_EST,2022,1.5042238
"Micronesia, Fed. Sts.",FSM,GOV_WGI_RL_EST,2022,0.9774711
"Micronesia, Fed. Sts.",FSM,SE.TER.ENRR,2022,
"Micronesia, Fed. Sts.",FSM,IP.JRN.ARTC.SC,2022,3.51
Moldova,MDA,GOV_WGI_CC_EST,2022,-0.421512599999999
Moldova,MDA,IT.NET.BBND.P2,2022,26.317794331222
Moldova,MDA,NY.GDP.PCAP.PP.CD,2022,16452.96211919997
Moldova,MDA,TX.VAL.TECH.MF.ZS,2022,2.1401803935369017
Moldova,MDA,IT.CEL.SETS.P2,2022,137.182551887592
Moldova,MDA,GOV_WGI_PV_EST,2022,-0.2465629
Moldova,MDA,GOV_WGI_RL_EST,2022,-0.1948034
Moldova,MDA,SE.TER.ENRR,2022,68.0572346521372
Moldova,MDA,IP.JRN.ARTC.SC,2022,328.4
Monaco,MCO,GOV_WGI_CC_EST,2022,1.1763452
Monaco,MCO,IT.NET.BBND.P2,2022,55.2284811589736
Monaco,MCO,NY.GDP.PCAP.PP.CD,2022,
Monaco,MCO,TX.VAL.TECH.MF.ZS,2022,
Monaco,MCO,IT.CEL.SETS.P2,2022,100.061647530246
Monaco,MCO,GOV_WGI_PV_EST,2022,1.3786309
Monaco,MCO,GOV_WGI_RL_EST,2022,1.3462901
Monaco,MCO,SE.TER.ENRR,2022,
Monaco,MCO,IP.JRN.ARTC.SC,2022,57.39
Mongolia,MNG,GOV_WGI_CC_EST,2022,-0.662165
Mongolia,MNG,IT.NET.BBND.P2,2022,12.9008288504333
Mongolia,MNG,NY.GDP.PCAP.PP.CD,2022,16401.989475153066
Mongolia,MNG,TX.VAL.TECH.MF.ZS,2022,30.81416908973588
Mongolia,MNG,IT.CEL.SETS.P2,2022,142.808581769425
Mongolia,MNG,GOV_WGI_PV_EST,2022,0.6315013
Mongolia,MNG,GOV_WGI_RL_EST,2022,-0.1500746
Mongolia,MNG,SE.TER.ENRR,2022,67.6998728025335
Mongolia,MNG,IP.JRN.ARTC.SC,2022,258.96
Montenegro,MNE,GOV_WGI_CC_EST,2022,-0.0127453999999999
Montenegro,MNE,IT.NET.BBND.P2,2022,31.8922375082974
Montenegro,MNE,NY.GDP.PCAP.PP.CD,2022,28049.6156106324
Montenegro,MNE,TX.VAL.TECH.MF.ZS,2022,8.210195069707302
Montenegro,MNE,IT.CEL.SETS.P2,2022,207.278149444886
Montenegro,MNE,GOV_WGI_PV_EST,2022,0.0236518
Montenegro,MNE,GOV_WGI_RL_EST,2022,-0.0546103999999999
Montenegro,MNE,SE.TER.ENRR,2022,57.4317893981934
Montenegro,MNE,IP.JRN.ARTC.SC,2022,266.88
Morocco,MAR,GOV_WGI_CC_EST,2022,-0.4879114
Morocco,MAR,IT.NET.BBND.P2,2022,6.47150166958379
Morocco,MAR,NY.GDP.PCAP.PP.CD,2022,9310.0322265625
Morocco,MAR,TX.VAL.TECH.MF.ZS,2022,4.498382084083878
Morocco,MAR,IT.CEL.SETS.P2,2022,141.870002419562
Morocco,MAR,GOV_WGI_PV_EST,2022,-0.492008
Morocco,MAR,GOV_WGI_RL_EST,2022,-0.4491939
Morocco,MAR,SE.TER.ENRR,2022,45.9400219155138
Morocco,MAR,IP.JRN.ARTC.SC,2022,7952.97
Mozambique,MOZ,GOV_WGI_CC_EST,2022,-0.9013357
Mozambique,MOZ,IT.NET.BBND.P2,2022,0.197784521833894
Mozambique,MOZ,NY.GDP.PCAP.PP.CD,2022,1581.9441944262007
Mozambique,MOZ,TX.VAL.TECH.MF.ZS,2022,3.1796241811662123
Mozambique,MOZ,IT.CEL.SETS.P2,2022,45.8178199662019
Mozambique,MOZ,GOV_WGI_PV_EST,2022,-1.3208653
Mozambique,MOZ,GOV_WGI_RL_EST,2022,-1.0728381
Mozambique,MOZ,SE.TER.ENRR,2022,
Mozambique,MOZ,IP.JRN.ARTC.SC,2022,196.72
Myanmar,MMR,GOV_WGI_CC_EST,2022,-1.136637
Myanmar,MMR,IT.NET.BBND.P2,2022,2.09694638185872
Myanmar,MMR,NY.GDP.PCAP.PP.CD,2022,5731.937878724586
Myanmar,MMR,TX.VAL.TECH.MF.ZS,2022,2.6145783956440805
Myanmar,MMR,IT.CEL.SETS.P2,2022,107.535089476237
Myanmar,MMR,GOV_WGI_PV_EST,2022,-2.2412758
Myanmar,MMR,GOV_WGI_RL_EST,2022,-1.65875779999999
Myanmar,MMR,SE.TER.ENRR,2022,
Myanmar,MMR,IP.JRN.ARTC.SC,2022,163.72
Namibia,NAM,GOV_WGI_CC_EST,2022,0.3167748
Namibia,NAM,IT.NET.BBND.P2,2022,3.29190749644768
Namibia,NAM,NY.GDP.PCAP.PP.CD,2022,10662.701706411855
Namibia,NAM,TX.VAL.TECH.MF.ZS,2022,0.0563656557154241
Namibia,NAM,IT.CEL.SETS.P2,2022,100.557816104444
Namibia,NAM,GOV_WGI_PV_EST,2022,0.3736395
Namibia,NAM,GOV_WGI_RL_EST,2022,0.3187607
Namibia,NAM,SE.TER.ENRR,2022,26.1092654658031
Namibia,NAM,IP.JRN.ARTC.SC,2022,213.89
Nauru,NRU,GOV_WGI_CC_EST,2022,0.4459534
Nauru,NRU,IT.NET.BBND.P2,2022,9.95678332344717
Nauru,NRU,NY.GDP.PCAP.PP.CD,2022,13245.109456261936
Nauru,NRU,TX.VAL.TECH.MF.ZS,2022,
Nauru,NRU,IT.CEL.SETS.P2,2022,87.1705787645115
Nauru,NRU,GOV_WGI_PV_EST,2022,0.9276426
Nauru,NRU,GOV_WGI_RL_EST,2022,0.3476922
Nauru,NRU,SE.TER.ENRR,2022,
Nauru,NRU,IP.JRN.ARTC.SC,2022,0.27
Nepal,NPL,GOV_WGI_CC_EST,2022,-0.652050399999999
Nepal,NPL,IT.NET.BBND.P2,2022,8.51809813593178
Nepal,NPL,NY.GDP.PCAP.PP.CD,2022,5102.992311329473
Nepal,NPL,TX.VAL.TECH.MF.ZS,2022,0.6175207044758716
Nepal,NPL,IT.CEL.SETS.P2,2022,121.1144874334
Nepal,NPL,GOV_WGI_PV_EST,2022,-0.3755496
Nepal,NPL,GOV_WGI_RL_EST,2022,-0.3340683
Nepal,NPL,SE.TER.ENRR,2022,14.8435874359729
Nepal,NPL,IP.JRN.ARTC.SC,2022,1647.0
Netherlands,NLD,GOV_WGI_CC_EST,2022,1.9175777
Netherlands,NLD,IT.NET.BBND.P2,2022,43.5643185557355
Netherlands,NLD,NY.GDP.PCAP.PP.CD,2022,78630.35990720983
Netherlands,NLD,TX.VAL.TECH.MF.ZS,2022,21.957838012434244
Netherlands,NLD,IT.CEL.SETS.P2,2022,115.8205562749
Netherlands,NLD,GOV_WGI_PV_EST,2022,0.6252296
Netherlands,NLD,GOV_WGI_RL_EST,2022,1.7289109
Netherlands,NLD,SE.TER.ENRR,2022,
Netherlands,NLD,IP.JRN.ARTC.SC,2022,32878.0
New Caledonia,NCL,GOV_WGI_CC_EST,2022,0.1269261
New Caledonia,NCL,IT.NET.BBND.P2,2022,19.372882005273
New Caledonia,NCL,NY.GDP.PCAP.PP.CD,2022,
New Caledonia,NCL,TX.VAL.TECH.MF.ZS,2022,
New Caledonia,NCL,IT.CEL.SETS.P2,2022,91.6763895612682
New Caledonia,NCL,GOV_WGI_PV_EST,2022,1.1152109
New Caledonia,NCL,GOV_WGI_RL_EST,2022,1.0881945
New Caledonia,NCL,SE.TER.ENRR,2022,
New Caledonia,NCL,IP.JRN.ARTC.SC,2022,
New Zealand,NZL,GOV_WGI_CC_EST,2022,2.0822927
New Zealand,NZL,IT.NET.BBND.P2,2022,36.3044927893768
New Zealand,NZL,NY.GDP.PCAP.PP.CD,2022,54033.91301256506
New Zealand,NZL,TX.VAL.TECH.MF.ZS,2022,12.054341542288812
New Zealand,NZL,IT.CEL.SETS.P2,2022,115.984187800849
New Zealand,NZL,GOV_WGI_PV_EST,2022,1.2327589
New Zealand,NZL,GOV_WGI_RL_EST,2022,1.7220184
New Zealand,NZL,SE.TER.ENRR,2022,77.0104675292969
New Zealand,NZL,IP.JRN.ARTC.SC,2022,8700.7
Nicaragua,NIC,GOV_WGI_CC_EST,2022,-1.2447097
Nicaragua,NIC,IT.NET.BBND.P2,2022,5.00781944815467
Nicaragua,NIC,NY.GDP.PCAP.PP.CD,2022,7796.693620341443
Nicaragua,NIC,TX.VAL.TECH.MF.ZS,2022,1.2553932131571877
Nicaragua,NIC,IT.CEL.SETS.P2,2022,104.278484676229
Nicaragua,NIC,GOV_WGI_PV_EST,2022,-0.168460299999999
Nicaragua,NIC,GOV_WGI_RL_EST,2022,-1.49475349999999
Nicaragua,NIC,SE.TER.ENRR,2022,
Nicaragua,NIC,IP.JRN.ARTC.SC,2022,43.07
Niger,NER,GOV_WGI_CC_EST,2022,-0.5631731
Niger,NER,IT.NET.BBND.P2,2022,
Niger,NER,NY.GDP.PCAP.PP.CD,2022,1839.969096759033
Niger,NER,TX.VAL.TECH.MF.ZS,2022,13.870814780016287
Niger,NER,IT.CEL.SETS.P2,2022,63.3770548032743
Niger,NER,GOV_WGI_PV_EST,2022,-1.299076
Niger,NER,GOV_WGI_RL_EST,2022,-0.665473
Niger,NER,SE.TER.ENRR,2022,
Niger,NER,IP.JRN.ARTC.SC,2022,94.17
Nigeria,NGA,GOV_WGI_CC_EST,2022,-1.225087
Nigeria,NGA,IT.NET.BBND.P2,2022,0.0433814077089791
Nigeria,NGA,NY.GDP.PCAP.PP.CD,2022,8304.958105035297
Nigeria,NGA,TX.VAL.TECH.MF.ZS,2022,2.3848830290138348
Nigeria,NGA,IT.CEL.SETS.P2,2022,99.5852151989567
Nigeria,NGA,GOV_WGI_PV_EST,2022,-1.9526169
Nigeria,NGA,GOV_WGI_RL_EST,2022,-0.9998212
Nigeria,NGA,SE.TER.ENRR,2022,
Nigeria,NGA,IP.JRN.ARTC.SC,2022,9649.09
North Macedonia,MKD,GOV_WGI_CC_EST,2022,-0.332673
North Macedonia,MKD,IT.NET.BBND.P2,2022,28.0035734605346
North Macedonia,MKD,NY.GDP.PCAP.PP.CD,2022,24212.281888533133
North Macedonia,MKD,TX.VAL.TECH.MF.ZS,2022,4.014984905959554
North Macedonia,MKD,IT.CEL.SETS.P2,2022,111.303079555687
North Macedonia,MKD,GOV_WGI_PV_EST,2022,0.3218511
North Macedonia,MKD,GOV_WGI_RL_EST,2022,-0.1802257
North Macedonia,MKD,SE.TER.ENRR,2022,53.1601181030273
North Macedonia,MKD,IP.JRN.ARTC.SC,2022,534.99
Northern Mariana Islands,MNP,GOV_WGI_CC_EST,2022,
Northern Mariana Islands,MNP,IT.NET.BBND.P2,2022,
Northern Mariana Islands,MNP,NY.GDP.PCAP.PP.CD,2022,
Northern Mariana Islands,MNP,TX.VAL.TECH.MF.ZS,2022,
Northern Mariana Islands,MNP,IT.CEL.SETS.P2,2022,
Northern Mariana Islands,MNP,GOV_WGI_PV_EST,2022,
Northern Mariana Islands,MNP,GOV_WGI_RL_EST,2022,
Northern Mariana Islands,MNP,SE.TER.ENRR,2022,
Northern Mariana Islands,MNP,IP.JRN.ARTC.SC,2022,
Norway,NOR,GOV_WGI_CC_EST,2022,2.0332101
Norway,NOR,IT.NET.BBND.P2,2022,45.6644653158508
Norway,NOR,NY.GDP.PCAP.PP.CD,2022,125489.54893560216
Norway,NOR,TX.VAL.TECH.MF.ZS,2022,23.884946045033782
Norway,NOR,IT.CEL.SETS.P2,2022,111.657196221742
Norway,NOR,GOV_WGI_PV_EST,2022,0.9197731
Norway,NOR,GOV_WGI_RL_EST,2022,1.9409153
Norway,NOR,SE.TER.ENRR,2022,97.6419830322266
Norway,NOR,IP.JRN.ARTC.SC,2022,13494.16
Oman,OMN,GOV_WGI_CC_EST,2022,0.0212395
Oman,OMN,IT.NET.BBND.P2,2022,10.8833264083829
Oman,OMN,NY.GDP.PCAP.PP.CD,2022,42616.33489558685
Oman,OMN,TX.VAL.TECH.MF.ZS,2022,7.619869533224779
Oman,OMN,IT.CEL.SETS.P2,2022,136.800571561762
Oman,OMN,GOV_WGI_PV_EST,2022,0.4399615
Oman,OMN,GOV_WGI_RL_EST,2022,0.3524322
Oman,OMN,SE.TER.ENRR,2022,
Oman,OMN,IP.JRN.ARTC.SC,2022,1487.22
Pakistan,PAK,GOV_WGI_CC_EST,2022,-0.9459689
Pakistan,PAK,IT.NET.BBND.P2,2022,1.28371909626329
Pakistan,PAK,NY.GDP.PCAP.PP.CD,2022,5920.274306541074
Pakistan,PAK,TX.VAL.TECH.MF.ZS,2022,1.4322563541997966
Pakistan,PAK,IT.CEL.SETS.P2,2022,79.1050539061512
Pakistan,PAK,GOV_WGI_PV_EST,2022,-1.7555938
Pakistan,PAK,GOV_WGI_RL_EST,2022,-0.9108794
Pakistan,PAK,SE.TER.ENRR,2022,10.5057175294292
Pakistan,PAK,IP.JRN.ARTC.SC,2022,20954.92
Palau,PLW,GOV_WGI_CC_EST,2022,0.4459534
Palau,PLW,IT.NET.BBND.P2,2022,6.993637029112
Palau,PLW,NY.GDP.PCAP.PP.CD,2022,17184.54152519551
Palau,PLW,TX.VAL.TECH.MF.ZS,2022,
Palau,PLW,IT.CEL.SETS.P2,2022,135.142744523903
Palau,PLW,GOV_WGI_PV_EST,2022,1.2446282
Palau,PLW,GOV_WGI_RL_EST,2022,1.171936
Palau,PLW,SE.TER.ENRR,2022,51.5274949083503
Palau,PLW,IP.JRN.ARTC.SC,2022,6.35
Panama,PAN,GOV_WGI_CC_EST,2022,-0.562926599999999
Panama,PAN,IT.NET.BBND.P2,2022,16.3861439797054
Panama,PAN,NY.GDP.PCAP.PP.CD,2022,36333.12691843586
Panama,PAN,TX.VAL.TECH.MF.ZS,2022,0.2336245483884281
Panama,PAN,IT.CEL.SETS.P2,2022,152.062171804817
Panama,PAN,GOV_WGI_PV_EST,2022,0.428471
Panama,PAN,GOV_WGI_RL_EST,2022,-0.214656799999999
Panama,PAN,SE.TER.ENRR,2022,57.8162831217614
Panama,PAN,IP.JRN.ARTC.SC,2022,370.87
Papua New Guinea,PNG,GOV_WGI_CC_EST,2022,-0.588226999999999
Papua New Guinea,PNG,IT.NET.BBND.P2,2022,0.214639196900492
Papua New Guinea,PNG,NY.GDP.PCAP.PP.CD,2022,4419.6192696280295
Papua New Guinea,PNG,TX.VAL.TECH.MF.ZS,2022,11.971802937338571
Papua New Guinea,PNG,IT.CEL.SETS.P2,2022,49.1906681149749
Papua New Guinea,PNG,GOV_WGI_PV_EST,2022,-0.6856785
Papua New Guinea,PNG,GOV_WGI_RL_EST,2022,-0.5458926
Papua New Guinea,PNG,SE.TER.ENRR,2022,
Papua New Guinea,PNG,IP.JRN.ARTC.SC,2022,81.9
Paraguay,PRY,GOV_WGI_CC_EST,2022,-0.953862099999999
Paraguay,PRY,IT.NET.BBND.P2,2022,11.1527995711537
Paraguay,PRY,NY.GDP.PCAP.PP.CD,2022,16347.043497477647
Paraguay,PRY,TX.VAL.TECH.MF.ZS,2022,10.561993933889122
Paraguay,PRY,IT.CEL.SETS.P2,2022,128.088057269442
Paraguay,PRY,GOV_WGI_PV_EST,2022,-0.0659073999999999
Paraguay,PRY,GOV_WGI_RL_EST,2022,-0.540378799999999
Paraguay,PRY,SE.TER.ENRR,2022,
Paraguay,PRY,IP.JRN.ARTC.SC,2022,235.52
Peru,PER,GOV_WGI_CC_EST,2022,-0.641561199999999
Peru,PER,IT.NET.BBND.P2,2022,9.45023631953673
Peru,PER,NY.GDP.PCAP.PP.CD,2022,16669.156148676902
Peru,PER,TX.VAL.TECH.MF.ZS,2022,4.589466164395387
Peru,PER,IT.CEL.SETS.P2,2022,124.119322949561
Peru,PER,GOV_WGI_PV_EST,2022,-0.6566212
Peru,PER,GOV_WGI_RL_EST,2022,-0.487251699999999
Peru,PER,SE.TER.ENRR,2022,
Peru,PER,IP.JRN.ARTC.SC,2022,4643.53
Philippines,PHL,GOV_WGI_CC_EST,2022,-0.5774689
Philippines,PHL,IT.NET.BBND.P2,2022,7.63946525096298
Philippines,PHL,NY.GDP.PCAP.PP.CD,2022,10131.34636979404
Philippines,PHL,TX.VAL.TECH.MF.ZS,2022,66.61109219637783
Philippines,PHL,IT.CEL.SETS.P2,2022,147.428926406785
Philippines,PHL,GOV_WGI_PV_EST,2022,-0.899042399999999
Philippines,PHL,GOV_WGI_RL_EST,2022,-0.6321996
Philippines,PHL,SE.TER.ENRR,2022,38.4011392706768
Philippines,PHL,IP.JRN.ARTC.SC,2022,4283.9
Poland,POL,GOV_WGI_CC_EST,2022,0.6673922
Poland,POL,IT.NET.BBND.P2,2022,23.8373449056172
Poland,POL,NY.GDP.PCAP.PP.CD,2022,46777.55245191616
Poland,POL,TX.VAL.TECH.MF.ZS,2022,11.632587777275518
Poland,POL,IT.CEL.SETS.P2,2022,137.002148115476
Poland,POL,GOV_WGI_PV_EST,2022,0.537484
Poland,POL,GOV_WGI_RL_EST,2022,0.3545463
Poland,POL,SE.TER.ENRR,2022,75.2911071777344
Poland,POL,IP.JRN.ARTC.SC,2022,31398.78
Portugal,PRT,GOV_WGI_CC_EST,2022,0.7860609
Portugal,PRT,IT.NET.BBND.P2,2022,42.937003513367
Portugal,PRT,NY.GDP.PCAP.PP.CD,2022,45250.01487598647
Portugal,PRT,TX.VAL.TECH.MF.ZS,2022,6.99049160072585
Portugal,PRT,IT.CEL.SETS.P2,2022,122.80130896654
Portugal,PRT,GOV_WGI_PV_EST,2022,0.8869409
Portugal,PRT,GOV_WGI_RL_EST,2022,1.1256864
Portugal,PRT,SE.TER.ENRR,2022,75.0714797973633
Portugal,PRT,IP.JRN.ARTC.SC,2022,18212.56
Puerto Rico (US),PRI,GOV_WGI_CC_EST,2022,0.4768446
Puerto Rico (US),PRI,IT.NET.BBND.P2,2022,22.2824477131524
Puerto Rico (US),PRI,NY.GDP.PCAP.PP.CD,2022,45327.51019242202
Puerto Rico (US),PRI,TX.VAL.TECH.MF.ZS,2022,
Puerto Rico (US),PRI,IT.CEL.SETS.P2,2022,120.215904630962
Puerto Rico (US),PRI,GOV_WGI_PV_EST,2022,0.3070682
Puerto Rico (US),PRI,GOV_WGI_RL_EST,2022,0.4254537
Puerto Rico (US),PRI,SE.TER.ENRR,2022,82.0153279566474
Puerto Rico (US),PRI,IP.JRN.ARTC.SC,2022,548.49
Qatar,QAT,GOV_WGI_CC_EST,2022,0.8197673
Qatar,QAT,IT.NET.BBND.P2,2022,12.6414412670206
Qatar,QAT,NY.GDP.PCAP.PP.CD,2022,122920.54329029
Qatar,QAT,TX.VAL.TECH.MF.ZS,2022,2.859699412733962
Qatar,QAT,IT.CEL.SETS.P2,2022,162.248539735277
Qatar,QAT,GOV_WGI_PV_EST,2022,0.9163182
Qatar,QAT,GOV_WGI_RL_EST,2022,0.5977458
Qatar,QAT,SE.TER.ENRR,2022,35.0854901088778
Qatar,QAT,IP.JRN.ARTC.SC,2022,2451.09
Romania,ROU,GOV_WGI_CC_EST,2022,0.0662149
Romania,ROU,IT.NET.BBND.P2,2022,33.2115600895132
Romania,ROU,NY.GDP.PCAP.PP.CD,2022,41979.25867670866
Romania,ROU,TX.VAL.TECH.MF.ZS,2022,11.857337556020038
Romania,ROU,IT.CEL.SETS.P2,2022,121.14194294167
Romania,ROU,GOV_WGI_PV_EST,2022,0.5499041
Romania,ROU,GOV_WGI_RL_EST,2022,0.4352333
Romania,ROU,SE.TER.ENRR,2022,58.2390403747559
Romania,ROU,IP.JRN.ARTC.SC,2022,10478.75
Russian Federation,RUS,GOV_WGI_CC_EST,2022,-0.772806099999999
Russian Federation,RUS,IT.NET.BBND.P2,2022,24.6345568628262
Russian Federation,RUS,NY.GDP.PCAP.PP.CD,2022,40938.98828125
Russian Federation,RUS,TX.VAL.TECH.MF.ZS,2022,
Russian Federation,RUS,IT.CEL.SETS.P2,2022,168.475831268436
Russian Federation,RUS,GOV_WGI_PV_EST,2022,-0.740939599999999
Russian Federation,RUS,GOV_WGI_RL_EST,2022,-1.0548583
Russian Federation,RUS,SE.TER.ENRR,2022,53.9151941239211
Russian Federation,RUS,IP.JRN.ARTC.SC,2022,83451.32
Rwanda,RWA,GOV_WGI_CC_EST,2022,0.5279544
Rwanda,RWA,IT.NET.BBND.P2,2022,0.349951615372613
Rwanda,RWA,NY.GDP.PCAP.PP.CD,2022,3098.6770063499434
Rwanda,RWA,TX.VAL.TECH.MF.ZS,2022,4.7847297958567205
Rwanda,RWA,IT.CEL.SETS.P2,2022,80.5952224850433
Rwanda,RWA,GOV_WGI_PV_EST,2022,0.0294569
Rwanda,RWA,GOV_WGI_RL_EST,2022,0.0067627
Rwanda,RWA,SE.TER.ENRR,2022,7.41325884733851
Rwanda,RWA,IP.JRN.ARTC.SC,2022,360.56
Samoa,WSM,GOV_WGI_CC_EST,2022,0.7661609
Samoa,WSM,IT.NET.BBND.P2,2022,0.87753935919651
Samoa,WSM,NY.GDP.PCAP.PP.CD,2022,6909.171299283358
Samoa,WSM,TX.VAL.TECH.MF.ZS,2022,0.5543692692467819
Samoa,WSM,IT.CEL.SETS.P2,2022,62.398669522115
Samoa,WSM,GOV_WGI_PV_EST,2022,1.2343417
Samoa,WSM,GOV_WGI_RL_EST,2022,1.0470005
Samoa,WSM,SE.TER.ENRR,2022,18.5508413272527
Samoa,WSM,IP.JRN.ARTC.SC,2022,15.2
San Marino,SMR,GOV_WGI_CC_EST,2022,1.1763452
San Marino,SMR,IT.NET.BBND.P2,2022,35.7876210032268
San Marino,SMR,NY.GDP.PCAP.PP.CD,2022,75941.48990901622
San Marino,SMR,TX.VAL.TECH.MF.ZS,2022,
San Marino,SMR,IT.CEL.SETS.P2,2022,120.269873863303
San Marino,SMR,GOV_WGI_PV_EST,2022,1.3786309
San Marino,SMR,GOV_WGI_RL_EST,2022,1.2429348
San Marino,SMR,SE.TER.ENRR,2022,53.7988826815642
San Marino,SMR,IP.JRN.ARTC.SC,2022,18.84
Sao Tome and Principe,STP,GOV_WGI_CC_EST,2022,0.1448531
Sao Tome and Principe,STP,IT.NET.BBND.P2,2022,2.02470117761428
Sao Tome and Principe,STP,NY.GDP.PCAP.PP.CD,2022,6033.6811722182965
Sao Tome and Principe,STP,TX.VAL.TECH.MF.ZS,2022,5.294293818156193
Sao Tome and Principe,STP,IT.CEL.SETS.P2,2022,86.7784626941517
Sao Tome and Principe,STP,GOV_WGI_PV_EST,2022,0.4930734
Sao Tome and Principe,STP,GOV_WGI_RL_EST,2022,-0.294381499999999
Sao Tome and Principe,STP,SE.TER.ENRR,2022,
Sao Tome and Principe,STP,IP.JRN.ARTC.SC,2022,4.37
Saudi Arabia,SAU,GOV_WGI_CC_EST,2022,0.2767396
Saudi Arabia,SAU,IT.NET.BBND.P2,2022,41.8230078726101
Saudi Arabia,SAU,NY.GDP.PCAP.PP.CD,2022,71968.07495588803
Saudi Arabia,SAU,TX.VAL.TECH.MF.ZS,2022,0.2952734306819504
Saudi Arabia,SAU,IT.CEL.SETS.P2,2022,149.79788255308
Saudi Arabia,SAU,GOV_WGI_PV_EST,2022,-0.3617761
Saudi Arabia,SAU,GOV_WGI_RL_EST,2022,0.0393234
Saudi Arabia,SAU,SE.TER.ENRR,2022,73.7492065429688
Saudi Arabia,SAU,IP.JRN.ARTC.SC,2022,22901.43
Senegal,SEN,GOV_WGI_CC_EST,2022,0.0169424
Senegal,SEN,IT.NET.BBND.P2,2022,1.40365165848276
Senegal,SEN,NY.GDP.PCAP.PP.CD,2022,4530.22059496055
Senegal,SEN,TX.VAL.TECH.MF.ZS,2022,2.300686887550707
Senegal,SEN,IT.CEL.SETS.P2,2022,118.150293497239
Senegal,SEN,GOV_WGI_PV_EST,2022,-0.2028622
Senegal,SEN,GOV_WGI_RL_EST,2022,-0.1356248
Senegal,SEN,SE.TER.ENRR,2022,15.6478973478986
Senegal,SEN,IP.JRN.ARTC.SC,2022,507.58
Serbia,SRB,GOV_WGI_CC_EST,2022,-0.484904899999999
Serbia,SRB,IT.NET.BBND.P2,2022,29.3457941392192
Serbia,SRB,NY.GDP.PCAP.PP.CD,2022,26142.82792376653
Serbia,SRB,TX.VAL.TECH.MF.ZS,2022,
Serbia,SRB,IT.CEL.SETS.P2,2022,129.813149647571
Serbia,SRB,GOV_WGI_PV_EST,2022,-0.0525867
Serbia,SRB,GOV_WGI_RL_EST,2022,-0.1559554
Serbia,SRB,SE.TER.ENRR,2022,69.8046798706055
Serbia,SRB,IP.JRN.ARTC.SC,2022,4938.83
Seychelles,SYC,GOV_WGI_CC_EST,2022,1.1495314
Seychelles,SYC,IT.NET.BBND.P2,2022,29.8314239734867
Seychelles,SYC,NY.GDP.PCAP.PP.CD,2022,29972.87583159365
Seychelles,SYC,TX.VAL.TECH.MF.ZS,2022,25.038991663018766
Seychelles,SYC,IT.CEL.SETS.P2,2022,163.429518331448
Seychelles,SYC,GOV_WGI_PV_EST,2022,0.8411889
Seychelles,SYC,GOV_WGI_RL_EST,2022,0.5983146
Seychelles,SYC,SE.TER.ENRR,2022,13.930414075936
Seychelles,SYC,IP.JRN.ARTC.SC,2022,21.64
Sierra Leone,SLE,GOV_WGI_CC_EST,2022,-0.5533309
Sierra Leone,SLE,IT.NET.BBND.P2,2022,
Sierra Leone,SLE,NY.GDP.PCAP.PP.CD,2022,3143.964510505068
Sierra Leone,SLE,TX.VAL.TECH.MF.ZS,2022,
Sierra Leone,SLE,IT.CEL.SETS.P2,2022,107.882000873042
Sierra Leone,SLE,GOV_WGI_PV_EST,2022,-0.265426899999999
Sierra Leone,SLE,GOV_WGI_RL_EST,2022,-0.7806301
Sierra Leone,SLE,SE.TER.ENRR,2022,
Sierra Leone,SLE,IP.JRN.ARTC.SC,2022,78.05
Singapore,SGP,GOV_WGI_CC_EST,2022,2.0329943
Singapore,SGP,IT.NET.BBND.P2,2022,27.5510032505086
Singapore,SGP,NY.GDP.PCAP.PP.CD,2022,143094.94989695883
Singapore,SGP,TX.VAL.TECH.MF.ZS,2022,56.82691898762432
Singapore,SGP,IT.CEL.SETS.P2,2022,173.005291258141
Singapore,SGP,GOV_WGI_PV_EST,2022,1.164789
Singapore,SGP,GOV_WGI_RL_EST,2022,1.4279068
Singapore,SGP,SE.TER.ENRR,2022,98.02222650098
Singapore,SGP,IP.JRN.ARTC.SC,2022,12402.6
Sint Maarten (Dutch part),SXM,GOV_WGI_CC_EST,2022,
Sint Maarten (Dutch part),SXM,IT.NET.BBND.P2,2022,
Sint Maarten (Dutch part),SXM,NY.GDP.PCAP.PP.CD,2022,48760.68205809973
Sint Maarten (Dutch part),SXM,TX.VAL.TECH.MF.ZS,2022,
Sint Maarten (Dutch part),SXM,IT.CEL.SETS.P2,2022,205.372695128029
Sint Maarten (Dutch part),SXM,GOV_WGI_PV_EST,2022,
Sint Maarten (Dutch part),SXM,GOV_WGI_RL_EST,2022,
Sint Maarten (Dutch part),SXM,SE.TER.ENRR,2022,8.259449370042
Sint Maarten (Dutch part),SXM,IP.JRN.ARTC.SC,2022,
Slovak Republic,SVK,GOV_WGI_CC_EST,2022,0.3774853
Slovak Republic,SVK,IT.NET.BBND.P2,2022,33.9988127597088
Slovak Republic,SVK,NY.GDP.PCAP.PP.CD,2022,41562.149779391286
Slovak Republic,SVK,TX.VAL.TECH.MF.ZS,2022,8.490416014205971
Slovak Republic,SVK,IT.CEL.SETS.P2,2022,136.029289645522
Slovak Republic,SVK,GOV_WGI_PV_EST,2022,0.5294743
Slovak Republic,SVK,GOV_WGI_RL_EST,2022,0.5921835
Slovak Republic,SVK,SE.TER.ENRR,2022,52.4959106445312
Slovak Republic,SVK,IP.JRN.ARTC.SC,2022,5067.03
Slovenia,SVN,GOV_WGI_CC_EST,2022,0.7480799
Slovenia,SVN,IT.NET.BBND.P2,2022,32.0104972135392
Slovenia,SVN,NY.GDP.PCAP.PP.CD,2022,52347.10972653797
Slovenia,SVN,TX.VAL.TECH.MF.ZS,2022,8.569786439242128
Slovenia,SVN,IT.CEL.SETS.P2,2022,126.45918075971
Slovenia,SVN,GOV_WGI_PV_EST,2022,0.7749516
Slovenia,SVN,GOV_WGI_RL_EST,2022,0.9211902
Slovenia,SVN,SE.TER.ENRR,2022,82.3922576904297
Slovenia,SVN,IP.JRN.ARTC.SC,2022,3741.92
Solomon Islands,SLB,GOV_WGI_CC_EST,2022,-0.1752124
Solomon Islands,SLB,IT.NET.BBND.P2,2022,0.107033208461257
Solomon Islands,SLB,NY.GDP.PCAP.PP.CD,2022,2496.227345778308
Solomon Islands,SLB,TX.VAL.TECH.MF.ZS,2022,
Solomon Islands,SLB,IT.CEL.SETS.P2,2022,62.0734995506142
Solomon Islands,SLB,GOV_WGI_PV_EST,2022,0.7315157
Solomon Islands,SLB,GOV_WGI_RL_EST,2022,0.1473971
Solomon Islands,SLB,SE.TER.ENRR,2022,
Solomon Islands,SLB,IP.JRN.ARTC.SC,2022,13.22
"Somalia, Fed. Rep.",SOM,GOV_WGI_CC_EST,2022,-1.59878449999999
"Somalia, Fed. Rep.",SOM,IT.NET.BBND.P2,2022,0.668468085170923
"Somalia, Fed. Rep.",SOM,NY.GDP.PCAP.PP.CD,2022,1486.4724733383357
"Somalia, Fed. Rep.",SOM,TX.VAL.TECH.MF.ZS,2022,
"Somalia, Fed. Rep.",SOM,IT.CEL.SETS.P2,2022,49.6800986995936
"Somalia, Fed. Rep.",SOM,GOV_WGI_PV_EST,2022,-2.092858
"Somalia, Fed. Rep.",SOM,GOV_WGI_RL_EST,2022,-2.2051746
"Somalia, Fed. Rep.",SOM,SE.TER.ENRR,2022,
"Somalia, Fed. Rep.",SOM,IP.JRN.ARTC.SC,2022,106.41
South Africa,ZAF,GOV_WGI_CC_EST,2022,-0.1634734
South Africa,ZAF,IT.NET.BBND.P2,2022,3.12297476001713
South Africa,ZAF,NY.GDP.PCAP.PP.CD,2022,14749.047804530075
South Africa,ZAF,TX.VAL.TECH.MF.ZS,2022,5.521969233363529
South Africa,ZAF,IT.CEL.SETS.P2,2022,160.728511675754
South Africa,ZAF,GOV_WGI_PV_EST,2022,-0.6842882
South Africa,ZAF,GOV_WGI_RL_EST,2022,0.0341024
South Africa,ZAF,SE.TER.ENRR,2022,23.7271036201865
South Africa,ZAF,IP.JRN.ARTC.SC,2022,15880.81
South Sudan,SSD,GOV_WGI_CC_EST,2022,-1.861122
South Sudan,SSD,IT.NET.BBND.P2,2022,0.0018146882134276
South Sudan,SSD,NY.GDP.PCAP.PP.CD,2022,
South Sudan,SSD,TX.VAL.TECH.MF.ZS,2022,
South Sudan,SSD,IT.CEL.SETS.P2,2022,48.4888320004297
South Sudan,SSD,GOV_WGI_PV_EST,2022,-1.6425543
South Sudan,SSD,GOV_WGI_RL_EST,2022,-1.9298809
South Sudan,SSD,SE.TER.ENRR,2022,
South Sudan,SSD,IP.JRN.ARTC.SC,2022,17.29
Spain,ESP,GOV_WGI_CC_EST,2022,0.7816745
Spain,ESP,IT.NET.BBND.P2,2022,35.7846414290159
Spain,ESP,NY.GDP.PCAP.PP.CD,2022,51398.93104034071
Spain,ESP,TX.VAL.TECH.MF.ZS,2022,12.583718791138846
Spain,ESP,IT.CEL.SETS.P2,2022,123.399528756795
Spain,ESP,GOV_WGI_PV_EST,2022,0.1569762
Spain,ESP,GOV_WGI_RL_EST,2022,0.9606357
Spain,ESP,SE.TER.ENRR,2022,95.0271606445312
Spain,ESP,IP.JRN.ARTC.SC,2022,61269.93
Sri Lanka,LKA,GOV_WGI_CC_EST,2022,-0.3533578
Sri Lanka,LKA,IT.NET.BBND.P2,2022,9.63609972688813
Sri Lanka,LKA,NY.GDP.PCAP.PP.CD,2022,14193.654621744592
Sri Lanka,LKA,TX.VAL.TECH.MF.ZS,2022,1.0863745770213964
Sri Lanka,LKA,IT.CEL.SETS.P2,2022,151.72675762805
Sri Lanka,LKA,GOV_WGI_PV_EST,2022,-0.7621199
Sri Lanka,LKA,GOV_WGI_RL_EST,2022,-0.3299184
Sri Lanka,LKA,SE.TER.ENRR,2022,22.3679922774735
Sri Lanka,LKA,IP.JRN.ARTC.SC,2022,2498.12
St. Kitts and Nevis,KNA,GOV_WGI_CC_EST,2022,0.3109783
St. Kitts and Nevis,KNA,IT.NET.BBND.P2,2022,46.7447387013209
St. Kitts and Nevis,KNA,NY.GDP.PCAP.PP.CD,2022,31870.88137845052
St. Kitts and Nevis,KNA,TX.VAL.TECH.MF.ZS,2022,
St. Kitts and Nevis,KNA,IT.CEL.SETS.P2,2022,116.923933289088
St. Kitts and Nevis,KNA,GOV_WGI_PV_EST,2022,0.9177056
St. Kitts and Nevis,KNA,GOV_WGI_RL_EST,2022,0.571593
St. Kitts and Nevis,KNA,SE.TER.ENRR,2022,
St. Kitts and Nevis,KNA,IP.JRN.ARTC.SC,2022,40.15
St. Lucia,LCA,GOV_WGI_CC_EST,2022,0.3713679
St. Lucia,LCA,IT.NET.BBND.P2,2022,13.571912004072
St. Lucia,LCA,NY.GDP.PCAP.PP.CD,2022,24599.37330010672
St. Lucia,LCA,TX.VAL.TECH.MF.ZS,2022,
St. Lucia,LCA,IT.CEL.SETS.P2,2022,98.6676436534083
St. Lucia,LCA,GOV_WGI_PV_EST,2022,1.0438207
St. Lucia,LCA,GOV_WGI_RL_EST,2022,0.5318302
St. Lucia,LCA,SE.TER.ENRR,2022,16.1808795928955
St. Lucia,LCA,IP.JRN.ARTC.SC,2022,4.19
St. Martin (French part),MAF,GOV_WGI_CC_EST,2022,
St. Martin (French part),MAF,IT.NET.BBND.P2,2022,
St. Martin (French part),MAF,NY.GDP.PCAP.PP.CD,2022,
St. Martin (French part),MAF,TX.VAL.TECH.MF.ZS,2022,
St. Martin (French part),MAF,IT.CEL.SETS.P2,2022,
St. Martin (French part),MAF,GOV_WGI_PV_EST,2022,
St. Martin (French part),MAF,GOV_WGI_RL_EST,2022,
St. Martin (French part),MAF,SE.TER.ENRR,2022,
St. Martin (French part),MAF,IP.JRN.ARTC.SC,2022,
St. Vincent and the Grenadines,VCT,GOV_WGI_CC_EST,2022,0.7243711
St. Vincent and the Grenadines,VCT,IT.NET.BBND.P2,2022,28.9967269662701
St. Vincent and the Grenadines,VCT,NY.GDP.PCAP.PP.CD,2022,18035.27329281201
St. Vincent and the Grenadines,VCT,TX.VAL.TECH.MF.ZS,2022,4.0070872997932
St. Vincent and the Grenadines,VCT,IT.CEL.SETS.P2,2022,102.334241420536
St. Vincent and the Grenadines,VCT,GOV_WGI_PV_EST,2022,1.0438207
St. Vincent and the Grenadines,VCT,GOV_WGI_RL_EST,2022,0.6160382
St. Vincent and the Grenadines,VCT,SE.TER.ENRR,2022,41.4983277591973
St. Vincent and the Grenadines,VCT,IP.JRN.ARTC.SC,2022,6.06
Sudan,SDN,GOV_WGI_CC_EST,2022,-1.4462818
Sudan,SDN,IT.NET.BBND.P2,2022,0.0604394040047428
Sudan,SDN,NY.GDP.PCAP.PP.CD,2022,3355.37817382813
Sudan,SDN,TX.VAL.TECH.MF.ZS,2022,
Sudan,SDN,IT.CEL.SETS.P2,2022,70.2084038614961
Sudan,SDN,GOV_WGI_PV_EST,2022,-1.92571989999999
Sudan,SDN,GOV_WGI_RL_EST,2022,-1.4230148
Sudan,SDN,SE.TER.ENRR,2022,
Sudan,SDN,IP.JRN.ARTC.SC,2022,490.76
Suriname,SUR,GOV_WGI_CC_EST,2022,-0.308943099999999
Suriname,SUR,IT.NET.BBND.P2,2022,20.0260284612076
Suriname,SUR,NY.GDP.PCAP.PP.CD,2022,20078.83655459504
Suriname,SUR,TX.VAL.TECH.MF.ZS,2022,11.350144983772896
Suriname,SUR,IT.CEL.SETS.P2,2022,149.052255906952
Suriname,SUR,GOV_WGI_PV_EST,2022,0.2466594
Suriname,SUR,GOV_WGI_RL_EST,2022,-0.2196339
Suriname,SUR,SE.TER.ENRR,2022,5.02487384130847
Suriname,SUR,IP.JRN.ARTC.SC,2022,13.38
Sweden,SWE,GOV_WGI_CC_EST,2022,2.0255279
Sweden,SWE,IT.NET.BBND.P2,2022,40.6093424279832
Sweden,SWE,NY.GDP.PCAP.PP.CD,2022,67075.6762724717
Sweden,SWE,TX.VAL.TECH.MF.ZS,2022,17.256654136370216
Sweden,SWE,IT.CEL.SETS.P2,2022,140.781664517726
Sweden,SWE,GOV_WGI_PV_EST,2022,0.9419053
Sweden,SWE,GOV_WGI_RL_EST,2022,1.7381383
Sweden,SWE,SE.TER.ENRR,2022,83.8976135253906
Sweden,SWE,IP.JRN.ARTC.SC,2022,21514.5
Switzerland,CHE,GOV_WGI_CC_EST,2022,2.0949429
Switzerland,CHE,IT.NET.BBND.P2,2022,46.6747503634479
Switzerland,CHE,NY.GDP.PCAP.PP.CD,2022,94421.4576550424
Switzerland,CHE,TX.VAL.TECH.MF.ZS,2022,29.988139797666413
Switzerland,CHE,IT.CEL.SETS.P2,2022,123.971228075124
Switzerland,CHE,GOV_WGI_PV_EST,2022,1.0254452
Switzerland,CHE,GOV_WGI_RL_EST,2022,1.7793511
Switzerland,CHE,SE.TER.ENRR,2022,74.1526794433594
Switzerland,CHE,IP.JRN.ARTC.SC,2022,23935.67
Syrian Arab Republic,SYR,GOV_WGI_CC_EST,2022,-1.79243509999999
Syrian Arab Republic,SYR,IT.NET.BBND.P2,2022,7.16283326639858
Syrian Arab Republic,SYR,NY.GDP.PCAP.PP.CD,2022,4772.461676671595
Syrian Arab Republic,SYR,TX.VAL.TECH.MF.ZS,2022,
Syrian Arab Republic,SYR,IT.CEL.SETS.P2,2022,78.6567844526885
Syrian Arab Republic,SYR,GOV_WGI_PV_EST,2022,-2.43824749999999
Syrian Arab Republic,SYR,GOV_WGI_RL_EST,2022,-1.8753611
Syrian Arab Republic,SYR,SE.TER.ENRR,2022,
Syrian Arab Republic,SYR,IP.JRN.ARTC.SC,2022,584.87
Tajikistan,TJK,GOV_WGI_CC_EST,2022,-1.1230133
Tajikistan,TJK,IT.NET.BBND.P2,2022,0.585196433548591
Tajikistan,TJK,NY.GDP.PCAP.PP.CD,2022,4514.175123981642
Tajikistan,TJK,TX.VAL.TECH.MF.ZS,2022,1.627127590333715
Tajikistan,TJK,IT.CEL.SETS.P2,2022,63.8442080716763
Tajikistan,TJK,GOV_WGI_PV_EST,2022,-0.4282098
Tajikistan,TJK,GOV_WGI_RL_EST,2022,-1.19932209999999
Tajikistan,TJK,SE.TER.ENRR,2022,37.2834392884446
Tajikistan,TJK,IP.JRN.ARTC.SC,2022,107.75
Tanzania,TZA,GOV_WGI_CC_EST,2022,-0.3590925
Tanzania,TZA,IT.NET.BBND.P2,2022,0.110774196881278
Tanzania,TZA,NY.GDP.PCAP.PP.CD,2022,3799.8623046875
Tanzania,TZA,TX.VAL.TECH.MF.ZS,2022,1.703635659601261
Tanzania,TZA,IT.CEL.SETS.P2,2022,93.0159746238635
Tanzania,TZA,GOV_WGI_PV_EST,2022,-0.4815853
Tanzania,TZA,GOV_WGI_RL_EST,2022,-0.5495819
Tanzania,TZA,SE.TER.ENRR,2022,5.32159018874409
Tanzania,TZA,IP.JRN.ARTC.SC,2022,1203.29
Thailand,THA,GOV_WGI_CC_EST,2022,-0.403978499999999
Thailand,THA,IT.NET.BBND.P2,2022,17.5125815621477
Thailand,THA,NY.GDP.PCAP.PP.CD,2022,22243.074772702603
Thailand,THA,TX.VAL.TECH.MF.ZS,2022,25.8377488104933
Thailand,THA,IT.CEL.SETS.P2,2022,176.22279253783
Thailand,THA,GOV_WGI_PV_EST,2022,-0.5671596
Thailand,THA,GOV_WGI_RL_EST,2022,-0.2682159
Thailand,THA,SE.TER.ENRR,2022,43.29484965617
Thailand,THA,IP.JRN.ARTC.SC,2022,17363.34
Timor-Leste,TLS,GOV_WGI_CC_EST,2022,-0.4506594
Timor-Leste,TLS,IT.NET.BBND.P2,2022,0.0100051486348815
Timor-Leste,TLS,NY.GDP.PCAP.PP.CD,2022,5729.811713825166
Timor-Leste,TLS,TX.VAL.TECH.MF.ZS,2022,6.829766985036592
Timor-Leste,TLS,IT.CEL.SETS.P2,2022,108.158358863503
Timor-Leste,TLS,GOV_WGI_PV_EST,2022,0.4239118
Timor-Leste,TLS,GOV_WGI_RL_EST,2022,-0.663390399999999
Timor-Leste,TLS,SE.TER.ENRR,2022,
Timor-Leste,TLS,IP.JRN.ARTC.SC,2022,12.31
Togo,TGO,GOV_WGI_CC_EST,2022,-0.630985799999999
Togo,TGO,IT.NET.BBND.P2,2022,1.03723561669214
Togo,TGO,NY.GDP.PCAP.PP.CD,2022,2935.013673207869
Togo,TGO,TX.VAL.TECH.MF.ZS,2022,0.3010719452031468
Togo,TGO,IT.CEL.SETS.P2,2022,72.2147547047011
Togo,TGO,GOV_WGI_PV_EST,2022,-0.760395399999999
Togo,TGO,GOV_WGI_RL_EST,2022,-0.675356699999999
Togo,TGO,SE.TER.ENRR,2022,
Togo,TGO,IP.JRN.ARTC.SC,2022,152.62
Tonga,TON,GOV_WGI_CC_EST,2022,-0.496913
Tonga,TON,IT.NET.BBND.P2,2022,8.17387330781973
Tonga,TON,NY.GDP.PCAP.PP.CD,2022,7296.170821392876
Tonga,TON,TX.VAL.TECH.MF.ZS,2022,0.5527370280701694
Tonga,TON,IT.CEL.SETS.P2,2022,61.7257858761257
Tonga,TON,GOV_WGI_PV_EST,2022,1.3674794
Tonga,TON,GOV_WGI_RL_EST,2022,0.7917887
Tonga,TON,SE.TER.ENRR,2022,
Tonga,TON,IP.JRN.ARTC.SC,2022,4.22
Trinidad and Tobago,TTO,GOV_WGI_CC_EST,2022,-0.2989622
Trinidad and Tobago,TTO,IT.NET.BBND.P2,2022,26.0331929293058
Trinidad and Tobago,TTO,NY.GDP.PCAP.PP.CD,2022,32978.8585763159
Trinidad and Tobago,TTO,TX.VAL.TECH.MF.ZS,2022,0.0822278998582187
Trinidad and Tobago,TTO,IT.CEL.SETS.P2,2022,133.631989924602
Trinidad and Tobago,TTO,GOV_WGI_PV_EST,2022,0.3498483
Trinidad and Tobago,TTO,GOV_WGI_RL_EST,2022,-0.2477989
Trinidad and Tobago,TTO,SE.TER.ENRR,2022,
Trinidad and Tobago,TTO,IP.JRN.ARTC.SC,2022,255.09
Tunisia,TUN,GOV_WGI_CC_EST,2022,-0.1992466
Tunisia,TUN,IT.NET.BBND.P2,2022,13.9309222767522
Tunisia,TUN,NY.GDP.PCAP.PP.CD,2022,13618.53899186514
Tunisia,TUN,TX.VAL.TECH.MF.ZS,2022,7.189886086144299
Tunisia,TUN,IT.CEL.SETS.P2,2022,131.875365428496
Tunisia,TUN,GOV_WGI_PV_EST,2022,-0.7395623
Tunisia,TUN,GOV_WGI_RL_EST,2022,-0.236793299999999
Tunisia,TUN,SE.TER.ENRR,2022,37.1276893615723
Tunisia,TUN,IP.JRN.ARTC.SC,2022,5501.68
Turkiye,TUR,GOV_WGI_CC_EST,2022,-0.4324578
Turkiye,TUR,IT.NET.BBND.P2,2022,21.8230372591075
Turkiye,TUR,NY.GDP.PCAP.PP.CD,2022,39564.110326733295
Turkiye,TUR,TX.VAL.TECH.MF.ZS,2022,3.6640355487946232
Turkiye,TUR,IT.CEL.SETS.P2,2022,103.720593629066
Turkiye,TUR,GOV_WGI_PV_EST,2022,-0.935033599999999
Turkiye,TUR,GOV_WGI_RL_EST,2022,-0.7798318
Turkiye,TUR,SE.TER.ENRR,2022,127.577972412109
Turkiye,TUR,IP.JRN.ARTC.SC,2022,49827.29
Turkmenistan,TKM,GOV_WGI_CC_EST,2022,-1.360439
Turkmenistan,TKM,IT.NET.BBND.P2,2022,5.21710831232306
Turkmenistan,TKM,NY.GDP.PCAP.PP.CD,2022,18340.11128052993
Turkmenistan,TKM,TX.VAL.TECH.MF.ZS,2022,
Turkmenistan,TKM,IT.CEL.SETS.P2,2022,
Turkmenistan,TKM,GOV_WGI_PV_EST,2022,0.2106842
Turkmenistan,TKM,GOV_WGI_RL_EST,2022,-1.4336464
Turkmenistan,TKM,SE.TER.ENRR,2022,16.7316012007071
Turkmenistan,TKM,IP.JRN.ARTC.SC,2022,20.08
Turks and Caicos Islands,TCA,GOV_WGI_CC_EST,2022,
Turks and Caicos Islands,TCA,IT.NET.BBND.P2,2022,
Turks and Caicos Islands,TCA,NY.GDP.PCAP.PP.CD,2022,30220.82401381341
Turks and Caicos Islands,TCA,TX.VAL.TECH.MF.ZS,2022,
Turks and Caicos Islands,TCA,IT.CEL.SETS.P2,2022,
Turks and Caicos Islands,TCA,GOV_WGI_PV_EST,2022,
Turks and Caicos Islands,TCA,GOV_WGI_RL_EST,2022,
Turks and Caicos Islands,TCA,SE.TER.ENRR,2022,16.973180770874
Turks and Caicos Islands,TCA,IP.JRN.ARTC.SC,2022,
Tuvalu,TUV,GOV_WGI_CC_EST,2022,0.2445984
Tuvalu,TUV,IT.NET.BBND.P2,2022,4.52361889511609
Tuvalu,TUV,NY.GDP.PCAP.PP.CD,2022,5661.143847663763
Tuvalu,TUV,TX.VAL.TECH.MF.ZS,2022,
Tuvalu,TUV,IT.CEL.SETS.P2,2022,98.8590872698158
Tuvalu,TUV,GOV_WGI_PV_EST,2022,1.4735212
Tuvalu,TUV,GOV_WGI_RL_EST,2022,1.0040365
Tuvalu,TUV,SE.TER.ENRR,2022,
Tuvalu,TUV,IP.JRN.ARTC.SC,2022,1.43
Uganda,UGA,GOV_WGI_CC_EST,2022,-0.9890036
Uganda,UGA,IT.NET.BBND.P2,2022,0.0850849430150062
Uganda,UGA,NY.GDP.PCAP.PP.CD,2022,2919.177754071077
Uganda,UGA,TX.VAL.TECH.MF.ZS,2022,2.395714863087912
Uganda,UGA,IT.CEL.SETS.P2,2022,70.1401117953081
Uganda,UGA,GOV_WGI_PV_EST,2022,-1.0920608
Uganda,UGA,GOV_WGI_RL_EST,2022,-0.729024799999999
Uganda,UGA,SE.TER.ENRR,2022,
Uganda,UGA,IP.JRN.ARTC.SC,2022,1250.03
Ukraine,UKR,GOV_WGI_CC_EST,2022,-0.683771799999999
Ukraine,UKR,IT.NET.BBND.P2,2022,17.5398140646824
Ukraine,UKR,NY.GDP.PCAP.PP.CD,2022,14770.0712890625
Ukraine,UKR,TX.VAL.TECH.MF.ZS,2022,5.736135656230187
Ukraine,UKR,IT.CEL.SETS.P2,2022,120.261144906234
Ukraine,UKR,GOV_WGI_PV_EST,2022,-1.05075649999999
Ukraine,UKR,GOV_WGI_RL_EST,2022,-0.742306199999999
Ukraine,UKR,SE.TER.ENRR,2022,
Ukraine,UKR,IP.JRN.ARTC.SC,2022,14645.92
United Arab Emirates,ARE,GOV_WGI_CC_EST,2022,1.0223468
United Arab Emirates,ARE,IT.NET.BBND.P2,2022,36.8485872897377
United Arab Emirates,ARE,NY.GDP.PCAP.PP.CD,2022,75071.65863003506
United Arab Emirates,ARE,TX.VAL.TECH.MF.ZS,2022,9.287760224389102
United Arab Emirates,ARE,IT.CEL.SETS.P2,2022,195.624592490241
United Arab Emirates,ARE,GOV_WGI_PV_EST,2022,0.883216
United Arab Emirates,ARE,GOV_WGI_RL_EST,2022,0.409903
United Arab Emirates,ARE,SE.TER.ENRR,2022,60.4188226013954
United Arab Emirates,ARE,IP.JRN.ARTC.SC,2022,6147.28
United Kingdom,GBR,GOV_WGI_CC_EST,2022,1.6352771
United Kingdom,GBR,IT.NET.BBND.P2,2022,41.2867157729584
United Kingdom,GBR,NY.GDP.PCAP.PP.CD,2022,59021.57218059142
United Kingdom,GBR,TX.VAL.TECH.MF.ZS,2022,27.15977081923476
United Kingdom,GBR,IT.CEL.SETS.P2,2022,119.833999505569
United Kingdom,GBR,GOV_WGI_PV_EST,2022,0.3676912
United Kingdom,GBR,GOV_WGI_RL_EST,2022,1.2994581
United Kingdom,GBR,SE.TER.ENRR,2022,79.7695083618164
United Kingdom,GBR,IP.JRN.ARTC.SC,2022,101776.16
United States,USA,GOV_WGI_CC_EST,2022,1.2023562
United States,USA,IT.NET.BBND.P2,2022,37.4887954801437
United States,USA,NY.GDP.PCAP.PP.CD,2022,77860.91129088482
United States,USA,TX.VAL.TECH.MF.ZS,2022,20.578983300737853
United States,USA,IT.CEL.SETS.P2,2022,108.785640656159
United States,USA,GOV_WGI_PV_EST,2022,-0.1626087
United States,USA,GOV_WGI_RL_EST,2022,1.0518325
United States,USA,SE.TER.ENRR,2022,79.361930847168
United States,USA,IP.JRN.ARTC.SC,2022,447538.91
Uruguay,URY,GOV_WGI_CC_EST,2022,1.6139339
Uruguay,URY,IT.NET.BBND.P2,2022,33.4865565704576
Uruguay,URY,NY.GDP.PCAP.PP.CD,2022,33000.918699951035
Uruguay,URY,TX.VAL.TECH.MF.ZS,2022,9.55160023287408
Uruguay,URY,IT.CEL.SETS.P2,2022,139.828801269747
Uruguay,URY,GOV_WGI_PV_EST,2022,1.3035622
Uruguay,URY,GOV_WGI_RL_EST,2022,0.9765591
Uruguay,URY,SE.TER.ENRR,2022,76.3977408357972
Uruguay,URY,IP.JRN.ARTC.SC,2022,1076.04
Uzbekistan,UZB,GOV_WGI_CC_EST,2022,-0.699129999999999
Uzbekistan,UZB,IT.NET.BBND.P2,2022,25.7992232452287
Uzbekistan,UZB,NY.GDP.PCAP.PP.CD,2022,10292.530942748535
Uzbekistan,UZB,TX.VAL.TECH.MF.ZS,2022,1.41210240735451
Uzbekistan,UZB,IT.CEL.SETS.P2,2022,105.471643327627
Uzbekistan,UZB,GOV_WGI_PV_EST,2022,-0.2325524
Uzbekistan,UZB,GOV_WGI_RL_EST,2022,-0.6719908
Uzbekistan,UZB,SE.TER.ENRR,2022,31.701936179599
Uzbekistan,UZB,IP.JRN.ARTC.SC,2022,2091.27
Vanuatu,VUT,GOV_WGI_CC_EST,2022,-0.135775999999999
Vanuatu,VUT,IT.NET.BBND.P2,2022,1.1263520377197
Vanuatu,VUT,NY.GDP.PCAP.PP.CD,2022,3452.6074269388173
Vanuatu,VUT,TX.VAL.TECH.MF.ZS,2022,
Vanuatu,VUT,IT.CEL.SETS.P2,2022,81.6202730589115
Vanuatu,VUT,GOV_WGI_PV_EST,2022,0.9784231
Vanuatu,VUT,GOV_WGI_RL_EST,2022,0.4948511
Vanuatu,VUT,SE.TER.ENRR,2022,
Vanuatu,VUT,IP.JRN.ARTC.SC,2022,12.63
"Venezuela, RB",VEN,GOV_WGI_CC_EST,2022,-1.603038
"Venezuela, RB",VEN,IT.NET.BBND.P2,2022,9.58036143387288
"Venezuela, RB",VEN,NY.GDP.PCAP.PP.CD,2022,
"Venezuela, RB",VEN,TX.VAL.TECH.MF.ZS,2022,
"Venezuela, RB",VEN,IT.CEL.SETS.P2,2022,66.4667731210739
"Venezuela, RB",VEN,GOV_WGI_PV_EST,2022,-1.1268117
"Venezuela, RB",VEN,GOV_WGI_RL_EST,2022,-2.2378914
"Venezuela, RB",VEN,SE.TER.ENRR,2022,
"Venezuela, RB",VEN,IP.JRN.ARTC.SC,2022,545.0
Viet Nam,VNM,GOV_WGI_CC_EST,2022,-0.2459866
Viet Nam,VNM,IT.NET.BBND.P2,2022,21.3681380805533
Viet Nam,VNM,NY.GDP.PCAP.PP.CD,2022,13905.153687521612
Viet Nam,VNM,TX.VAL.TECH.MF.ZS,2022,42.689178907016
Viet Nam,VNM,IT.CEL.SETS.P2,2022,137.852422819653
Viet Nam,VNM,GOV_WGI_PV_EST,2022,0.1227944
Viet Nam,VNM,GOV_WGI_RL_EST,2022,-0.3368491
Viet Nam,VNM,SE.TER.ENRR,2022,44.7536854027422
Viet Nam,VNM,IP.JRN.ARTC.SC,2022,9672.57
Virgin Islands (U.S.),VIR,GOV_WGI_CC_EST,2022,-0.0717478
Virgin Islands (U.S.),VIR,IT.NET.BBND.P2,2022,10.0662374143133
Virgin Islands (U.S.),VIR,NY.GDP.PCAP.PP.CD,2022,49793.032439571616
Virgin Islands (U.S.),VIR,TX.VAL.TECH.MF.ZS,2022,
Virgin Islands (U.S.),VIR,IT.CEL.SETS.P2,2022,91.4619626157421
Virgin Islands (U.S.),VIR,GOV_WGI_PV_EST,2022,0.9782486
Virgin Islands (U.S.),VIR,GOV_WGI_RL_EST,2022,0.580531
Virgin Islands (U.S.),VIR,SE.TER.ENRR,2022,
Virgin Islands (U.S.),VIR,IP.JRN.ARTC.SC,2022,
West Bank and Gaza,PSE,GOV_WGI_CC_EST,2022,-0.5708588
West Bank and Gaza,PSE,IT.NET.BBND.P2,2022,7.93673083556539
West Bank and Gaza,PSE,NY.GDP.PCAP.PP.CD,2022,6163.248978376131
West Bank and Gaza,PSE,TX.VAL.TECH.MF.ZS,2022,1.2550244770589092
West Bank and Gaza,PSE,IT.CEL.SETS.P2,2022,76.5666403406424
West Bank and Gaza,PSE,GOV_WGI_PV_EST,2022,-1.5318512
West Bank and Gaza,PSE,GOV_WGI_RL_EST,2022,-0.8475185
West Bank and Gaza,PSE,SE.TER.ENRR,2022,45.7982801281791
West Bank and Gaza,PSE,IP.JRN.ARTC.SC,2022,736.06
"Yemen, Rep.",YEM,GOV_WGI_CC_EST,2022,-1.66627979999999
"Yemen, Rep.",YEM,IT.NET.BBND.P2,2022,1.27124133725573
"Yemen, Rep.",YEM,NY.GDP.PCAP.PP.CD,2022,
"Yemen, Rep.",YEM,TX.VAL.TECH.MF.ZS,2022,
"Yemen, Rep.",YEM,IT.CEL.SETS.P2,2022,46.4534353720531
"Yemen, Rep.",YEM,GOV_WGI_PV_EST,2022,-2.61245769999999
"Yemen, Rep.",YEM,GOV_WGI_RL_EST,2022,-1.91002569999999
"Yemen, Rep.",YEM,SE.TER.ENRR,2022,
"Yemen, Rep.",YEM,IP.JRN.ARTC.SC,2022,386.81
Zambia,ZMB,GOV_WGI_CC_EST,2022,-0.4180775
Zambia,ZMB,IT.NET.BBND.P2,2022,0.428949863290405
Zambia,ZMB,NY.GDP.PCAP.PP.CD,2022,3840.7245051113887
Zambia,ZMB,TX.VAL.TECH.MF.ZS,2022,0.716710301849432
Zambia,ZMB,IT.CEL.SETS.P2,2022,98.4372601156219
Zambia,ZMB,GOV_WGI_PV_EST,2022,0.0456326
Zambia,ZMB,GOV_WGI_RL_EST,2022,-0.6313823
Zambia,ZMB,SE.TER.ENRR,2022,
Zambia,ZMB,IP.JRN.ARTC.SC,2022,362.23
Zimbabwe,ZWE,GOV_WGI_CC_EST,2022,-1.1984753
Zimbabwe,ZWE,IT.NET.BBND.P2,2022,1.62150159909829
Zimbabwe,ZWE,NY.GDP.PCAP.PP.CD,2022,5395.856298006396
Zimbabwe,ZWE,TX.VAL.TECH.MF.ZS,2022,1.4769311377601373
Zimbabwe,ZWE,IT.CEL.SETS.P2,2022,88.9958314912836
Zimbabwe,ZWE,GOV_WGI_PV_EST,2022,-0.8261001
Zimbabwe,ZWE,GOV_WGI_RL_EST,2022,-1.3005258
Zimbabwe,ZWE,SE.TER.ENRR,2022,
Zimbabwe,ZWE,IP.JRN.ARTC.SC,2022,556.12
Afghanistan,AFG,GOV_WGI_CC_EST,2023,-1.1987543
Afghanistan,AFG,IT.NET.BBND.P2,2023,0.0800873028793967
Afghanistan,AFG,NY.GDP.PCAP.PP.CD,2023,2201.722906916772
Afghanistan,AFG,TX.VAL.TECH.MF.ZS,2023,
Afghanistan,AFG,IT.CEL.SETS.P2,2023,55.5474967036959
Afghanistan,AFG,GOV_WGI_PV_EST,2023,-2.3922828
Afghanistan,AFG,GOV_WGI_RL_EST,2023,-1.89680499999999
Afghanistan,AFG,SE.TER.ENRR,2023,
Afghanistan,AFG,IP.JRN.ARTC.SC,2023,168.85
Albania,ALB,GOV_WGI_CC_EST,2023,-0.464044399999999
Albania,ALB,IT.NET.BBND.P2,2023,22.5048592377088
Albania,ALB,NY.GDP.PCAP.PP.CD,2023,24822.3543089995
Albania,ALB,TX.VAL.TECH.MF.ZS,2023,0.6823268494736465
Albania,ALB,IT.CEL.SETS.P2,2023,92.9973271969712
Albania,ALB,GOV_WGI_PV_EST,2023,0.0246567
Albania,ALB,GOV_WGI_RL_EST,2023,-0.153011099999999
Albania,ALB,SE.TER.ENRR,2023,64.7293520237257
Albania,ALB,IP.JRN.ARTC.SC,2023,319.46
Algeria,DZA,GOV_WGI_CC_EST,2023,-0.6397452
Algeria,DZA,IT.NET.BBND.P2,2023,12.0086836084024
Algeria,DZA,NY.GDP.PCAP.PP.CD,2023,16824.487903462657
Algeria,DZA,TX.VAL.TECH.MF.ZS,2023,
Algeria,DZA,IT.CEL.SETS.P2,2023,111.60623555659
Algeria,DZA,GOV_WGI_PV_EST,2023,-0.7317401
Algeria,DZA,GOV_WGI_RL_EST,2023,-0.7329544
Algeria,DZA,SE.TER.ENRR,2023,55.5320185816789
Algeria,DZA,IP.JRN.ARTC.SC,2023,7676.5
American Samoa,ASM,GOV_WGI_CC_EST,2023,1.1733125
American Samoa,ASM,IT.NET.BBND.P2,2023,
American Samoa,ASM,NY.GDP.PCAP.PP.CD,2023,
American Samoa,ASM,TX.VAL.TECH.MF.ZS,2023,
American Samoa,ASM,IT.CEL.SETS.P2,2023,
American Samoa,ASM,GOV_WGI_PV_EST,2023,1.2488142
American Samoa,ASM,GOV_WGI_RL_EST,2023,1.1903787
American Samoa,ASM,SE.TER.ENRR,2023,
American Samoa,ASM,IP.JRN.ARTC.SC,2023,
Andorra,AND,GOV_WGI_CC_EST,2023,
Andorra,AND,IT.NET.BBND.P2,2023,51.7401306025527
Andorra,AND,NY.GDP.PCAP.PP.CD,2023,71730.66868216502
Andorra,AND,TX.VAL.TECH.MF.ZS,2023,21.43463191550084
Andorra,AND,IT.CEL.SETS.P2,2023,156.09725932522
Andorra,AND,GOV_WGI_PV_EST,2023,
Andorra,AND,GOV_WGI_RL_EST,2023,
Andorra,AND,SE.TER.ENRR,2023,62.4106937082277
Andorra,AND,IP.JRN.ARTC.SC,2023,11.09
Angola,AGO,GOV_WGI_CC_EST,2023,-0.6242518
Angola,AGO,IT.NET.BBND.P2,2023,0.373668982990052
Angola,AGO,NY.GDP.PCAP.PP.CD,2023,9753.600467637832
Angola,AGO,TX.VAL.TECH.MF.ZS,2023,23.47141394233337
Angola,AGO,IT.CEL.SETS.P2,2023,70.0519587723571
Angola,AGO,GOV_WGI_PV_EST,2023,-0.3131654
Angola,AGO,GOV_WGI_RL_EST,2023,-1.1944432
Angola,AGO,SE.TER.ENRR,2023,10.04935810264
Angola,AGO,IP.JRN.ARTC.SC,2023,50.27
Antigua and Barbuda,ATG,GOV_WGI_CC_EST,2023,0.2686527
Antigua and Barbuda,ATG,IT.NET.BBND.P2,2023,
Antigua and Barbuda,ATG,NY.GDP.PCAP.PP.CD,2023,31601.75271468767
Antigua and Barbuda,ATG,TX.VAL.TECH.MF.ZS,2023,0.0
Antigua and Barbuda,ATG,IT.CEL.SETS.P2,2023,
Antigua and Barbuda,ATG,GOV_WGI_PV_EST,2023,1.0791994
Antigua and Barbuda,ATG,GOV_WGI_RL_EST,2023,0.6185054
Antigua and Barbuda,ATG,SE.TER.ENRR,2023,
Antigua and Barbuda,ATG,IP.JRN.ARTC.SC,2023,13.43
Argentina,ARG,GOV_WGI_CC_EST,2023,-0.354078399999999
Argentina,ARG,IT.NET.BBND.P2,2023,25.3580730689248
Argentina,ARG,NY.GDP.PCAP.PP.CD,2023,30221.4976888753
Argentina,ARG,TX.VAL.TECH.MF.ZS,2023,5.449594405783187
Argentina,ARG,IT.CEL.SETS.P2,2023,137.706086781571
Argentina,ARG,GOV_WGI_PV_EST,2023,-0.0207671
Argentina,ARG,GOV_WGI_RL_EST,2023,-0.237773799999999
Argentina,ARG,SE.TER.ENRR,2023,107.822574129434
Argentina,ARG,IP.JRN.ARTC.SC,2023,8589.35
Armenia,ARM,GOV_WGI_CC_EST,2023,0.1046118
Armenia,ARM,IT.NET.BBND.P2,2023,18.5458075085454
Armenia,ARM,NY.GDP.PCAP.PP.CD,2023,21534.030536117025
Armenia,ARM,TX.VAL.TECH.MF.ZS,2023,20.905156020748368
Armenia,ARM,IT.CEL.SETS.P2,2023,134.519957069953
Armenia,ARM,GOV_WGI_PV_EST,2023,-0.5022441
Armenia,ARM,GOV_WGI_RL_EST,2023,-0.2107914
Armenia,ARM,SE.TER.ENRR,2023,56.2770051010456
Armenia,ARM,IP.JRN.ARTC.SC,2023,801.49
Aruba,ABW,GOV_WGI_CC_EST,2023,0.8675607
Aruba,ABW,IT.NET.BBND.P2,2023,
Aruba,ABW,NY.GDP.PCAP.PP.CD,2023,46574.35741976531
Aruba,ABW,TX.VAL.TECH.MF.ZS,2023,6.868008363783347
Aruba,ABW,IT.CEL.SETS.P2,2023,
Aruba,ABW,GOV_WGI_PV_EST,2023,1.3362003
Aruba,ABW,GOV_WGI_RL_EST,2023,1.2201246
Aruba,ABW,SE.TER.ENRR,2023,
Aruba,ABW,IP.JRN.ARTC.SC,2023,
Australia,AUS,GOV_WGI_CC_EST,2023,1.8057703
Australia,AUS,IT.NET.BBND.P2,2023,36.627426494239
Australia,AUS,NY.GDP.PCAP.PP.CD,2023,72272.70921366828
Australia,AUS,TX.VAL.TECH.MF.ZS,2023,25.25827771207813
Australia,AUS,IT.CEL.SETS.P2,2023,112.513177133796
Australia,AUS,GOV_WGI_PV_EST,2023,0.9254365
Australia,AUS,GOV_WGI_RL_EST,2023,1.5031839
Australia,AUS,SE.TER.ENRR,2023,104.64835357666
Australia,AUS,IP.JRN.ARTC.SC,2023,54589.08
Austria,AUT,GOV_WGI_CC_EST,2023,1.3200882
Austria,AUT,IT.NET.BBND.P2,2023,29.3725409835617
Austria,AUT,NY.GDP.PCAP.PP.CD,2023,73544.65672304865
Austria,AUT,TX.VAL.TECH.MF.ZS,2023,15.923269788116936
Austria,AUT,IT.CEL.SETS.P2,2023,121.746207105931
Austria,AUT,GOV_WGI_PV_EST,2023,0.7016405
Austria,AUT,GOV_WGI_RL_EST,2023,1.6577235
Austria,AUT,SE.TER.ENRR,2023,91.6818237304688
Austria,AUT,IP.JRN.ARTC.SC,2023,13845.8
Azerbaijan,AZE,GOV_WGI_CC_EST,2023,-0.881959199999999
Azerbaijan,AZE,IT.NET.BBND.P2,2023,20.8825041017301
Azerbaijan,AZE,NY.GDP.PCAP.PP.CD,2023,23651.59948527556
Azerbaijan,AZE,TX.VAL.TECH.MF.ZS,2023,4.172244876301505
Azerbaijan,AZE,IT.CEL.SETS.P2,2023,107.686732782159
Azerbaijan,AZE,GOV_WGI_PV_EST,2023,-0.4004143
Azerbaijan,AZE,GOV_WGI_RL_EST,2023,-0.5160585
Azerbaijan,AZE,SE.TER.ENRR,2023,41.3907560278377
Azerbaijan,AZE,IP.JRN.ARTC.SC,2023,1544.24
"Bahamas, The",BHS,GOV_WGI_CC_EST,2023,1.2199692
"Bahamas, The",BHS,IT.NET.BBND.P2,2023,23.816342880032
"Bahamas, The",BHS,NY.GDP.PCAP.PP.CD,2023,39090.1214737976
"Bahamas, The",BHS,TX.VAL.TECH.MF.ZS,2023,0.0138247645369375
"Bahamas, The",BHS,IT.CEL.SETS.P2,2023,100.047566593231
"Bahamas, The",BHS,GOV_WGI_PV_EST,2023,1.0539708
"Bahamas, The",BHS,GOV_WGI_RL_EST,2023,0.2764352
"Bahamas, The",BHS,SE.TER.ENRR,2023,
"Bahamas, The",BHS,IP.JRN.ARTC.SC,2023,14.98
Bahrain,BHR,GOV_WGI_CC_EST,2023,0.2380412
Bahrain,BHR,IT.NET.BBND.P2,2023,17.1582362107608
Bahrain,BHR,NY.GDP.PCAP.PP.CD,2023,64171.08573590521
Bahrain,BHR,TX.VAL.TECH.MF.ZS,2023,0.3873436445173711
Bahrain,BHR,IT.CEL.SETS.P2,2023,153.899937948583
Bahrain,BHR,GOV_WGI_PV_EST,2023,-0.5007436
Bahrain,BHR,GOV_WGI_RL_EST,2023,0.1259217
Bahrain,BHR,SE.TER.ENRR,2023,57.0562240948353
Bahrain,BHR,IP.JRN.ARTC.SC,2023,718.3
Bangladesh,BGD,GOV_WGI_CC_EST,2023,-1.1987203
Bangladesh,BGD,IT.NET.BBND.P2,2023,7.89245848428319
Bangladesh,BGD,NY.GDP.PCAP.PP.CD,2023,9147.777506655502
Bangladesh,BGD,TX.VAL.TECH.MF.ZS,2023,
Bangladesh,BGD,IT.CEL.SETS.P2,2023,111.280894357567
Bangladesh,BGD,GOV_WGI_PV_EST,2023,-1.0359445
Bangladesh,BGD,GOV_WGI_RL_EST,2023,-0.9020256
Bangladesh,BGD,SE.TER.ENRR,2023,24.2003442708621
Bangladesh,BGD,IP.JRN.ARTC.SC,2023,8259.38
Barbados,BRB,GOV_WGI_CC_EST,2023,1.2089543
Barbados,BRB,IT.NET.BBND.P2,2023,
Barbados,BRB,NY.GDP.PCAP.PP.CD,2023,23660.404751292856
Barbados,BRB,TX.VAL.TECH.MF.ZS,2023,18.43361348601325
Barbados,BRB,IT.CEL.SETS.P2,2023,
Barbados,BRB,GOV_WGI_PV_EST,2023,1.2767666
Barbados,BRB,GOV_WGI_RL_EST,2023,0.7343145
Barbados,BRB,SE.TER.ENRR,2023,54.2600399378744
Barbados,BRB,IP.JRN.ARTC.SC,2023,56.79
Belarus,BLR,GOV_WGI_CC_EST,2023,-0.534353699999999
Belarus,BLR,IT.NET.BBND.P2,2023,35.0931910729644
Belarus,BLR,NY.GDP.PCAP.PP.CD,2023,30834.17736681112
Belarus,BLR,TX.VAL.TECH.MF.ZS,2023,
Belarus,BLR,IT.CEL.SETS.P2,2023,128.979176539764
Belarus,BLR,GOV_WGI_PV_EST,2023,-0.392606499999999
Belarus,BLR,GOV_WGI_RL_EST,2023,-1.2155307
Belarus,BLR,SE.TER.ENRR,2023,72.8250212584046
Belarus,BLR,IP.JRN.ARTC.SC,2023,1429.41
Belgium,BEL,GOV_WGI_CC_EST,2023,1.467016
Belgium,BEL,IT.NET.BBND.P2,2023,43.7026445985633
Belgium,BEL,NY.GDP.PCAP.PP.CD,2023,71946.14471902922
Belgium,BEL,TX.VAL.TECH.MF.ZS,2023,18.6668227645892
Belgium,BEL,IT.CEL.SETS.P2,2023,103.196426365374
Belgium,BEL,GOV_WGI_PV_EST,2023,0.1994126
Belgium,BEL,GOV_WGI_RL_EST,2023,1.2719977
Belgium,BEL,SE.TER.ENRR,2023,82.1475601196289
Belgium,BEL,IP.JRN.ARTC.SC,2023,16816.32
Belize,BLZ,GOV_WGI_CC_EST,2023,-0.115986499999999
Belize,BLZ,IT.NET.BBND.P2,2023,
Belize,BLZ,NY.GDP.PCAP.PP.CD,2023,13729.89205872096
Belize,BLZ,TX.VAL.TECH.MF.ZS,2023,0.0
Belize,BLZ,IT.CEL.SETS.P2,2023,
Belize,BLZ,GOV_WGI_PV_EST,2023,0.78967
Belize,BLZ,GOV_WGI_RL_EST,2023,-0.4007135
Belize,BLZ,SE.TER.ENRR,2023,22.3734089825019
Belize,BLZ,IP.JRN.ARTC.SC,2023,18.02
Benin,BEN,GOV_WGI_CC_EST,2023,-0.1047671
Benin,BEN,IT.NET.BBND.P2,2023,0.170880461346773
Benin,BEN,NY.GDP.PCAP.PP.CD,2023,4129.966120014199
Benin,BEN,TX.VAL.TECH.MF.ZS,2023,4.418015139759824
Benin,BEN,IT.CEL.SETS.P2,2023,116.036046685168
Benin,BEN,GOV_WGI_PV_EST,2023,-0.3096247
Benin,BEN,GOV_WGI_RL_EST,2023,-0.390917399999999
Benin,BEN,SE.TER.ENRR,2023,
Benin,BEN,IP.JRN.ARTC.SC,2023,437.17
Bermuda,BMU,GOV_WGI_CC_EST,2023,1.1733125
Bermuda,BMU,IT.NET.BBND.P2,2023,
Bermuda,BMU,NY.GDP.PCAP.PP.CD,2023,114372.04992737246
Bermuda,BMU,TX.VAL.TECH.MF.ZS,2023,14.937281821284772
Bermuda,BMU,IT.CEL.SETS.P2,2023,
Bermuda,BMU,GOV_WGI_PV_EST,2023,0.9788563
Bermuda,BMU,GOV_WGI_RL_EST,2023,0.8002751
Bermuda,BMU,SE.TER.ENRR,2023,17.3357105255127
Bermuda,BMU,IP.JRN.ARTC.SC,2023,
Bhutan,BTN,GOV_WGI_CC_EST,2023,1.3563935
Bhutan,BTN,IT.NET.BBND.P2,2023,1.31881966212479
Bhutan,BTN,NY.GDP.PCAP.PP.CD,2023,16215.152007315288
Bhutan,BTN,TX.VAL.TECH.MF.ZS,2023,0.0107261524845821
Bhutan,BTN,IT.CEL.SETS.P2,2023,95.6260610260877
Bhutan,BTN,GOV_WGI_PV_EST,2023,1.3322654
Bhutan,BTN,GOV_WGI_RL_EST,2023,0.7200012
Bhutan,BTN,SE.TER.ENRR,2023,15.0074996948242
Bhutan,BTN,IP.JRN.ARTC.SC,2023,102.52
Bolivia,BOL,GOV_WGI_CC_EST,2023,-0.9556498
Bolivia,BOL,IT.NET.BBND.P2,2023,11.1529423948186
Bolivia,BOL,NY.GDP.PCAP.PP.CD,2023,12892.12495787769
Bolivia,BOL,TX.VAL.TECH.MF.ZS,2023,8.165170226380756
Bolivia,BOL,IT.CEL.SETS.P2,2023,
Bolivia,BOL,GOV_WGI_PV_EST,2023,-0.289823899999999
Bolivia,BOL,GOV_WGI_RL_EST,2023,-1.2028195
Bolivia,BOL,SE.TER.ENRR,2023,
Bolivia,BOL,IP.JRN.ARTC.SC,2023,196.72
Bosnia and Herzegovina,BIH,GOV_WGI_CC_EST,2023,-0.5984163
Bosnia and Herzegovina,BIH,IT.NET.BBND.P2,2023,28.440133083292
Bosnia and Herzegovina,BIH,NY.GDP.PCAP.PP.CD,2023,23376.22274771408
Bosnia and Herzegovina,BIH,TX.VAL.TECH.MF.ZS,2023,4.96705366555243
Bosnia and Herzegovina,BIH,IT.CEL.SETS.P2,2023,117.733690876159
Bosnia and Herzegovina,BIH,GOV_WGI_PV_EST,2023,-0.1999229
Bosnia and Herzegovina,BIH,GOV_WGI_RL_EST,2023,-0.3548804
Bosnia and Herzegovina,BIH,SE.TER.ENRR,2023,45.5027618408203
Bosnia and Herzegovina,BIH,IP.JRN.ARTC.SC,2023,1082.64
Botswana,BWA,GOV_WGI_CC_EST,2023,0.6066871
Botswana,BWA,IT.NET.BBND.P2,2023,6.16495796381324
Botswana,BWA,NY.GDP.PCAP.PP.CD,2023,21012.10319924998
Botswana,BWA,TX.VAL.TECH.MF.ZS,2023,0.5394690309547364
Botswana,BWA,IT.CEL.SETS.P2,2023,179.027305378019
Botswana,BWA,GOV_WGI_PV_EST,2023,1.0127245
Botswana,BWA,GOV_WGI_RL_EST,2023,0.3322692
Botswana,BWA,SE.TER.ENRR,2023,20.5658232475186
Botswana,BWA,IP.JRN.ARTC.SC,2023,383.84
Brazil,BRA,GOV_WGI_CC_EST,2023,-0.451506099999999
Brazil,BRA,IT.NET.BBND.P2,2023,22.4192301618889
Brazil,BRA,NY.GDP.PCAP.PP.CD,2023,21175.61869882142
Brazil,BRA,TX.VAL.TECH.MF.ZS,2023,9.849149349554
Brazil,BRA,IT.CEL.SETS.P2,2023,101.020256020808
Brazil,BRA,GOV_WGI_PV_EST,2023,-0.521574099999999
Brazil,BRA,GOV_WGI_RL_EST,2023,-0.483012599999999
Brazil,BRA,SE.TER.ENRR,2023,
Brazil,BRA,IP.JRN.ARTC.SC,2023,58292.04
British Virgin Islands,VGB,GOV_WGI_CC_EST,2023,
British Virgin Islands,VGB,IT.NET.BBND.P2,2023,23.5269975631653
British Virgin Islands,VGB,NY.GDP.PCAP.PP.CD,2023,
British Virgin Islands,VGB,TX.VAL.TECH.MF.ZS,2023,
British Virgin Islands,VGB,IT.CEL.SETS.P2,2023,90.8246761574965
British Virgin Islands,VGB,GOV_WGI_PV_EST,2023,
British Virgin Islands,VGB,GOV_WGI_RL_EST,2023,
British Virgin Islands,VGB,SE.TER.ENRR,2023,26.6493055555556
British Virgin Islands,VGB,IP.JRN.ARTC.SC,2023,
Brunei Darussalam,BRN,GOV_WGI_CC_EST,2023,1.1816499
Brunei Darussalam,BRN,IT.NET.BBND.P2,2023,20.2120497048692
Brunei Darussalam,BRN,NY.GDP.PCAP.PP.CD,2023,85032.60087419949
Brunei Darussalam,BRN,TX.VAL.TECH.MF.ZS,2023,1.0192505676847716
Brunei Darussalam,BRN,IT.CEL.SETS.P2,2023,118.673752421293
Brunei Darussalam,BRN,GOV_WGI_PV_EST,2023,1.3348873
Brunei Darussalam,BRN,GOV_WGI_RL_EST,2023,0.638307
Brunei Darussalam,BRN,SE.TER.ENRR,2023,36.4182725443167
Brunei Darussalam,BRN,IP.JRN.ARTC.SC,2023,501.5
Bulgaria,BGR,GOV_WGI_CC_EST,2023,-0.1501295
Bulgaria,BGR,IT.NET.BBND.P2,2023,37.0235717545079
Bulgaria,BGR,NY.GDP.PCAP.PP.CD,2023,38829.19132081018
Bulgaria,BGR,TX.VAL.TECH.MF.ZS,2023,12.057894417322116
Bulgaria,BGR,IT.CEL.SETS.P2,2023,117.932685806225
Bulgaria,BGR,GOV_WGI_PV_EST,2023,0.3144686
Bulgaria,BGR,GOV_WGI_RL_EST,2023,-0.0265936
Bulgaria,BGR,SE.TER.ENRR,2023,79.8532333374023
Bulgaria,BGR,IP.JRN.ARTC.SC,2023,4998.4
Burkina Faso,BFA,GOV_WGI_CC_EST,2023,-0.2479719
Burkina Faso,BFA,IT.NET.BBND.P2,2023,0.459463342299517
Burkina Faso,BFA,NY.GDP.PCAP.PP.CD,2023,2759.3020548460527
Burkina Faso,BFA,TX.VAL.TECH.MF.ZS,2023,3.7978465983735137
Burkina Faso,BFA,IT.CEL.SETS.P2,2023,116.16313821519
Burkina Faso,BFA,GOV_WGI_PV_EST,2023,-2.0423169
Burkina Faso,BFA,GOV_WGI_RL_EST,2023,-0.7145087
Burkina Faso,BFA,SE.TER.ENRR,2023,10.1078755635882
Burkina Faso,BFA,IP.JRN.ARTC.SC,2023,519.72
Burundi,BDI,GOV_WGI_CC_EST,2023,-1.29205449999999
Burundi,BDI,IT.NET.BBND.P2,2023,0.0203441336211462
Burundi,BDI,NY.GDP.PCAP.PP.CD,2023,1149.9840584238932
Burundi,BDI,TX.VAL.TECH.MF.ZS,2023,1.3050836704109754
Burundi,BDI,IT.CEL.SETS.P2,2023,63.1631365759764
Burundi,BDI,GOV_WGI_PV_EST,2023,-1.2840156
Burundi,BDI,GOV_WGI_RL_EST,2023,-1.30785589999999
Burundi,BDI,SE.TER.ENRR,2023,6.02545976638794
Burundi,BDI,IP.JRN.ARTC.SC,2023,36.26
Cabo Verde,CPV,GOV_WGI_CC_EST,2023,0.8619303
Cabo Verde,CPV,IT.NET.BBND.P2,2023,7.23008973237277
Cabo Verde,CPV,NY.GDP.PCAP.PP.CD,2023,10242.153201121184
Cabo Verde,CPV,TX.VAL.TECH.MF.ZS,2023,1.152150058359217
Cabo Verde,CPV,IT.CEL.SETS.P2,2023,113.022968194497
Cabo Verde,CPV,GOV_WGI_PV_EST,2023,0.8691911
Cabo Verde,CPV,GOV_WGI_RL_EST,2023,0.422484
Cabo Verde,CPV,SE.TER.ENRR,2023,
Cabo Verde,CPV,IP.JRN.ARTC.SC,2023,18.34
Cambodia,KHM,GOV_WGI_CC_EST,2023,-1.1216382
Cambodia,KHM,IT.NET.BBND.P2,2023,3.64181801068419
Cambodia,KHM,NY.GDP.PCAP.PP.CD,2023,7430.730857098369
Cambodia,KHM,TX.VAL.TECH.MF.ZS,2023,12.98534311488826
Cambodia,KHM,IT.CEL.SETS.P2,2023,120.80911943838
Cambodia,KHM,GOV_WGI_PV_EST,2023,0.1346422
Cambodia,KHM,GOV_WGI_RL_EST,2023,-1.099508
Cambodia,KHM,SE.TER.ENRR,2023,17.4362364390629
Cambodia,KHM,IP.JRN.ARTC.SC,2023,200.77
Cameroon,CMR,GOV_WGI_CC_EST,2023,-1.1264261
Cameroon,CMR,IT.NET.BBND.P2,2023,
Cameroon,CMR,NY.GDP.PCAP.PP.CD,2023,5410.769219376422
Cameroon,CMR,TX.VAL.TECH.MF.ZS,2023,2.103630291610331
Cameroon,CMR,IT.CEL.SETS.P2,2023,96.4817325902196
Cameroon,CMR,GOV_WGI_PV_EST,2023,-1.6104201
Cameroon,CMR,GOV_WGI_RL_EST,2023,-1.2400721
Cameroon,CMR,SE.TER.ENRR,2023,16.0404395184936
Cameroon,CMR,IP.JRN.ARTC.SC,2023,1546.9
Canada,CAN,GOV_WGI_CC_EST,2023,1.6263584
Canada,CAN,IT.NET.BBND.P2,2023,42.5241770773151
Canada,CAN,NY.GDP.PCAP.PP.CD,2023,64219.31739286365
Canada,CAN,TX.VAL.TECH.MF.ZS,2023,16.371795438826258
Canada,CAN,IT.CEL.SETS.P2,2023,94.1497268194785
Canada,CAN,GOV_WGI_PV_EST,2023,0.6267803
Canada,CAN,GOV_WGI_RL_EST,2023,1.4361681
Canada,CAN,SE.TER.ENRR,2023,76.2666931152344
Canada,CAN,IP.JRN.ARTC.SC,2023,63719.9
Cayman Islands,CYM,GOV_WGI_CC_EST,2023,0.6032433
Cayman Islands,CYM,IT.NET.BBND.P2,2023,
Cayman Islands,CYM,NY.GDP.PCAP.PP.CD,2023,88427.78667126909
Cayman Islands,CYM,TX.VAL.TECH.MF.ZS,2023,47.70141333462299
Cayman Islands,CYM,IT.CEL.SETS.P2,2023,
Cayman Islands,CYM,GOV_WGI_PV_EST,2023,1.4667806
Cayman Islands,CYM,GOV_WGI_RL_EST,2023,0.8301979
Cayman Islands,CYM,SE.TER.ENRR,2023,
Cayman Islands,CYM,IP.JRN.ARTC.SC,2023,
Central African Republic,CAF,GOV_WGI_CC_EST,2023,-1.3816342
Central African Republic,CAF,IT.NET.BBND.P2,2023,
Central African Republic,CAF,NY.GDP.PCAP.PP.CD,2023,1257.0943571711448
Central African Republic,CAF,TX.VAL.TECH.MF.ZS,2023,1.8785669682649464
Central African Republic,CAF,IT.CEL.SETS.P2,2023,
Central African Republic,CAF,GOV_WGI_PV_EST,2023,-1.87417179999999
Central African Republic,CAF,GOV_WGI_RL_EST,2023,-1.7248503
Central African Republic,CAF,SE.TER.ENRR,2023,
Central African Republic,CAF,IP.JRN.ARTC.SC,2023,25.75
Chad,TCD,GOV_WGI_CC_EST,2023,-1.48878199999999
Chad,TCD,IT.NET.BBND.P2,2023,0.0
Chad,TCD,NY.GDP.PCAP.PP.CD,2023,2700.36055335878
Chad,TCD,TX.VAL.TECH.MF.ZS,2023,
Chad,TCD,IT.CEL.SETS.P2,2023,70.1873962423852
Chad,TCD,GOV_WGI_PV_EST,2023,-1.6839155
Chad,TCD,GOV_WGI_RL_EST,2023,-1.454847
Chad,TCD,SE.TER.ENRR,2023,
Chad,TCD,IP.JRN.ARTC.SC,2023,52.36
Chile,CHL,GOV_WGI_CC_EST,2023,1.0318341
Chile,CHL,IT.NET.BBND.P2,2023,22.9954165646133
Chile,CHL,NY.GDP.PCAP.PP.CD,2023,33145.403552024974
Chile,CHL,TX.VAL.TECH.MF.ZS,2023,10.719563342370906
Chile,CHL,IT.CEL.SETS.P2,2023,135.871118507277
Chile,CHL,GOV_WGI_PV_EST,2023,0.0876667
Chile,CHL,GOV_WGI_RL_EST,2023,0.6647803
Chile,CHL,SE.TER.ENRR,2023,104.734062194824
Chile,CHL,IP.JRN.ARTC.SC,2023,8573.42
China,CHN,GOV_WGI_CC_EST,2023,0.1138225
China,CHN,IT.NET.BBND.P2,2023,44.728886496649
China,CHN,NY.GDP.PCAP.PP.CD,2023,25179.119306638306
China,CHN,TX.VAL.TECH.MF.ZS,2023,26.568213654288087
China,CHN,IT.CEL.SETS.P2,2023,128.247014127486
China,CHN,GOV_WGI_PV_EST,2023,-0.174451499999999
China,CHN,GOV_WGI_RL_EST,2023,-0.552260699999999
China,CHN,SE.TER.ENRR,2023,74.5933014618366
China,CHN,IP.JRN.ARTC.SC,2023,932711.93
Colombia,COL,GOV_WGI_CC_EST,2023,-0.309004899999999
Colombia,COL,IT.NET.BBND.P2,2023,17.0369815251774
Colombia,COL,NY.GDP.PCAP.PP.CD,2023,21246.37626952008
Colombia,COL,TX.VAL.TECH.MF.ZS,2023,8.599891597811409
Colombia,COL,IT.CEL.SETS.P2,2023,166.980107777443
Colombia,COL,GOV_WGI_PV_EST,2023,-0.7993485
Colombia,COL,GOV_WGI_RL_EST,2023,-0.5648803
Colombia,COL,SE.TER.ENRR,2023,
Colombia,COL,IP.JRN.ARTC.SC,2023,9183.73
Comoros,COM,GOV_WGI_CC_EST,2023,-1.15283659999999
Comoros,COM,IT.NET.BBND.P2,2023,0.387941019794517
Comoros,COM,NY.GDP.PCAP.PP.CD,2023,3811.650848824133
Comoros,COM,TX.VAL.TECH.MF.ZS,2023,3.13907204820087
Comoros,COM,IT.CEL.SETS.P2,2023,109.855630436495
Comoros,COM,GOV_WGI_PV_EST,2023,-0.3743498
Comoros,COM,GOV_WGI_RL_EST,2023,-1.134272
Comoros,COM,SE.TER.ENRR,2023,
Comoros,COM,IP.JRN.ARTC.SC,2023,8.01
"Congo, Dem. Rep.",COD,GOV_WGI_CC_EST,2023,-1.4890974
"Congo, Dem. Rep.",COD,IT.NET.BBND.P2,2023,0.0219936280960956
"Congo, Dem. Rep.",COD,NY.GDP.PCAP.PP.CD,2023,1730.622288776939
"Congo, Dem. Rep.",COD,TX.VAL.TECH.MF.ZS,2023,0.1996116652253686
"Congo, Dem. Rep.",COD,IT.CEL.SETS.P2,2023,53.1888827659463
"Congo, Dem. Rep.",COD,GOV_WGI_PV_EST,2023,-1.9812287
"Congo, Dem. Rep.",COD,GOV_WGI_RL_EST,2023,-1.60554359999999
"Congo, Dem. Rep.",COD,SE.TER.ENRR,2023,
"Congo, Dem. Rep.",COD,IP.JRN.ARTC.SC,2023,243.06
"Congo, Rep.",COG,GOV_WGI_CC_EST,2023,-1.4043963
"Congo, Rep.",COG,IT.NET.BBND.P2,2023,1.26798412068153
"Congo, Rep.",COG,NY.GDP.PCAP.PP.CD,2023,6850.277706210988
"Congo, Rep.",COG,TX.VAL.TECH.MF.ZS,2023,3.1597223457472365
"Congo, Rep.",COG,IT.CEL.SETS.P2,2023,94.8715365076336
"Congo, Rep.",COG,GOV_WGI_PV_EST,2023,-0.199460399999999
"Congo, Rep.",COG,GOV_WGI_RL_EST,2023,-1.18292059999999
"Congo, Rep.",COG,SE.TER.ENRR,2023,10.3812103271484
"Congo, Rep.",COG,IP.JRN.ARTC.SC,2023,95.66
Costa Rica,CRI,GOV_WGI_CC_EST,2023,0.6775627
Costa Rica,CRI,IT.NET.BBND.P2,2023,22.5231293549635
Costa Rica,CRI,NY.GDP.PCAP.PP.CD,2023,28908.768874319103
Costa Rica,CRI,TX.VAL.TECH.MF.ZS,2023,24.177789153065973
Costa Rica,CRI,IT.CEL.SETS.P2,2023,133.527658761832
Costa Rica,CRI,GOV_WGI_PV_EST,2023,1.1842629
Costa Rica,CRI,GOV_WGI_RL_EST,2023,0.6431263
Costa Rica,CRI,SE.TER.ENRR,2023,
Costa Rica,CRI,IP.JRN.ARTC.SC,2023,660.82
Cote d'Ivoire,CIV,GOV_WGI_CC_EST,2023,-0.3616761
Cote d'Ivoire,CIV,IT.NET.BBND.P2,2023,1.36336622359986
Cote d'Ivoire,CIV,NY.GDP.PCAP.PP.CD,2023,7237.181707409086
Cote d'Ivoire,CIV,TX.VAL.TECH.MF.ZS,2023,4.413107260117726
Cote d'Ivoire,CIV,IT.CEL.SETS.P2,2023,171.988943341282
Cote d'Ivoire,CIV,GOV_WGI_PV_EST,2023,-0.7874489
Cote d'Ivoire,CIV,GOV_WGI_RL_EST,2023,-0.6022948
Cote d'Ivoire,CIV,SE.TER.ENRR,2023,11.5724272130065
Cote d'Ivoire,CIV,IP.JRN.ARTC.SC,2023,391.71
Croatia,HRV,GOV_WGI_CC_EST,2023,0.113708
Croatia,HRV,IT.NET.BBND.P2,2023,28.4709561519529
Croatia,HRV,NY.GDP.PCAP.PP.CD,2023,47759.698299533855
Croatia,HRV,TX.VAL.TECH.MF.ZS,2023,11.033590881471492
Croatia,HRV,IT.CEL.SETS.P2,2023,117.112604314708
Croatia,HRV,GOV_WGI_PV_EST,2023,0.6832484
Croatia,HRV,GOV_WGI_RL_EST,2023,0.4257869
Croatia,HRV,SE.TER.ENRR,2023,81.1775207519531
Croatia,HRV,IP.JRN.ARTC.SC,2023,5503.53
Cuba,CUB,GOV_WGI_CC_EST,2023,-0.1628482
Cuba,CUB,IT.NET.BBND.P2,2023,2.97118012807884
Cuba,CUB,NY.GDP.PCAP.PP.CD,2023,
Cuba,CUB,TX.VAL.TECH.MF.ZS,2023,
Cuba,CUB,IT.CEL.SETS.P2,2023,69.5767786567811
Cuba,CUB,GOV_WGI_PV_EST,2023,0.4305507
Cuba,CUB,GOV_WGI_RL_EST,2023,-0.5659906
Cuba,CUB,SE.TER.ENRR,2023,49.7285704304293
Cuba,CUB,IP.JRN.ARTC.SC,2023,1216.63
Curacao,CUW,GOV_WGI_CC_EST,2023,
Curacao,CUW,IT.NET.BBND.P2,2023,31.5126707545287
Curacao,CUW,NY.GDP.PCAP.PP.CD,2023,30651.58855104229
Curacao,CUW,TX.VAL.TECH.MF.ZS,2023,
Curacao,CUW,IT.CEL.SETS.P2,2023,93.7975591472655
Curacao,CUW,GOV_WGI_PV_EST,2023,
Curacao,CUW,GOV_WGI_RL_EST,2023,
Curacao,CUW,SE.TER.ENRR,2023,
Curacao,CUW,IP.JRN.ARTC.SC,2023,
Cyprus,CYP,GOV_WGI_CC_EST,2023,0.4826822
Cyprus,CYP,IT.NET.BBND.P2,2023,36.9005587748344
Cyprus,CYP,NY.GDP.PCAP.PP.CD,2023,59874.5703125
Cyprus,CYP,TX.VAL.TECH.MF.ZS,2023,18.74195339288293
Cyprus,CYP,IT.CEL.SETS.P2,2023,148.333712748344
Cyprus,CYP,GOV_WGI_PV_EST,2023,0.3935929
Cyprus,CYP,GOV_WGI_RL_EST,2023,0.7591158
Cyprus,CYP,SE.TER.ENRR,2023,107.26212310791
Cyprus,CYP,IP.JRN.ARTC.SC,2023,1764.12
Czechia,CZE,GOV_WGI_CC_EST,2023,0.8499213
Czechia,CZE,IT.NET.BBND.P2,2023,37.9099783935119
Czechia,CZE,NY.GDP.PCAP.PP.CD,2023,55761.379829137455
Czechia,CZE,TX.VAL.TECH.MF.ZS,2023,20.302723987427008
Czechia,CZE,IT.CEL.SETS.P2,2023,126.004753501387
Czechia,CZE,GOV_WGI_PV_EST,2023,1.0704669
Czechia,CZE,GOV_WGI_RL_EST,2023,1.1605869
Czechia,CZE,SE.TER.ENRR,2023,66.7282867431641
Czechia,CZE,IP.JRN.ARTC.SC,2023,13409.42
Denmark,DNK,GOV_WGI_CC_EST,2023,2.3171626
Denmark,DNK,IT.NET.BBND.P2,2023,44.0352069959396
Denmark,DNK,NY.GDP.PCAP.PP.CD,2023,77892.29326099037
Denmark,DNK,TX.VAL.TECH.MF.ZS,2023,17.132157583740376
Denmark,DNK,IT.CEL.SETS.P2,2023,126.717092547985
Denmark,DNK,GOV_WGI_PV_EST,2023,0.9005936
Denmark,DNK,GOV_WGI_RL_EST,2023,2.0143499
Denmark,DNK,SE.TER.ENRR,2023,81.2308197021484
Denmark,DNK,IP.JRN.ARTC.SC,2023,15603.08
Djibouti,DJI,GOV_WGI_CC_EST,2023,-0.905052699999999
Djibouti,DJI,IT.NET.BBND.P2,2023,1.47205761945073
Djibouti,DJI,NY.GDP.PCAP.PP.CD,2023,7225.838795724898
Djibouti,DJI,TX.VAL.TECH.MF.ZS,2023,3.2755002219803098
Djibouti,DJI,IT.CEL.SETS.P2,2023,48.4504884885996
Djibouti,DJI,GOV_WGI_PV_EST,2023,-0.4640183
Djibouti,DJI,GOV_WGI_RL_EST,2023,-1.03950379999999
Djibouti,DJI,SE.TER.ENRR,2023,
Djibouti,DJI,IP.JRN.ARTC.SC,2023,17.48
Dominica,DMA,GOV_WGI_CC_EST,2023,0.4140289
Dominica,DMA,IT.NET.BBND.P2,2023,
Dominica,DMA,NY.GDP.PCAP.PP.CD,2023,20285.982166370708
Dominica,DMA,TX.VAL.TECH.MF.ZS,2023,2.883282332074537
Dominica,DMA,IT.CEL.SETS.P2,2023,
Dominica,DMA,GOV_WGI_PV_EST,2023,1.2402149
Dominica,DMA,GOV_WGI_RL_EST,2023,0.5395543
Dominica,DMA,SE.TER.ENRR,2023,
Dominica,DMA,IP.JRN.ARTC.SC,2023,3.7
Dominican Republic,DOM,GOV_WGI_CC_EST,2023,-0.429853
Dominican Republic,DOM,IT.NET.BBND.P2,2023,11.1345555858062
Dominican Republic,DOM,NY.GDP.PCAP.PP.CD,2023,25839.935668760703
Dominican Republic,DOM,TX.VAL.TECH.MF.ZS,2023,6.030929399821513
Dominican Republic,DOM,IT.CEL.SETS.P2,2023,91.8676246650308
Dominican Republic,DOM,GOV_WGI_PV_EST,2023,0.4655668
Dominican Republic,DOM,GOV_WGI_RL_EST,2023,-0.241159899999999
Dominican Republic,DOM,SE.TER.ENRR,2023,58.2428049803824
Dominican Republic,DOM,IP.JRN.ARTC.SC,2023,104.52
Ecuador,ECU,GOV_WGI_CC_EST,2023,-0.719996
Ecuador,ECU,IT.NET.BBND.P2,2023,16.0678902316524
Ecuador,ECU,NY.GDP.PCAP.PP.CD,2023,15918.516294877289
Ecuador,ECU,TX.VAL.TECH.MF.ZS,2023,7.274233853992543
Ecuador,ECU,IT.CEL.SETS.P2,2023,101.031752745524
Ecuador,ECU,GOV_WGI_PV_EST,2023,-0.3543579
Ecuador,ECU,GOV_WGI_RL_EST,2023,-0.858649799999999
Ecuador,ECU,SE.TER.ENRR,2023,67.8851161961618
Ecuador,ECU,IP.JRN.ARTC.SC,2023,3529.8
"Egypt, Arab Rep.",EGY,GOV_WGI_CC_EST,2023,-0.816904499999999
"Egypt, Arab Rep.",EGY,IT.NET.BBND.P2,2023,10.8642477216638
"Egypt, Arab Rep.",EGY,NY.GDP.PCAP.PP.CD,2023,18524.83929979369
"Egypt, Arab Rep.",EGY,TX.VAL.TECH.MF.ZS,2023,3.1628687839356675
"Egypt, Arab Rep.",EGY,IT.CEL.SETS.P2,2023,92.8261626420085
"Egypt, Arab Rep.",EGY,GOV_WGI_PV_EST,2023,-0.899323299999999
"Egypt, Arab Rep.",EGY,GOV_WGI_RL_EST,2023,-0.7776875
"Egypt, Arab Rep.",EGY,SE.TER.ENRR,2023,37.9005584716797
"Egypt, Arab Rep.",EGY,IP.JRN.ARTC.SC,2023,22854.4
El Salvador,SLV,GOV_WGI_CC_EST,2023,-0.6099566
El Salvador,SLV,IT.NET.BBND.P2,2023,11.6271746145254
El Salvador,SLV,NY.GDP.PCAP.PP.CD,2023,12679.57687520609
El Salvador,SLV,TX.VAL.TECH.MF.ZS,2023,6.404010712721179
El Salvador,SLV,IT.CEL.SETS.P2,2023,179.705636976149
El Salvador,SLV,GOV_WGI_PV_EST,2023,0.0822243
El Salvador,SLV,GOV_WGI_RL_EST,2023,-0.707075599999999
El Salvador,SLV,SE.TER.ENRR,2023,32.3802636612661
El Salvador,SLV,IP.JRN.ARTC.SC,2023,64.56
Equatorial Guinea,GNQ,GOV_WGI_CC_EST,2023,-1.52463899999999
Equatorial Guinea,GNQ,IT.NET.BBND.P2,2023,
Equatorial Guinea,GNQ,NY.GDP.PCAP.PP.CD,2023,17411.50023438401
Equatorial Guinea,GNQ,TX.VAL.TECH.MF.ZS,2023,
Equatorial Guinea,GNQ,IT.CEL.SETS.P2,2023,
Equatorial Guinea,GNQ,GOV_WGI_PV_EST,2023,-0.2874757
Equatorial Guinea,GNQ,GOV_WGI_RL_EST,2023,-1.48074099999999
Equatorial Guinea,GNQ,SE.TER.ENRR,2023,
Equatorial Guinea,GNQ,IP.JRN.ARTC.SC,2023,3.44
Eritrea,ERI,GOV_WGI_CC_EST,2023,-1.4131414
Eritrea,ERI,IT.NET.BBND.P2,2023,
Eritrea,ERI,NY.GDP.PCAP.PP.CD,2023,
Eritrea,ERI,TX.VAL.TECH.MF.ZS,2023,
Eritrea,ERI,IT.CEL.SETS.P2,2023,
Eritrea,ERI,GOV_WGI_PV_EST,2023,-0.7897784
Eritrea,ERI,GOV_WGI_RL_EST,2023,-1.79714659999999
Eritrea,ERI,SE.TER.ENRR,2023,
Eritrea,ERI,IP.JRN.ARTC.SC,2023,29.08
Estonia,EST,GOV_WGI_CC_EST,2023,1.6727855
Estonia,EST,IT.NET.BBND.P2,2023,35.2539796781149
Estonia,EST,NY.GDP.PCAP.PP.CD,2023,48637.18022087952
Estonia,EST,TX.VAL.TECH.MF.ZS,2023,16.581160524958964
Estonia,EST,IT.CEL.SETS.P2,2023,150.195729068839
Estonia,EST,GOV_WGI_PV_EST,2023,0.8473511
Estonia,EST,GOV_WGI_RL_EST,2023,1.482125
Estonia,EST,SE.TER.ENRR,2023,67.6179275512695
Estonia,EST,IP.JRN.ARTC.SC,2023,1753.58
Eswatini,SWZ,GOV_WGI_CC_EST,2023,-0.6292553
Eswatini,SWZ,IT.NET.BBND.P2,2023,2.76365982774566
Eswatini,SWZ,NY.GDP.PCAP.PP.CD,2023,11299.883123678826
Eswatini,SWZ,TX.VAL.TECH.MF.ZS,2023,0.2853071586068864
Eswatini,SWZ,IT.CEL.SETS.P2,2023,128.399211381334
Eswatini,SWZ,GOV_WGI_PV_EST,2023,-0.7261847
Eswatini,SWZ,GOV_WGI_RL_EST,2023,-0.7274341
Eswatini,SWZ,SE.TER.ENRR,2023,
Eswatini,SWZ,IP.JRN.ARTC.SC,2023,30.94
Ethiopia,ETH,GOV_WGI_CC_EST,2023,-0.4629488
Ethiopia,ETH,IT.NET.BBND.P2,2023,0.534823180349513
Ethiopia,ETH,NY.GDP.PCAP.PP.CD,2023,3060.9050300376
Ethiopia,ETH,TX.VAL.TECH.MF.ZS,2023,3.7506205580208727
Ethiopia,ETH,IT.CEL.SETS.P2,2023,59.8748744402242
Ethiopia,ETH,GOV_WGI_PV_EST,2023,-1.86375129999999
Ethiopia,ETH,GOV_WGI_RL_EST,2023,-1.03931399999999
Ethiopia,ETH,SE.TER.ENRR,2023,
Ethiopia,ETH,IP.JRN.ARTC.SC,2023,6727.91
Faroe Islands,FRO,GOV_WGI_CC_EST,2023,
Faroe Islands,FRO,IT.NET.BBND.P2,2023,
Faroe Islands,FRO,NY.GDP.PCAP.PP.CD,2023,79694.92979175801
Faroe Islands,FRO,TX.VAL.TECH.MF.ZS,2023,
Faroe Islands,FRO,IT.CEL.SETS.P2,2023,
Faroe Islands,FRO,GOV_WGI_PV_EST,2023,
Faroe Islands,FRO,GOV_WGI_RL_EST,2023,
Faroe Islands,FRO,SE.TER.ENRR,2023,
Faroe Islands,FRO,IP.JRN.ARTC.SC,2023,
Fiji,FJI,GOV_WGI_CC_EST,2023,0.5323283
Fiji,FJI,IT.NET.BBND.P2,2023,1.82947481185312
Fiji,FJI,NY.GDP.PCAP.PP.CD,2023,14644.177375436131
Fiji,FJI,TX.VAL.TECH.MF.ZS,2023,1.646797844430439
Fiji,FJI,IT.CEL.SETS.P2,2023,361.048644963723
Fiji,FJI,GOV_WGI_PV_EST,2023,0.782933
Fiji,FJI,GOV_WGI_RL_EST,2023,0.3256265
Fiji,FJI,SE.TER.ENRR,2023,60.9679066767014
Fiji,FJI,IP.JRN.ARTC.SC,2023,217.87
Finland,FIN,GOV_WGI_CC_EST,2023,2.193956
Finland,FIN,IT.NET.BBND.P2,2023,35.3318092510781
Finland,FIN,NY.GDP.PCAP.PP.CD,2023,63414.99368781773
Finland,FIN,TX.VAL.TECH.MF.ZS,2023,9.714022595491327
Finland,FIN,IT.CEL.SETS.P2,2023,127.47302579722
Finland,FIN,GOV_WGI_PV_EST,2023,0.7648776
Finland,FIN,GOV_WGI_RL_EST,2023,2.0200539
Finland,FIN,SE.TER.ENRR,2023,108.130409240723
Finland,FIN,IP.JRN.ARTC.SC,2023,11224.2
France,FRA,GOV_WGI_CC_EST,2023,1.2672713
France,FRA,IT.NET.BBND.P2,2023,48.6688340139444
France,FRA,NY.GDP.PCAP.PP.CD,2023,60838.94167164238
France,FRA,TX.VAL.TECH.MF.ZS,2023,22.383544972179177
France,FRA,IT.CEL.SETS.P2,2023,116.687800394775
France,FRA,GOV_WGI_PV_EST,2023,-0.0187716
France,FRA,GOV_WGI_RL_EST,2023,0.9946177
France,FRA,SE.TER.ENRR,2023,70.4536437988281
France,FRA,IP.JRN.ARTC.SC,2023,62180.46
French Polynesia,PYF,GOV_WGI_CC_EST,2023,-0.2230586
French Polynesia,PYF,IT.NET.BBND.P2,2023,35.5533975056738
French Polynesia,PYF,NY.GDP.PCAP.PP.CD,2023,
French Polynesia,PYF,TX.VAL.TECH.MF.ZS,2023,0.9086141145791304
French Polynesia,PYF,IT.CEL.SETS.P2,2023,118.777524029055
French Polynesia,PYF,GOV_WGI_PV_EST,2023,1.049441
French Polynesia,PYF,GOV_WGI_RL_EST,2023,1.0176206
French Polynesia,PYF,SE.TER.ENRR,2023,
French Polynesia,PYF,IP.JRN.ARTC.SC,2023,
Gabon,GAB,GOV_WGI_CC_EST,2023,-0.9748427
Gabon,GAB,IT.NET.BBND.P2,2023,3.97293291301595
Gabon,GAB,NY.GDP.PCAP.PP.CD,2023,20755.665381766
Gabon,GAB,TX.VAL.TECH.MF.ZS,2023,1.773135703659753
Gabon,GAB,IT.CEL.SETS.P2,2023,122.606627765979
Gabon,GAB,GOV_WGI_PV_EST,2023,-0.2702052
Gabon,GAB,GOV_WGI_RL_EST,2023,-1.07816429999999
Gabon,GAB,SE.TER.ENRR,2023,
Gabon,GAB,IP.JRN.ARTC.SC,2023,90.57
"Gambia, The",GMB,GOV_WGI_CC_EST,2023,-0.296167199999999
"Gambia, The",GMB,IT.NET.BBND.P2,2023,0.502141524068284
"Gambia, The",GMB,NY.GDP.PCAP.PP.CD,2023,3289.1328305710667
"Gambia, The",GMB,TX.VAL.TECH.MF.ZS,2023,2.342309834406696
"Gambia, The",GMB,IT.CEL.SETS.P2,2023,117.115660832998
"Gambia, The",GMB,GOV_WGI_PV_EST,2023,0.1359932
"Gambia, The",GMB,GOV_WGI_RL_EST,2023,-0.340458
"Gambia, The",GMB,SE.TER.ENRR,2023,
"Gambia, The",GMB,IP.JRN.ARTC.SC,2023,79.8
Georgia,GEO,GOV_WGI_CC_EST,2023,0.6584135
Georgia,GEO,IT.NET.BBND.P2,2023,29.3086367614167
Georgia,GEO,NY.GDP.PCAP.PP.CD,2023,25071.967726410687
Georgia,GEO,TX.VAL.TECH.MF.ZS,2023,2.293037544018809
Georgia,GEO,IT.CEL.SETS.P2,2023,155.249965068869
Georgia,GEO,GOV_WGI_PV_EST,2023,-0.120908599999999
Georgia,GEO,GOV_WGI_RL_EST,2023,0.1642921
Georgia,GEO,SE.TER.ENRR,2023,78.2652247393707
Georgia,GEO,IP.JRN.ARTC.SC,2023,649.57
Germany,DEU,GOV_WGI_CC_EST,2023,1.699403
Germany,DEU,IT.NET.BBND.P2,2023,45.380522509099
Germany,DEU,NY.GDP.PCAP.PP.CD,2023,71684.0311875583
Germany,DEU,TX.VAL.TECH.MF.ZS,2023,17.78183747966227
Germany,DEU,IT.CEL.SETS.P2,2023,124.662572774586
Germany,DEU,GOV_WGI_PV_EST,2023,0.50602
Germany,DEU,GOV_WGI_RL_EST,2023,1.5855645
Germany,DEU,SE.TER.ENRR,2023,78.5947494506836
Germany,DEU,IP.JRN.ARTC.SC,2023,108782.34
Ghana,GHA,GOV_WGI_CC_EST,2023,-0.1303327
Ghana,GHA,IT.NET.BBND.P2,2023,0.555476730525596
Ghana,GHA,NY.GDP.PCAP.PP.CD,2023,7556.416054532344
Ghana,GHA,TX.VAL.TECH.MF.ZS,2023,2.110037622114449
Ghana,GHA,IT.CEL.SETS.P2,2023,98.8059221412722
Ghana,GHA,GOV_WGI_PV_EST,2023,-0.0688107
Ghana,GHA,GOV_WGI_RL_EST,2023,-0.0029916
Ghana,GHA,SE.TER.ENRR,2023,22.0958254757285
Ghana,GHA,IP.JRN.ARTC.SC,2023,3269.86
Gibraltar,GIB,GOV_WGI_CC_EST,2023,
Gibraltar,GIB,IT.NET.BBND.P2,2023,
Gibraltar,GIB,NY.GDP.PCAP.PP.CD,2023,
Gibraltar,GIB,TX.VAL.TECH.MF.ZS,2023,
Gibraltar,GIB,IT.CEL.SETS.P2,2023,
Gibraltar,GIB,GOV_WGI_PV_EST,2023,
Gibraltar,GIB,GOV_WGI_RL_EST,2023,
Gibraltar,GIB,SE.TER.ENRR,2023,
Gibraltar,GIB,IP.JRN.ARTC.SC,2023,
Greece,GRC,GOV_WGI_CC_EST,2023,0.3292978
Greece,GRC,IT.NET.BBND.P2,2023,43.8539621755853
Greece,GRC,NY.GDP.PCAP.PP.CD,2023,42710.50580103135
Greece,GRC,TX.VAL.TECH.MF.ZS,2023,15.15153377409025
Greece,GRC,IT.CEL.SETS.P2,2023,110.79216956747
Greece,GRC,GOV_WGI_PV_EST,2023,0.3853039
Greece,GRC,GOV_WGI_RL_EST,2023,0.3963788
Greece,GRC,SE.TER.ENRR,2023,165.113418579102
Greece,GRC,IP.JRN.ARTC.SC,2023,13551.59
Greenland,GRL,GOV_WGI_CC_EST,2023,1.0245164
Greenland,GRL,IT.NET.BBND.P2,2023,
Greenland,GRL,NY.GDP.PCAP.PP.CD,2023,78840.59783959885
Greenland,GRL,TX.VAL.TECH.MF.ZS,2023,
Greenland,GRL,IT.CEL.SETS.P2,2023,
Greenland,GRL,GOV_WGI_PV_EST,2023,1.2510555
Greenland,GRL,GOV_WGI_RL_EST,2023,1.5745781
Greenland,GRL,SE.TER.ENRR,2023,
Greenland,GRL,IP.JRN.ARTC.SC,2023,38.42
Grenada,GRD,GOV_WGI_CC_EST,2023,0.3935799
Grenada,GRD,IT.NET.BBND.P2,2023,
Grenada,GRD,NY.GDP.PCAP.PP.CD,2023,18970.74016465297
Grenada,GRD,TX.VAL.TECH.MF.ZS,2023,3.0077613416419737
Grenada,GRD,IT.CEL.SETS.P2,2023,
Grenada,GRD,GOV_WGI_PV_EST,2023,1.2053145
Grenada,GRD,GOV_WGI_RL_EST,2023,0.5500382
Grenada,GRD,SE.TER.ENRR,2023,
Grenada,GRD,IP.JRN.ARTC.SC,2023,42.49
Guam,GUM,GOV_WGI_CC_EST,2023,1.1733125
Guam,GUM,IT.NET.BBND.P2,2023,
Guam,GUM,NY.GDP.PCAP.PP.CD,2023,
Guam,GUM,TX.VAL.TECH.MF.ZS,2023,
Guam,GUM,IT.CEL.SETS.P2,2023,
Guam,GUM,GOV_WGI_PV_EST,2023,0.9986942
Guam,GUM,GOV_WGI_RL_EST,2023,1.0348111
Guam,GUM,SE.TER.ENRR,2023,
Guam,GUM,IP.JRN.ARTC.SC,2023,
Guatemala,GTM,GOV_WGI_CC_EST,2023,-1.0869128
Guatemala,GTM,IT.NET.BBND.P2,2023,5.08082886037381
Guatemala,GTM,NY.GDP.PCAP.PP.CD,2023,13745.363124179436
Guatemala,GTM,TX.VAL.TECH.MF.ZS,2023,5.776624508393925
Guatemala,GTM,IT.CEL.SETS.P2,2023,113.709374947241
Guatemala,GTM,GOV_WGI_PV_EST,2023,-0.2021326
Guatemala,GTM,GOV_WGI_RL_EST,2023,-1.0108162
Guatemala,GTM,SE.TER.ENRR,2023,27.2948879201171
Guatemala,GTM,IP.JRN.ARTC.SC,2023,108.83
Guinea,GIN,GOV_WGI_CC_EST,2023,-1.0078531
Guinea,GIN,IT.NET.BBND.P2,2023,
Guinea,GIN,NY.GDP.PCAP.PP.CD,2023,4333.746173126264
Guinea,GIN,TX.VAL.TECH.MF.ZS,2023,
Guinea,GIN,IT.CEL.SETS.P2,2023,97.8794996455513
Guinea,GIN,GOV_WGI_PV_EST,2023,-0.8765719
Guinea,GIN,GOV_WGI_RL_EST,2023,-1.1068782
Guinea,GIN,SE.TER.ENRR,2023,
Guinea,GIN,IP.JRN.ARTC.SC,2023,54.9
Guinea-Bissau,GNB,GOV_WGI_CC_EST,2023,-1.1549527
Guinea-Bissau,GNB,IT.NET.BBND.P2,2023,0.310448099439986
Guinea-Bissau,GNB,NY.GDP.PCAP.PP.CD,2023,2989.6723598047697
Guinea-Bissau,GNB,TX.VAL.TECH.MF.ZS,2023,
Guinea-Bissau,GNB,IT.CEL.SETS.P2,2023,128.110529740092
Guinea-Bissau,GNB,GOV_WGI_PV_EST,2023,-0.3193937
Guinea-Bissau,GNB,GOV_WGI_RL_EST,2023,-1.2070689
Guinea-Bissau,GNB,SE.TER.ENRR,2023,
Guinea-Bissau,GNB,IP.JRN.ARTC.SC,2023,13.7
Guyana,GUY,GOV_WGI_CC_EST,2023,-0.309865699999999
Guyana,GUY,IT.NET.BBND.P2,2023,
Guyana,GUY,NY.GDP.PCAP.PP.CD,2023,54729.03651563656
Guyana,GUY,TX.VAL.TECH.MF.ZS,2023,15.713892680131517
Guyana,GUY,IT.CEL.SETS.P2,2023,
Guyana,GUY,GOV_WGI_PV_EST,2023,0.2012498
Guyana,GUY,GOV_WGI_RL_EST,2023,-0.371934999999999
Guyana,GUY,SE.TER.ENRR,2023,25.1520757996244
Guyana,GUY,IP.JRN.ARTC.SC,2023,49.61
Haiti,HTI,GOV_WGI_CC_EST,2023,-1.50126609999999
Haiti,HTI,IT.NET.BBND.P2,2023,
Haiti,HTI,NY.GDP.PCAP.PP.CD,2023,3291.738178870665
Haiti,HTI,TX.VAL.TECH.MF.ZS,2023,
Haiti,HTI,IT.CEL.SETS.P2,2023,
Haiti,HTI,GOV_WGI_PV_EST,2023,-0.971741099999999
Haiti,HTI,GOV_WGI_RL_EST,2023,-1.64152989999999
Haiti,HTI,SE.TER.ENRR,2023,
Haiti,HTI,IP.JRN.ARTC.SC,2023,37.83
Honduras,HND,GOV_WGI_CC_EST,2023,-1.09932339999999
Honduras,HND,IT.NET.BBND.P2,2023,4.36212775547539
Honduras,HND,NY.GDP.PCAP.PP.CD,2023,7178.339067815222
Honduras,HND,TX.VAL.TECH.MF.ZS,2023,3.3089155606212444
Honduras,HND,IT.CEL.SETS.P2,2023,74.4148227156961
Honduras,HND,GOV_WGI_PV_EST,2023,-0.3507671
Honduras,HND,GOV_WGI_RL_EST,2023,-1.156469
Honduras,HND,SE.TER.ENRR,2023,
Honduras,HND,IP.JRN.ARTC.SC,2023,130.35
"Hong Kong SAR, China",HKG,GOV_WGI_CC_EST,2023,1.5534193
"Hong Kong SAR, China",HKG,IT.NET.BBND.P2,2023,39.8839727444243
"Hong Kong SAR, China",HKG,NY.GDP.PCAP.PP.CD,2023,71512.31935511608
"Hong Kong SAR, China",HKG,TX.VAL.TECH.MF.ZS,2023,72.3154885126867
"Hong Kong SAR, China",HKG,IT.CEL.SETS.P2,2023,319.493898344345
"Hong Kong SAR, China",HKG,GOV_WGI_PV_EST,2023,0.4084368
"Hong Kong SAR, China",HKG,GOV_WGI_RL_EST,2023,0.875904
"Hong Kong SAR, China",HKG,SE.TER.ENRR,2023,105.461738484398
"Hong Kong SAR, China",HKG,IP.JRN.ARTC.SC,2023,
Hungary,HUN,GOV_WGI_CC_EST,2023,0.083173
Hungary,HUN,IT.NET.BBND.P2,2023,36.7901885342462
Hungary,HUN,NY.GDP.PCAP.PP.CD,2023,46592.38560700735
Hungary,HUN,TX.VAL.TECH.MF.ZS,2023,18.86245696218628
Hungary,HUN,IT.CEL.SETS.P2,2023,105.054424922699
Hungary,HUN,GOV_WGI_PV_EST,2023,0.5841522
Hungary,HUN,GOV_WGI_RL_EST,2023,0.1894005
Hungary,HUN,SE.TER.ENRR,2023,56.5924415588379
Hungary,HUN,IP.JRN.ARTC.SC,2023,8260.49
Iceland,ISL,GOV_WGI_CC_EST,2023,1.6623764
Iceland,ISL,IT.NET.BBND.P2,2023,37.4245919320463
Iceland,ISL,NY.GDP.PCAP.PP.CD,2023,81608.4479116436
Iceland,ISL,TX.VAL.TECH.MF.ZS,2023,43.42454227640107
Iceland,ISL,IT.CEL.SETS.P2,2023,121.475495280706
Iceland,ISL,GOV_WGI_PV_EST,2023,1.2058266
Iceland,ISL,GOV_WGI_RL_EST,2023,1.59027
Iceland,ISL,SE.TER.ENRR,2023,76.5200729370117
Iceland,ISL,IP.JRN.ARTC.SC,2023,715.97
India,IND,GOV_WGI_CC_EST,2023,-0.3353176
India,IND,IT.NET.BBND.P2,2023,2.74534696441771
India,IND,NY.GDP.PCAP.PP.CD,2023,10323.499873442795
India,IND,TX.VAL.TECH.MF.ZS,2023,14.93434729867156
India,IND,IT.CEL.SETS.P2,2023,80.5631998772888
India,IND,GOV_WGI_PV_EST,2023,-0.837974
India,IND,GOV_WGI_RL_EST,2023,-0.0879069
India,IND,SE.TER.ENRR,2023,34.2394344991225
India,IND,IP.JRN.ARTC.SC,2023,228174.31
Indonesia,IDN,GOV_WGI_CC_EST,2023,-0.4431661
Indonesia,IDN,IT.NET.BBND.P2,2023,4.81663955789733
Indonesia,IDN,NY.GDP.PCAP.PP.CD,2023,15415.707925952724
Indonesia,IDN,TX.VAL.TECH.MF.ZS,2023,9.08308687782522
Indonesia,IDN,IT.CEL.SETS.P2,2023,125.238194847046
Indonesia,IDN,GOV_WGI_PV_EST,2023,-0.613745
Indonesia,IDN,GOV_WGI_RL_EST,2023,-0.0817572
Indonesia,IDN,SE.TER.ENRR,2023,44.8813034886441
Indonesia,IDN,IP.JRN.ARTC.SC,2023,38992.0
"Iran, Islamic Rep.",IRN,GOV_WGI_CC_EST,2023,-1.17112979999999
"Iran, Islamic Rep.",IRN,IT.NET.BBND.P2,2023,12.0205942239083
"Iran, Islamic Rep.",IRN,NY.GDP.PCAP.PP.CD,2023,18917.09147231324
"Iran, Islamic Rep.",IRN,TX.VAL.TECH.MF.ZS,2023,
"Iran, Islamic Rep.",IRN,IT.CEL.SETS.P2,2023,166.279821209677
"Iran, Islamic Rep.",IRN,GOV_WGI_PV_EST,2023,-1.2694112
"Iran, Islamic Rep.",IRN,GOV_WGI_RL_EST,2023,-1.20046299999999
"Iran, Islamic Rep.",IRN,SE.TER.ENRR,2023,
"Iran, Islamic Rep.",IRN,IP.JRN.ARTC.SC,2023,55085.25
Iraq,IRQ,GOV_WGI_CC_EST,2023,-1.4169702
Iraq,IRQ,IT.NET.BBND.P2,2023,17.2312565041583
Iraq,IRQ,NY.GDP.PCAP.PP.CD,2023,14652.521239921178
Iraq,IRQ,TX.VAL.TECH.MF.ZS,2023,
Iraq,IRQ,IT.CEL.SETS.P2,2023,101.388721479182
Iraq,IRQ,GOV_WGI_PV_EST,2023,-2.2246949
Iraq,IRQ,GOV_WGI_RL_EST,2023,-1.5002727
Iraq,IRQ,SE.TER.ENRR,2023,
Iraq,IRQ,IP.JRN.ARTC.SC,2023,16724.1
Ireland,IRL,GOV_WGI_CC_EST,2023,1.5859129
Ireland,IRL,IT.NET.BBND.P2,2023,31.8907830651788
Ireland,IRL,NY.GDP.PCAP.PP.CD,2023,129682.60715051716
Ireland,IRL,TX.VAL.TECH.MF.ZS,2023,47.77377328492186
Ireland,IRL,IT.CEL.SETS.P2,2023,110.798344311602
Ireland,IRL,GOV_WGI_PV_EST,2023,0.876648
Ireland,IRL,GOV_WGI_RL_EST,2023,1.5980444
Ireland,IRL,SE.TER.ENRR,2023,
Ireland,IRL,IP.JRN.ARTC.SC,2023,8719.61
Isle of Man,IMN,GOV_WGI_CC_EST,2023,
Isle of Man,IMN,IT.NET.BBND.P2,2023,
Isle of Man,IMN,NY.GDP.PCAP.PP.CD,2023,
Isle of Man,IMN,TX.VAL.TECH.MF.ZS,2023,
Isle of Man,IMN,IT.CEL.SETS.P2,2023,
Isle of Man,IMN,GOV_WGI_PV_EST,2023,
Isle of Man,IMN,GOV_WGI_RL_EST,2023,
Isle of Man,IMN,SE.TER.ENRR,2023,
Isle of Man,IMN,IP.JRN.ARTC.SC,2023,
Israel,ISR,GOV_WGI_CC_EST,2023,0.8712956
Israel,ISR,IT.NET.BBND.P2,2023,29.4357235504327
Israel,ISR,NY.GDP.PCAP.PP.CD,2023,55171.23188143215
Israel,ISR,TX.VAL.TECH.MF.ZS,2023,34.93777358244434
Israel,ISR,IT.CEL.SETS.P2,2023,153.336641345572
Israel,ISR,GOV_WGI_PV_EST,2023,-1.0423159
Israel,ISR,GOV_WGI_RL_EST,2023,0.6642378
Israel,ISR,SE.TER.ENRR,2023,57.143440246582
Israel,ISR,IP.JRN.ARTC.SC,2023,13844.24
Italy,ITA,GOV_WGI_CC_EST,2023,0.571449
Italy,ITA,IT.NET.BBND.P2,2023,31.8410876819321
Italy,ITA,NY.GDP.PCAP.PP.CD,2023,60029.871712398
Italy,ITA,TX.VAL.TECH.MF.ZS,2023,9.9836968942283
Italy,ITA,IT.CEL.SETS.P2,2023,131.871674517747
Italy,ITA,GOV_WGI_PV_EST,2023,0.4737389
Italy,ITA,GOV_WGI_RL_EST,2023,0.6505552
Italy,ITA,SE.TER.ENRR,2023,75.9496536254883
Italy,ITA,IP.JRN.ARTC.SC,2023,82770.89
Jamaica,JAM,GOV_WGI_CC_EST,2023,-0.1364542
Jamaica,JAM,IT.NET.BBND.P2,2023,15.7852035329423
Jamaica,JAM,NY.GDP.PCAP.PP.CD,2023,12650.90529559384
Jamaica,JAM,TX.VAL.TECH.MF.ZS,2023,2.646989791467941
Jamaica,JAM,IT.CEL.SETS.P2,2023,115.092228780619
Jamaica,JAM,GOV_WGI_PV_EST,2023,0.4762874
Jamaica,JAM,GOV_WGI_RL_EST,2023,-0.0768587999999999
Jamaica,JAM,SE.TER.ENRR,2023,
Jamaica,JAM,IP.JRN.ARTC.SC,2023,161.41
Japan,JPN,GOV_WGI_CC_EST,2023,1.3377896
Japan,JPN,IT.NET.BBND.P2,2023,38.6312383711286
Japan,JPN,NY.GDP.PCAP.PP.CD,2023,50661.76634631089
Japan,JPN,TX.VAL.TECH.MF.ZS,2023,17.10280607032123
Japan,JPN,IT.CEL.SETS.P2,2023,178.432441299977
Japan,JPN,GOV_WGI_PV_EST,2023,1.2674256
Japan,JPN,GOV_WGI_RL_EST,2023,1.5084872
Japan,JPN,SE.TER.ENRR,2023,64.4907608032227
Japan,JPN,IP.JRN.ARTC.SC,2023,96543.44
Jordan,JOR,GOV_WGI_CC_EST,2023,0.1060315
Jordan,JOR,IT.NET.BBND.P2,2023,7.03749462484875
Jordan,JOR,NY.GDP.PCAP.PP.CD,2023,10411.841615296738
Jordan,JOR,TX.VAL.TECH.MF.ZS,2023,2.084159854271586
Jordan,JOR,IT.CEL.SETS.P2,2023,67.545678186078
Jordan,JOR,GOV_WGI_PV_EST,2023,-0.3007473
Jordan,JOR,GOV_WGI_RL_EST,2023,0.1232268
Jordan,JOR,SE.TER.ENRR,2023,33.0567036969523
Jordan,JOR,IP.JRN.ARTC.SC,2023,5419.23
Kazakhstan,KAZ,GOV_WGI_CC_EST,2023,-0.2223164
Kazakhstan,KAZ,IT.NET.BBND.P2,2023,14.3457210056574
Kazakhstan,KAZ,NY.GDP.PCAP.PP.CD,2023,38515.18360099794
Kazakhstan,KAZ,TX.VAL.TECH.MF.ZS,2023,34.429337319659645
Kazakhstan,KAZ,IT.CEL.SETS.P2,2023,127.114775212168
Kazakhstan,KAZ,GOV_WGI_PV_EST,2023,-0.2021045
Kazakhstan,KAZ,GOV_WGI_RL_EST,2023,-0.3777888
Kazakhstan,KAZ,SE.TER.ENRR,2023,54.6563982045582
Kazakhstan,KAZ,IP.JRN.ARTC.SC,2023,3818.58
Kenya,KEN,GOV_WGI_CC_EST,2023,-0.7594497
Kenya,KEN,IT.NET.BBND.P2,2023,2.38882511128724
Kenya,KEN,NY.GDP.PCAP.PP.CD,2023,6317.039046650906
Kenya,KEN,TX.VAL.TECH.MF.ZS,2023,3.041694167283178
Kenya,KEN,IT.CEL.SETS.P2,2023,120.612416887959
Kenya,KEN,GOV_WGI_PV_EST,2023,-0.971652
Kenya,KEN,GOV_WGI_RL_EST,2023,-0.427558899999999
Kenya,KEN,SE.TER.ENRR,2023,8.67676730066979
Kenya,KEN,IP.JRN.ARTC.SC,2023,2078.83
Kiribati,KIR,GOV_WGI_CC_EST,2023,0.3317797
Kiribati,KIR,IT.NET.BBND.P2,2023,0.039990945446314
Kiribati,KIR,NY.GDP.PCAP.PP.CD,2023,3485.5580831139905
Kiribati,KIR,TX.VAL.TECH.MF.ZS,2023,
Kiribati,KIR,IT.CEL.SETS.P2,2023,51.2540556855052
Kiribati,KIR,GOV_WGI_PV_EST,2023,1.2433279
Kiribati,KIR,GOV_WGI_RL_EST,2023,0.73465
Kiribati,KIR,SE.TER.ENRR,2023,
Kiribati,KIR,IP.JRN.ARTC.SC,2023,2.14
"Korea, Dem. People's Rep.",PRK,GOV_WGI_CC_EST,2023,-1.5580486
"Korea, Dem. People's Rep.",PRK,IT.NET.BBND.P2,2023,
"Korea, Dem. People's Rep.",PRK,NY.GDP.PCAP.PP.CD,2023,
"Korea, Dem. People's Rep.",PRK,TX.VAL.TECH.MF.ZS,2023,
"Korea, Dem. People's Rep.",PRK,IT.CEL.SETS.P2,2023,
"Korea, Dem. People's Rep.",PRK,GOV_WGI_PV_EST,2023,0.3264333
"Korea, Dem. People's Rep.",PRK,GOV_WGI_RL_EST,2023,-1.5256234
"Korea, Dem. People's Rep.",PRK,SE.TER.ENRR,2023,
"Korea, Dem. People's Rep.",PRK,IP.JRN.ARTC.SC,2023,269.28
"Korea, Rep.",KOR,GOV_WGI_CC_EST,2023,0.8788564
"Korea, Rep.",KOR,IT.NET.BBND.P2,2023,46.5676352036327
"Korea, Rep.",KOR,NY.GDP.PCAP.PP.CD,2023,57429.80310764019
"Korea, Rep.",KOR,TX.VAL.TECH.MF.ZS,2023,30.27627999126511
"Korea, Rep.",KOR,IT.CEL.SETS.P2,2023,162.11365652794
"Korea, Rep.",KOR,GOV_WGI_PV_EST,2023,0.932168
"Korea, Rep.",KOR,GOV_WGI_RL_EST,2023,1.1844569
"Korea, Rep.",KOR,SE.TER.ENRR,2023,106.709167480469
"Korea, Rep.",KOR,IP.JRN.ARTC.SC,2023,71724.33
Kuwait,KWT,GOV_WGI_CC_EST,2023,0.1660086
Kuwait,KWT,IT.NET.BBND.P2,2023,1.01366418243269
Kuwait,KWT,NY.GDP.PCAP.PP.CD,2023,53025.47108580635
Kuwait,KWT,TX.VAL.TECH.MF.ZS,2023,1.7849965684682487
Kuwait,KWT,IT.CEL.SETS.P2,2023,167.68428501222
Kuwait,KWT,GOV_WGI_PV_EST,2023,0.2906988
Kuwait,KWT,GOV_WGI_RL_EST,2023,0.1910577
Kuwait,KWT,SE.TER.ENRR,2023,
Kuwait,KWT,IP.JRN.ARTC.SC,2023,1395.04
Kyrgyz Republic,KGZ,GOV_WGI_CC_EST,2023,-1.1965583
Kyrgyz Republic,KGZ,IT.NET.BBND.P2,2023,6.44652532064676
Kyrgyz Republic,KGZ,NY.GDP.PCAP.PP.CD,2023,7298.086125619335
Kyrgyz Republic,KGZ,TX.VAL.TECH.MF.ZS,2023,16.333537286698142
Kyrgyz Republic,KGZ,IT.CEL.SETS.P2,2023,108.59118718329
Kyrgyz Republic,KGZ,GOV_WGI_PV_EST,2023,-0.509667299999999
Kyrgyz Republic,KGZ,GOV_WGI_RL_EST,2023,-0.973899499999999
Kyrgyz Republic,KGZ,SE.TER.ENRR,2023,53.588822099772
Kyrgyz Republic,KGZ,IP.JRN.ARTC.SC,2023,326.91
Lao PDR,LAO,GOV_WGI_CC_EST,2023,-0.9646387
Lao PDR,LAO,IT.NET.BBND.P2,2023,2.72021122524182
Lao PDR,LAO,NY.GDP.PCAP.PP.CD,2023,9291.788590011382
Lao PDR,LAO,TX.VAL.TECH.MF.ZS,2023,7.419637295834535
Lao PDR,LAO,IT.CEL.SETS.P2,2023,64.7588066942788
Lao PDR,LAO,GOV_WGI_PV_EST,2023,0.7378068
Lao PDR,LAO,GOV_WGI_RL_EST,2023,-0.8447129
Lao PDR,LAO,SE.TER.ENRR,2023,14.8841695785522
Lao PDR,LAO,IP.JRN.ARTC.SC,2023,72.2
Latvia,LVA,GOV_WGI_CC_EST,2023,0.7759204
Latvia,LVA,IT.NET.BBND.P2,2023,25.9948491178264
Latvia,LVA,NY.GDP.PCAP.PP.CD,2023,42576.40607994567
Latvia,LVA,TX.VAL.TECH.MF.ZS,2023,18.554389354562986
Latvia,LVA,IT.CEL.SETS.P2,2023,119.909944560018
Latvia,LVA,GOV_WGI_PV_EST,2023,0.8394628
Latvia,LVA,GOV_WGI_RL_EST,2023,1.0727082
Latvia,LVA,SE.TER.ENRR,2023,85.7360610961914
Latvia,LVA,IP.JRN.ARTC.SC,2023,1736.07
Lebanon,LBN,GOV_WGI_CC_EST,2023,-1.2554109
Lebanon,LBN,IT.NET.BBND.P2,2023,
Lebanon,LBN,NY.GDP.PCAP.PP.CD,2023,12574.8329116403
Lebanon,LBN,TX.VAL.TECH.MF.ZS,2023,4.302360783603364
Lebanon,LBN,IT.CEL.SETS.P2,2023,
Lebanon,LBN,GOV_WGI_PV_EST,2023,-1.2764099
Lebanon,LBN,GOV_WGI_RL_EST,2023,-1.0665045
Lebanon,LBN,SE.TER.ENRR,2023,54.4012561547071
Lebanon,LBN,IP.JRN.ARTC.SC,2023,2079.31
Lesotho,LSO,GOV_WGI_CC_EST,2023,-0.3006103
Lesotho,LSO,IT.NET.BBND.P2,2023,0.383738154734299
Lesotho,LSO,NY.GDP.PCAP.PP.CD,2023,2880.9662961569247
Lesotho,LSO,TX.VAL.TECH.MF.ZS,2023,0.0742607412455622
Lesotho,LSO,IT.CEL.SETS.P2,2023,69.3513051423509
Lesotho,LSO,GOV_WGI_PV_EST,2023,-0.1357263
Lesotho,LSO,GOV_WGI_RL_EST,2023,-0.442253499999999
Lesotho,LSO,SE.TER.ENRR,2023,
Lesotho,LSO,IP.JRN.ARTC.SC,2023,60.18
Liberia,LBR,GOV_WGI_CC_EST,2023,-1.01213
Liberia,LBR,IT.NET.BBND.P2,2023,
Liberia,LBR,NY.GDP.PCAP.PP.CD,2023,1794.533408633621
Liberia,LBR,TX.VAL.TECH.MF.ZS,2023,0.6437185964982839
Liberia,LBR,IT.CEL.SETS.P2,2023,
Liberia,LBR,GOV_WGI_PV_EST,2023,-0.174047999999999
Liberia,LBR,GOV_WGI_RL_EST,2023,-0.8997457
Liberia,LBR,SE.TER.ENRR,2023,
Liberia,LBR,IP.JRN.ARTC.SC,2023,31.54
Libya,LBY,GOV_WGI_CC_EST,2023,-1.5426693
Libya,LBY,IT.NET.BBND.P2,2023,
Libya,LBY,NY.GDP.PCAP.PP.CD,2023,13847.079219004503
Libya,LBY,TX.VAL.TECH.MF.ZS,2023,
Libya,LBY,IT.CEL.SETS.P2,2023,
Libya,LBY,GOV_WGI_PV_EST,2023,-2.0418754
Libya,LBY,GOV_WGI_RL_EST,2023,-1.66847289999999
Libya,LBY,SE.TER.ENRR,2023,
Libya,LBY,IP.JRN.ARTC.SC,2023,443.08
Liechtenstein,LIE,GOV_WGI_CC_EST,2023,1.7538023
Liechtenstein,LIE,IT.NET.BBND.P2,2023,49.4065356836204
Liechtenstein,LIE,NY.GDP.PCAP.PP.CD,2023,
Liechtenstein,LIE,TX.VAL.TECH.MF.ZS,2023,
Liechtenstein,LIE,IT.CEL.SETS.P2,2023,127.059447446841
Liechtenstein,LIE,GOV_WGI_PV_EST,2023,1.5875521
Liechtenstein,LIE,GOV_WGI_RL_EST,2023,1.7276012
Liechtenstein,LIE,SE.TER.ENRR,2023,
Liechtenstein,LIE,IP.JRN.ARTC.SC,2023,51.21
Lithuania,LTU,GOV_WGI_CC_EST,2023,0.8884764
Lithuania,LTU,IT.NET.BBND.P2,2023,27.9638162516437
Lithuania,LTU,NY.GDP.PCAP.PP.CD,2023,52348.2468215268
Lithuania,LTU,TX.VAL.TECH.MF.ZS,2023,14.402895995336069
Lithuania,LTU,IT.CEL.SETS.P2,2023,137.203719983084
Lithuania,LTU,GOV_WGI_PV_EST,2023,0.9517926
Lithuania,LTU,GOV_WGI_RL_EST,2023,1.3288838
Lithuania,LTU,SE.TER.ENRR,2023,77.0064163208008
Lithuania,LTU,IP.JRN.ARTC.SC,2023,2673.09
Luxembourg,LUX,GOV_WGI_CC_EST,2023,2.0124074
Luxembourg,LUX,IT.NET.BBND.P2,2023,38.3793065082138
Luxembourg,LUX,NY.GDP.PCAP.PP.CD,2023,150508.2188868879
Luxembourg,LUX,TX.VAL.TECH.MF.ZS,2023,5.979250210643996
Luxembourg,LUX,IT.CEL.SETS.P2,2023,144.474949556306
Luxembourg,LUX,GOV_WGI_PV_EST,2023,1.0156548
Luxembourg,LUX,GOV_WGI_RL_EST,2023,1.7286548
Luxembourg,LUX,SE.TER.ENRR,2023,21.5371704101562
Luxembourg,LUX,IP.JRN.ARTC.SC,2023,1175.75
"Macao SAR, China",MAC,GOV_WGI_CC_EST,2023,0.5721468
"Macao SAR, China",MAC,IT.NET.BBND.P2,2023,29.6759264447159
"Macao SAR, China",MAC,NY.GDP.PCAP.PP.CD,2023,116328.54060013406
"Macao SAR, China",MAC,TX.VAL.TECH.MF.ZS,2023,0.0
"Macao SAR, China",MAC,IT.CEL.SETS.P2,2023,192.478344669931
"Macao SAR, China",MAC,GOV_WGI_PV_EST,2023,0.9734599
"Macao SAR, China",MAC,GOV_WGI_RL_EST,2023,0.7793536
"Macao SAR, China",MAC,SE.TER.ENRR,2023,129.151041666667
"Macao SAR, China",MAC,IP.JRN.ARTC.SC,2023,
Madagascar,MDG,GOV_WGI_CC_EST,2023,-0.9853603
Madagascar,MDG,IT.NET.BBND.P2,2023,0.124487385085979
Madagascar,MDG,NY.GDP.PCAP.PP.CD,2023,1808.447790385791
Madagascar,MDG,TX.VAL.TECH.MF.ZS,2023,0.4780600540770764
Madagascar,MDG,IT.CEL.SETS.P2,2023,75.4562966735535
Madagascar,MDG,GOV_WGI_PV_EST,2023,-0.840940199999999
Madagascar,MDG,GOV_WGI_RL_EST,2023,-0.955411599999999
Madagascar,MDG,SE.TER.ENRR,2023,6.1466638463036
Madagascar,MDG,IP.JRN.ARTC.SC,2023,153.44
Malawi,MWI,GOV_WGI_CC_EST,2023,-0.627533999999999
Malawi,MWI,IT.NET.BBND.P2,2023,0.079556560544817
Malawi,MWI,NY.GDP.PCAP.PP.CD,2023,1830.4646128744223
Malawi,MWI,TX.VAL.TECH.MF.ZS,2023,5.310565941059038
Malawi,MWI,IT.CEL.SETS.P2,2023,61.0866071008045
Malawi,MWI,GOV_WGI_PV_EST,2023,-0.242439899999999
Malawi,MWI,GOV_WGI_RL_EST,2023,-0.1343556
Malawi,MWI,SE.TER.ENRR,2023,
Malawi,MWI,IP.JRN.ARTC.SC,2023,377.51
Malaysia,MYS,GOV_WGI_CC_EST,2023,0.380697
Malaysia,MYS,IT.NET.BBND.P2,2023,13.0287000355119
Malaysia,MYS,NY.GDP.PCAP.PP.CD,2023,36466.89149383334
Malaysia,MYS,TX.VAL.TECH.MF.ZS,2023,59.41550744217887
Malaysia,MYS,IT.CEL.SETS.P2,2023,142.7320920639
Malaysia,MYS,GOV_WGI_PV_EST,2023,0.2281849
Malaysia,MYS,GOV_WGI_RL_EST,2023,0.3016843
Malaysia,MYS,SE.TER.ENRR,2023,37.2745812491757
Malaysia,MYS,IP.JRN.ARTC.SC,2023,23690.94
Maldives,MDV,GOV_WGI_CC_EST,2023,-0.2664677
Maldives,MDV,IT.NET.BBND.P2,2023,18.6292999539919
Maldives,MDV,NY.GDP.PCAP.PP.CD,2023,24786.203212345084
Maldives,MDV,TX.VAL.TECH.MF.ZS,2023,0.1895050573795499
Maldives,MDV,IT.CEL.SETS.P2,2023,141.601234995076
Maldives,MDV,GOV_WGI_PV_EST,2023,0.0832571999999999
Maldives,MDV,GOV_WGI_RL_EST,2023,0.096589
Maldives,MDV,SE.TER.ENRR,2023,
Maldives,MDV,IP.JRN.ARTC.SC,2023,31.74
Mali,MLI,GOV_WGI_CC_EST,2023,-0.849355899999999
Mali,MLI,IT.NET.BBND.P2,2023,
Mali,MLI,NY.GDP.PCAP.PP.CD,2023,3174.629602763957
Mali,MLI,TX.VAL.TECH.MF.ZS,2023,5.360654760795296
Mali,MLI,IT.CEL.SETS.P2,2023,
Mali,MLI,GOV_WGI_PV_EST,2023,-2.5578431
Mali,MLI,GOV_WGI_RL_EST,2023,-1.0366418
Mali,MLI,SE.TER.ENRR,2023,
Mali,MLI,IP.JRN.ARTC.SC,2023,116.65
Malta,MLT,GOV_WGI_CC_EST,2023,0.3219728
Malta,MLT,IT.NET.BBND.P2,2023,44.282454836797
Malta,MLT,NY.GDP.PCAP.PP.CD,2023,67057.21843298913
Malta,MLT,TX.VAL.TECH.MF.ZS,2023,43.269279320947874
Malta,MLT,IT.CEL.SETS.P2,2023,140.59359496844
Malta,MLT,GOV_WGI_PV_EST,2023,0.9382841
Malta,MLT,GOV_WGI_RL_EST,2023,0.7940278
Malta,MLT,SE.TER.ENRR,2023,80.5250091552734
Malta,MLT,IP.JRN.ARTC.SC,2023,497.77
Marshall Islands,MHL,GOV_WGI_CC_EST,2023,-0.0290067
Marshall Islands,MHL,IT.NET.BBND.P2,2023,
Marshall Islands,MHL,NY.GDP.PCAP.PP.CD,2023,7548.732537479442
Marshall Islands,MHL,TX.VAL.TECH.MF.ZS,2023,
Marshall Islands,MHL,IT.CEL.SETS.P2,2023,
Marshall Islands,MHL,GOV_WGI_PV_EST,2023,1.2823827
Marshall Islands,MHL,GOV_WGI_RL_EST,2023,0.8357983
Marshall Islands,MHL,SE.TER.ENRR,2023,
Marshall Islands,MHL,IP.JRN.ARTC.SC,2023,0.92
Mauritania,MRT,GOV_WGI_CC_EST,2023,-0.7965253
Mauritania,MRT,IT.NET.BBND.P2,2023,0.59041012129361
Mauritania,MRT,NY.GDP.PCAP.PP.CD,2023,6965.909535747145
Mauritania,MRT,TX.VAL.TECH.MF.ZS,2023,2.350646234497596
Mauritania,MRT,IT.CEL.SETS.P2,2023,90.7724948884417
Mauritania,MRT,GOV_WGI_PV_EST,2023,-0.504269499999999
Mauritania,MRT,GOV_WGI_RL_EST,2023,-0.8540015
Mauritania,MRT,SE.TER.ENRR,2023,
Mauritania,MRT,IP.JRN.ARTC.SC,2023,46.84
Mauritius,MUS,GOV_WGI_CC_EST,2023,0.3417899
Mauritius,MUS,IT.NET.BBND.P2,2023,26.9082309192612
Mauritius,MUS,NY.GDP.PCAP.PP.CD,2023,29560.71372300788
Mauritius,MUS,TX.VAL.TECH.MF.ZS,2023,1.014538900784168
Mauritius,MUS,IT.CEL.SETS.P2,2023,165.257524411348
Mauritius,MUS,GOV_WGI_PV_EST,2023,0.8348296
Mauritius,MUS,GOV_WGI_RL_EST,2023,0.6633408
Mauritius,MUS,SE.TER.ENRR,2023,43.3386887794765
Mauritius,MUS,IP.JRN.ARTC.SC,2023,205.31
Mexico,MEX,GOV_WGI_CC_EST,2023,-0.9321625
Mexico,MEX,IT.NET.BBND.P2,2023,20.752917384408
Mexico,MEX,NY.GDP.PCAP.PP.CD,2023,25243.1644887582
Mexico,MEX,TX.VAL.TECH.MF.ZS,2023,17.99387858126017
Mexico,MEX,IT.CEL.SETS.P2,2023,111.735420288549
Mexico,MEX,GOV_WGI_PV_EST,2023,-0.5984727
Mexico,MEX,GOV_WGI_RL_EST,2023,-1.0777054
Mexico,MEX,SE.TER.ENRR,2023,47.474681854248
Mexico,MEX,IP.JRN.ARTC.SC,2023,18981.87
"Micronesia, Fed. Sts.",FSM,GOV_WGI_CC_EST,2023,0.2977827
"Micronesia, Fed. Sts.",FSM,IT.NET.BBND.P2,2023,
"Micronesia, Fed. Sts.",FSM,NY.GDP.PCAP.PP.CD,2023,4233.744925587685
"Micronesia, Fed. Sts.",FSM,TX.VAL.TECH.MF.ZS,2023,
"Micronesia, Fed. Sts.",FSM,IT.CEL.SETS.P2,2023,
"Micronesia, Fed. Sts.",FSM,GOV_WGI_PV_EST,2023,1.5046321
"Micronesia, Fed. Sts.",FSM,GOV_WGI_RL_EST,2023,0.9770145
"Micronesia, Fed. Sts.",FSM,SE.TER.ENRR,2023,
"Micronesia, Fed. Sts.",FSM,IP.JRN.ARTC.SC,2023,3.74
Moldova,MDA,GOV_WGI_CC_EST,2023,-0.266050299999999
Moldova,MDA,IT.NET.BBND.P2,2023,27.3086365814931
Moldova,MDA,NY.GDP.PCAP.PP.CD,2023,17746.94055386838
Moldova,MDA,TX.VAL.TECH.MF.ZS,2023,2.617084405382722
Moldova,MDA,IT.CEL.SETS.P2,2023,129.546081439289
Moldova,MDA,GOV_WGI_PV_EST,2023,-0.2678685
Moldova,MDA,GOV_WGI_RL_EST,2023,-0.1938657
Moldova,MDA,SE.TER.ENRR,2023,71.1679028753075
Moldova,MDA,IP.JRN.ARTC.SC,2023,335.06
Monaco,MCO,GOV_WGI_CC_EST,2023,1.1733125
Monaco,MCO,IT.NET.BBND.P2,2023,55.8835609405483
Monaco,MCO,NY.GDP.PCAP.PP.CD,2023,
Monaco,MCO,TX.VAL.TECH.MF.ZS,2023,
Monaco,MCO,IT.CEL.SETS.P2,2023,104.060991888284
Monaco,MCO,GOV_WGI_PV_EST,2023,1.3791391
Monaco,MCO,GOV_WGI_RL_EST,2023,1.3454922
Monaco,MCO,SE.TER.ENRR,2023,
Monaco,MCO,IP.JRN.ARTC.SC,2023,37.23
Mongolia,MNG,GOV_WGI_CC_EST,2023,-0.6187813
Mongolia,MNG,IT.NET.BBND.P2,2023,14.5529107220073
Mongolia,MNG,NY.GDP.PCAP.PP.CD,2023,18004.85120583547
Mongolia,MNG,TX.VAL.TECH.MF.ZS,2023,22.536554566993505
Mongolia,MNG,IT.CEL.SETS.P2,2023,141.08481753135
Mongolia,MNG,GOV_WGI_PV_EST,2023,0.6432601
Mongolia,MNG,GOV_WGI_RL_EST,2023,-0.1575492
Mongolia,MNG,SE.TER.ENRR,2023,67.941399950927
Mongolia,MNG,IP.JRN.ARTC.SC,2023,276.87
Montenegro,MNE,GOV_WGI_CC_EST,2023,-0.0680776999999999
Montenegro,MNE,IT.NET.BBND.P2,2023,32.0155251660479
Montenegro,MNE,NY.GDP.PCAP.PP.CD,2023,31862.77157780415
Montenegro,MNE,TX.VAL.TECH.MF.ZS,2023,7.995201603123919
Montenegro,MNE,IT.CEL.SETS.P2,2023,207.237922064803
Montenegro,MNE,GOV_WGI_PV_EST,2023,0.262079
Montenegro,MNE,GOV_WGI_RL_EST,2023,0.1276478
Montenegro,MNE,SE.TER.ENRR,2023,55.1743011474609
Montenegro,MNE,IP.JRN.ARTC.SC,2023,254.67
Morocco,MAR,GOV_WGI_CC_EST,2023,-0.5521901
Morocco,MAR,IT.NET.BBND.P2,2023,7.02184328513844
Morocco,MAR,NY.GDP.PCAP.PP.CD,2023,9894.650390625
Morocco,MAR,TX.VAL.TECH.MF.ZS,2023,5.430705672611437
Morocco,MAR,IT.CEL.SETS.P2,2023,148.155101338402
Morocco,MAR,GOV_WGI_PV_EST,2023,-0.534977199999999
Morocco,MAR,GOV_WGI_RL_EST,2023,-0.3934002
Morocco,MAR,SE.TER.ENRR,2023,47.4687039298036
Morocco,MAR,IP.JRN.ARTC.SC,2023,9724.77
Mozambique,MOZ,GOV_WGI_CC_EST,2023,-0.904286399999999
Mozambique,MOZ,IT.NET.BBND.P2,2023,0.149001818335337
Mozambique,MOZ,NY.GDP.PCAP.PP.CD,2023,1678.391182436808
Mozambique,MOZ,TX.VAL.TECH.MF.ZS,2023,2.7424455781527737
Mozambique,MOZ,IT.CEL.SETS.P2,2023,47.5003032540948
Mozambique,MOZ,GOV_WGI_PV_EST,2023,-1.41840379999999
Mozambique,MOZ,GOV_WGI_RL_EST,2023,-1.1016921
Mozambique,MOZ,SE.TER.ENRR,2023,
Mozambique,MOZ,IP.JRN.ARTC.SC,2023,204.82
Myanmar,MMR,GOV_WGI_CC_EST,2023,-1.11163979999999
Myanmar,MMR,IT.NET.BBND.P2,2023,2.79829802446154
Myanmar,MMR,NY.GDP.PCAP.PP.CD,2023,5953.357351659129
Myanmar,MMR,TX.VAL.TECH.MF.ZS,2023,2.946314142416057
Myanmar,MMR,IT.CEL.SETS.P2,2023,121.027626770248
Myanmar,MMR,GOV_WGI_PV_EST,2023,-2.2086828
Myanmar,MMR,GOV_WGI_RL_EST,2023,-1.7242442
Myanmar,MMR,SE.TER.ENRR,2023,
Myanmar,MMR,IP.JRN.ARTC.SC,2023,233.94
Namibia,NAM,GOV_WGI_CC_EST,2023,0.1649292
Namibia,NAM,IT.NET.BBND.P2,2023,3.52006938690795
Namibia,NAM,NY.GDP.PCAP.PP.CD,2023,11251.237031381876
Namibia,NAM,TX.VAL.TECH.MF.ZS,2023,0.0809713952530879
Namibia,NAM,IT.CEL.SETS.P2,2023,87.6760954339972
Namibia,NAM,GOV_WGI_PV_EST,2023,0.4150583
Namibia,NAM,GOV_WGI_RL_EST,2023,0.3088084
Namibia,NAM,SE.TER.ENRR,2023,
Namibia,NAM,IP.JRN.ARTC.SC,2023,231.33
Nauru,NRU,GOV_WGI_CC_EST,2023,0.443007
Nauru,NRU,IT.NET.BBND.P2,2023,
Nauru,NRU,NY.GDP.PCAP.PP.CD,2023,13731.57047450158
Nauru,NRU,TX.VAL.TECH.MF.ZS,2023,
Nauru,NRU,IT.CEL.SETS.P2,2023,
Nauru,NRU,GOV_WGI_PV_EST,2023,1.0356891
Nauru,NRU,GOV_WGI_RL_EST,2023,0.3470294
Nauru,NRU,SE.TER.ENRR,2023,
Nauru,NRU,IP.JRN.ARTC.SC,2023,0.13
Nepal,NPL,GOV_WGI_CC_EST,2023,-0.629219899999999
Nepal,NPL,IT.NET.BBND.P2,2023,10.6751345547041
Nepal,NPL,NY.GDP.PCAP.PP.CD,2023,5395.208200775129
Nepal,NPL,TX.VAL.TECH.MF.ZS,2023,
Nepal,NPL,IT.CEL.SETS.P2,2023,117.759577544938
Nepal,NPL,GOV_WGI_PV_EST,2023,-0.312959
Nepal,NPL,GOV_WGI_RL_EST,2023,-0.3365421
Nepal,NPL,SE.TER.ENRR,2023,19.0357612047581
Nepal,NPL,IP.JRN.ARTC.SC,2023,1590.74
Netherlands,NLD,GOV_WGI_CC_EST,2023,1.8837073
Netherlands,NLD,IT.NET.BBND.P2,2023,43.2644444744139
Netherlands,NLD,NY.GDP.PCAP.PP.CD,2023,81728.69046292681
Netherlands,NLD,TX.VAL.TECH.MF.ZS,2023,24.510646527493627
Netherlands,NLD,IT.CEL.SETS.P2,2023,125.272736960305
Netherlands,NLD,GOV_WGI_PV_EST,2023,0.6084395
Netherlands,NLD,GOV_WGI_RL_EST,2023,1.7174805
Netherlands,NLD,SE.TER.ENRR,2023,86.5938262939453
Netherlands,NLD,IP.JRN.ARTC.SC,2023,32207.08
New Caledonia,NCL,GOV_WGI_CC_EST,2023,0.1118532
New Caledonia,NCL,IT.NET.BBND.P2,2023,
New Caledonia,NCL,NY.GDP.PCAP.PP.CD,2023,
New Caledonia,NCL,TX.VAL.TECH.MF.ZS,2023,
New Caledonia,NCL,IT.CEL.SETS.P2,2023,
New Caledonia,NCL,GOV_WGI_PV_EST,2023,1.1167211
New Caledonia,NCL,GOV_WGI_RL_EST,2023,1.0855574
New Caledonia,NCL,SE.TER.ENRR,2023,
New Caledonia,NCL,IP.JRN.ARTC.SC,2023,
New Zealand,NZL,GOV_WGI_CC_EST,2023,2.0156067
New Zealand,NZL,IT.NET.BBND.P2,2023,37.8530848455277
New Zealand,NZL,NY.GDP.PCAP.PP.CD,2023,54697.382252318
New Zealand,NZL,TX.VAL.TECH.MF.ZS,2023,12.649485735640065
New Zealand,NZL,IT.CEL.SETS.P2,2023,126.854978584281
New Zealand,NZL,GOV_WGI_PV_EST,2023,1.2849613
New Zealand,NZL,GOV_WGI_RL_EST,2023,1.7075544
New Zealand,NZL,SE.TER.ENRR,2023,76.3811416625977
New Zealand,NZL,IP.JRN.ARTC.SC,2023,8096.23
Nicaragua,NIC,GOV_WGI_CC_EST,2023,-1.25988029999999
Nicaragua,NIC,IT.NET.BBND.P2,2023,5.43030503048751
Nicaragua,NIC,NY.GDP.PCAP.PP.CD,2023,8319.97944140996
Nicaragua,NIC,TX.VAL.TECH.MF.ZS,2023,0.8046531571411112
Nicaragua,NIC,IT.CEL.SETS.P2,2023,105.843136180202
Nicaragua,NIC,GOV_WGI_PV_EST,2023,-0.0652355999999999
Nicaragua,NIC,GOV_WGI_RL_EST,2023,-1.5960126
Nicaragua,NIC,SE.TER.ENRR,2023,30.3635101318359
Nicaragua,NIC,IP.JRN.ARTC.SC,2023,40.65
Niger,NER,GOV_WGI_CC_EST,2023,-0.517433
Niger,NER,IT.NET.BBND.P2,2023,0.107619048674827
Niger,NER,NY.GDP.PCAP.PP.CD,2023,1875.153067706276
Niger,NER,TX.VAL.TECH.MF.ZS,2023,8.96675024256666
Niger,NER,IT.CEL.SETS.P2,2023,65.735032215569
Niger,NER,GOV_WGI_PV_EST,2023,-1.65337929999999
Niger,NER,GOV_WGI_RL_EST,2023,-0.804084799999999
Niger,NER,SE.TER.ENRR,2023,
Niger,NER,IP.JRN.ARTC.SC,2023,90.18
Nigeria,NGA,GOV_WGI_CC_EST,2023,-1.098731
Nigeria,NGA,IT.NET.BBND.P2,2023,0.051283785190682
Nigeria,NGA,NY.GDP.PCAP.PP.CD,2023,8705.434266935388
Nigeria,NGA,TX.VAL.TECH.MF.ZS,2023,3.530423702949878
Nigeria,NGA,IT.CEL.SETS.P2,2023,98.4772822731425
Nigeria,NGA,GOV_WGI_PV_EST,2023,-1.9559706
Nigeria,NGA,GOV_WGI_RL_EST,2023,-0.934848799999999
Nigeria,NGA,SE.TER.ENRR,2023,
Nigeria,NGA,IP.JRN.ARTC.SC,2023,9799.39
North Macedonia,MKD,GOV_WGI_CC_EST,2023,-0.3541776
North Macedonia,MKD,IT.NET.BBND.P2,2023,29.1771708951077
North Macedonia,MKD,NY.GDP.PCAP.PP.CD,2023,25354.10350576199
North Macedonia,MKD,TX.VAL.TECH.MF.ZS,2023,5.22971063617991
North Macedonia,MKD,IT.CEL.SETS.P2,2023,106.458776658176
North Macedonia,MKD,GOV_WGI_PV_EST,2023,0.2173102
North Macedonia,MKD,GOV_WGI_RL_EST,2023,-0.2738806
North Macedonia,MKD,SE.TER.ENRR,2023,55.0082015991211
North Macedonia,MKD,IP.JRN.ARTC.SC,2023,498.97
Northern Mariana Islands,MNP,GOV_WGI_CC_EST,2023,
Northern Mariana Islands,MNP,IT.NET.BBND.P2,2023,
Northern Mariana Islands,MNP,NY.GDP.PCAP.PP.CD,2023,
Northern Mariana Islands,MNP,TX.VAL.TECH.MF.ZS,2023,
Northern Mariana Islands,MNP,IT.CEL.SETS.P2,2023,
Northern Mariana Islands,MNP,GOV_WGI_PV_EST,2023,
Northern Mariana Islands,MNP,GOV_WGI_RL_EST,2023,
Northern Mariana Islands,MNP,SE.TER.ENRR,2023,
Northern Mariana Islands,MNP,IP.JRN.ARTC.SC,2023,
Norway,NOR,GOV_WGI_CC_EST,2023,2.0745237
Norway,NOR,IT.NET.BBND.P2,2023,45.4377082628592
Norway,NOR,NY.GDP.PCAP.PP.CD,2023,103637.51684367847
Norway,NOR,TX.VAL.TECH.MF.ZS,2023,25.67461437749992
Norway,NOR,IT.CEL.SETS.P2,2023,109.654228618195
Norway,NOR,GOV_WGI_PV_EST,2023,0.9361906
Norway,NOR,GOV_WGI_RL_EST,2023,1.9859646
Norway,NOR,SE.TER.ENRR,2023,95.0573806762695
Norway,NOR,IP.JRN.ARTC.SC,2023,13756.15
Oman,OMN,GOV_WGI_CC_EST,2023,0.227724
Oman,OMN,IT.NET.BBND.P2,2023,10.8793321668994
Oman,OMN,NY.GDP.PCAP.PP.CD,2023,41945.02556408825
Oman,OMN,TX.VAL.TECH.MF.ZS,2023,5.005393460961461
Oman,OMN,IT.CEL.SETS.P2,2023,122.291457994634
Oman,OMN,GOV_WGI_PV_EST,2023,0.5521576
Oman,OMN,GOV_WGI_RL_EST,2023,0.3443083
Oman,OMN,SE.TER.ENRR,2023,
Oman,OMN,IP.JRN.ARTC.SC,2023,1640.31
Pakistan,PAK,GOV_WGI_CC_EST,2023,-1.0461855
Pakistan,PAK,IT.NET.BBND.P2,2023,1.35622425766449
Pakistan,PAK,NY.GDP.PCAP.PP.CD,2023,6013.9896363860025
Pakistan,PAK,TX.VAL.TECH.MF.ZS,2023,1.9028093899842704
Pakistan,PAK,IT.CEL.SETS.P2,2023,76.5397606213172
Pakistan,PAK,GOV_WGI_PV_EST,2023,-1.9403838
Pakistan,PAK,GOV_WGI_RL_EST,2023,-1.0042887
Pakistan,PAK,SE.TER.ENRR,2023,10.4770304814137
Pakistan,PAK,IP.JRN.ARTC.SC,2023,20519.11
Palau,PLW,GOV_WGI_CC_EST,2023,0.443007
Palau,PLW,IT.NET.BBND.P2,2023,7.33344615558188
Palau,PLW,NY.GDP.PCAP.PP.CD,2023,18230.269862741385
Palau,PLW,TX.VAL.TECH.MF.ZS,2023,
Palau,PLW,IT.CEL.SETS.P2,2023,135.386698256896
Palau,PLW,GOV_WGI_PV_EST,2023,1.2451365
Palau,PLW,GOV_WGI_RL_EST,2023,1.17116
Palau,PLW,SE.TER.ENRR,2023,41.130604288499
Palau,PLW,IP.JRN.ARTC.SC,2023,5.04
Panama,PAN,GOV_WGI_CC_EST,2023,-0.566951499999999
Panama,PAN,IT.NET.BBND.P2,2023,18.1341265585334
Panama,PAN,NY.GDP.PCAP.PP.CD,2023,39813.385793997215
Panama,PAN,TX.VAL.TECH.MF.ZS,2023,1.0004916401567496
Panama,PAN,IT.CEL.SETS.P2,2023,156.586507591014
Panama,PAN,GOV_WGI_PV_EST,2023,0.3693808
Panama,PAN,GOV_WGI_RL_EST,2023,-0.227944099999999
Panama,PAN,SE.TER.ENRR,2023,53.6949637061742
Panama,PAN,IP.JRN.ARTC.SC,2023,282.01
Papua New Guinea,PNG,GOV_WGI_CC_EST,2023,-0.6018212
Papua New Guinea,PNG,IT.NET.BBND.P2,2023,0.228111959659795
Papua New Guinea,PNG,NY.GDP.PCAP.PP.CD,2023,4667.835670929906
Papua New Guinea,PNG,TX.VAL.TECH.MF.ZS,2023,10.248078468472276
Papua New Guinea,PNG,IT.CEL.SETS.P2,2023,34.0588961979896
Papua New Guinea,PNG,GOV_WGI_PV_EST,2023,-0.530809
Papua New Guinea,PNG,GOV_WGI_RL_EST,2023,-0.510767499999999
Papua New Guinea,PNG,SE.TER.ENRR,2023,
Papua New Guinea,PNG,IP.JRN.ARTC.SC,2023,69.76
Paraguay,PRY,GOV_WGI_CC_EST,2023,-1.0149203
Paraguay,PRY,IT.NET.BBND.P2,2023,12.8835504093571
Paraguay,PRY,NY.GDP.PCAP.PP.CD,2023,17564.491236937418
Paraguay,PRY,TX.VAL.TECH.MF.ZS,2023,9.96565594921736
Paraguay,PRY,IT.CEL.SETS.P2,2023,126.605481531224
Paraguay,PRY,GOV_WGI_PV_EST,2023,0.0023837999999999
Paraguay,PRY,GOV_WGI_RL_EST,2023,-0.580114999999999
Paraguay,PRY,SE.TER.ENRR,2023,
Paraguay,PRY,IP.JRN.ARTC.SC,2023,253.35
Peru,PER,GOV_WGI_CC_EST,2023,-0.6654876
Peru,PER,IT.NET.BBND.P2,2023,10.4364266723222
Peru,PER,NY.GDP.PCAP.PP.CD,2023,17011.227802882473
Peru,PER,TX.VAL.TECH.MF.ZS,2023,5.015720128215253
Peru,PER,IT.CEL.SETS.P2,2023,121.975084691173
Peru,PER,GOV_WGI_PV_EST,2023,-0.7239502
Peru,PER,GOV_WGI_RL_EST,2023,-0.4787644
Peru,PER,SE.TER.ENRR,2023,
Peru,PER,IP.JRN.ARTC.SC,2023,5241.67
Philippines,PHL,GOV_WGI_CC_EST,2023,-0.5690313
Philippines,PHL,IT.NET.BBND.P2,2023,6.5393085505183
Philippines,PHL,NY.GDP.PCAP.PP.CD,2023,10985.829262750516
Philippines,PHL,TX.VAL.TECH.MF.ZS,2023,63.977928897569015
Philippines,PHL,IT.CEL.SETS.P2,2023,117.275521687262
Philippines,PHL,GOV_WGI_PV_EST,2023,-0.709066
Philippines,PHL,GOV_WGI_RL_EST,2023,-0.601158699999999
Philippines,PHL,SE.TER.ENRR,2023,44.2394203278519
Philippines,PHL,IP.JRN.ARTC.SC,2023,4752.21
Poland,POL,GOV_WGI_CC_EST,2023,0.7534838
Poland,POL,IT.NET.BBND.P2,2023,24.526154479274
Poland,POL,NY.GDP.PCAP.PP.CD,2023,48473.09402864191
Poland,POL,TX.VAL.TECH.MF.ZS,2023,12.122318973594732
Poland,POL,IT.CEL.SETS.P2,2023,135.146301442691
Poland,POL,GOV_WGI_PV_EST,2023,0.5055901
Poland,POL,GOV_WGI_RL_EST,2023,0.3564347
Poland,POL,SE.TER.ENRR,2023,76.8794097900391
Poland,POL,IP.JRN.ARTC.SC,2023,31218.47
Portugal,PRT,GOV_WGI_CC_EST,2023,0.7848198
Portugal,PRT,IT.NET.BBND.P2,2023,44.1107426914567
Portugal,PRT,NY.GDP.PCAP.PP.CD,2023,49352.83886130321
Portugal,PRT,TX.VAL.TECH.MF.ZS,2023,6.710841679983992
Portugal,PRT,IT.CEL.SETS.P2,2023,123.001507659381
Portugal,PRT,GOV_WGI_PV_EST,2023,0.7890296
Portugal,PRT,GOV_WGI_RL_EST,2023,1.0824285
Portugal,PRT,SE.TER.ENRR,2023,77.6778182983398
Portugal,PRT,IP.JRN.ARTC.SC,2023,18225.29
Puerto Rico (US),PRI,GOV_WGI_CC_EST,2023,0.3527223
Puerto Rico (US),PRI,IT.NET.BBND.P2,2023,23.1595519217476
Puerto Rico (US),PRI,NY.GDP.PCAP.PP.CD,2023,47543.39377615281
Puerto Rico (US),PRI,TX.VAL.TECH.MF.ZS,2023,
Puerto Rico (US),PRI,IT.CEL.SETS.P2,2023,124.513459651582
Puerto Rico (US),PRI,GOV_WGI_PV_EST,2023,0.2902359
Puerto Rico (US),PRI,GOV_WGI_RL_EST,2023,0.5366948
Puerto Rico (US),PRI,SE.TER.ENRR,2023,77.9263575380698
Puerto Rico (US),PRI,IP.JRN.ARTC.SC,2023,604.62
Qatar,QAT,GOV_WGI_CC_EST,2023,0.7757739
Qatar,QAT,IT.NET.BBND.P2,2023,11.641102863231
Qatar,QAT,NY.GDP.PCAP.PP.CD,2023,129367.8696709272
Qatar,QAT,TX.VAL.TECH.MF.ZS,2023,2.7800363029790134
Qatar,QAT,IT.CEL.SETS.P2,2023,157.82063065065
Qatar,QAT,GOV_WGI_PV_EST,2023,1.0147153
Qatar,QAT,GOV_WGI_RL_EST,2023,0.5728637
Qatar,QAT,SE.TER.ENRR,2023,38.2058906555176
Qatar,QAT,IP.JRN.ARTC.SC,2023,2471.29
Romania,ROU,GOV_WGI_CC_EST,2023,0.0314923
Romania,ROU,IT.NET.BBND.P2,2023,34.6706189336505
Romania,ROU,NY.GDP.PCAP.PP.CD,2023,45981.602778522174
Romania,ROU,TX.VAL.TECH.MF.ZS,2023,12.67474083271228
Romania,ROU,IT.CEL.SETS.P2,2023,123.252482585042
Romania,ROU,GOV_WGI_PV_EST,2023,0.4983587
Romania,ROU,GOV_WGI_RL_EST,2023,0.4118457
Romania,ROU,SE.TER.ENRR,2023,55.1682891845703
Romania,ROU,IP.JRN.ARTC.SC,2023,10712.88
Russian Federation,RUS,GOV_WGI_CC_EST,2023,-0.8877345
Russian Federation,RUS,IT.NET.BBND.P2,2023,25.8238695549039
Russian Federation,RUS,NY.GDP.PCAP.PP.CD,2023,44268.73046875
Russian Federation,RUS,TX.VAL.TECH.MF.ZS,2023,
Russian Federation,RUS,IT.CEL.SETS.P2,2023,180.841776534047
Russian Federation,RUS,GOV_WGI_PV_EST,2023,-0.8184163
Russian Federation,RUS,GOV_WGI_RL_EST,2023,-1.0734047
Russian Federation,RUS,SE.TER.ENRR,2023,93.7277679443359
Russian Federation,RUS,IP.JRN.ARTC.SC,2023,85558.11
Rwanda,RWA,GOV_WGI_CC_EST,2023,0.6808504
Rwanda,RWA,IT.NET.BBND.P2,2023,0.445556123195211
Rwanda,RWA,NY.GDP.PCAP.PP.CD,2023,3399.451746031431
Rwanda,RWA,TX.VAL.TECH.MF.ZS,2023,
Rwanda,RWA,IT.CEL.SETS.P2,2023,91.4622704078141
Rwanda,RWA,GOV_WGI_PV_EST,2023,0.0380223
Rwanda,RWA,GOV_WGI_RL_EST,2023,0.0714762
Rwanda,RWA,SE.TER.ENRR,2023,8.88624308383425
Rwanda,RWA,IP.JRN.ARTC.SC,2023,433.51
Samoa,WSM,GOV_WGI_CC_EST,2023,0.8188682
Samoa,WSM,IT.NET.BBND.P2,2023,
Samoa,WSM,NY.GDP.PCAP.PP.CD,2023,8194.807256407335
Samoa,WSM,TX.VAL.TECH.MF.ZS,2023,5.742017319368896
Samoa,WSM,IT.CEL.SETS.P2,2023,
Samoa,WSM,GOV_WGI_PV_EST,2023,1.2435234
Samoa,WSM,GOV_WGI_RL_EST,2023,1.0530364
Samoa,WSM,SE.TER.ENRR,2023,14.6106638814429
Samoa,WSM,IP.JRN.ARTC.SC,2023,21.85
San Marino,SMR,GOV_WGI_CC_EST,2023,1.1733125
San Marino,SMR,IT.NET.BBND.P2,2023,
San Marino,SMR,NY.GDP.PCAP.PP.CD,2023,78745.43132993352
San Marino,SMR,TX.VAL.TECH.MF.ZS,2023,
San Marino,SMR,IT.CEL.SETS.P2,2023,
San Marino,SMR,GOV_WGI_PV_EST,2023,1.3791391
San Marino,SMR,GOV_WGI_RL_EST,2023,1.4100336
San Marino,SMR,SE.TER.ENRR,2023,51.1357340720222
San Marino,SMR,IP.JRN.ARTC.SC,2023,20.09
Sao Tome and Principe,STP,GOV_WGI_CC_EST,2023,0.1218554
Sao Tome and Principe,STP,IT.NET.BBND.P2,2023,2.50139688397417
Sao Tome and Principe,STP,NY.GDP.PCAP.PP.CD,2023,6149.981460819318
Sao Tome and Principe,STP,TX.VAL.TECH.MF.ZS,2023,29.273432892452234
Sao Tome and Principe,STP,IT.CEL.SETS.P2,2023,63.4540500972405
Sao Tome and Principe,STP,GOV_WGI_PV_EST,2023,0.6193032
Sao Tome and Principe,STP,GOV_WGI_RL_EST,2023,-0.3531339
Sao Tome and Principe,STP,SE.TER.ENRR,2023,
Sao Tome and Principe,STP,IP.JRN.ARTC.SC,2023,4.71
Saudi Arabia,SAU,GOV_WGI_CC_EST,2023,0.476953
Saudi Arabia,SAU,IT.NET.BBND.P2,2023,43.5732045642216
Saudi Arabia,SAU,NY.GDP.PCAP.PP.CD,2023,71564.80002856499
Saudi Arabia,SAU,TX.VAL.TECH.MF.ZS,2023,0.5906291417678277
Saudi Arabia,SAU,IT.CEL.SETS.P2,2023,157.775388696083
Saudi Arabia,SAU,GOV_WGI_PV_EST,2023,-0.2452065
Saudi Arabia,SAU,GOV_WGI_RL_EST,2023,0.1165635
Saudi Arabia,SAU,SE.TER.ENRR,2023,
Saudi Arabia,SAU,IP.JRN.ARTC.SC,2023,24594.79
Senegal,SEN,GOV_WGI_CC_EST,2023,0.0381077
Senegal,SEN,IT.NET.BBND.P2,2023,1.97393200956788
Senegal,SEN,NY.GDP.PCAP.PP.CD,2023,4777.614518615782
Senegal,SEN,TX.VAL.TECH.MF.ZS,2023,1.604738865344467
Senegal,SEN,IT.CEL.SETS.P2,2023,123.911572643075
Senegal,SEN,GOV_WGI_PV_EST,2023,-0.1534325
Senegal,SEN,GOV_WGI_RL_EST,2023,-0.170334799999999
Senegal,SEN,SE.TER.ENRR,2023,16.0710053721835
Senegal,SEN,IP.JRN.ARTC.SC,2023,489.62
Serbia,SRB,GOV_WGI_CC_EST,2023,-0.501692
Serbia,SRB,IT.NET.BBND.P2,2023,31.2695286708104
Serbia,SRB,NY.GDP.PCAP.PP.CD,2023,29776.895175215937
Serbia,SRB,TX.VAL.TECH.MF.ZS,2023,
Serbia,SRB,IT.CEL.SETS.P2,2023,128.471147595832
Serbia,SRB,GOV_WGI_PV_EST,2023,0.0879568999999999
Serbia,SRB,GOV_WGI_RL_EST,2023,-0.1840377
Serbia,SRB,SE.TER.ENRR,2023,73.2060012817383
Serbia,SRB,IP.JRN.ARTC.SC,2023,5173.1
Seychelles,SYC,GOV_WGI_CC_EST,2023,1.151735
Seychelles,SYC,IT.NET.BBND.P2,2023,30.7719361318005
Seychelles,SYC,NY.GDP.PCAP.PP.CD,2023,31780.78383419647
Seychelles,SYC,TX.VAL.TECH.MF.ZS,2023,0.0384062538993691
Seychelles,SYC,IT.CEL.SETS.P2,2023,129.24400747161
Seychelles,SYC,GOV_WGI_PV_EST,2023,0.9207856
Seychelles,SYC,GOV_WGI_RL_EST,2023,0.5546447
Seychelles,SYC,SE.TER.ENRR,2023,14.0341370902195
Seychelles,SYC,IP.JRN.ARTC.SC,2023,15.17
Sierra Leone,SLE,GOV_WGI_CC_EST,2023,-0.568678999999999
Sierra Leone,SLE,IT.NET.BBND.P2,2023,
Sierra Leone,SLE,NY.GDP.PCAP.PP.CD,2023,3368.317271880632
Sierra Leone,SLE,TX.VAL.TECH.MF.ZS,2023,
Sierra Leone,SLE,IT.CEL.SETS.P2,2023,
Sierra Leone,SLE,GOV_WGI_PV_EST,2023,-0.5558929
Sierra Leone,SLE,GOV_WGI_RL_EST,2023,-0.8268953
Sierra Leone,SLE,SE.TER.ENRR,2023,
Sierra Leone,SLE,IP.JRN.ARTC.SC,2023,86.32
Singapore,SGP,GOV_WGI_CC_EST,2023,1.9240956
Singapore,SGP,IT.NET.BBND.P2,2023,27.4343636046425
Singapore,SGP,NY.GDP.PCAP.PP.CD,2023,143786.13629301317
Singapore,SGP,TX.VAL.TECH.MF.ZS,2023,56.13837585622781
Singapore,SGP,IT.CEL.SETS.P2,2023,173.199932977376
Singapore,SGP,GOV_WGI_PV_EST,2023,1.2040374
Singapore,SGP,GOV_WGI_RL_EST,2023,1.4244438
Singapore,SGP,SE.TER.ENRR,2023,97.2886546863037
Singapore,SGP,IP.JRN.ARTC.SC,2023,11893.6
Sint Maarten (Dutch part),SXM,GOV_WGI_CC_EST,2023,
Sint Maarten (Dutch part),SXM,IT.NET.BBND.P2,2023,
Sint Maarten (Dutch part),SXM,NY.GDP.PCAP.PP.CD,2023,51686.65208180837
Sint Maarten (Dutch part),SXM,TX.VAL.TECH.MF.ZS,2023,
Sint Maarten (Dutch part),SXM,IT.CEL.SETS.P2,2023,
Sint Maarten (Dutch part),SXM,GOV_WGI_PV_EST,2023,
Sint Maarten (Dutch part),SXM,GOV_WGI_RL_EST,2023,
Sint Maarten (Dutch part),SXM,SE.TER.ENRR,2023,7.65284309533989
Sint Maarten (Dutch part),SXM,IP.JRN.ARTC.SC,2023,
Slovak Republic,SVK,GOV_WGI_CC_EST,2023,0.3846188
Slovak Republic,SVK,IT.NET.BBND.P2,2023,33.17259432898
Slovak Republic,SVK,NY.GDP.PCAP.PP.CD,2023,45973.94069029912
Slovak Republic,SVK,TX.VAL.TECH.MF.ZS,2023,9.7184584659913
Slovak Republic,SVK,IT.CEL.SETS.P2,2023,138.232946210214
Slovak Republic,SVK,GOV_WGI_PV_EST,2023,0.5856273
Slovak Republic,SVK,GOV_WGI_RL_EST,2023,0.5534478
Slovak Republic,SVK,SE.TER.ENRR,2023,53.417610168457
Slovak Republic,SVK,IP.JRN.ARTC.SC,2023,5332.18
Slovenia,SVN,GOV_WGI_CC_EST,2023,0.6814999
Slovenia,SVN,IT.NET.BBND.P2,2023,31.8814801387465
Slovenia,SVN,NY.GDP.PCAP.PP.CD,2023,56064.097459674245
Slovenia,SVN,TX.VAL.TECH.MF.ZS,2023,8.203455821310259
Slovenia,SVN,IT.CEL.SETS.P2,2023,129.227963043737
Slovenia,SVN,GOV_WGI_PV_EST,2023,0.8589449
Slovenia,SVN,GOV_WGI_RL_EST,2023,0.9707915
Slovenia,SVN,SE.TER.ENRR,2023,80.0806884765625
Slovenia,SVN,IP.JRN.ARTC.SC,2023,3567.56
Solomon Islands,SLB,GOV_WGI_CC_EST,2023,-0.1764808
Solomon Islands,SLB,IT.NET.BBND.P2,2023,
Solomon Islands,SLB,NY.GDP.PCAP.PP.CD,2023,2596.563642528032
Solomon Islands,SLB,TX.VAL.TECH.MF.ZS,2023,
Solomon Islands,SLB,IT.CEL.SETS.P2,2023,
Solomon Islands,SLB,GOV_WGI_PV_EST,2023,0.7318958
Solomon Islands,SLB,GOV_WGI_RL_EST,2023,0.1522162
Solomon Islands,SLB,SE.TER.ENRR,2023,
Solomon Islands,SLB,IP.JRN.ARTC.SC,2023,14.84
"Somalia, Fed. Rep.",SOM,GOV_WGI_CC_EST,2023,-1.61685259999999
"Somalia, Fed. Rep.",SOM,IT.NET.BBND.P2,2023,0.722963033976147
"Somalia, Fed. Rep.",SOM,NY.GDP.PCAP.PP.CD,2023,1555.6101679877622
"Somalia, Fed. Rep.",SOM,TX.VAL.TECH.MF.ZS,2023,
"Somalia, Fed. Rep.",SOM,IT.CEL.SETS.P2,2023,53.9579646939598
"Somalia, Fed. Rep.",SOM,GOV_WGI_PV_EST,2023,-2.1717975
"Somalia, Fed. Rep.",SOM,GOV_WGI_RL_EST,2023,-2.1303739
"Somalia, Fed. Rep.",SOM,SE.TER.ENRR,2023,
"Somalia, Fed. Rep.",SOM,IP.JRN.ARTC.SC,2023,151.88
South Africa,ZAF,GOV_WGI_CC_EST,2023,-0.2095917
South Africa,ZAF,IT.NET.BBND.P2,2023,3.4056617766544
South Africa,ZAF,NY.GDP.PCAP.PP.CD,2023,15199.732982377553
South Africa,ZAF,TX.VAL.TECH.MF.ZS,2023,4.955515712099358
South Africa,ZAF,IT.CEL.SETS.P2,2023,171.508619260428
South Africa,ZAF,GOV_WGI_PV_EST,2023,-0.6397104
South Africa,ZAF,GOV_WGI_RL_EST,2023,0.039525
South Africa,ZAF,SE.TER.ENRR,2023,23.493768799339
South Africa,ZAF,IP.JRN.ARTC.SC,2023,14949.03
South Sudan,SSD,GOV_WGI_CC_EST,2023,-1.87741769999999
South Sudan,SSD,IT.NET.BBND.P2,2023,0.0017416484040317
South Sudan,SSD,NY.GDP.PCAP.PP.CD,2023,
South Sudan,SSD,TX.VAL.TECH.MF.ZS,2023,
South Sudan,SSD,IT.CEL.SETS.P2,2023,46.6152369503945
South Sudan,SSD,GOV_WGI_PV_EST,2023,-1.52967079999999
South Sudan,SSD,GOV_WGI_RL_EST,2023,-2.00017059999999
South Sudan,SSD,SE.TER.ENRR,2023,
South Sudan,SSD,IP.JRN.ARTC.SC,2023,17.18
Spain,ESP,GOV_WGI_CC_EST,2023,0.7395223
Spain,ESP,IT.NET.BBND.P2,2023,37.2148181549182
Spain,ESP,NY.GDP.PCAP.PP.CD,2023,55682.240260309256
Spain,ESP,TX.VAL.TECH.MF.ZS,2023,9.56253561613111
Spain,ESP,IT.CEL.SETS.P2,2023,127.715490236713
Spain,ESP,GOV_WGI_PV_EST,2023,0.1484475
Spain,ESP,GOV_WGI_RL_EST,2023,0.9304606
Spain,ESP,SE.TER.ENRR,2023,93.7303466796875
Spain,ESP,IP.JRN.ARTC.SC,2023,60303.76
Sri Lanka,LKA,GOV_WGI_CC_EST,2023,-0.3868314
Sri Lanka,LKA,IT.NET.BBND.P2,2023,8.76545173115153
Sri Lanka,LKA,NY.GDP.PCAP.PP.CD,2023,14455.654441473378
Sri Lanka,LKA,TX.VAL.TECH.MF.ZS,2023,1.417238452577579
Sri Lanka,LKA,IT.CEL.SETS.P2,2023,142.277402587724
Sri Lanka,LKA,GOV_WGI_PV_EST,2023,-0.670013
Sri Lanka,LKA,GOV_WGI_RL_EST,2023,-0.31553
Sri Lanka,LKA,SE.TER.ENRR,2023,20.7412633848006
Sri Lanka,LKA,IP.JRN.ARTC.SC,2023,2321.86
St. Kitts and Nevis,KNA,GOV_WGI_CC_EST,2023,0.3519798
St. Kitts and Nevis,KNA,IT.NET.BBND.P2,2023,
St. Kitts and Nevis,KNA,NY.GDP.PCAP.PP.CD,2023,33979.63036157338
St. Kitts and Nevis,KNA,TX.VAL.TECH.MF.ZS,2023,
St. Kitts and Nevis,KNA,IT.CEL.SETS.P2,2023,118.893023653706
St. Kitts and Nevis,KNA,GOV_WGI_PV_EST,2023,0.918184
St. Kitts and Nevis,KNA,GOV_WGI_RL_EST,2023,0.5632841
St. Kitts and Nevis,KNA,SE.TER.ENRR,2023,
St. Kitts and Nevis,KNA,IP.JRN.ARTC.SC,2023,35.5
St. Lucia,LCA,GOV_WGI_CC_EST,2023,0.3771938
St. Lucia,LCA,IT.NET.BBND.P2,2023,
St. Lucia,LCA,NY.GDP.PCAP.PP.CD,2023,25974.50929252631
St. Lucia,LCA,TX.VAL.TECH.MF.ZS,2023,
St. Lucia,LCA,IT.CEL.SETS.P2,2023,
St. Lucia,LCA,GOV_WGI_PV_EST,2023,1.044299
St. Lucia,LCA,GOV_WGI_RL_EST,2023,0.5120691
St. Lucia,LCA,SE.TER.ENRR,2023,15.0396404266357
St. Lucia,LCA,IP.JRN.ARTC.SC,2023,2.54
St. Martin (French part),MAF,GOV_WGI_CC_EST,2023,
St. Martin (French part),MAF,IT.NET.BBND.P2,2023,
St. Martin (French part),MAF,NY.GDP.PCAP.PP.CD,2023,
St. Martin (French part),MAF,TX.VAL.TECH.MF.ZS,2023,
St. Martin (French part),MAF,IT.CEL.SETS.P2,2023,
St. Martin (French part),MAF,GOV_WGI_PV_EST,2023,
St. Martin (French part),MAF,GOV_WGI_RL_EST,2023,
St. Martin (French part),MAF,SE.TER.ENRR,2023,
St. Martin (French part),MAF,IP.JRN.ARTC.SC,2023,
St. Vincent and the Grenadines,VCT,GOV_WGI_CC_EST,2023,0.7112575
St. Vincent and the Grenadines,VCT,IT.NET.BBND.P2,2023,30.4935700680004
St. Vincent and the Grenadines,VCT,NY.GDP.PCAP.PP.CD,2023,19819.869034679035
St. Vincent and the Grenadines,VCT,TX.VAL.TECH.MF.ZS,2023,4.934428618818683
St. Vincent and the Grenadines,VCT,IT.CEL.SETS.P2,2023,101.631416361537
St. Vincent and the Grenadines,VCT,GOV_WGI_PV_EST,2023,1.044299
St. Vincent and the Grenadines,VCT,GOV_WGI_RL_EST,2023,0.5500992
St. Vincent and the Grenadines,VCT,SE.TER.ENRR,2023,
St. Vincent and the Grenadines,VCT,IP.JRN.ARTC.SC,2023,2.69
Sudan,SDN,GOV_WGI_CC_EST,2023,-1.4513517
Sudan,SDN,IT.NET.BBND.P2,2023,
Sudan,SDN,NY.GDP.PCAP.PP.CD,2023,2420.65795898438
Sudan,SDN,TX.VAL.TECH.MF.ZS,2023,
Sudan,SDN,IT.CEL.SETS.P2,2023,
Sudan,SDN,GOV_WGI_PV_EST,2023,-2.0604154
Sudan,SDN,GOV_WGI_RL_EST,2023,-1.65553779999999
Sudan,SDN,SE.TER.ENRR,2023,
Sudan,SDN,IP.JRN.ARTC.SC,2023,470.62
Suriname,SUR,GOV_WGI_CC_EST,2023,-0.3292402
Suriname,SUR,IT.NET.BBND.P2,2023,17.5373597122531
Suriname,SUR,NY.GDP.PCAP.PP.CD,2023,21110.198020456257
Suriname,SUR,TX.VAL.TECH.MF.ZS,2023,3.2127494355163906
Suriname,SUR,IT.CEL.SETS.P2,2023,157.24614636039
Suriname,SUR,GOV_WGI_PV_EST,2023,0.3004618
Suriname,SUR,GOV_WGI_RL_EST,2023,-0.1875599
Suriname,SUR,SE.TER.ENRR,2023,4.93785087797966
Suriname,SUR,IP.JRN.ARTC.SC,2023,26.34
Sweden,SWE,GOV_WGI_CC_EST,2023,1.9804259
Sweden,SWE,IT.NET.BBND.P2,2023,40.7340135908716
Sweden,SWE,NY.GDP.PCAP.PP.CD,2023,69226.32727566626
Sweden,SWE,TX.VAL.TECH.MF.ZS,2023,17.62385202771132
Sweden,SWE,IT.CEL.SETS.P2,2023,140.265691285045
Sweden,SWE,GOV_WGI_PV_EST,2023,0.778803
Sweden,SWE,GOV_WGI_RL_EST,2023,1.6947293
Sweden,SWE,SE.TER.ENRR,2023,81.3998184204102
Sweden,SWE,IP.JRN.ARTC.SC,2023,21243.62
Switzerland,CHE,GOV_WGI_CC_EST,2023,2.0972439
Switzerland,CHE,IT.NET.BBND.P2,2023,46.8364627671237
Switzerland,CHE,NY.GDP.PCAP.PP.CD,2023,95141.59609436324
Switzerland,CHE,TX.VAL.TECH.MF.ZS,2023,29.33402869787281
Switzerland,CHE,IT.CEL.SETS.P2,2023,130.221876609608
Switzerland,CHE,GOV_WGI_PV_EST,2023,0.9907717
Switzerland,CHE,GOV_WGI_RL_EST,2023,1.7920906
Switzerland,CHE,SE.TER.ENRR,2023,74.0060882568359
Switzerland,CHE,IP.JRN.ARTC.SC,2023,22803.86
Syrian Arab Republic,SYR,GOV_WGI_CC_EST,2023,-1.7817933
Syrian Arab Republic,SYR,IT.NET.BBND.P2,2023,6.86124546257849
Syrian Arab Republic,SYR,NY.GDP.PCAP.PP.CD,2023,
Syrian Arab Republic,SYR,TX.VAL.TECH.MF.ZS,2023,
Syrian Arab Republic,SYR,IT.CEL.SETS.P2,2023,72.4405852977604
Syrian Arab Republic,SYR,GOV_WGI_PV_EST,2023,-2.4379022
Syrian Arab Republic,SYR,GOV_WGI_RL_EST,2023,-1.8617654
Syrian Arab Republic,SYR,SE.TER.ENRR,2023,
Syrian Arab Republic,SYR,IP.JRN.ARTC.SC,2023,645.85
Tajikistan,TJK,GOV_WGI_CC_EST,2023,-1.1236074
Tajikistan,TJK,IT.NET.BBND.P2,2023,0.983936262867068
Tajikistan,TJK,NY.GDP.PCAP.PP.CD,2023,4963.582952645044
Tajikistan,TJK,TX.VAL.TECH.MF.ZS,2023,15.207791011293557
Tajikistan,TJK,IT.CEL.SETS.P2,2023,76.215892145748
Tajikistan,TJK,GOV_WGI_PV_EST,2023,-0.2876253
Tajikistan,TJK,GOV_WGI_RL_EST,2023,-1.2086884
Tajikistan,TJK,SE.TER.ENRR,2023,34.9689625947729
Tajikistan,TJK,IP.JRN.ARTC.SC,2023,158.35
Tanzania,TZA,GOV_WGI_CC_EST,2023,-0.346236
Tanzania,TZA,IT.NET.BBND.P2,2023,0.10501728326893
Tanzania,TZA,NY.GDP.PCAP.PP.CD,2023,4018.5166015625
Tanzania,TZA,TX.VAL.TECH.MF.ZS,2023,5.068110536084612
Tanzania,TZA,IT.CEL.SETS.P2,2023,105.40028112088
Tanzania,TZA,GOV_WGI_PV_EST,2023,-0.2367117
Tanzania,TZA,GOV_WGI_RL_EST,2023,-0.4944742
Tanzania,TZA,SE.TER.ENRR,2023,5.16887784940301
Tanzania,TZA,IP.JRN.ARTC.SC,2023,1452.53
Thailand,THA,GOV_WGI_CC_EST,2023,-0.439334199999999
Thailand,THA,IT.NET.BBND.P2,2023,14.5089451983046
Thailand,THA,NY.GDP.PCAP.PP.CD,2023,23519.212097982272
Thailand,THA,TX.VAL.TECH.MF.ZS,2023,26.050622943512924
Thailand,THA,IT.CEL.SETS.P2,2023,168.642808295144
Thailand,THA,GOV_WGI_PV_EST,2023,-0.4398775
Thailand,THA,GOV_WGI_RL_EST,2023,-0.1956309
Thailand,THA,SE.TER.ENRR,2023,45.4407811172674
Thailand,THA,IP.JRN.ARTC.SC,2023,16656.15
Timor-Leste,TLS,GOV_WGI_CC_EST,2023,-0.4265439
Timor-Leste,TLS,IT.NET.BBND.P2,2023,0.0057791525739623
Timor-Leste,TLS,NY.GDP.PCAP.PP.CD,2023,4806.821815592992
Timor-Leste,TLS,TX.VAL.TECH.MF.ZS,2023,1.5260503215558736
Timor-Leste,TLS,IT.CEL.SETS.P2,2023,112.647241971673
Timor-Leste,TLS,GOV_WGI_PV_EST,2023,0.4358404
Timor-Leste,TLS,GOV_WGI_RL_EST,2023,-0.6431026
Timor-Leste,TLS,SE.TER.ENRR,2023,30.9611108169641
Timor-Leste,TLS,IP.JRN.ARTC.SC,2023,20.7
Togo,TGO,GOV_WGI_CC_EST,2023,-0.5879504
Togo,TGO,IT.NET.BBND.P2,2023,1.22815843837127
Togo,TGO,NY.GDP.PCAP.PP.CD,2023,3154.43329348299
Togo,TGO,TX.VAL.TECH.MF.ZS,2023,0.5735855993168181
Togo,TGO,IT.CEL.SETS.P2,2023,75.7906769713952
Togo,TGO,GOV_WGI_PV_EST,2023,-0.9186036
Togo,TGO,GOV_WGI_RL_EST,2023,-0.6302782
Togo,TGO,SE.TER.ENRR,2023,
Togo,TGO,IP.JRN.ARTC.SC,2023,135.94
Tonga,TON,GOV_WGI_CC_EST,2023,-0.4947162
Tonga,TON,IT.NET.BBND.P2,2023,
Tonga,TON,NY.GDP.PCAP.PP.CD,2023,7802.66986206107
Tonga,TON,TX.VAL.TECH.MF.ZS,2023,28.460294879952087
Tonga,TON,IT.CEL.SETS.P2,2023,
Tonga,TON,GOV_WGI_PV_EST,2023,1.2304624
Tonga,TON,GOV_WGI_RL_EST,2023,0.7999012
Tonga,TON,SE.TER.ENRR,2023,42.8611738148984
Tonga,TON,IP.JRN.ARTC.SC,2023,4.85
Trinidad and Tobago,TTO,GOV_WGI_CC_EST,2023,-0.3161967
Trinidad and Tobago,TTO,IT.NET.BBND.P2,2023,26.8942307436398
Trinidad and Tobago,TTO,NY.GDP.PCAP.PP.CD,2023,34623.36915009585
Trinidad and Tobago,TTO,TX.VAL.TECH.MF.ZS,2023,0.2232296423431168
Trinidad and Tobago,TTO,IT.CEL.SETS.P2,2023,134.230557337258
Trinidad and Tobago,TTO,GOV_WGI_PV_EST,2023,0.3397269
Trinidad and Tobago,TTO,GOV_WGI_RL_EST,2023,-0.315203499999999
Trinidad and Tobago,TTO,SE.TER.ENRR,2023,
Trinidad and Tobago,TTO,IP.JRN.ARTC.SC,2023,245.56
Tunisia,TUN,GOV_WGI_CC_EST,2023,-0.192361099999999
Tunisia,TUN,IT.NET.BBND.P2,2023,14.0829860846719
Tunisia,TUN,NY.GDP.PCAP.PP.CD,2023,14040.59611481423
Tunisia,TUN,TX.VAL.TECH.MF.ZS,2023,7.701107442841051
Tunisia,TUN,IT.CEL.SETS.P2,2023,132.653682480562
Tunisia,TUN,GOV_WGI_PV_EST,2023,-0.776038
Tunisia,TUN,GOV_WGI_RL_EST,2023,-0.3148235
Tunisia,TUN,SE.TER.ENRR,2023,38.1219482421875
Tunisia,TUN,IP.JRN.ARTC.SC,2023,5492.92
Turkiye,TUR,GOV_WGI_CC_EST,2023,-0.4374572
Turkiye,TUR,IT.NET.BBND.P2,2023,22.4591697943845
Turkiye,TUR,NY.GDP.PCAP.PP.CD,2023,42786.20049486639
Turkiye,TUR,TX.VAL.TECH.MF.ZS,2023,4.518290989868524
Turkiye,TUR,IT.CEL.SETS.P2,2023,105.684032912794
Turkiye,TUR,GOV_WGI_PV_EST,2023,-0.884477
Turkiye,TUR,GOV_WGI_RL_EST,2023,-0.799233499999999
Turkiye,TUR,SE.TER.ENRR,2023,105.88606262207
Turkiye,TUR,IP.JRN.ARTC.SC,2023,50180.49
Turkmenistan,TKM,GOV_WGI_CC_EST,2023,-1.350058
Turkmenistan,TKM,IT.NET.BBND.P2,2023,
Turkmenistan,TKM,NY.GDP.PCAP.PP.CD,2023,19828.92484611992
Turkmenistan,TKM,TX.VAL.TECH.MF.ZS,2023,
Turkmenistan,TKM,IT.CEL.SETS.P2,2023,
Turkmenistan,TKM,GOV_WGI_PV_EST,2023,0.2072195
Turkmenistan,TKM,GOV_WGI_RL_EST,2023,-1.4327839
Turkmenistan,TKM,SE.TER.ENRR,2023,18.8084201812744
Turkmenistan,TKM,IP.JRN.ARTC.SC,2023,31.31
Turks and Caicos Islands,TCA,GOV_WGI_CC_EST,2023,
Turks and Caicos Islands,TCA,IT.NET.BBND.P2,2023,
Turks and Caicos Islands,TCA,NY.GDP.PCAP.PP.CD,2023,35336.74035114489
Turks and Caicos Islands,TCA,TX.VAL.TECH.MF.ZS,2023,
Turks and Caicos Islands,TCA,IT.CEL.SETS.P2,2023,
Turks and Caicos Islands,TCA,GOV_WGI_PV_EST,2023,
Turks and Caicos Islands,TCA,GOV_WGI_RL_EST,2023,
Turks and Caicos Islands,TCA,SE.TER.ENRR,2023,25.2537080405933
Turks and Caicos Islands,TCA,IP.JRN.ARTC.SC,2023,
Tuvalu,TUV,GOV_WGI_CC_EST,2023,0.2425155
Tuvalu,TUV,IT.NET.BBND.P2,2023,
Tuvalu,TUV,NY.GDP.PCAP.PP.CD,2023,6151.010470416082
Tuvalu,TUV,TX.VAL.TECH.MF.ZS,2023,
Tuvalu,TUV,IT.CEL.SETS.P2,2023,
Tuvalu,TUV,GOV_WGI_PV_EST,2023,1.4739295
Tuvalu,TUV,GOV_WGI_RL_EST,2023,1.1957133
Tuvalu,TUV,SE.TER.ENRR,2023,19.3509615384615
Tuvalu,TUV,IP.JRN.ARTC.SC,2023,0.42
Uganda,UGA,GOV_WGI_CC_EST,2023,-0.996690299999999
Uganda,UGA,IT.NET.BBND.P2,2023,0.0912969650305002
Uganda,UGA,NY.GDP.PCAP.PP.CD,2023,3097.6370243061856
Uganda,UGA,TX.VAL.TECH.MF.ZS,2023,1.408107804887939
Uganda,UGA,IT.CEL.SETS.P2,2023,76.2966796632588
Uganda,UGA,GOV_WGI_PV_EST,2023,-1.0298391
Uganda,UGA,GOV_WGI_RL_EST,2023,-0.752792999999999
Uganda,UGA,SE.TER.ENRR,2023,
Uganda,UGA,IP.JRN.ARTC.SC,2023,1423.59
Ukraine,UKR,GOV_WGI_CC_EST,2023,-0.7242773
Ukraine,UKR,IT.NET.BBND.P2,2023,21.3774151510902
Ukraine,UKR,NY.GDP.PCAP.PP.CD,2023,17665.34375
Ukraine,UKR,TX.VAL.TECH.MF.ZS,2023,6.68812192869261
Ukraine,UKR,IT.CEL.SETS.P2,2023,133.38012811971
Ukraine,UKR,GOV_WGI_PV_EST,2023,-0.545978
Ukraine,UKR,GOV_WGI_RL_EST,2023,-0.7454054
Ukraine,UKR,SE.TER.ENRR,2023,82.5533599853516
Ukraine,UKR,IP.JRN.ARTC.SC,2023,15498.36
United Arab Emirates,ARE,GOV_WGI_CC_EST,2023,0.9918577
United Arab Emirates,ARE,IT.NET.BBND.P2,2023,37.0968234502256
United Arab Emirates,ARE,NY.GDP.PCAP.PP.CD,2023,77955.29517608786
United Arab Emirates,ARE,TX.VAL.TECH.MF.ZS,2023,8.960293973945754
United Arab Emirates,ARE,IT.CEL.SETS.P2,2023,199.423843889179
United Arab Emirates,ARE,GOV_WGI_PV_EST,2023,0.7829523
United Arab Emirates,ARE,GOV_WGI_RL_EST,2023,0.4492886
United Arab Emirates,ARE,SE.TER.ENRR,2023,61.3456114422447
United Arab Emirates,ARE,IP.JRN.ARTC.SC,2023,7075.14
United Kingdom,GBR,GOV_WGI_CC_EST,2023,1.4745753
United Kingdom,GBR,IT.NET.BBND.P2,2023,41.4367685540411
United Kingdom,GBR,NY.GDP.PCAP.PP.CD,2023,59911.34676632091
United Kingdom,GBR,TX.VAL.TECH.MF.ZS,2023,28.89171461135673
United Kingdom,GBR,IT.CEL.SETS.P2,2023,122.781542240418
United Kingdom,GBR,GOV_WGI_PV_EST,2023,0.3683427
United Kingdom,GBR,GOV_WGI_RL_EST,2023,1.2703547
United Kingdom,GBR,SE.TER.ENRR,2023,80.4146499633789
United Kingdom,GBR,IP.JRN.ARTC.SC,2023,97535.98
United States,USA,GOV_WGI_CC_EST,2023,1.1951066
United States,USA,IT.NET.BBND.P2,2023,38.0939254696383
United States,USA,NY.GDP.PCAP.PP.CD,2023,82304.62042728657
United States,USA,TX.VAL.TECH.MF.ZS,2023,21.84598783555211
United States,USA,IT.CEL.SETS.P2,2023,112.410910606372
United States,USA,GOV_WGI_PV_EST,2023,-0.193136399999999
United States,USA,GOV_WGI_RL_EST,2023,0.9606912
United States,USA,SE.TER.ENRR,2023,
United States,USA,IP.JRN.ARTC.SC,2023,430843.27
Uruguay,URY,GOV_WGI_CC_EST,2023,1.5493831
Uruguay,URY,IT.NET.BBND.P2,2023,32.4032099586757
Uruguay,URY,NY.GDP.PCAP.PP.CD,2023,34470.93222011432
Uruguay,URY,TX.VAL.TECH.MF.ZS,2023,10.707230873721414
Uruguay,URY,IT.CEL.SETS.P2,2023,141.71948663565
Uruguay,URY,GOV_WGI_PV_EST,2023,1.181072
Uruguay,URY,GOV_WGI_RL_EST,2023,0.9573597
Uruguay,URY,SE.TER.ENRR,2023,79.9536903496537
Uruguay,URY,IP.JRN.ARTC.SC,2023,1059.81
Uzbekistan,UZB,GOV_WGI_CC_EST,2023,-0.701745899999999
Uzbekistan,UZB,IT.NET.BBND.P2,2023,30.2699233460544
Uzbekistan,UZB,NY.GDP.PCAP.PP.CD,2023,11106.971593476685
Uzbekistan,UZB,TX.VAL.TECH.MF.ZS,2023,2.822390701222922
Uzbekistan,UZB,IT.CEL.SETS.P2,2023,106.884847592051
Uzbekistan,UZB,GOV_WGI_PV_EST,2023,-0.2504784
Uzbekistan,UZB,GOV_WGI_RL_EST,2023,-0.6742999
Uzbekistan,UZB,SE.TER.ENRR,2023,45.7591768686293
Uzbekistan,UZB,IP.JRN.ARTC.SC,2023,4624.44
Vanuatu,VUT,GOV_WGI_CC_EST,2023,-0.1852979
Vanuatu,VUT,IT.NET.BBND.P2,2023,1.23342353055002
Vanuatu,VUT,NY.GDP.PCAP.PP.CD,2023,3567.818820302228
Vanuatu,VUT,TX.VAL.TECH.MF.ZS,2023,
Vanuatu,VUT,IT.CEL.SETS.P2,2023,89.2943082123161
Vanuatu,VUT,GOV_WGI_PV_EST,2023,0.9649424
Vanuatu,VUT,GOV_WGI_RL_EST,2023,0.4196732
Vanuatu,VUT,SE.TER.ENRR,2023,
Vanuatu,VUT,IP.JRN.ARTC.SC,2023,11.87
"Venezuela, RB",VEN,GOV_WGI_CC_EST,2023,-1.5592697
"Venezuela, RB",VEN,IT.NET.BBND.P2,2023,10.638053537183
"Venezuela, RB",VEN,NY.GDP.PCAP.PP.CD,2023,
"Venezuela, RB",VEN,TX.VAL.TECH.MF.ZS,2023,
"Venezuela, RB",VEN,IT.CEL.SETS.P2,2023,70.2197325918151
"Venezuela, RB",VEN,GOV_WGI_PV_EST,2023,-1.1035948
"Venezuela, RB",VEN,GOV_WGI_RL_EST,2023,-2.2007889
"Venezuela, RB",VEN,SE.TER.ENRR,2023,
"Venezuela, RB",VEN,IP.JRN.ARTC.SC,2023,474.63
Viet Nam,VNM,GOV_WGI_CC_EST,2023,-0.3083958
Viet Nam,VNM,IT.NET.BBND.P2,2023,22.6806675035061
Viet Nam,VNM,NY.GDP.PCAP.PP.CD,2023,15033.87685943549
Viet Nam,VNM,TX.VAL.TECH.MF.ZS,2023,44.25688525168196
Viet Nam,VNM,IT.CEL.SETS.P2,2023,130.991428667547
Viet Nam,VNM,GOV_WGI_PV_EST,2023,0.0907515
Viet Nam,VNM,GOV_WGI_RL_EST,2023,-0.340198899999999
Viet Nam,VNM,SE.TER.ENRR,2023,32.8415128147815
Viet Nam,VNM,IP.JRN.ARTC.SC,2023,10644.49
Virgin Islands (U.S.),VIR,GOV_WGI_CC_EST,2023,-0.0747806
Virgin Islands (U.S.),VIR,IT.NET.BBND.P2,2023,
Virgin Islands (U.S.),VIR,NY.GDP.PCAP.PP.CD,2023,
Virgin Islands (U.S.),VIR,TX.VAL.TECH.MF.ZS,2023,
Virgin Islands (U.S.),VIR,IT.CEL.SETS.P2,2023,
Virgin Islands (U.S.),VIR,GOV_WGI_PV_EST,2023,0.9788563
Virgin Islands (U.S.),VIR,GOV_WGI_RL_EST,2023,0.5794817
Virgin Islands (U.S.),VIR,SE.TER.ENRR,2023,
Virgin Islands (U.S.),VIR,IP.JRN.ARTC.SC,2023,
West Bank and Gaza,PSE,GOV_WGI_CC_EST,2023,-0.5990356
West Bank and Gaza,PSE,IT.NET.BBND.P2,2023,8.37056926326656
West Bank and Gaza,PSE,NY.GDP.PCAP.PP.CD,2023,5950.020061843931
West Bank and Gaza,PSE,TX.VAL.TECH.MF.ZS,2023,1.843449539274916
West Bank and Gaza,PSE,IT.CEL.SETS.P2,2023,76.6918854204372
West Bank and Gaza,PSE,GOV_WGI_PV_EST,2023,-1.619148
West Bank and Gaza,PSE,GOV_WGI_RL_EST,2023,-0.885715399999999
West Bank and Gaza,PSE,SE.TER.ENRR,2023,44.4904623709098
West Bank and Gaza,PSE,IP.JRN.ARTC.SC,2023,861.66
"Yemen, Rep.",YEM,GOV_WGI_CC_EST,2023,-1.6020865
"Yemen, Rep.",YEM,IT.NET.BBND.P2,2023,
"Yemen, Rep.",YEM,NY.GDP.PCAP.PP.CD,2023,
"Yemen, Rep.",YEM,TX.VAL.TECH.MF.ZS,2023,
"Yemen, Rep.",YEM,IT.CEL.SETS.P2,2023,50.8937810578557
"Yemen, Rep.",YEM,GOV_WGI_PV_EST,2023,-2.6264387
"Yemen, Rep.",YEM,GOV_WGI_RL_EST,2023,-1.9069106
"Yemen, Rep.",YEM,SE.TER.ENRR,2023,
"Yemen, Rep.",YEM,IP.JRN.ARTC.SC,2023,404.01
Zambia,ZMB,GOV_WGI_CC_EST,2023,-0.39812
Zambia,ZMB,IT.NET.BBND.P2,2023,0.681389878819039
Zambia,ZMB,NY.GDP.PCAP.PP.CD,2023,4076.995086866413
Zambia,ZMB,TX.VAL.TECH.MF.ZS,2023,1.1635658888372742
Zambia,ZMB,IT.CEL.SETS.P2,2023,102.06156495632
Zambia,ZMB,GOV_WGI_PV_EST,2023,-0.0111463999999999
Zambia,ZMB,GOV_WGI_RL_EST,2023,-0.6089819
Zambia,ZMB,SE.TER.ENRR,2023,
Zambia,ZMB,IP.JRN.ARTC.SC,2023,367.3
Zimbabwe,ZWE,GOV_WGI_CC_EST,2023,-1.1914608
Zimbabwe,ZWE,IT.NET.BBND.P2,2023,1.5745780720211
Zimbabwe,ZWE,NY.GDP.PCAP.PP.CD,2023,5791.192128779884
Zimbabwe,ZWE,TX.VAL.TECH.MF.ZS,2023,1.9421882824637644
Zimbabwe,ZWE,IT.CEL.SETS.P2,2023,91.6344110473757
Zimbabwe,ZWE,GOV_WGI_PV_EST,2023,-0.998213999999999
Zimbabwe,ZWE,GOV_WGI_RL_EST,2023,-1.2681513
Zimbabwe,ZWE,SE.TER.ENRR,2023,
Zimbabwe,ZWE,IP.JRN.ARTC.SC,2023,519.85
Afghanistan,AFG,GOV_WGI_CC_EST,2024,-1.3087183
Afghanistan,AFG,IT.NET.BBND.P2,2024,
Afghanistan,AFG,NY.GDP.PCAP.PP.CD,2024,
Afghanistan,AFG,TX.VAL.TECH.MF.ZS,2024,
Afghanistan,AFG,IT.CEL.SETS.P2,2024,60.0990815591219
Afghanistan,AFG,GOV_WGI_PV_EST,2024,-2.2052112
Afghanistan,AFG,GOV_WGI_RL_EST,2024,-1.93548869999999
Afghanistan,AFG,SE.TER.ENRR,2024,
Afghanistan,AFG,IP.JRN.ARTC.SC,2024,
Albania,ALB,GOV_WGI_CC_EST,2024,-0.420760099999999
Albania,ALB,IT.NET.BBND.P2,2024,24.8815713356962
Albania,ALB,NY.GDP.PCAP.PP.CD,2024,26701.674956377647
Albania,ALB,TX.VAL.TECH.MF.ZS,2024,1.5293534498159542
Albania,ALB,IT.CEL.SETS.P2,2024,89.1328603947682
Albania,ALB,GOV_WGI_PV_EST,2024,0.0204668
Albania,ALB,GOV_WGI_RL_EST,2024,-0.1185025
Albania,ALB,SE.TER.ENRR,2024,84.1496200561523
Albania,ALB,IP.JRN.ARTC.SC,2024,
Algeria,DZA,GOV_WGI_CC_EST,2024,-0.5933952
Algeria,DZA,IT.NET.BBND.P2,2024,13.3173088877016
Algeria,DZA,NY.GDP.PCAP.PP.CD,2024,17620.742395612582
Algeria,DZA,TX.VAL.TECH.MF.ZS,2024,
Algeria,DZA,IT.CEL.SETS.P2,2024,115.457278573892
Algeria,DZA,GOV_WGI_PV_EST,2024,-0.6935882
Algeria,DZA,GOV_WGI_RL_EST,2024,-0.6967772
Algeria,DZA,SE.TER.ENRR,2024,54.4283410150344
Algeria,DZA,IP.JRN.ARTC.SC,2024,
American Samoa,ASM,GOV_WGI_CC_EST,2024,1.1762344
American Samoa,ASM,IT.NET.BBND.P2,2024,
American Samoa,ASM,NY.GDP.PCAP.PP.CD,2024,
American Samoa,ASM,TX.VAL.TECH.MF.ZS,2024,
American Samoa,ASM,IT.CEL.SETS.P2,2024,
American Samoa,ASM,GOV_WGI_PV_EST,2024,1.2530285
American Samoa,ASM,GOV_WGI_RL_EST,2024,1.0865813
American Samoa,ASM,SE.TER.ENRR,2024,
American Samoa,ASM,IP.JRN.ARTC.SC,2024,
Andorra,AND,GOV_WGI_CC_EST,2024,
Andorra,AND,IT.NET.BBND.P2,2024,52.3554394786302
Andorra,AND,NY.GDP.PCAP.PP.CD,2024,74939.47460385783
Andorra,AND,TX.VAL.TECH.MF.ZS,2024,
Andorra,AND,IT.CEL.SETS.P2,2024,155.692108667529
Andorra,AND,GOV_WGI_PV_EST,2024,
Andorra,AND,GOV_WGI_RL_EST,2024,
Andorra,AND,SE.TER.ENRR,2024,67.6767676767677
Andorra,AND,IP.JRN.ARTC.SC,2024,
Angola,AGO,GOV_WGI_CC_EST,2024,-0.6225793
Angola,AGO,IT.NET.BBND.P2,2024,0.362845240712436
Angola,AGO,NY.GDP.PCAP.PP.CD,2024,10118.608994540782
Angola,AGO,TX.VAL.TECH.MF.ZS,2024,16.68972069330816
Angola,AGO,IT.CEL.SETS.P2,2024,69.7039467163584
Angola,AGO,GOV_WGI_PV_EST,2024,-0.5735964
Angola,AGO,GOV_WGI_RL_EST,2024,-1.1697408
Angola,AGO,SE.TER.ENRR,2024,9.9549065722902
Angola,AGO,IP.JRN.ARTC.SC,2024,
Antigua and Barbuda,ATG,GOV_WGI_CC_EST,2024,0.2843876
Antigua and Barbuda,ATG,IT.NET.BBND.P2,2024,
Antigua and Barbuda,ATG,NY.GDP.PCAP.PP.CD,2024,33386.191712789405
Antigua and Barbuda,ATG,TX.VAL.TECH.MF.ZS,2024,0.0
Antigua and Barbuda,ATG,IT.CEL.SETS.P2,2024,
Antigua and Barbuda,ATG,GOV_WGI_PV_EST,2024,1.0731489
Antigua and Barbuda,ATG,GOV_WGI_RL_EST,2024,0.6017732
Antigua and Barbuda,ATG,SE.TER.ENRR,2024,
Antigua and Barbuda,ATG,IP.JRN.ARTC.SC,2024,
Argentina,ARG,GOV_WGI_CC_EST,2024,-0.3257079
Argentina,ARG,IT.NET.BBND.P2,2024,26.0976420359532
Argentina,ARG,NY.GDP.PCAP.PP.CD,2024,30431.1931223693
Argentina,ARG,TX.VAL.TECH.MF.ZS,2024,3.850196974741129
Argentina,ARG,IT.CEL.SETS.P2,2024,140.234979049333
Argentina,ARG,GOV_WGI_PV_EST,2024,-0.169745999999999
Argentina,ARG,GOV_WGI_RL_EST,2024,-0.2513801
Argentina,ARG,SE.TER.ENRR,2024,
Argentina,ARG,IP.JRN.ARTC.SC,2024,
Armenia,ARM,GOV_WGI_CC_EST,2024,0.1446809
Armenia,ARM,IT.NET.BBND.P2,2024,20.3090953111129
Armenia,ARM,NY.GDP.PCAP.PP.CD,2024,22823.17952556931
Armenia,ARM,TX.VAL.TECH.MF.ZS,2024,23.64032705152591
Armenia,ARM,IT.CEL.SETS.P2,2024,134.88694751567
Armenia,ARM,GOV_WGI_PV_EST,2024,-0.723297299999999
Armenia,ARM,GOV_WGI_RL_EST,2024,-0.1423943
Armenia,ARM,SE.TER.ENRR,2024,52.7748065090859
Armenia,ARM,IP.JRN.ARTC.SC,2024,
Aruba,ABW,GOV_WGI_CC_EST,2024,0.8687982
Aruba,ABW,IT.NET.BBND.P2,2024,
Aruba,ABW,NY.GDP.PCAP.PP.CD,2024,50649.301523221184
Aruba,ABW,TX.VAL.TECH.MF.ZS,2024,
Aruba,ABW,IT.CEL.SETS.P2,2024,
Aruba,ABW,GOV_WGI_PV_EST,2024,1.3302095
Aruba,ABW,GOV_WGI_RL_EST,2024,1.22006
Aruba,ABW,SE.TER.ENRR,2024,14.0655418559377
Aruba,ABW,IP.JRN.ARTC.SC,2024,
Australia,AUS,GOV_WGI_CC_EST,2024,1.8520196
Australia,AUS,IT.NET.BBND.P2,2024,36.4788276060473
Australia,AUS,NY.GDP.PCAP.PP.CD,2024,72111.1844628126
Australia,AUS,TX.VAL.TECH.MF.ZS,2024,25.15864164570836
Australia,AUS,IT.CEL.SETS.P2,2024,112.581025002429
Australia,AUS,GOV_WGI_PV_EST,2024,0.7932693
Australia,AUS,GOV_WGI_RL_EST,2024,1.4704014
Australia,AUS,SE.TER.ENRR,2024,108.421989440918
Australia,AUS,IP.JRN.ARTC.SC,2024,
Austria,AUT,GOV_WGI_CC_EST,2024,1.2944469
Austria,AUT,IT.NET.BBND.P2,2024,30.12779672163
Austria,AUT,NY.GDP.PCAP.PP.CD,2024,73911.43966313597
Austria,AUT,TX.VAL.TECH.MF.ZS,2024,18.452576685901853
Austria,AUT,IT.CEL.SETS.P2,2024,124.45929984531
Austria,AUT,GOV_WGI_PV_EST,2024,0.4915979
Austria,AUT,GOV_WGI_RL_EST,2024,1.6777399
Austria,AUT,SE.TER.ENRR,2024,92.6126708984375
Austria,AUT,IP.JRN.ARTC.SC,2024,
Azerbaijan,AZE,GOV_WGI_CC_EST,2024,-0.775077799999999
Azerbaijan,AZE,IT.NET.BBND.P2,2024,21.7534102440295
Azerbaijan,AZE,NY.GDP.PCAP.PP.CD,2024,25088.999375713367
Azerbaijan,AZE,TX.VAL.TECH.MF.ZS,2024,2.91095088102775
Azerbaijan,AZE,IT.CEL.SETS.P2,2024,109.543149535867
Azerbaijan,AZE,GOV_WGI_PV_EST,2024,-0.1404058
Azerbaijan,AZE,GOV_WGI_RL_EST,2024,-0.4853711
Azerbaijan,AZE,SE.TER.ENRR,2024,41.3413783372226
Azerbaijan,AZE,IP.JRN.ARTC.SC,2024,
"Bahamas, The",BHS,GOV_WGI_CC_EST,2024,1.2320893
"Bahamas, The",BHS,IT.NET.BBND.P2,2024,25.2679530406222
"Bahamas, The",BHS,NY.GDP.PCAP.PP.CD,2024,41197.93425484768
"Bahamas, The",BHS,TX.VAL.TECH.MF.ZS,2024,0.0
"Bahamas, The",BHS,IT.CEL.SETS.P2,2024,96.6798992232414
"Bahamas, The",BHS,GOV_WGI_PV_EST,2024,1.0493095
"Bahamas, The",BHS,GOV_WGI_RL_EST,2024,0.2509955
"Bahamas, The",BHS,SE.TER.ENRR,2024,
"Bahamas, The",BHS,IP.JRN.ARTC.SC,2024,
Bahrain,BHR,GOV_WGI_CC_EST,2024,0.2540662
Bahrain,BHR,IT.NET.BBND.P2,2024,16.9915789748788
Bahrain,BHR,NY.GDP.PCAP.PP.CD,2024,66941.24303679893
Bahrain,BHR,TX.VAL.TECH.MF.ZS,2024,
Bahrain,BHR,IT.CEL.SETS.P2,2024,159.536143577452
Bahrain,BHR,GOV_WGI_PV_EST,2024,-0.2758672
Bahrain,BHR,GOV_WGI_RL_EST,2024,0.1679373
Bahrain,BHR,SE.TER.ENRR,2024,58.3677241853667
Bahrain,BHR,IP.JRN.ARTC.SC,2024,
Bangladesh,BGD,GOV_WGI_CC_EST,2024,-1.1021569
Bangladesh,BGD,IT.NET.BBND.P2,2024,8.08931134401926
Bangladesh,BGD,NY.GDP.PCAP.PP.CD,2024,9646.769843832548
Bangladesh,BGD,TX.VAL.TECH.MF.ZS,2024,
Bangladesh,BGD,IT.CEL.SETS.P2,2024,108.077037369691
Bangladesh,BGD,GOV_WGI_PV_EST,2024,-1.46295089999999
Bangladesh,BGD,GOV_WGI_RL_EST,2024,-0.9600594
Bangladesh,BGD,SE.TER.ENRR,2024,23.7295608009814
Bangladesh,BGD,IP.JRN.ARTC.SC,2024,
Barbados,BRB,GOV_WGI_CC_EST,2024,1.2257724
Barbados,BRB,IT.NET.BBND.P2,2024,
Barbados,BRB,NY.GDP.PCAP.PP.CD,2024,24822.534330990835
Barbados,BRB,TX.VAL.TECH.MF.ZS,2024,19.92635575838179
Barbados,BRB,IT.CEL.SETS.P2,2024,
Barbados,BRB,GOV_WGI_PV_EST,2024,1.2722219
Barbados,BRB,GOV_WGI_RL_EST,2024,0.7277751
Barbados,BRB,SE.TER.ENRR,2024,53.5815662047086
Barbados,BRB,IP.JRN.ARTC.SC,2024,
Belarus,BLR,GOV_WGI_CC_EST,2024,-0.5781294
Belarus,BLR,IT.NET.BBND.P2,2024,36.2627055164488
Belarus,BLR,NY.GDP.PCAP.PP.CD,2024,33010.330760535726
Belarus,BLR,TX.VAL.TECH.MF.ZS,2024,
Belarus,BLR,IT.CEL.SETS.P2,2024,131.123016605614
Belarus,BLR,GOV_WGI_PV_EST,2024,-0.3773003
Belarus,BLR,GOV_WGI_RL_EST,2024,-1.2305997
Belarus,BLR,SE.TER.ENRR,2024,70.1107509145358
Belarus,BLR,IP.JRN.ARTC.SC,2024,
Belgium,BEL,GOV_WGI_CC_EST,2024,1.4687812
Belgium,BEL,IT.NET.BBND.P2,2024,44.2321563183446
Belgium,BEL,NY.GDP.PCAP.PP.CD,2024,73514.48310452583
Belgium,BEL,TX.VAL.TECH.MF.ZS,2024,20.39214534222356
Belgium,BEL,IT.CEL.SETS.P2,2024,103.90465332676
Belgium,BEL,GOV_WGI_PV_EST,2024,0.1214526
Belgium,BEL,GOV_WGI_RL_EST,2024,1.282799
Belgium,BEL,SE.TER.ENRR,2024,
Belgium,BEL,IP.JRN.ARTC.SC,2024,
Belize,BLZ,GOV_WGI_CC_EST,2024,-0.1604129
Belize,BLZ,IT.NET.BBND.P2,2024,
Belize,BLZ,NY.GDP.PCAP.PP.CD,2024,14346.518804973712
Belize,BLZ,TX.VAL.TECH.MF.ZS,2024,0.0001910876991115
Belize,BLZ,IT.CEL.SETS.P2,2024,
Belize,BLZ,GOV_WGI_PV_EST,2024,0.7847219
Belize,BLZ,GOV_WGI_RL_EST,2024,-0.39715
Belize,BLZ,SE.TER.ENRR,2024,24.8098643151325
Belize,BLZ,IP.JRN.ARTC.SC,2024,
Benin,BEN,GOV_WGI_CC_EST,2024,-0.2407154
Benin,BEN,IT.NET.BBND.P2,2024,0.277382047807868
Benin,BEN,NY.GDP.PCAP.PP.CD,2024,4434.564218402803
Benin,BEN,TX.VAL.TECH.MF.ZS,2024,30.5389584270212
Benin,BEN,IT.CEL.SETS.P2,2024,125.940873932186
Benin,BEN,GOV_WGI_PV_EST,2024,-0.4030099
Benin,BEN,GOV_WGI_RL_EST,2024,-0.4124793
Benin,BEN,SE.TER.ENRR,2024,
Benin,BEN,IP.JRN.ARTC.SC,2024,
Bermuda,BMU,GOV_WGI_CC_EST,2024,1.1762344
Bermuda,BMU,IT.NET.BBND.P2,2024,51.3026796212637
Bermuda,BMU,NY.GDP.PCAP.PP.CD,2024,124252.83570258624
Bermuda,BMU,TX.VAL.TECH.MF.ZS,2024,14.300743282545277
Bermuda,BMU,IT.CEL.SETS.P2,2024,96.6767745528807
Bermuda,BMU,GOV_WGI_PV_EST,2024,0.9711697
Bermuda,BMU,GOV_WGI_RL_EST,2024,0.8001056
Bermuda,BMU,SE.TER.ENRR,2024,
Bermuda,BMU,IP.JRN.ARTC.SC,2024,
Bhutan,BTN,GOV_WGI_CC_EST,2024,1.4722389
Bhutan,BTN,IT.NET.BBND.P2,2024,2.92069476099272
Bhutan,BTN,NY.GDP.PCAP.PP.CD,2024,
Bhutan,BTN,TX.VAL.TECH.MF.ZS,2024,
Bhutan,BTN,IT.CEL.SETS.P2,2024,99.7576826476519
Bhutan,BTN,GOV_WGI_PV_EST,2024,1.3541153
Bhutan,BTN,GOV_WGI_RL_EST,2024,0.7902665
Bhutan,BTN,SE.TER.ENRR,2024,13.011259392916
Bhutan,BTN,IP.JRN.ARTC.SC,2024,
Bolivia,BOL,GOV_WGI_CC_EST,2024,-0.997582699999999
Bolivia,BOL,IT.NET.BBND.P2,2024,12.0711429622144
Bolivia,BOL,NY.GDP.PCAP.PP.CD,2024,12877.635118437232
Bolivia,BOL,TX.VAL.TECH.MF.ZS,2024,8.793950833589111
Bolivia,BOL,IT.CEL.SETS.P2,2024,98.0287940811943
Bolivia,BOL,GOV_WGI_PV_EST,2024,-0.5460357
Bolivia,BOL,GOV_WGI_RL_EST,2024,-1.267722
Bolivia,BOL,SE.TER.ENRR,2024,
Bolivia,BOL,IP.JRN.ARTC.SC,2024,
Bosnia and Herzegovina,BIH,GOV_WGI_CC_EST,2024,-0.5128682
Bosnia and Herzegovina,BIH,IT.NET.BBND.P2,2024,29.3909178564419
Bosnia and Herzegovina,BIH,NY.GDP.PCAP.PP.CD,2024,25043.08863961269
Bosnia and Herzegovina,BIH,TX.VAL.TECH.MF.ZS,2024,6.1631735705966415
Bosnia and Herzegovina,BIH,IT.CEL.SETS.P2,2024,121.232373011893
Bosnia and Herzegovina,BIH,GOV_WGI_PV_EST,2024,-0.5010614
Bosnia and Herzegovina,BIH,GOV_WGI_RL_EST,2024,-0.319134
Bosnia and Herzegovina,BIH,SE.TER.ENRR,2024,
Bosnia and Herzegovina,BIH,IP.JRN.ARTC.SC,2024,
Botswana,BWA,GOV_WGI_CC_EST,2024,0.6311414
Botswana,BWA,IT.NET.BBND.P2,2024,7.4409622000215
Botswana,BWA,NY.GDP.PCAP.PP.CD,2024,20538.13201788891
Botswana,BWA,TX.VAL.TECH.MF.ZS,2024,
Botswana,BWA,IT.CEL.SETS.P2,2024,163.999922257361
Botswana,BWA,GOV_WGI_PV_EST,2024,1.0322942
Botswana,BWA,GOV_WGI_RL_EST,2024,0.3120842
Botswana,BWA,SE.TER.ENRR,2024,21.4087908549348
Botswana,BWA,IP.JRN.ARTC.SC,2024,
Brazil,BRA,GOV_WGI_CC_EST,2024,-0.4088904
Brazil,BRA,IT.NET.BBND.P2,2024,24.079199344422
Brazil,BRA,NY.GDP.PCAP.PP.CD,2024,22338.476564063538
Brazil,BRA,TX.VAL.TECH.MF.ZS,2024,11.110364420665157
Brazil,BRA,IT.CEL.SETS.P2,2024,101.926846460424
Brazil,BRA,GOV_WGI_PV_EST,2024,-0.5205702
Brazil,BRA,GOV_WGI_RL_EST,2024,-0.446218
Brazil,BRA,SE.TER.ENRR,2024,69.7317733764648
Brazil,BRA,IP.JRN.ARTC.SC,2024,
British Virgin Islands,VGB,GOV_WGI_CC_EST,2024,
British Virgin Islands,VGB,IT.NET.BBND.P2,2024,24.9119606799929
British Virgin Islands,VGB,NY.GDP.PCAP.PP.CD,2024,
British Virgin Islands,VGB,TX.VAL.TECH.MF.ZS,2024,
British Virgin Islands,VGB,IT.CEL.SETS.P2,2024,93.1316662866408
British Virgin Islands,VGB,GOV_WGI_PV_EST,2024,
British Virgin Islands,VGB,GOV_WGI_RL_EST,2024,
British Virgin Islands,VGB,SE.TER.ENRR,2024,29.5605306799337
British Virgin Islands,VGB,IP.JRN.ARTC.SC,2024,
Brunei Darussalam,BRN,GOV_WGI_CC_EST,2024,1.1861774
Brunei Darussalam,BRN,IT.NET.BBND.P2,2024,21.1771240120937
Brunei Darussalam,BRN,NY.GDP.PCAP.PP.CD,2024,89879.36149807577
Brunei Darussalam,BRN,TX.VAL.TECH.MF.ZS,2024,1.0643345945348786
Brunei Darussalam,BRN,IT.CEL.SETS.P2,2024,118.130579766209
Brunei Darussalam,BRN,GOV_WGI_PV_EST,2024,1.2027245
Brunei Darussalam,BRN,GOV_WGI_RL_EST,2024,0.5876078
Brunei Darussalam,BRN,SE.TER.ENRR,2024,
Brunei Darussalam,BRN,IP.JRN.ARTC.SC,2024,
Bulgaria,BGR,GOV_WGI_CC_EST,2024,-0.240017999999999
Bulgaria,BGR,IT.NET.BBND.P2,2024,
Bulgaria,BGR,NY.GDP.PCAP.PP.CD,2024,41969.4515718999
Bulgaria,BGR,TX.VAL.TECH.MF.ZS,2024,13.4299683659831
Bulgaria,BGR,IT.CEL.SETS.P2,2024,118.067152838789
Bulgaria,BGR,GOV_WGI_PV_EST,2024,0.0399268
Bulgaria,BGR,GOV_WGI_RL_EST,2024,-0.0333423
Bulgaria,BGR,SE.TER.ENRR,2024,69.5460433959961
Bulgaria,BGR,IP.JRN.ARTC.SC,2024,
Burkina Faso,BFA,GOV_WGI_CC_EST,2024,-0.2525569
Burkina Faso,BFA,IT.NET.BBND.P2,2024,0.851360416490348
Burkina Faso,BFA,NY.GDP.PCAP.PP.CD,2024,2895.891520336648
Burkina Faso,BFA,TX.VAL.TECH.MF.ZS,2024,1.6454890195088876
Burkina Faso,BFA,IT.CEL.SETS.P2,2024,116.5895933212
Burkina Faso,BFA,GOV_WGI_PV_EST,2024,-1.9063314
Burkina Faso,BFA,GOV_WGI_RL_EST,2024,-0.883858599999999
Burkina Faso,BFA,SE.TER.ENRR,2024,10.0419678526515
Burkina Faso,BFA,IP.JRN.ARTC.SC,2024,
Burundi,BDI,GOV_WGI_CC_EST,2024,-1.46248849999999
Burundi,BDI,IT.NET.BBND.P2,2024,
Burundi,BDI,NY.GDP.PCAP.PP.CD,2024,1194.9468137038734
Burundi,BDI,TX.VAL.TECH.MF.ZS,2024,
Burundi,BDI,IT.CEL.SETS.P2,2024,
Burundi,BDI,GOV_WGI_PV_EST,2024,-1.3763566
Burundi,BDI,GOV_WGI_RL_EST,2024,-1.3028277
Burundi,BDI,SE.TER.ENRR,2024,
Burundi,BDI,IP.JRN.ARTC.SC,2024,
Cabo Verde,CPV,GOV_WGI_CC_EST,2024,0.9407675
Cabo Verde,CPV,IT.NET.BBND.P2,2024,8.30537440200276
Cabo Verde,CPV,NY.GDP.PCAP.PP.CD,2024,11195.12053129234
Cabo Verde,CPV,TX.VAL.TECH.MF.ZS,2024,
Cabo Verde,CPV,IT.CEL.SETS.P2,2024,111.84067886381
Cabo Verde,CPV,GOV_WGI_PV_EST,2024,0.7695825
Cabo Verde,CPV,GOV_WGI_RL_EST,2024,0.424201
Cabo Verde,CPV,SE.TER.ENRR,2024,
Cabo Verde,CPV,IP.JRN.ARTC.SC,2024,
Cambodia,KHM,GOV_WGI_CC_EST,2024,-1.2328592
Cambodia,KHM,IT.NET.BBND.P2,2024,4.14566160137529
Cambodia,KHM,NY.GDP.PCAP.PP.CD,2024,7966.8735242870525
Cambodia,KHM,TX.VAL.TECH.MF.ZS,2024,5.262141405742119
Cambodia,KHM,IT.CEL.SETS.P2,2024,116.091961125929
Cambodia,KHM,GOV_WGI_PV_EST,2024,0.1284232
Cambodia,KHM,GOV_WGI_RL_EST,2024,-1.0562612
Cambodia,KHM,SE.TER.ENRR,2024,21.4437426836662
Cambodia,KHM,IP.JRN.ARTC.SC,2024,
Cameroon,CMR,GOV_WGI_CC_EST,2024,-1.22428539999999
Cameroon,CMR,IT.NET.BBND.P2,2024,
Cameroon,CMR,NY.GDP.PCAP.PP.CD,2024,5588.986458619447
Cameroon,CMR,TX.VAL.TECH.MF.ZS,2024,
Cameroon,CMR,IT.CEL.SETS.P2,2024,108.213130152497
Cameroon,CMR,GOV_WGI_PV_EST,2024,-1.55680399999999
Cameroon,CMR,GOV_WGI_RL_EST,2024,-1.2537215
Cameroon,CMR,SE.TER.ENRR,2024,16.6614294830602
Cameroon,CMR,IP.JRN.ARTC.SC,2024,
Canada,CAN,GOV_WGI_CC_EST,2024,1.6319089
Canada,CAN,IT.NET.BBND.P2,2024,42.5238215177079
Canada,CAN,NY.GDP.PCAP.PP.CD,2024,64610.37951719712
Canada,CAN,TX.VAL.TECH.MF.ZS,2024,16.777902982771057
Canada,CAN,IT.CEL.SETS.P2,2024,94.1059718794246
Canada,CAN,GOV_WGI_PV_EST,2024,0.5984769
Canada,CAN,GOV_WGI_RL_EST,2024,1.4608299
Canada,CAN,SE.TER.ENRR,2024,
Canada,CAN,IP.JRN.ARTC.SC,2024,
Cayman Islands,CYM,GOV_WGI_CC_EST,2024,0.6044808
Cayman Islands,CYM,IT.NET.BBND.P2,2024,
Cayman Islands,CYM,NY.GDP.PCAP.PP.CD,2024,
Cayman Islands,CYM,TX.VAL.TECH.MF.ZS,2024,85.52322838695822
Cayman Islands,CYM,IT.CEL.SETS.P2,2024,
Cayman Islands,CYM,GOV_WGI_PV_EST,2024,1.4607897
Cayman Islands,CYM,GOV_WGI_RL_EST,2024,0.8301334
Cayman Islands,CYM,SE.TER.ENRR,2024,
Cayman Islands,CYM,IP.JRN.ARTC.SC,2024,
Central African Republic,CAF,GOV_WGI_CC_EST,2024,-1.30997079999999
Central African Republic,CAF,IT.NET.BBND.P2,2024,
Central African Republic,CAF,NY.GDP.PCAP.PP.CD,2024,1263.1023421369896
Central African Republic,CAF,TX.VAL.TECH.MF.ZS,2024,8.299780421914141
Central African Republic,CAF,IT.CEL.SETS.P2,2024,
Central African Republic,CAF,GOV_WGI_PV_EST,2024,-1.83294689999999
Central African Republic,CAF,GOV_WGI_RL_EST,2024,-1.7147975
Central African Republic,CAF,SE.TER.ENRR,2024,
Central African Republic,CAF,IP.JRN.ARTC.SC,2024,
Chad,TCD,GOV_WGI_CC_EST,2024,-1.3909131
Chad,TCD,IT.NET.BBND.P2,2024,0.0
Chad,TCD,NY.GDP.PCAP.PP.CD,2024,2742.65952183613
Chad,TCD,TX.VAL.TECH.MF.ZS,2024,
Chad,TCD,IT.CEL.SETS.P2,2024,72.9289782617702
Chad,TCD,GOV_WGI_PV_EST,2024,-1.77893219999999
Chad,TCD,GOV_WGI_RL_EST,2024,-1.4446512
Chad,TCD,SE.TER.ENRR,2024,
Chad,TCD,IP.JRN.ARTC.SC,2024,
Chile,CHL,GOV_WGI_CC_EST,2024,1.1057968
Chile,CHL,IT.NET.BBND.P2,2024,23.731405742065
Chile,CHL,NY.GDP.PCAP.PP.CD,2024,36181.15661697702
Chile,CHL,TX.VAL.TECH.MF.ZS,2024,8.316503074506883
Chile,CHL,IT.CEL.SETS.P2,2024,132.660408764665
Chile,CHL,GOV_WGI_PV_EST,2024,0.1213566
Chile,CHL,GOV_WGI_RL_EST,2024,0.6910553
Chile,CHL,SE.TER.ENRR,2024,110.176902770996
Chile,CHL,IP.JRN.ARTC.SC,2024,
China,CHN,GOV_WGI_CC_EST,2024,0.0886811
China,CHN,IT.NET.BBND.P2,2024,47.1933952081567
China,CHN,NY.GDP.PCAP.PP.CD,2024,27104.8702677463
China,CHN,TX.VAL.TECH.MF.ZS,2024,26.277738047922263
China,CHN,IT.CEL.SETS.P2,2024,131.753932036803
China,CHN,GOV_WGI_PV_EST,2024,-0.153336399999999
China,CHN,GOV_WGI_RL_EST,2024,-0.579319799999999
China,CHN,SE.TER.ENRR,2024,76.8757843123403
China,CHN,IP.JRN.ARTC.SC,2024,
Colombia,COL,GOV_WGI_CC_EST,2024,-0.2937197
Colombia,COL,IT.NET.BBND.P2,2024,17.2244156778185
Colombia,COL,NY.GDP.PCAP.PP.CD,2024,22349.436440123
Colombia,COL,TX.VAL.TECH.MF.ZS,2024,9.024697049126718
Colombia,COL,IT.CEL.SETS.P2,2024,174.094289675393
Colombia,COL,GOV_WGI_PV_EST,2024,-0.9708732
Colombia,COL,GOV_WGI_RL_EST,2024,-0.5597434
Colombia,COL,SE.TER.ENRR,2024,
Colombia,COL,IP.JRN.ARTC.SC,2024,
Comoros,COM,GOV_WGI_CC_EST,2024,-1.14078259999999
Comoros,COM,IT.NET.BBND.P2,2024,
Comoros,COM,NY.GDP.PCAP.PP.CD,2024,3958.532287896874
Comoros,COM,TX.VAL.TECH.MF.ZS,2024,
Comoros,COM,IT.CEL.SETS.P2,2024,
Comoros,COM,GOV_WGI_PV_EST,2024,-0.221274299999999
Comoros,COM,GOV_WGI_RL_EST,2024,-1.1308597
Comoros,COM,SE.TER.ENRR,2024,
Comoros,COM,IP.JRN.ARTC.SC,2024,
"Congo, Dem. Rep.",COD,GOV_WGI_CC_EST,2024,-1.5153396
"Congo, Dem. Rep.",COD,IT.NET.BBND.P2,2024,0.0320289131404702
"Congo, Dem. Rep.",COD,NY.GDP.PCAP.PP.CD,2024,1821.048687180576
"Congo, Dem. Rep.",COD,TX.VAL.TECH.MF.ZS,2024,
"Congo, Dem. Rep.",COD,IT.CEL.SETS.P2,2024,58.532153345468
"Congo, Dem. Rep.",COD,GOV_WGI_PV_EST,2024,-2.1191762
"Congo, Dem. Rep.",COD,GOV_WGI_RL_EST,2024,-1.6266053
"Congo, Dem. Rep.",COD,SE.TER.ENRR,2024,
"Congo, Dem. Rep.",COD,IP.JRN.ARTC.SC,2024,
"Congo, Rep.",COG,GOV_WGI_CC_EST,2024,-1.42356899999999
"Congo, Rep.",COG,IT.NET.BBND.P2,2024,
"Congo, Rep.",COG,NY.GDP.PCAP.PP.CD,2024,7026.36223281494
"Congo, Rep.",COG,TX.VAL.TECH.MF.ZS,2024,
"Congo, Rep.",COG,IT.CEL.SETS.P2,2024,95.5319320614796
"Congo, Rep.",COG,GOV_WGI_PV_EST,2024,-0.2584147
"Congo, Rep.",COG,GOV_WGI_RL_EST,2024,-1.1785603
"Congo, Rep.",COG,SE.TER.ENRR,2024,
"Congo, Rep.",COG,IP.JRN.ARTC.SC,2024,
Costa Rica,CRI,GOV_WGI_CC_EST,2024,0.6792372
Costa Rica,CRI,IT.NET.BBND.P2,2024,23.287699004466
Costa Rica,CRI,NY.GDP.PCAP.PP.CD,2024,31106.76435567285
Costa Rica,CRI,TX.VAL.TECH.MF.ZS,2024,22.858799404965303
Costa Rica,CRI,IT.CEL.SETS.P2,2024,136.024511151268
Costa Rica,CRI,GOV_WGI_PV_EST,2024,1.1756544
Costa Rica,CRI,GOV_WGI_RL_EST,2024,0.6167412
Costa Rica,CRI,SE.TER.ENRR,2024,
Costa Rica,CRI,IP.JRN.ARTC.SC,2024,
Cote d'Ivoire,CIV,GOV_WGI_CC_EST,2024,-0.2850472
Cote d'Ivoire,CIV,IT.NET.BBND.P2,2024,1.60153227430253
Cote d'Ivoire,CIV,NY.GDP.PCAP.PP.CD,2024,7669.231957156869
Cote d'Ivoire,CIV,TX.VAL.TECH.MF.ZS,2024,5.257594120699476
Cote d'Ivoire,CIV,IT.CEL.SETS.P2,2024,183.875985110648
Cote d'Ivoire,CIV,GOV_WGI_PV_EST,2024,-0.8438331
Cote d'Ivoire,CIV,GOV_WGI_RL_EST,2024,-0.578144099999999
Cote d'Ivoire,CIV,SE.TER.ENRR,2024,12.3354902267456
Cote d'Ivoire,CIV,IP.JRN.ARTC.SC,2024,
Croatia,HRV,GOV_WGI_CC_EST,2024,0.1486813
Croatia,HRV,IT.NET.BBND.P2,2024,29.5997367962687
Croatia,HRV,NY.GDP.PCAP.PP.CD,2024,49550.79215060172
Croatia,HRV,TX.VAL.TECH.MF.ZS,2024,11.673919931118864
Croatia,HRV,IT.CEL.SETS.P2,2024,121.732525659138
Croatia,HRV,GOV_WGI_PV_EST,2024,0.5814089
Croatia,HRV,GOV_WGI_RL_EST,2024,0.3774835
Croatia,HRV,SE.TER.ENRR,2024,
Croatia,HRV,IP.JRN.ARTC.SC,2024,
Cuba,CUB,GOV_WGI_CC_EST,2024,-0.226276999999999
Cuba,CUB,IT.NET.BBND.P2,2024,3.08297531927544
Cuba,CUB,NY.GDP.PCAP.PP.CD,2024,
Cuba,CUB,TX.VAL.TECH.MF.ZS,2024,
Cuba,CUB,IT.CEL.SETS.P2,2024,72.930002350684
Cuba,CUB,GOV_WGI_PV_EST,2024,0.3155266
Cuba,CUB,GOV_WGI_RL_EST,2024,-0.6235716
Cuba,CUB,SE.TER.ENRR,2024,43.1040700506779
Cuba,CUB,IP.JRN.ARTC.SC,2024,
Curacao,CUW,GOV_WGI_CC_EST,2024,
Curacao,CUW,IT.NET.BBND.P2,2024,
Curacao,CUW,NY.GDP.PCAP.PP.CD,2024,32693.293976489305
Curacao,CUW,TX.VAL.TECH.MF.ZS,2024,
Curacao,CUW,IT.CEL.SETS.P2,2024,
Curacao,CUW,GOV_WGI_PV_EST,2024,
Curacao,CUW,GOV_WGI_RL_EST,2024,
Curacao,CUW,SE.TER.ENRR,2024,
Curacao,CUW,IP.JRN.ARTC.SC,2024,
Cyprus,CYP,GOV_WGI_CC_EST,2024,0.5324784
Cyprus,CYP,IT.NET.BBND.P2,2024,37.5627069536424
Cyprus,CYP,NY.GDP.PCAP.PP.CD,2024,63006.61328125
Cyprus,CYP,TX.VAL.TECH.MF.ZS,2024,18.03292345069013
Cyprus,CYP,IT.CEL.SETS.P2,2024,156.218025662252
Cyprus,CYP,GOV_WGI_PV_EST,2024,0.3858613
Cyprus,CYP,GOV_WGI_RL_EST,2024,0.6891912
Cyprus,CYP,SE.TER.ENRR,2024,120.87727355957
Cyprus,CYP,IP.JRN.ARTC.SC,2024,
Czechia,CZE,GOV_WGI_CC_EST,2024,0.9310659
Czechia,CZE,IT.NET.BBND.P2,2024,38.8656371139002
Czechia,CZE,NY.GDP.PCAP.PP.CD,2024,57285.42370013792
Czechia,CZE,TX.VAL.TECH.MF.ZS,2024,22.40452152795576
Czechia,CZE,IT.CEL.SETS.P2,2024,126.600163061009
Czechia,CZE,GOV_WGI_PV_EST,2024,0.9719006
Czechia,CZE,GOV_WGI_RL_EST,2024,1.1881307
Czechia,CZE,SE.TER.ENRR,2024,
Czechia,CZE,IP.JRN.ARTC.SC,2024,
Denmark,DNK,GOV_WGI_CC_EST,2024,2.2874751
Denmark,DNK,IT.NET.BBND.P2,2024,43.3933280824544
Denmark,DNK,NY.GDP.PCAP.PP.CD,2024,81878.23498491813
Denmark,DNK,TX.VAL.TECH.MF.ZS,2024,17.61944984893451
Denmark,DNK,IT.CEL.SETS.P2,2024,126.686532566268
Denmark,DNK,GOV_WGI_PV_EST,2024,0.7688761
Denmark,DNK,GOV_WGI_RL_EST,2024,2.0043149
Denmark,DNK,SE.TER.ENRR,2024,78.9604110717773
Denmark,DNK,IP.JRN.ARTC.SC,2024,
Djibouti,DJI,GOV_WGI_CC_EST,2024,-0.8908098
Djibouti,DJI,IT.NET.BBND.P2,2024,
Djibouti,DJI,NY.GDP.PCAP.PP.CD,2024,7810.278690667918
Djibouti,DJI,TX.VAL.TECH.MF.ZS,2024,
Djibouti,DJI,IT.CEL.SETS.P2,2024,
Djibouti,DJI,GOV_WGI_PV_EST,2024,-0.5563593
Djibouti,DJI,GOV_WGI_RL_EST,2024,-1.01039869999999
Djibouti,DJI,SE.TER.ENRR,2024,
Djibouti,DJI,IP.JRN.ARTC.SC,2024,
Dominica,DMA,GOV_WGI_CC_EST,2024,0.5329662
Dominica,DMA,IT.NET.BBND.P2,2024,
Dominica,DMA,NY.GDP.PCAP.PP.CD,2024,21300.68486980889
Dominica,DMA,TX.VAL.TECH.MF.ZS,2024,
Dominica,DMA,IT.CEL.SETS.P2,2024,
Dominica,DMA,GOV_WGI_PV_EST,2024,1.2341643
Dominica,DMA,GOV_WGI_RL_EST,2024,0.3974621
Dominica,DMA,SE.TER.ENRR,2024,
Dominica,DMA,IP.JRN.ARTC.SC,2024,
Dominican Republic,DOM,GOV_WGI_CC_EST,2024,-0.2654917
Dominican Republic,DOM,IT.NET.BBND.P2,2024,11.2045645451604
Dominican Republic,DOM,NY.GDP.PCAP.PP.CD,2024,27541.662528338416
Dominican Republic,DOM,TX.VAL.TECH.MF.ZS,2024,7.688683514139607
Dominican Republic,DOM,IT.CEL.SETS.P2,2024,93.7095828968519
Dominican Republic,DOM,GOV_WGI_PV_EST,2024,0.5893402
Dominican Republic,DOM,GOV_WGI_RL_EST,2024,-0.1822626
Dominican Republic,DOM,SE.TER.ENRR,2024,57.6509476207267
Dominican Republic,DOM,IP.JRN.ARTC.SC,2024,
Ecuador,ECU,GOV_WGI_CC_EST,2024,-0.775680199999999
Ecuador,ECU,IT.NET.BBND.P2,2024,17.246394056997
Ecuador,ECU,NY.GDP.PCAP.PP.CD,2024,15840.266856741184
Ecuador,ECU,TX.VAL.TECH.MF.ZS,2024,9.998363906726986
Ecuador,ECU,IT.CEL.SETS.P2,2024,101.598265014024
Ecuador,ECU,GOV_WGI_PV_EST,2024,-0.7210909
Ecuador,ECU,GOV_WGI_RL_EST,2024,-0.9650369
Ecuador,ECU,SE.TER.ENRR,2024,
Ecuador,ECU,IP.JRN.ARTC.SC,2024,
"Egypt, Arab Rep.",EGY,GOV_WGI_CC_EST,2024,-0.8269898
"Egypt, Arab Rep.",EGY,IT.NET.BBND.P2,2024,11.6871225241757
"Egypt, Arab Rep.",EGY,NY.GDP.PCAP.PP.CD,2024,19094.14494441113
"Egypt, Arab Rep.",EGY,TX.VAL.TECH.MF.ZS,2024,3.8129008781420697
"Egypt, Arab Rep.",EGY,IT.CEL.SETS.P2,2024,97.1295066037455
"Egypt, Arab Rep.",EGY,GOV_WGI_PV_EST,2024,-0.9779235
"Egypt, Arab Rep.",EGY,GOV_WGI_RL_EST,2024,-0.751539899999999
"Egypt, Arab Rep.",EGY,SE.TER.ENRR,2024,37.5781274463676
"Egypt, Arab Rep.",EGY,IP.JRN.ARTC.SC,2024,
El Salvador,SLV,GOV_WGI_CC_EST,2024,-0.5765882
El Salvador,SLV,IT.NET.BBND.P2,2024,12.4640729621203
El Salvador,SLV,NY.GDP.PCAP.PP.CD,2024,13264.027090968028
El Salvador,SLV,TX.VAL.TECH.MF.ZS,2024,5.473331194417252
El Salvador,SLV,IT.CEL.SETS.P2,2024,176.517423814642
El Salvador,SLV,GOV_WGI_PV_EST,2024,0.0061325999999999
El Salvador,SLV,GOV_WGI_RL_EST,2024,-0.7133592
El Salvador,SLV,SE.TER.ENRR,2024,32.8347079463918
El Salvador,SLV,IP.JRN.ARTC.SC,2024,
Equatorial Guinea,GNQ,GOV_WGI_CC_EST,2024,-1.47309619999999
Equatorial Guinea,GNQ,IT.NET.BBND.P2,2024,
Equatorial Guinea,GNQ,NY.GDP.PCAP.PP.CD,2024,17566.760028407287
Equatorial Guinea,GNQ,TX.VAL.TECH.MF.ZS,2024,
Equatorial Guinea,GNQ,IT.CEL.SETS.P2,2024,
Equatorial Guinea,GNQ,GOV_WGI_PV_EST,2024,-0.1409375
Equatorial Guinea,GNQ,GOV_WGI_RL_EST,2024,-1.54035759999999
Equatorial Guinea,GNQ,SE.TER.ENRR,2024,
Equatorial Guinea,GNQ,IP.JRN.ARTC.SC,2024,
Eritrea,ERI,GOV_WGI_CC_EST,2024,-1.6331361
Eritrea,ERI,IT.NET.BBND.P2,2024,
Eritrea,ERI,NY.GDP.PCAP.PP.CD,2024,
Eritrea,ERI,TX.VAL.TECH.MF.ZS,2024,
Eritrea,ERI,IT.CEL.SETS.P2,2024,
Eritrea,ERI,GOV_WGI_PV_EST,2024,-0.7086146
Eritrea,ERI,GOV_WGI_RL_EST,2024,-1.8026292
Eritrea,ERI,SE.TER.ENRR,2024,
Eritrea,ERI,IP.JRN.ARTC.SC,2024,
Estonia,EST,GOV_WGI_CC_EST,2024,1.669321
Estonia,EST,IT.NET.BBND.P2,2024,35.3527186879385
Estonia,EST,NY.GDP.PCAP.PP.CD,2024,49968.7108278373
Estonia,EST,TX.VAL.TECH.MF.ZS,2024,18.38298014125696
Estonia,EST,IT.CEL.SETS.P2,2024,151.131825017309
Estonia,EST,GOV_WGI_PV_EST,2024,0.6995763
Estonia,EST,GOV_WGI_RL_EST,2024,1.4864478
Estonia,EST,SE.TER.ENRR,2024,65.6692276000977
Estonia,EST,IP.JRN.ARTC.SC,2024,
Eswatini,SWZ,GOV_WGI_CC_EST,2024,-0.785159899999999
Eswatini,SWZ,IT.NET.BBND.P2,2024,2.5065536335855
Eswatini,SWZ,NY.GDP.PCAP.PP.CD,2024,11799.202879320084
Eswatini,SWZ,TX.VAL.TECH.MF.ZS,2024,
Eswatini,SWZ,IT.CEL.SETS.P2,2024,139.833459658744
Eswatini,SWZ,GOV_WGI_PV_EST,2024,-0.7327829
Eswatini,SWZ,GOV_WGI_RL_EST,2024,-0.8598771
Eswatini,SWZ,SE.TER.ENRR,2024,
Eswatini,SWZ,IP.JRN.ARTC.SC,2024,
Ethiopia,ETH,GOV_WGI_CC_EST,2024,-0.437863299999999
Ethiopia,ETH,IT.NET.BBND.P2,2024,0.593917449513598
Ethiopia,ETH,NY.GDP.PCAP.PP.CD,2024,3287.534921588928
Ethiopia,ETH,TX.VAL.TECH.MF.ZS,2024,
Ethiopia,ETH,IT.CEL.SETS.P2,2024,65.0825091944922
Ethiopia,ETH,GOV_WGI_PV_EST,2024,-1.88497389999999
Ethiopia,ETH,GOV_WGI_RL_EST,2024,-1.04892419999999
Ethiopia,ETH,SE.TER.ENRR,2024,
Ethiopia,ETH,IP.JRN.ARTC.SC,2024,
Faroe Islands,FRO,GOV_WGI_CC_EST,2024,
Faroe Islands,FRO,IT.NET.BBND.P2,2024,
Faroe Islands,FRO,NY.GDP.PCAP.PP.CD,2024,81908.77817850176
Faroe Islands,FRO,TX.VAL.TECH.MF.ZS,2024,
Faroe Islands,FRO,IT.CEL.SETS.P2,2024,
Faroe Islands,FRO,GOV_WGI_PV_EST,2024,
Faroe Islands,FRO,GOV_WGI_RL_EST,2024,
Faroe Islands,FRO,SE.TER.ENRR,2024,
Faroe Islands,FRO,IP.JRN.ARTC.SC,2024,
Fiji,FJI,GOV_WGI_CC_EST,2024,0.5626875
Fiji,FJI,IT.NET.BBND.P2,2024,1.80009560888215
Fiji,FJI,NY.GDP.PCAP.PP.CD,2024,15450.299326538776
Fiji,FJI,TX.VAL.TECH.MF.ZS,2024,2.9987484141773617
Fiji,FJI,IT.CEL.SETS.P2,2024,574.152332512188
Fiji,FJI,GOV_WGI_PV_EST,2024,0.6984398
Fiji,FJI,GOV_WGI_RL_EST,2024,0.3057786
Fiji,FJI,SE.TER.ENRR,2024,75.0089752283697
Fiji,FJI,IP.JRN.ARTC.SC,2024,
Finland,FIN,GOV_WGI_CC_EST,2024,2.1920863
Finland,FIN,IT.NET.BBND.P2,2024,36.4765341417867
Finland,FIN,NY.GDP.PCAP.PP.CD,2024,65378.38418597206
Finland,FIN,TX.VAL.TECH.MF.ZS,2024,9.285226596339571
Finland,FIN,IT.CEL.SETS.P2,2024,125.860954798649
Finland,FIN,GOV_WGI_PV_EST,2024,0.8325695
Finland,FIN,GOV_WGI_RL_EST,2024,2.0212705
Finland,FIN,SE.TER.ENRR,2024,110.304496765137
Finland,FIN,IP.JRN.ARTC.SC,2024,
France,FRA,GOV_WGI_CC_EST,2024,1.2182239
France,FRA,IT.NET.BBND.P2,2024,48.9251978969333
France,FRA,NY.GDP.PCAP.PP.CD,2024,62556.91810454
France,FRA,TX.VAL.TECH.MF.ZS,2024,23.13710737690381
France,FRA,IT.CEL.SETS.P2,2024,
France,FRA,GOV_WGI_PV_EST,2024,-0.241365399999999
France,FRA,GOV_WGI_RL_EST,2024,0.97866
France,FRA,SE.TER.ENRR,2024,71.5346908569336
France,FRA,IP.JRN.ARTC.SC,2024,
French Polynesia,PYF,GOV_WGI_CC_EST,2024,-0.2085367
French Polynesia,PYF,IT.NET.BBND.P2,2024,
French Polynesia,PYF,NY.GDP.PCAP.PP.CD,2024,
French Polynesia,PYF,TX.VAL.TECH.MF.ZS,2024,1.925220868088688
French Polynesia,PYF,IT.CEL.SETS.P2,2024,
French Polynesia,PYF,GOV_WGI_PV_EST,2024,1.0303397
French Polynesia,PYF,GOV_WGI_RL_EST,2024,1.0171948
French Polynesia,PYF,SE.TER.ENRR,2024,
French Polynesia,PYF,IP.JRN.ARTC.SC,2024,
Gabon,GAB,GOV_WGI_CC_EST,2024,-0.936776899999999
Gabon,GAB,IT.NET.BBND.P2,2024,4.6941021334787
Gabon,GAB,NY.GDP.PCAP.PP.CD,2024,21510.17253073436
Gabon,GAB,TX.VAL.TECH.MF.ZS,2024,
Gabon,GAB,IT.CEL.SETS.P2,2024,125.337107593999
Gabon,GAB,GOV_WGI_PV_EST,2024,-0.276887
Gabon,GAB,GOV_WGI_RL_EST,2024,-1.155705
Gabon,GAB,SE.TER.ENRR,2024,
Gabon,GAB,IP.JRN.ARTC.SC,2024,
"Gambia, The",GMB,GOV_WGI_CC_EST,2024,-0.3342284
"Gambia, The",GMB,IT.NET.BBND.P2,2024,0.518552979215852
"Gambia, The",GMB,NY.GDP.PCAP.PP.CD,2024,3475.612457013406
"Gambia, The",GMB,TX.VAL.TECH.MF.ZS,2024,3.3475789637601547
"Gambia, The",GMB,IT.CEL.SETS.P2,2024,126.243773523653
"Gambia, The",GMB,GOV_WGI_PV_EST,2024,-0.0180453
"Gambia, The",GMB,GOV_WGI_RL_EST,2024,-0.394193399999999
"Gambia, The",GMB,SE.TER.ENRR,2024,13.4765901565552
"Gambia, The",GMB,IP.JRN.ARTC.SC,2024,
Georgia,GEO,GOV_WGI_CC_EST,2024,0.3810861
Georgia,GEO,IT.NET.BBND.P2,2024,30.4157660721649
Georgia,GEO,NY.GDP.PCAP.PP.CD,2024,28285.073280298224
Georgia,GEO,TX.VAL.TECH.MF.ZS,2024,3.783815394744974
Georgia,GEO,IT.CEL.SETS.P2,2024,161.201784818537
Georgia,GEO,GOV_WGI_PV_EST,2024,-0.6127592
Georgia,GEO,GOV_WGI_RL_EST,2024,0.1489667
Georgia,GEO,SE.TER.ENRR,2024,
Georgia,GEO,IP.JRN.ARTC.SC,2024,
Germany,DEU,GOV_WGI_CC_EST,2024,1.7734211
Germany,DEU,IT.NET.BBND.P2,2024,45.6069242965787
Germany,DEU,NY.GDP.PCAP.PP.CD,2024,73551.9347696836
Germany,DEU,TX.VAL.TECH.MF.ZS,2024,17.977299037943244
Germany,DEU,IT.CEL.SETS.P2,2024,129.150921864378
Germany,DEU,GOV_WGI_PV_EST,2024,0.1242671
Germany,DEU,GOV_WGI_RL_EST,2024,1.6257844
Germany,DEU,SE.TER.ENRR,2024,76.7096862792969
Germany,DEU,IP.JRN.ARTC.SC,2024,
Ghana,GHA,GOV_WGI_CC_EST,2024,-0.1934794
Ghana,GHA,IT.NET.BBND.P2,2024,0.664728986034211
Ghana,GHA,NY.GDP.PCAP.PP.CD,2024,8019.99702389611
Ghana,GHA,TX.VAL.TECH.MF.ZS,2024,
Ghana,GHA,IT.CEL.SETS.P2,2024,113.647966704673
Ghana,GHA,GOV_WGI_PV_EST,2024,0.0114605
Ghana,GHA,GOV_WGI_RL_EST,2024,0.0539695
Ghana,GHA,SE.TER.ENRR,2024,21.330810546875
Ghana,GHA,IP.JRN.ARTC.SC,2024,
Gibraltar,GIB,GOV_WGI_CC_EST,2024,
Gibraltar,GIB,IT.NET.BBND.P2,2024,
Gibraltar,GIB,NY.GDP.PCAP.PP.CD,2024,
Gibraltar,GIB,TX.VAL.TECH.MF.ZS,2024,
Gibraltar,GIB,IT.CEL.SETS.P2,2024,
Gibraltar,GIB,GOV_WGI_PV_EST,2024,
Gibraltar,GIB,GOV_WGI_RL_EST,2024,
Gibraltar,GIB,SE.TER.ENRR,2024,
Gibraltar,GIB,IP.JRN.ARTC.SC,2024,
Greece,GRC,GOV_WGI_CC_EST,2024,0.2996813
Greece,GRC,IT.NET.BBND.P2,2024,44.6759828527928
Greece,GRC,NY.GDP.PCAP.PP.CD,2024,44327.209780827565
Greece,GRC,TX.VAL.TECH.MF.ZS,2024,15.011494857431025
Greece,GRC,IT.CEL.SETS.P2,2024,113.597610306796
Greece,GRC,GOV_WGI_PV_EST,2024,0.1394204
Greece,GRC,GOV_WGI_RL_EST,2024,0.2983017
Greece,GRC,SE.TER.ENRR,2024,
Greece,GRC,IP.JRN.ARTC.SC,2024,
Greenland,GRL,GOV_WGI_CC_EST,2024,1.482751
Greenland,GRL,IT.NET.BBND.P2,2024,
Greenland,GRL,NY.GDP.PCAP.PP.CD,2024,
Greenland,GRL,TX.VAL.TECH.MF.ZS,2024,
Greenland,GRL,IT.CEL.SETS.P2,2024,
Greenland,GRL,GOV_WGI_PV_EST,2024,1.2405187
Greenland,GRL,GOV_WGI_RL_EST,2024,1.5744958
Greenland,GRL,SE.TER.ENRR,2024,
Greenland,GRL,IP.JRN.ARTC.SC,2024,
Grenada,GRD,GOV_WGI_CC_EST,2024,0.4790005
Grenada,GRD,IT.NET.BBND.P2,2024,
Grenada,GRD,NY.GDP.PCAP.PP.CD,2024,20177.80949273856
Grenada,GRD,TX.VAL.TECH.MF.ZS,2024,6.443444620248502
Grenada,GRD,IT.CEL.SETS.P2,2024,
Grenada,GRD,GOV_WGI_PV_EST,2024,1.1992639
Grenada,GRD,GOV_WGI_RL_EST,2024,0.5408822
Grenada,GRD,SE.TER.ENRR,2024,
Grenada,GRD,IP.JRN.ARTC.SC,2024,
Guam,GUM,GOV_WGI_CC_EST,2024,1.1762344
Guam,GUM,IT.NET.BBND.P2,2024,
Guam,GUM,NY.GDP.PCAP.PP.CD,2024,
Guam,GUM,TX.VAL.TECH.MF.ZS,2024,
Guam,GUM,IT.CEL.SETS.P2,2024,
Guam,GUM,GOV_WGI_PV_EST,2024,0.9927487
Guam,GUM,GOV_WGI_RL_EST,2024,1.0346735
Guam,GUM,SE.TER.ENRR,2024,
Guam,GUM,IP.JRN.ARTC.SC,2024,
Guatemala,GTM,GOV_WGI_CC_EST,2024,-0.9482653
Guatemala,GTM,IT.NET.BBND.P2,2024,5.33792153027114
Guatemala,GTM,NY.GDP.PCAP.PP.CD,2024,14368.660568181482
Guatemala,GTM,TX.VAL.TECH.MF.ZS,2024,5.39604303984542
Guatemala,GTM,IT.CEL.SETS.P2,2024,112.520863034346
Guatemala,GTM,GOV_WGI_PV_EST,2024,-0.209766899999999
Guatemala,GTM,GOV_WGI_RL_EST,2024,-0.962274
Guatemala,GTM,SE.TER.ENRR,2024,
Guatemala,GTM,IP.JRN.ARTC.SC,2024,
Guinea,GIN,GOV_WGI_CC_EST,2024,-1.17445279999999
Guinea,GIN,IT.NET.BBND.P2,2024,
Guinea,GIN,NY.GDP.PCAP.PP.CD,2024,4565.300788845597
Guinea,GIN,TX.VAL.TECH.MF.ZS,2024,
Guinea,GIN,IT.CEL.SETS.P2,2024,
Guinea,GIN,GOV_WGI_PV_EST,2024,-1.0377627
Guinea,GIN,GOV_WGI_RL_EST,2024,-1.1479306
Guinea,GIN,SE.TER.ENRR,2024,
Guinea,GIN,IP.JRN.ARTC.SC,2024,
Guinea-Bissau,GNB,GOV_WGI_CC_EST,2024,-1.3460193
Guinea-Bissau,GNB,IT.NET.BBND.P2,2024,0.386080917545218
Guinea-Bissau,GNB,NY.GDP.PCAP.PP.CD,2024,3119.371570474374
Guinea-Bissau,GNB,TX.VAL.TECH.MF.ZS,2024,
Guinea-Bissau,GNB,IT.CEL.SETS.P2,2024,147.197631273872
Guinea-Bissau,GNB,GOV_WGI_PV_EST,2024,-0.618439499999999
Guinea-Bissau,GNB,GOV_WGI_RL_EST,2024,-1.23482809999999
Guinea-Bissau,GNB,SE.TER.ENRR,2024,
Guinea-Bissau,GNB,IP.JRN.ARTC.SC,2024,
Guyana,GUY,GOV_WGI_CC_EST,2024,-0.346885599999999
Guyana,GUY,IT.NET.BBND.P2,2024,
Guyana,GUY,NY.GDP.PCAP.PP.CD,2024,80155.03939276996
Guyana,GUY,TX.VAL.TECH.MF.ZS,2024,13.334108705518242
Guyana,GUY,IT.CEL.SETS.P2,2024,
Guyana,GUY,GOV_WGI_PV_EST,2024,0.2164983
Guyana,GUY,GOV_WGI_RL_EST,2024,-0.334222099999999
Guyana,GUY,SE.TER.ENRR,2024,26.4315792489043
Guyana,GUY,IP.JRN.ARTC.SC,2024,
Haiti,HTI,GOV_WGI_CC_EST,2024,-1.5403494
Haiti,HTI,IT.NET.BBND.P2,2024,
Haiti,HTI,NY.GDP.PCAP.PP.CD,2024,3193.67136419915
Haiti,HTI,TX.VAL.TECH.MF.ZS,2024,
Haiti,HTI,IT.CEL.SETS.P2,2024,
Haiti,HTI,GOV_WGI_PV_EST,2024,-1.2013046
Haiti,HTI,GOV_WGI_RL_EST,2024,-1.6033955
Haiti,HTI,SE.TER.ENRR,2024,
Haiti,HTI,IP.JRN.ARTC.SC,2024,
Honduras,HND,GOV_WGI_CC_EST,2024,-1.2446903
Honduras,HND,IT.NET.BBND.P2,2024,4.57914834722512
Honduras,HND,NY.GDP.PCAP.PP.CD,2024,7486.018696164448
Honduras,HND,TX.VAL.TECH.MF.ZS,2024,3.873347595709568
Honduras,HND,IT.CEL.SETS.P2,2024,70.9397440517258
Honduras,HND,GOV_WGI_PV_EST,2024,-0.5671583
Honduras,HND,GOV_WGI_RL_EST,2024,-1.1768036
Honduras,HND,SE.TER.ENRR,2024,23.3177890777588
Honduras,HND,IP.JRN.ARTC.SC,2024,
"Hong Kong SAR, China",HKG,GOV_WGI_CC_EST,2024,1.5721573
"Hong Kong SAR, China",HKG,IT.NET.BBND.P2,2024,40.2724025338679
"Hong Kong SAR, China",HKG,NY.GDP.PCAP.PP.CD,2024,75195.9865970615
"Hong Kong SAR, China",HKG,TX.VAL.TECH.MF.ZS,2024,75.57069083499792
"Hong Kong SAR, China",HKG,IT.CEL.SETS.P2,2024,364.848981963231
"Hong Kong SAR, China",HKG,GOV_WGI_PV_EST,2024,0.6310985
"Hong Kong SAR, China",HKG,GOV_WGI_RL_EST,2024,0.9209804
"Hong Kong SAR, China",HKG,SE.TER.ENRR,2024,120.08978583196
"Hong Kong SAR, China",HKG,IP.JRN.ARTC.SC,2024,
Hungary,HUN,GOV_WGI_CC_EST,2024,0.0394373
Hungary,HUN,IT.NET.BBND.P2,2024,37.542262483936
Hungary,HUN,NY.GDP.PCAP.PP.CD,2024,48552.47080925294
Hungary,HUN,TX.VAL.TECH.MF.ZS,2024,22.574511882604494
Hungary,HUN,IT.CEL.SETS.P2,2024,104.58063059269
Hungary,HUN,GOV_WGI_PV_EST,2024,0.4363288
Hungary,HUN,GOV_WGI_RL_EST,2024,0.1923364
Hungary,HUN,SE.TER.ENRR,2024,60.5168685913086
Hungary,HUN,IP.JRN.ARTC.SC,2024,
Iceland,ISL,GOV_WGI_CC_EST,2024,1.828818
Iceland,ISL,IT.NET.BBND.P2,2024,37.5242757933482
Iceland,ISL,NY.GDP.PCAP.PP.CD,2024,84256.84545731115
Iceland,ISL,TX.VAL.TECH.MF.ZS,2024,53.97229306637792
Iceland,ISL,IT.CEL.SETS.P2,2024,120.927513243653
Iceland,ISL,GOV_WGI_PV_EST,2024,1.2056034
Iceland,ISL,GOV_WGI_RL_EST,2024,1.6278886
Iceland,ISL,SE.TER.ENRR,2024,
Iceland,ISL,IP.JRN.ARTC.SC,2024,
India,IND,GOV_WGI_CC_EST,2024,-0.2953362
India,IND,IT.NET.BBND.P2,2024,3.15046250037677
India,IND,NY.GDP.PCAP.PP.CD,2024,11159.985647609126
India,IND,TX.VAL.TECH.MF.ZS,2024,18.57239464110494
India,IND,IT.CEL.SETS.P2,2024,79.3526921826412
India,IND,GOV_WGI_PV_EST,2024,-0.785762499999999
India,IND,GOV_WGI_RL_EST,2024,-0.0392287
India,IND,SE.TER.ENRR,2024,34.4184659748952
India,IND,IP.JRN.ARTC.SC,2024,
Indonesia,IDN,GOV_WGI_CC_EST,2024,-0.5446152
Indonesia,IDN,IT.NET.BBND.P2,2024,4.92196685438436
Indonesia,IDN,NY.GDP.PCAP.PP.CD,2024,16448.275517955855
Indonesia,IDN,TX.VAL.TECH.MF.ZS,2024,8.711043757891602
Indonesia,IDN,IT.CEL.SETS.P2,2024,122.514946500491
Indonesia,IDN,GOV_WGI_PV_EST,2024,-0.609127499999999
Indonesia,IDN,GOV_WGI_RL_EST,2024,-0.206598099999999
Indonesia,IDN,SE.TER.ENRR,2024,
Indonesia,IDN,IP.JRN.ARTC.SC,2024,
"Iran, Islamic Rep.",IRN,GOV_WGI_CC_EST,2024,-1.14723819999999
"Iran, Islamic Rep.",IRN,IT.NET.BBND.P2,2024,12.0603874696566
"Iran, Islamic Rep.",IRN,NY.GDP.PCAP.PP.CD,2024,19873.88608538052
"Iran, Islamic Rep.",IRN,TX.VAL.TECH.MF.ZS,2024,
"Iran, Islamic Rep.",IRN,IT.CEL.SETS.P2,2024,174.066388972063
"Iran, Islamic Rep.",IRN,GOV_WGI_PV_EST,2024,-1.58118839999999
"Iran, Islamic Rep.",IRN,GOV_WGI_RL_EST,2024,-1.2348012
"Iran, Islamic Rep.",IRN,SE.TER.ENRR,2024,
"Iran, Islamic Rep.",IRN,IP.JRN.ARTC.SC,2024,
Iraq,IRQ,GOV_WGI_CC_EST,2024,-1.2050155
Iraq,IRQ,IT.NET.BBND.P2,2024,17.6333290365333
Iraq,IRQ,NY.GDP.PCAP.PP.CD,2024,14464.31869281728
Iraq,IRQ,TX.VAL.TECH.MF.ZS,2024,
Iraq,IRQ,IT.CEL.SETS.P2,2024,100.080276677726
Iraq,IRQ,GOV_WGI_PV_EST,2024,-2.0642762
Iraq,IRQ,GOV_WGI_RL_EST,2024,-1.3581614
Iraq,IRQ,SE.TER.ENRR,2024,
Iraq,IRQ,IP.JRN.ARTC.SC,2024,
Ireland,IRL,GOV_WGI_CC_EST,2024,1.572589
Ireland,IRL,IT.NET.BBND.P2,2024,32.3023693358176
Ireland,IRL,NY.GDP.PCAP.PP.CD,2024,133437.47011701888
Ireland,IRL,TX.VAL.TECH.MF.ZS,2024,53.51843284321583
Ireland,IRL,IT.CEL.SETS.P2,2024,112.638817343502
Ireland,IRL,GOV_WGI_PV_EST,2024,0.7099699
Ireland,IRL,GOV_WGI_RL_EST,2024,1.5913219
Ireland,IRL,SE.TER.ENRR,2024,
Ireland,IRL,IP.JRN.ARTC.SC,2024,
Isle of Man,IMN,GOV_WGI_CC_EST,2024,
Isle of Man,IMN,IT.NET.BBND.P2,2024,
Isle of Man,IMN,NY.GDP.PCAP.PP.CD,2024,
Isle of Man,IMN,TX.VAL.TECH.MF.ZS,2024,
Isle of Man,IMN,IT.CEL.SETS.P2,2024,
Isle of Man,IMN,GOV_WGI_PV_EST,2024,
Isle of Man,IMN,GOV_WGI_RL_EST,2024,
Isle of Man,IMN,SE.TER.ENRR,2024,
Isle of Man,IMN,IP.JRN.ARTC.SC,2024,
Israel,ISR,GOV_WGI_CC_EST,2024,0.853319
Israel,ISR,IT.NET.BBND.P2,2024,29.1837101461688
Israel,ISR,NY.GDP.PCAP.PP.CD,2024,57235.77632441356
Israel,ISR,TX.VAL.TECH.MF.ZS,2024,37.23351737517383
Israel,ISR,IT.CEL.SETS.P2,2024,177.393104798636
Israel,ISR,GOV_WGI_PV_EST,2024,-1.03750149999999
Israel,ISR,GOV_WGI_RL_EST,2024,0.5997177
Israel,ISR,SE.TER.ENRR,2024,56.2561111450195
Israel,ISR,IP.JRN.ARTC.SC,2024,
Italy,ITA,GOV_WGI_CC_EST,2024,0.5531621
Italy,ITA,IT.NET.BBND.P2,2024,31.7807732477772
Italy,ITA,NY.GDP.PCAP.PP.CD,2024,62014.26751536892
Italy,ITA,TX.VAL.TECH.MF.ZS,2024,12.282708850402182
Italy,ITA,IT.CEL.SETS.P2,2024,132.575141676252
Italy,ITA,GOV_WGI_PV_EST,2024,0.3087035
Italy,ITA,GOV_WGI_RL_EST,2024,0.6192043
Italy,ITA,SE.TER.ENRR,2024,
Italy,ITA,IP.JRN.ARTC.SC,2024,
Jamaica,JAM,GOV_WGI_CC_EST,2024,-0.0962722999999999
Jamaica,JAM,IT.NET.BBND.P2,2024,15.981614377416
Jamaica,JAM,NY.GDP.PCAP.PP.CD,2024,12890.266005147236
Jamaica,JAM,TX.VAL.TECH.MF.ZS,2024,
Jamaica,JAM,IT.CEL.SETS.P2,2024,117.693907561175
Jamaica,JAM,GOV_WGI_PV_EST,2024,0.476823
Jamaica,JAM,GOV_WGI_RL_EST,2024,-0.0776697
Jamaica,JAM,SE.TER.ENRR,2024,
Jamaica,JAM,IP.JRN.ARTC.SC,2024,
Japan,JPN,GOV_WGI_CC_EST,2024,1.3570132
Japan,JPN,IT.NET.BBND.P2,2024,
Japan,JPN,NY.GDP.PCAP.PP.CD,2024,52039.17165516113
Japan,JPN,TX.VAL.TECH.MF.ZS,2024,17.554741516306663
Japan,JPN,IT.CEL.SETS.P2,2024,
Japan,JPN,GOV_WGI_PV_EST,2024,1.1343228
Japan,JPN,GOV_WGI_RL_EST,2024,1.5115753
Japan,JPN,SE.TER.ENRR,2024,
Japan,JPN,IP.JRN.ARTC.SC,2024,
Jordan,JOR,GOV_WGI_CC_EST,2024,0.2721934
Jordan,JOR,IT.NET.BBND.P2,2024,7.01801006087142
Jordan,JOR,NY.GDP.PCAP.PP.CD,2024,10821.490976531695
Jordan,JOR,TX.VAL.TECH.MF.ZS,2024,
Jordan,JOR,IT.CEL.SETS.P2,2024,69.6426153972396
Jordan,JOR,GOV_WGI_PV_EST,2024,-0.3501687
Jordan,JOR,GOV_WGI_RL_EST,2024,0.1685335
Jordan,JOR,SE.TER.ENRR,2024,35.9184001120427
Jordan,JOR,IP.JRN.ARTC.SC,2024,
Kazakhstan,KAZ,GOV_WGI_CC_EST,2024,-0.0670902999999999
Kazakhstan,KAZ,IT.NET.BBND.P2,2024,15.3162031103353
Kazakhstan,KAZ,NY.GDP.PCAP.PP.CD,2024,40890.93176944082
Kazakhstan,KAZ,TX.VAL.TECH.MF.ZS,2024,42.19530029658996
Kazakhstan,KAZ,IT.CEL.SETS.P2,2024,127.085151242164
Kazakhstan,KAZ,GOV_WGI_PV_EST,2024,-0.2827558
Kazakhstan,KAZ,GOV_WGI_RL_EST,2024,-0.3815477
Kazakhstan,KAZ,SE.TER.ENRR,2024,53.4564204414133
Kazakhstan,KAZ,IP.JRN.ARTC.SC,2024,
Kenya,KEN,GOV_WGI_CC_EST,2024,-0.8018297
Kenya,KEN,IT.NET.BBND.P2,2024,3.04382666975517
Kenya,KEN,NY.GDP.PCAP.PP.CD,2024,6644.130932438946
Kenya,KEN,TX.VAL.TECH.MF.ZS,2024,3.150030136120342
Kenya,KEN,IT.CEL.SETS.P2,2024,126.477706000949
Kenya,KEN,GOV_WGI_PV_EST,2024,-1.3556816
Kenya,KEN,GOV_WGI_RL_EST,2024,-0.464532
Kenya,KEN,SE.TER.ENRR,2024,10.4185962462804
Kenya,KEN,IP.JRN.ARTC.SC,2024,
Kiribati,KIR,GOV_WGI_CC_EST,2024,0.3745658
Kiribati,KIR,IT.NET.BBND.P2,2024,0.0349395619917037
Kiribati,KIR,NY.GDP.PCAP.PP.CD,2024,3702.3259470311536
Kiribati,KIR,TX.VAL.TECH.MF.ZS,2024,
Kiribati,KIR,IT.CEL.SETS.P2,2024,53.5244353915461
Kiribati,KIR,GOV_WGI_PV_EST,2024,1.2381638
Kiribati,KIR,GOV_WGI_RL_EST,2024,0.78601
Kiribati,KIR,SE.TER.ENRR,2024,4.96087980270386
Kiribati,KIR,IP.JRN.ARTC.SC,2024,
"Korea, Dem. People's Rep.",PRK,GOV_WGI_CC_EST,2024,-1.55738279999999
"Korea, Dem. People's Rep.",PRK,IT.NET.BBND.P2,2024,
"Korea, Dem. People's Rep.",PRK,NY.GDP.PCAP.PP.CD,2024,
"Korea, Dem. People's Rep.",PRK,TX.VAL.TECH.MF.ZS,2024,
"Korea, Dem. People's Rep.",PRK,IT.CEL.SETS.P2,2024,
"Korea, Dem. People's Rep.",PRK,GOV_WGI_PV_EST,2024,0.3220654
"Korea, Dem. People's Rep.",PRK,GOV_WGI_RL_EST,2024,-1.5256661
"Korea, Dem. People's Rep.",PRK,SE.TER.ENRR,2024,
"Korea, Dem. People's Rep.",PRK,IP.JRN.ARTC.SC,2024,
"Korea, Rep.",KOR,GOV_WGI_CC_EST,2024,0.8495586
"Korea, Rep.",KOR,IT.NET.BBND.P2,2024,47.8014965507867
"Korea, Rep.",KOR,NY.GDP.PCAP.PP.CD,2024,61051.34925024983
"Korea, Rep.",KOR,TX.VAL.TECH.MF.ZS,2024,36.25825593666743
"Korea, Rep.",KOR,IT.CEL.SETS.P2,2024,172.520241179065
"Korea, Rep.",KOR,GOV_WGI_PV_EST,2024,0.6393495
"Korea, Rep.",KOR,GOV_WGI_RL_EST,2024,1.1174546
"Korea, Rep.",KOR,SE.TER.ENRR,2024,111.853302001953
"Korea, Rep.",KOR,IP.JRN.ARTC.SC,2024,
Kuwait,KWT,GOV_WGI_CC_EST,2024,0.2183455
Kuwait,KWT,IT.NET.BBND.P2,2024,
Kuwait,KWT,NY.GDP.PCAP.PP.CD,2024,52443.59692236262
Kuwait,KWT,TX.VAL.TECH.MF.ZS,2024,5.827776489323151
Kuwait,KWT,IT.CEL.SETS.P2,2024,
Kuwait,KWT,GOV_WGI_PV_EST,2024,0.2939367
Kuwait,KWT,GOV_WGI_RL_EST,2024,0.2308269
Kuwait,KWT,SE.TER.ENRR,2024,
Kuwait,KWT,IP.JRN.ARTC.SC,2024,
Kyrgyz Republic,KGZ,GOV_WGI_CC_EST,2024,-1.1364649
Kyrgyz Republic,KGZ,IT.NET.BBND.P2,2024,7.79695655822307
Kyrgyz Republic,KGZ,NY.GDP.PCAP.PP.CD,2024,8012.454644421939
Kyrgyz Republic,KGZ,TX.VAL.TECH.MF.ZS,2024,10.671111743170483
Kyrgyz Republic,KGZ,IT.CEL.SETS.P2,2024,107.49229509732
Kyrgyz Republic,KGZ,GOV_WGI_PV_EST,2024,-0.5045251
Kyrgyz Republic,KGZ,GOV_WGI_RL_EST,2024,-0.936093699999999
Kyrgyz Republic,KGZ,SE.TER.ENRR,2024,53.1743590503791
Kyrgyz Republic,KGZ,IP.JRN.ARTC.SC,2024,
Lao PDR,LAO,GOV_WGI_CC_EST,2024,-0.979896099999999
Lao PDR,LAO,IT.NET.BBND.P2,2024,
Lao PDR,LAO,NY.GDP.PCAP.PP.CD,2024,9775.828173810234
Lao PDR,LAO,TX.VAL.TECH.MF.ZS,2024,
Lao PDR,LAO,IT.CEL.SETS.P2,2024,
Lao PDR,LAO,GOV_WGI_PV_EST,2024,0.5576599
Lao PDR,LAO,GOV_WGI_RL_EST,2024,-0.742416699999999
Lao PDR,LAO,SE.TER.ENRR,2024,
Lao PDR,LAO,IP.JRN.ARTC.SC,2024,
Latvia,LVA,GOV_WGI_CC_EST,2024,0.8251336
Latvia,LVA,IT.NET.BBND.P2,2024,25.7542854181725
Latvia,LVA,NY.GDP.PCAP.PP.CD,2024,43394.27328223139
Latvia,LVA,TX.VAL.TECH.MF.ZS,2024,17.490191481288235
Latvia,LVA,IT.CEL.SETS.P2,2024,121.262202363304
Latvia,LVA,GOV_WGI_PV_EST,2024,0.6201402
Latvia,LVA,GOV_WGI_RL_EST,2024,1.0913835
Latvia,LVA,SE.TER.ENRR,2024,82.917350769043
Latvia,LVA,IP.JRN.ARTC.SC,2024,
Lebanon,LBN,GOV_WGI_CC_EST,2024,-1.3041344
Lebanon,LBN,IT.NET.BBND.P2,2024,
Lebanon,LBN,NY.GDP.PCAP.PP.CD,2024,
Lebanon,LBN,TX.VAL.TECH.MF.ZS,2024,2.895912768815062
Lebanon,LBN,IT.CEL.SETS.P2,2024,
Lebanon,LBN,GOV_WGI_PV_EST,2024,-1.3896806
Lebanon,LBN,GOV_WGI_RL_EST,2024,-1.0853525
Lebanon,LBN,SE.TER.ENRR,2024,
Lebanon,LBN,IP.JRN.ARTC.SC,2024,
Lesotho,LSO,GOV_WGI_CC_EST,2024,-0.302427
Lesotho,LSO,IT.NET.BBND.P2,2024,0.379434958926989
Lesotho,LSO,NY.GDP.PCAP.PP.CD,2024,3001.163119513338
Lesotho,LSO,TX.VAL.TECH.MF.ZS,2024,0.0895832496967831
Lesotho,LSO,IT.CEL.SETS.P2,2024,70.328049309004
Lesotho,LSO,GOV_WGI_PV_EST,2024,-0.2588663
Lesotho,LSO,GOV_WGI_RL_EST,2024,-0.406586499999999
Lesotho,LSO,SE.TER.ENRR,2024,
Lesotho,LSO,IP.JRN.ARTC.SC,2024,
Liberia,LBR,GOV_WGI_CC_EST,2024,-1.0473848
Liberia,LBR,IT.NET.BBND.P2,2024,
Liberia,LBR,NY.GDP.PCAP.PP.CD,2024,1871.0440616426235
Liberia,LBR,TX.VAL.TECH.MF.ZS,2024,
Liberia,LBR,IT.CEL.SETS.P2,2024,
Liberia,LBR,GOV_WGI_PV_EST,2024,-0.228549
Liberia,LBR,GOV_WGI_RL_EST,2024,-0.868004
Liberia,LBR,SE.TER.ENRR,2024,
Liberia,LBR,IP.JRN.ARTC.SC,2024,
Libya,LBY,GOV_WGI_CC_EST,2024,-1.5315957
Libya,LBY,IT.NET.BBND.P2,2024,
Libya,LBY,NY.GDP.PCAP.PP.CD,2024,14303.808773698796
Libya,LBY,TX.VAL.TECH.MF.ZS,2024,
Libya,LBY,IT.CEL.SETS.P2,2024,
Libya,LBY,GOV_WGI_PV_EST,2024,-1.8964767
Libya,LBY,GOV_WGI_RL_EST,2024,-1.6980126
Libya,LBY,SE.TER.ENRR,2024,
Libya,LBY,IP.JRN.ARTC.SC,2024,
Liechtenstein,LIE,GOV_WGI_CC_EST,2024,1.7550399
Liechtenstein,LIE,IT.NET.BBND.P2,2024,50.0050163029847
Liechtenstein,LIE,NY.GDP.PCAP.PP.CD,2024,
Liechtenstein,LIE,TX.VAL.TECH.MF.ZS,2024,
Liechtenstein,LIE,IT.CEL.SETS.P2,2024,128.901429646351
Liechtenstein,LIE,GOV_WGI_PV_EST,2024,1.5823538
Liechtenstein,LIE,GOV_WGI_RL_EST,2024,1.7275435
Liechtenstein,LIE,SE.TER.ENRR,2024,
Liechtenstein,LIE,IP.JRN.ARTC.SC,2024,
Lithuania,LTU,GOV_WGI_CC_EST,2024,0.9927892
Lithuania,LTU,IT.NET.BBND.P2,2024,27.8460080234758
Lithuania,LTU,NY.GDP.PCAP.PP.CD,2024,55285.899193430414
Lithuania,LTU,TX.VAL.TECH.MF.ZS,2024,17.324550664098464
Lithuania,LTU,IT.CEL.SETS.P2,2024,138.728835196967
Lithuania,LTU,GOV_WGI_PV_EST,2024,0.9394441
Lithuania,LTU,GOV_WGI_RL_EST,2024,1.3742358
Lithuania,LTU,SE.TER.ENRR,2024,75.6177368164062
Lithuania,LTU,IP.JRN.ARTC.SC,2024,
Luxembourg,LUX,GOV_WGI_CC_EST,2024,2.0157595
Luxembourg,LUX,IT.NET.BBND.P2,2024,40.3174570156723
Luxembourg,LUX,NY.GDP.PCAP.PP.CD,2024,155941.28821079066
Luxembourg,LUX,TX.VAL.TECH.MF.ZS,2024,5.073612031921197
Luxembourg,LUX,IT.CEL.SETS.P2,2024,
Luxembourg,LUX,GOV_WGI_PV_EST,2024,1.0730532
Luxembourg,LUX,GOV_WGI_RL_EST,2024,1.7617682
Luxembourg,LUX,SE.TER.ENRR,2024,22.4103698730469
Luxembourg,LUX,IP.JRN.ARTC.SC,2024,
"Macao SAR, China",MAC,GOV_WGI_CC_EST,2024,0.5733844
"Macao SAR, China",MAC,IT.NET.BBND.P2,2024,29.8553859567768
"Macao SAR, China",MAC,NY.GDP.PCAP.PP.CD,2024,126959.91713890588
"Macao SAR, China",MAC,TX.VAL.TECH.MF.ZS,2024,0.0
"Macao SAR, China",MAC,IT.CEL.SETS.P2,2024,201.136947388589
"Macao SAR, China",MAC,GOV_WGI_PV_EST,2024,1.053872
"Macao SAR, China",MAC,GOV_WGI_RL_EST,2024,0.8520978
"Macao SAR, China",MAC,SE.TER.ENRR,2024,141.864795918367
"Macao SAR, China",MAC,IP.JRN.ARTC.SC,2024,
Madagascar,MDG,GOV_WGI_CC_EST,2024,-1.00991649999999
Madagascar,MDG,IT.NET.BBND.P2,2024,
Madagascar,MDG,NY.GDP.PCAP.PP.CD,2024,1883.5374311383985
Madagascar,MDG,TX.VAL.TECH.MF.ZS,2024,0.9588351721792168
Madagascar,MDG,IT.CEL.SETS.P2,2024,
Madagascar,MDG,GOV_WGI_PV_EST,2024,-0.4805584
Madagascar,MDG,GOV_WGI_RL_EST,2024,-0.8827065
Madagascar,MDG,SE.TER.ENRR,2024,
Madagascar,MDG,IP.JRN.ARTC.SC,2024,
Malawi,MWI,GOV_WGI_CC_EST,2024,-0.6486607
Malawi,MWI,IT.NET.BBND.P2,2024,0.0863853749149284
Malawi,MWI,NY.GDP.PCAP.PP.CD,2024,1857.6175695030456
Malawi,MWI,TX.VAL.TECH.MF.ZS,2024,1.6455279444866182
Malawi,MWI,IT.CEL.SETS.P2,2024,69.260530662121
Malawi,MWI,GOV_WGI_PV_EST,2024,-0.3802084
Malawi,MWI,GOV_WGI_RL_EST,2024,-0.1463001
Malawi,MWI,SE.TER.ENRR,2024,
Malawi,MWI,IP.JRN.ARTC.SC,2024,
Malaysia,MYS,GOV_WGI_CC_EST,2024,0.4983973
Malaysia,MYS,IT.NET.BBND.P2,2024,13.5464432669708
Malaysia,MYS,NY.GDP.PCAP.PP.CD,2024,38779.28304422528
Malaysia,MYS,TX.VAL.TECH.MF.ZS,2024,58.6276748543331
Malaysia,MYS,IT.CEL.SETS.P2,2024,139.664651283564
Malaysia,MYS,GOV_WGI_PV_EST,2024,0.3847799
Malaysia,MYS,GOV_WGI_RL_EST,2024,0.3451357
Malaysia,MYS,SE.TER.ENRR,2024,38.5013945445142
Malaysia,MYS,IP.JRN.ARTC.SC,2024,
Maldives,MDV,GOV_WGI_CC_EST,2024,-0.335953799999999
Maldives,MDV,IT.NET.BBND.P2,2024,19.6489572735075
Maldives,MDV,NY.GDP.PCAP.PP.CD,2024,26182.783157091664
Maldives,MDV,TX.VAL.TECH.MF.ZS,2024,0.0022705678515537
Maldives,MDV,IT.CEL.SETS.P2,2024,148.137074909198
Maldives,MDV,GOV_WGI_PV_EST,2024,-0.0544563
Maldives,MDV,GOV_WGI_RL_EST,2024,0.0443492
Maldives,MDV,SE.TER.ENRR,2024,
Maldives,MDV,IP.JRN.ARTC.SC,2024,
Mali,MLI,GOV_WGI_CC_EST,2024,-0.9808589
Mali,MLI,IT.NET.BBND.P2,2024,
Mali,MLI,NY.GDP.PCAP.PP.CD,2024,3314.773322319592
Mali,MLI,TX.VAL.TECH.MF.ZS,2024,
Mali,MLI,IT.CEL.SETS.P2,2024,
Mali,MLI,GOV_WGI_PV_EST,2024,-2.49096199999999
Mali,MLI,GOV_WGI_RL_EST,2024,-1.0943496
Mali,MLI,SE.TER.ENRR,2024,
Mali,MLI,IP.JRN.ARTC.SC,2024,
Malta,MLT,GOV_WGI_CC_EST,2024,0.2667936
Malta,MLT,IT.NET.BBND.P2,2024,44.5068355303026
Malta,MLT,NY.GDP.PCAP.PP.CD,2024,69863.74613134567
Malta,MLT,TX.VAL.TECH.MF.ZS,2024,45.17916708913696
Malta,MLT,IT.CEL.SETS.P2,2024,142.070062100751
Malta,MLT,GOV_WGI_PV_EST,2024,0.8049169
Malta,MLT,GOV_WGI_RL_EST,2024,0.72718
Malta,MLT,SE.TER.ENRR,2024,
Malta,MLT,IP.JRN.ARTC.SC,2024,
Marshall Islands,MHL,GOV_WGI_CC_EST,2024,0.3907327
Marshall Islands,MHL,IT.NET.BBND.P2,2024,
Marshall Islands,MHL,NY.GDP.PCAP.PP.CD,2024,8194.63854758403
Marshall Islands,MHL,TX.VAL.TECH.MF.ZS,2024,
Marshall Islands,MHL,IT.CEL.SETS.P2,2024,
Marshall Islands,MHL,GOV_WGI_PV_EST,2024,1.2772187
Marshall Islands,MHL,GOV_WGI_RL_EST,2024,0.8357246
Marshall Islands,MHL,SE.TER.ENRR,2024,37.6853055916775
Marshall Islands,MHL,IP.JRN.ARTC.SC,2024,
Mauritania,MRT,GOV_WGI_CC_EST,2024,-0.933744999999999
Mauritania,MRT,IT.NET.BBND.P2,2024,0.946513083252489
Mauritania,MRT,NY.GDP.PCAP.PP.CD,2024,7368.752752902138
Mauritania,MRT,TX.VAL.TECH.MF.ZS,2024,9.448340812384249
Mauritania,MRT,IT.CEL.SETS.P2,2024,92.0748946443443
Mauritania,MRT,GOV_WGI_PV_EST,2024,-0.5595872
Mauritania,MRT,GOV_WGI_RL_EST,2024,-0.863509899999999
Mauritania,MRT,SE.TER.ENRR,2024,
Mauritania,MRT,IP.JRN.ARTC.SC,2024,
Mauritius,MUS,GOV_WGI_CC_EST,2024,0.3404819
Mauritius,MUS,IT.NET.BBND.P2,2024,27.9742504733832
Mauritius,MUS,NY.GDP.PCAP.PP.CD,2024,31839.7597535524
Mauritius,MUS,TX.VAL.TECH.MF.ZS,2024,1.217035386472606
Mauritius,MUS,IT.CEL.SETS.P2,2024,172.68356921857
Mauritius,MUS,GOV_WGI_PV_EST,2024,0.7903521
Mauritius,MUS,GOV_WGI_RL_EST,2024,0.638614
Mauritius,MUS,SE.TER.ENRR,2024,45.7771156388358
Mauritius,MUS,IP.JRN.ARTC.SC,2024,
Mexico,MEX,GOV_WGI_CC_EST,2024,-0.9408772
Mexico,MEX,IT.NET.BBND.P2,2024,21.7367225364543
Mexico,MEX,NY.GDP.PCAP.PP.CD,2024,26185.35647132528
Mexico,MEX,TX.VAL.TECH.MF.ZS,2024,19.3037596613987
Mexico,MEX,IT.CEL.SETS.P2,2024,116.486713265167
Mexico,MEX,GOV_WGI_PV_EST,2024,-0.7154541
Mexico,MEX,GOV_WGI_RL_EST,2024,-1.15386449999999
Mexico,MEX,SE.TER.ENRR,2024,48.203441619873
Mexico,MEX,IP.JRN.ARTC.SC,2024,
"Micronesia, Fed. Sts.",FSM,GOV_WGI_CC_EST,2024,0.7080176
"Micronesia, Fed. Sts.",FSM,IT.NET.BBND.P2,2024,
"Micronesia, Fed. Sts.",FSM,NY.GDP.PCAP.PP.CD,2024,4346.842496718753
"Micronesia, Fed. Sts.",FSM,TX.VAL.TECH.MF.ZS,2024,
"Micronesia, Fed. Sts.",FSM,IT.CEL.SETS.P2,2024,
"Micronesia, Fed. Sts.",FSM,GOV_WGI_PV_EST,2024,1.499468
"Micronesia, Fed. Sts.",FSM,GOV_WGI_RL_EST,2024,0.9769408
"Micronesia, Fed. Sts.",FSM,SE.TER.ENRR,2024,
"Micronesia, Fed. Sts.",FSM,IP.JRN.ARTC.SC,2024,
Moldova,MDA,GOV_WGI_CC_EST,2024,-0.2915803
Moldova,MDA,IT.NET.BBND.P2,2024,29.6324400873685
Moldova,MDA,NY.GDP.PCAP.PP.CD,2024,18614.98806912032
Moldova,MDA,TX.VAL.TECH.MF.ZS,2024,2.92514721596985
Moldova,MDA,IT.CEL.SETS.P2,2024,120.083487069521
Moldova,MDA,GOV_WGI_PV_EST,2024,-0.3449915
Moldova,MDA,GOV_WGI_RL_EST,2024,-0.161332199999999
Moldova,MDA,SE.TER.ENRR,2024,74.7109378669046
Moldova,MDA,IP.JRN.ARTC.SC,2024,
Monaco,MCO,GOV_WGI_CC_EST,2024,1.8002811
Monaco,MCO,IT.NET.BBND.P2,2024,55.6780823690818
Monaco,MCO,NY.GDP.PCAP.PP.CD,2024,
Monaco,MCO,TX.VAL.TECH.MF.ZS,2024,
Monaco,MCO,IT.CEL.SETS.P2,2024,107.400792109963
Monaco,MCO,GOV_WGI_PV_EST,2024,1.2387076
Monaco,MCO,GOV_WGI_RL_EST,2024,1.3453634
Monaco,MCO,SE.TER.ENRR,2024,77.4806900024414
Monaco,MCO,IP.JRN.ARTC.SC,2024,
Mongolia,MNG,GOV_WGI_CC_EST,2024,-0.4859579
Mongolia,MNG,IT.NET.BBND.P2,2024,15.7837343261767
Mongolia,MNG,NY.GDP.PCAP.PP.CD,2024,19144.72613684978
Mongolia,MNG,TX.VAL.TECH.MF.ZS,2024,
Mongolia,MNG,IT.CEL.SETS.P2,2024,140.670025377351
Mongolia,MNG,GOV_WGI_PV_EST,2024,0.4203821
Mongolia,MNG,GOV_WGI_RL_EST,2024,-0.09977
Mongolia,MNG,SE.TER.ENRR,2024,69.044059753418
Mongolia,MNG,IP.JRN.ARTC.SC,2024,
Montenegro,MNE,GOV_WGI_CC_EST,2024,-0.0594344
Montenegro,MNE,IT.NET.BBND.P2,2024,32.305369479654
Montenegro,MNE,NY.GDP.PCAP.PP.CD,2024,34062.75776727055
Montenegro,MNE,TX.VAL.TECH.MF.ZS,2024,14.462266281372935
Montenegro,MNE,IT.CEL.SETS.P2,2024,221.687322527444
Montenegro,MNE,GOV_WGI_PV_EST,2024,0.3318563
Montenegro,MNE,GOV_WGI_RL_EST,2024,0.1813833
Montenegro,MNE,SE.TER.ENRR,2024,
Montenegro,MNE,IP.JRN.ARTC.SC,2024,
Morocco,MAR,GOV_WGI_CC_EST,2024,-0.5186913
Morocco,MAR,IT.NET.BBND.P2,2024,7.30282126551091
Morocco,MAR,NY.GDP.PCAP.PP.CD,2024,10415.1240234375
Morocco,MAR,TX.VAL.TECH.MF.ZS,2024,
Morocco,MAR,IT.CEL.SETS.P2,2024,153.057260079672
Morocco,MAR,GOV_WGI_PV_EST,2024,-0.4408003
Morocco,MAR,GOV_WGI_RL_EST,2024,-0.3678036
Morocco,MAR,SE.TER.ENRR,2024,48.1839617510572
Morocco,MAR,IP.JRN.ARTC.SC,2024,
Mozambique,MOZ,GOV_WGI_CC_EST,2024,-1.0618104
Mozambique,MOZ,IT.NET.BBND.P2,2024,0.141999688956087
Mozambique,MOZ,NY.GDP.PCAP.PP.CD,2024,1705.37919520416
Mozambique,MOZ,TX.VAL.TECH.MF.ZS,2024,3.630264842079899
Mozambique,MOZ,IT.CEL.SETS.P2,2024,49.5047696961223
Mozambique,MOZ,GOV_WGI_PV_EST,2024,-1.7581974
Mozambique,MOZ,GOV_WGI_RL_EST,2024,-1.1949508
Mozambique,MOZ,SE.TER.ENRR,2024,
Mozambique,MOZ,IP.JRN.ARTC.SC,2024,
Myanmar,MMR,GOV_WGI_CC_EST,2024,-1.2527062
Myanmar,MMR,IT.NET.BBND.P2,2024,2.86965759378273
Myanmar,MMR,NY.GDP.PCAP.PP.CD,2024,5997.465163237152
Myanmar,MMR,TX.VAL.TECH.MF.ZS,2024,5.1999199979097686
Myanmar,MMR,IT.CEL.SETS.P2,2024,114.329042129489
Myanmar,MMR,GOV_WGI_PV_EST,2024,-2.0903985
Myanmar,MMR,GOV_WGI_RL_EST,2024,-1.811602
Myanmar,MMR,SE.TER.ENRR,2024,
Myanmar,MMR,IP.JRN.ARTC.SC,2024,
Namibia,NAM,GOV_WGI_CC_EST,2024,0.1265202
Namibia,NAM,IT.NET.BBND.P2,2024,2.83462992194067
Namibia,NAM,NY.GDP.PCAP.PP.CD,2024,11686.602066188076
Namibia,NAM,TX.VAL.TECH.MF.ZS,2024,0.1172880805763725
Namibia,NAM,IT.CEL.SETS.P2,2024,85.1648988113055
Namibia,NAM,GOV_WGI_PV_EST,2024,0.5467327
Namibia,NAM,GOV_WGI_RL_EST,2024,0.3278567
Namibia,NAM,SE.TER.ENRR,2024,
Namibia,NAM,IP.JRN.ARTC.SC,2024,
Nauru,NRU,GOV_WGI_CC_EST,2024,0.5049337
Nauru,NRU,IT.NET.BBND.P2,2024,
Nauru,NRU,NY.GDP.PCAP.PP.CD,2024,14173.00810431538
Nauru,NRU,TX.VAL.TECH.MF.ZS,2024,
Nauru,NRU,IT.CEL.SETS.P2,2024,
Nauru,NRU,GOV_WGI_PV_EST,2024,1.1047052
Nauru,NRU,GOV_WGI_RL_EST,2024,0.2518105
Nauru,NRU,SE.TER.ENRR,2024,
Nauru,NRU,IP.JRN.ARTC.SC,2024,
Nepal,NPL,GOV_WGI_CC_EST,2024,-0.632602
Nepal,NPL,IT.NET.BBND.P2,2024,10.0656152054494
Nepal,NPL,NY.GDP.PCAP.PP.CD,2024,5736.621343327036
Nepal,NPL,TX.VAL.TECH.MF.ZS,2024,
Nepal,NPL,IT.CEL.SETS.P2,2024,99.8471420273964
Nepal,NPL,GOV_WGI_PV_EST,2024,-0.414613399999999
Nepal,NPL,GOV_WGI_RL_EST,2024,-0.303653399999999
Nepal,NPL,SE.TER.ENRR,2024,21.2915596292014
Nepal,NPL,IP.JRN.ARTC.SC,2024,
Netherlands,NLD,GOV_WGI_CC_EST,2024,1.9100133
Netherlands,NLD,IT.NET.BBND.P2,2024,42.9782483069868
Netherlands,NLD,NY.GDP.PCAP.PP.CD,2024,86173.62908417381
Netherlands,NLD,TX.VAL.TECH.MF.ZS,2024,23.46800527637449
Netherlands,NLD,IT.CEL.SETS.P2,2024,128.538765867661
Netherlands,NLD,GOV_WGI_PV_EST,2024,0.4281196
Netherlands,NLD,GOV_WGI_RL_EST,2024,1.7069218
Netherlands,NLD,SE.TER.ENRR,2024,
Netherlands,NLD,IP.JRN.ARTC.SC,2024,
New Caledonia,NCL,GOV_WGI_CC_EST,2024,0.1263751
New Caledonia,NCL,IT.NET.BBND.P2,2024,
New Caledonia,NCL,NY.GDP.PCAP.PP.CD,2024,
New Caledonia,NCL,TX.VAL.TECH.MF.ZS,2024,
New Caledonia,NCL,IT.CEL.SETS.P2,2024,
New Caledonia,NCL,GOV_WGI_PV_EST,2024,1.0976197
New Caledonia,NCL,GOV_WGI_RL_EST,2024,1.0851316
New Caledonia,NCL,SE.TER.ENRR,2024,
New Caledonia,NCL,IP.JRN.ARTC.SC,2024,
New Zealand,NZL,GOV_WGI_CC_EST,2024,1.9285412
New Zealand,NZL,IT.NET.BBND.P2,2024,38.048298946057
New Zealand,NZL,NY.GDP.PCAP.PP.CD,2024,55551.14365863703
New Zealand,NZL,TX.VAL.TECH.MF.ZS,2024,12.967075044943453
New Zealand,NZL,IT.CEL.SETS.P2,2024,130.093457083544
New Zealand,NZL,GOV_WGI_PV_EST,2024,1.1506563
New Zealand,NZL,GOV_WGI_RL_EST,2024,1.6674536
New Zealand,NZL,SE.TER.ENRR,2024,77.2406463623047
New Zealand,NZL,IP.JRN.ARTC.SC,2024,
Nicaragua,NIC,GOV_WGI_CC_EST,2024,-1.4326926
Nicaragua,NIC,IT.NET.BBND.P2,2024,5.77624223916809
Nicaragua,NIC,NY.GDP.PCAP.PP.CD,2024,8708.799830516262
Nicaragua,NIC,TX.VAL.TECH.MF.ZS,2024,0.5964522273713546
Nicaragua,NIC,IT.CEL.SETS.P2,2024,105.961143065351
Nicaragua,NIC,GOV_WGI_PV_EST,2024,-0.0694255
Nicaragua,NIC,GOV_WGI_RL_EST,2024,-1.6197013
Nicaragua,NIC,SE.TER.ENRR,2024,
Nicaragua,NIC,IP.JRN.ARTC.SC,2024,
Niger,NER,GOV_WGI_CC_EST,2024,-0.6169138
Niger,NER,IT.NET.BBND.P2,2024,0.111273829357144
Niger,NER,NY.GDP.PCAP.PP.CD,2024,2049.933052510188
Niger,NER,TX.VAL.TECH.MF.ZS,2024,8.617663092102479
Niger,NER,IT.CEL.SETS.P2,2024,60.5939862118112
Niger,NER,GOV_WGI_PV_EST,2024,-1.7634214
Niger,NER,GOV_WGI_RL_EST,2024,-0.9457241
Niger,NER,SE.TER.ENRR,2024,
Niger,NER,IP.JRN.ARTC.SC,2024,
Nigeria,NGA,GOV_WGI_CC_EST,2024,-1.1145909
Nigeria,NGA,IT.NET.BBND.P2,2024,0.0787379280608494
Nigeria,NGA,NY.GDP.PCAP.PP.CD,2024,9086.875506096269
Nigeria,NGA,TX.VAL.TECH.MF.ZS,2024,2.711671864355792
Nigeria,NGA,IT.CEL.SETS.P2,2024,70.7619057835431
Nigeria,NGA,GOV_WGI_PV_EST,2024,-2.0025617
Nigeria,NGA,GOV_WGI_RL_EST,2024,-1.0069453
Nigeria,NGA,SE.TER.ENRR,2024,
Nigeria,NGA,IP.JRN.ARTC.SC,2024,
North Macedonia,MKD,GOV_WGI_CC_EST,2024,-0.3292214
North Macedonia,MKD,IT.NET.BBND.P2,2024,29.8921727758887
North Macedonia,MKD,NY.GDP.PCAP.PP.CD,2024,26995.429256349747
North Macedonia,MKD,TX.VAL.TECH.MF.ZS,2024,6.3599119716616
North Macedonia,MKD,IT.CEL.SETS.P2,2024,108.38712260883
North Macedonia,MKD,GOV_WGI_PV_EST,2024,0.1558087
North Macedonia,MKD,GOV_WGI_RL_EST,2024,-0.224929699999999
North Macedonia,MKD,SE.TER.ENRR,2024,
North Macedonia,MKD,IP.JRN.ARTC.SC,2024,
Northern Mariana Islands,MNP,GOV_WGI_CC_EST,2024,
Northern Mariana Islands,MNP,IT.NET.BBND.P2,2024,
Northern Mariana Islands,MNP,NY.GDP.PCAP.PP.CD,2024,
Northern Mariana Islands,MNP,TX.VAL.TECH.MF.ZS,2024,
Northern Mariana Islands,MNP,IT.CEL.SETS.P2,2024,
Northern Mariana Islands,MNP,GOV_WGI_PV_EST,2024,
Northern Mariana Islands,MNP,GOV_WGI_RL_EST,2024,
Northern Mariana Islands,MNP,SE.TER.ENRR,2024,
Northern Mariana Islands,MNP,IP.JRN.ARTC.SC,2024,
Norway,NOR,GOV_WGI_CC_EST,2024,1.9610085
Norway,NOR,IT.NET.BBND.P2,2024,45.1633056345554
Norway,NOR,NY.GDP.PCAP.PP.CD,2024,102037.52680023712
Norway,NOR,TX.VAL.TECH.MF.ZS,2024,25.41393593841716
Norway,NOR,IT.CEL.SETS.P2,2024,109.348606513576
Norway,NOR,GOV_WGI_PV_EST,2024,0.9032646
Norway,NOR,GOV_WGI_RL_EST,2024,1.9494549
Norway,NOR,SE.TER.ENRR,2024,95.4987564086914
Norway,NOR,IP.JRN.ARTC.SC,2024,
Oman,OMN,GOV_WGI_CC_EST,2024,0.5072492
Oman,OMN,IT.NET.BBND.P2,2024,11.0647690464367
Oman,OMN,NY.GDP.PCAP.PP.CD,2024,41740.16585300117
Oman,OMN,TX.VAL.TECH.MF.ZS,2024,
Oman,OMN,IT.CEL.SETS.P2,2024,120.61105087402
Oman,OMN,GOV_WGI_PV_EST,2024,0.6272361
Oman,OMN,GOV_WGI_RL_EST,2024,0.4493583
Oman,OMN,SE.TER.ENRR,2024,42.226921081543
Oman,OMN,IP.JRN.ARTC.SC,2024,
Pakistan,PAK,GOV_WGI_CC_EST,2024,-1.0656237
Pakistan,PAK,IT.NET.BBND.P2,2024,1.46559368502535
Pakistan,PAK,NY.GDP.PCAP.PP.CD,2024,6252.115431995586
Pakistan,PAK,TX.VAL.TECH.MF.ZS,2024,2.4381524801580827
Pakistan,PAK,IT.CEL.SETS.P2,2024,76.8544559649986
Pakistan,PAK,GOV_WGI_PV_EST,2024,-2.0634311
Pakistan,PAK,GOV_WGI_RL_EST,2024,-1.017096
Pakistan,PAK,SE.TER.ENRR,2024,10.8564126844434
Pakistan,PAK,IP.JRN.ARTC.SC,2024,
Palau,PLW,GOV_WGI_CC_EST,2024,0.5049337
Palau,PLW,IT.NET.BBND.P2,2024,
Palau,PLW,NY.GDP.PCAP.PP.CD,2024,
Palau,PLW,TX.VAL.TECH.MF.ZS,2024,
Palau,PLW,IT.CEL.SETS.P2,2024,
Palau,PLW,GOV_WGI_PV_EST,2024,1.2387076
Palau,PLW,GOV_WGI_RL_EST,2024,1.1710347
Palau,PLW,SE.TER.ENRR,2024,71.8428437792329
Palau,PLW,IP.JRN.ARTC.SC,2024,
Panama,PAN,GOV_WGI_CC_EST,2024,-0.5541186
Panama,PAN,IT.NET.BBND.P2,2024,
Panama,PAN,NY.GDP.PCAP.PP.CD,2024,41369.42254149896
Panama,PAN,TX.VAL.TECH.MF.ZS,2024,1.7673082163248952
Panama,PAN,IT.CEL.SETS.P2,2024,
Panama,PAN,GOV_WGI_PV_EST,2024,0.264681
Panama,PAN,GOV_WGI_RL_EST,2024,-0.2634275
Panama,PAN,SE.TER.ENRR,2024,
Panama,PAN,IP.JRN.ARTC.SC,2024,
Papua New Guinea,PNG,GOV_WGI_CC_EST,2024,-0.7973513
Papua New Guinea,PNG,IT.NET.BBND.P2,2024,0.232591077844073
Papua New Guinea,PNG,NY.GDP.PCAP.PP.CD,2024,4874.689955358899
Papua New Guinea,PNG,TX.VAL.TECH.MF.ZS,2024,
Papua New Guinea,PNG,IT.CEL.SETS.P2,2024,38.7651796406789
Papua New Guinea,PNG,GOV_WGI_PV_EST,2024,-0.653875
Papua New Guinea,PNG,GOV_WGI_RL_EST,2024,-0.571332899999999
Papua New Guinea,PNG,SE.TER.ENRR,2024,
Papua New Guinea,PNG,IP.JRN.ARTC.SC,2024,
Paraguay,PRY,GOV_WGI_CC_EST,2024,-1.0248859
Paraguay,PRY,IT.NET.BBND.P2,2024,
Paraguay,PRY,NY.GDP.PCAP.PP.CD,2024,18523.68101530004
Paraguay,PRY,TX.VAL.TECH.MF.ZS,2024,10.500404949278602
Paraguay,PRY,IT.CEL.SETS.P2,2024,
Paraguay,PRY,GOV_WGI_PV_EST,2024,-0.0738359
Paraguay,PRY,GOV_WGI_RL_EST,2024,-0.5835849
Paraguay,PRY,SE.TER.ENRR,2024,
Paraguay,PRY,IP.JRN.ARTC.SC,2024,
Peru,PER,GOV_WGI_CC_EST,2024,-0.7203896
Peru,PER,IT.NET.BBND.P2,2024,11.6788671222106
Peru,PER,NY.GDP.PCAP.PP.CD,2024,17802.418249897237
Peru,PER,TX.VAL.TECH.MF.ZS,2024,5.213723775964142
Peru,PER,IT.CEL.SETS.P2,2024,124.623544414599
Peru,PER,GOV_WGI_PV_EST,2024,-0.6544223
Peru,PER,GOV_WGI_RL_EST,2024,-0.5057749
Peru,PER,SE.TER.ENRR,2024,
Peru,PER,IP.JRN.ARTC.SC,2024,
Philippines,PHL,GOV_WGI_CC_EST,2024,-0.5766165
Philippines,PHL,IT.NET.BBND.P2,2024,7.13893301204977
Philippines,PHL,NY.GDP.PCAP.PP.CD,2024,11794.137548849178
Philippines,PHL,TX.VAL.TECH.MF.ZS,2024,60.97530702587497
Philippines,PHL,IT.CEL.SETS.P2,2024,115.298749599352
Philippines,PHL,GOV_WGI_PV_EST,2024,-0.7741477
Philippines,PHL,GOV_WGI_RL_EST,2024,-0.5739681
Philippines,PHL,SE.TER.ENRR,2024,47.4134996154186
Philippines,PHL,IP.JRN.ARTC.SC,2024,
Poland,POL,GOV_WGI_CC_EST,2024,0.794073
Poland,POL,IT.NET.BBND.P2,2024,25.3612522999634
Poland,POL,NY.GDP.PCAP.PP.CD,2024,51262.51057568839
Poland,POL,TX.VAL.TECH.MF.ZS,2024,13.509969902685828
Poland,POL,IT.CEL.SETS.P2,2024,138.016156588197
Poland,POL,GOV_WGI_PV_EST,2024,0.498655
Poland,POL,GOV_WGI_RL_EST,2024,0.5769112
Poland,POL,SE.TER.ENRR,2024,80.9149627685547
Poland,POL,IP.JRN.ARTC.SC,2024,
Portugal,PRT,GOV_WGI_CC_EST,2024,0.8241683
Portugal,PRT,IT.NET.BBND.P2,2024,45.2439221846256
Portugal,PRT,NY.GDP.PCAP.PP.CD,2024,51679.888380752695
Portugal,PRT,TX.VAL.TECH.MF.ZS,2024,6.773439189504354
Portugal,PRT,IT.CEL.SETS.P2,2024,124.129981203404
Portugal,PRT,GOV_WGI_PV_EST,2024,0.536927
Portugal,PRT,GOV_WGI_RL_EST,2024,1.0721547
Portugal,PRT,SE.TER.ENRR,2024,
Portugal,PRT,IP.JRN.ARTC.SC,2024,
Puerto Rico (US),PRI,GOV_WGI_CC_EST,2024,0.3976986
Puerto Rico (US),PRI,IT.NET.BBND.P2,2024,27.9891394865962
Puerto Rico (US),PRI,NY.GDP.PCAP.PP.CD,2024,50247.84924616758
Puerto Rico (US),PRI,TX.VAL.TECH.MF.ZS,2024,
Puerto Rico (US),PRI,IT.CEL.SETS.P2,2024,126.426375391555
Puerto Rico (US),PRI,GOV_WGI_PV_EST,2024,0.4382506
Puerto Rico (US),PRI,GOV_WGI_RL_EST,2024,0.546037
Puerto Rico (US),PRI,SE.TER.ENRR,2024,
Puerto Rico (US),PRI,IP.JRN.ARTC.SC,2024,
Qatar,QAT,GOV_WGI_CC_EST,2024,0.7548293
Qatar,QAT,IT.NET.BBND.P2,2024,11.8175200751339
Qatar,QAT,NY.GDP.PCAP.PP.CD,2024,126046.35485561156
Qatar,QAT,TX.VAL.TECH.MF.ZS,2024,2.8065533431352216
Qatar,QAT,IT.CEL.SETS.P2,2024,153.612474384296
Qatar,QAT,GOV_WGI_PV_EST,2024,0.9511752
Qatar,QAT,GOV_WGI_RL_EST,2024,0.589593
Qatar,QAT,SE.TER.ENRR,2024,43.0178909301758
Qatar,QAT,IP.JRN.ARTC.SC,2024,
Romania,ROU,GOV_WGI_CC_EST,2024,0.0259732
Romania,ROU,IT.NET.BBND.P2,2024,35.7995871488999
Romania,ROU,NY.GDP.PCAP.PP.CD,2024,49076.53993831378
Romania,ROU,TX.VAL.TECH.MF.ZS,2024,13.449751149372108
Romania,ROU,IT.CEL.SETS.P2,2024,119.804862328273
Romania,ROU,GOV_WGI_PV_EST,2024,0.1588848
Romania,ROU,GOV_WGI_RL_EST,2024,0.3710995
Romania,ROU,SE.TER.ENRR,2024,
Romania,ROU,IP.JRN.ARTC.SC,2024,
Russian Federation,RUS,GOV_WGI_CC_EST,2024,-0.8911386
Russian Federation,RUS,IT.NET.BBND.P2,2024,27.1333512124875
Russian Federation,RUS,NY.GDP.PCAP.PP.CD,2024,47361.90625
Russian Federation,RUS,TX.VAL.TECH.MF.ZS,2024,
Russian Federation,RUS,IT.CEL.SETS.P2,2024,186.103787309059
Russian Federation,RUS,GOV_WGI_PV_EST,2024,-0.903284699999999
Russian Federation,RUS,GOV_WGI_RL_EST,2024,-1.15651859999999
Russian Federation,RUS,SE.TER.ENRR,2024,60.3891235376867
Russian Federation,RUS,IP.JRN.ARTC.SC,2024,
Rwanda,RWA,GOV_WGI_CC_EST,2024,0.6254936
Rwanda,RWA,IT.NET.BBND.P2,2024,0.595648307197658
Rwanda,RWA,NY.GDP.PCAP.PP.CD,2024,3710.860404345957
Rwanda,RWA,TX.VAL.TECH.MF.ZS,2024,
Rwanda,RWA,IT.CEL.SETS.P2,2024,93.201462876722
Rwanda,RWA,GOV_WGI_PV_EST,2024,-0.0436888999999999
Rwanda,RWA,GOV_WGI_RL_EST,2024,0.1002757
Rwanda,RWA,SE.TER.ENRR,2024,9.41173924647801
Rwanda,RWA,IP.JRN.ARTC.SC,2024,
Samoa,WSM,GOV_WGI_CC_EST,2024,0.6881137
Samoa,WSM,IT.NET.BBND.P2,2024,
Samoa,WSM,NY.GDP.PCAP.PP.CD,2024,8736.816067725382
Samoa,WSM,TX.VAL.TECH.MF.ZS,2024,76.6700641079328
Samoa,WSM,IT.CEL.SETS.P2,2024,
Samoa,WSM,GOV_WGI_PV_EST,2024,1.2384523
Samoa,WSM,GOV_WGI_RL_EST,2024,1.0529651
Samoa,WSM,SE.TER.ENRR,2024,16.0263900756836
Samoa,WSM,IP.JRN.ARTC.SC,2024,
San Marino,SMR,GOV_WGI_CC_EST,2024,1.1762344
San Marino,SMR,IT.NET.BBND.P2,2024,
San Marino,SMR,NY.GDP.PCAP.PP.CD,2024,
San Marino,SMR,TX.VAL.TECH.MF.ZS,2024,
San Marino,SMR,IT.CEL.SETS.P2,2024,
San Marino,SMR,GOV_WGI_PV_EST,2024,1.3727102
San Marino,SMR,GOV_WGI_RL_EST,2024,1.1578037
San Marino,SMR,SE.TER.ENRR,2024,57.5487465181059
San Marino,SMR,IP.JRN.ARTC.SC,2024,
Sao Tome and Principe,STP,GOV_WGI_CC_EST,2024,0.1841644
Sao Tome and Principe,STP,IT.NET.BBND.P2,2024,2.9940221452347
Sao Tome and Principe,STP,NY.GDP.PCAP.PP.CD,2024,6241.856144646377
Sao Tome and Principe,STP,TX.VAL.TECH.MF.ZS,2024,
Sao Tome and Principe,STP,IT.CEL.SETS.P2,2024,62.4367400312479
Sao Tome and Principe,STP,GOV_WGI_PV_EST,2024,0.4890127
Sao Tome and Principe,STP,GOV_WGI_RL_EST,2024,-0.3531666
Sao Tome and Principe,STP,SE.TER.ENRR,2024,
Sao Tome and Principe,STP,IP.JRN.ARTC.SC,2024,
Saudi Arabia,SAU,GOV_WGI_CC_EST,2024,0.7528275
Saudi Arabia,SAU,IT.NET.BBND.P2,2024,44.0705800179885
Saudi Arabia,SAU,NY.GDP.PCAP.PP.CD,2024,71375.37278902852
Saudi Arabia,SAU,TX.VAL.TECH.MF.ZS,2024,0.5440021267136252
Saudi Arabia,SAU,IT.CEL.SETS.P2,2024,159.541370566589
Saudi Arabia,SAU,GOV_WGI_PV_EST,2024,-0.048171
Saudi Arabia,SAU,GOV_WGI_RL_EST,2024,0.2103549
Saudi Arabia,SAU,SE.TER.ENRR,2024,83.884129573915
Saudi Arabia,SAU,IP.JRN.ARTC.SC,2024,
Senegal,SEN,GOV_WGI_CC_EST,2024,0.1130413
Senegal,SEN,IT.NET.BBND.P2,2024,4.03828584004829
Senegal,SEN,NY.GDP.PCAP.PP.CD,2024,5070.6486207417975
Senegal,SEN,TX.VAL.TECH.MF.ZS,2024,3.0439766592332007
Senegal,SEN,IT.CEL.SETS.P2,2024,123.894453697506
Senegal,SEN,GOV_WGI_PV_EST,2024,-0.228555999999999
Senegal,SEN,GOV_WGI_RL_EST,2024,-0.2046739
Senegal,SEN,SE.TER.ENRR,2024,15.3302400879779
Senegal,SEN,IP.JRN.ARTC.SC,2024,
Serbia,SRB,GOV_WGI_CC_EST,2024,-0.5608287
Serbia,SRB,IT.NET.BBND.P2,2024,33.3746847922718
Serbia,SRB,NY.GDP.PCAP.PP.CD,2024,32832.17632210049
Serbia,SRB,TX.VAL.TECH.MF.ZS,2024,
Serbia,SRB,IT.CEL.SETS.P2,2024,123.822194984291
Serbia,SRB,GOV_WGI_PV_EST,2024,-0.168638999999999
Serbia,SRB,GOV_WGI_RL_EST,2024,-0.2000778
Serbia,SRB,SE.TER.ENRR,2024,70.582649230957
Serbia,SRB,IP.JRN.ARTC.SC,2024,
Seychelles,SYC,GOV_WGI_CC_EST,2024,1.2307957
Seychelles,SYC,IT.NET.BBND.P2,2024,31.5968654633563
Seychelles,SYC,NY.GDP.PCAP.PP.CD,2024,33238.58003437535
Seychelles,SYC,TX.VAL.TECH.MF.ZS,2024,0.0899054165105231
Seychelles,SYC,IT.CEL.SETS.P2,2024,125.616862703001
Seychelles,SYC,GOV_WGI_PV_EST,2024,0.9164443
Seychelles,SYC,GOV_WGI_RL_EST,2024,0.5968987
Seychelles,SYC,SE.TER.ENRR,2024,14.5342502593994
Seychelles,SYC,IP.JRN.ARTC.SC,2024,
Sierra Leone,SLE,GOV_WGI_CC_EST,2024,-0.702284199999999
Sierra Leone,SLE,IT.NET.BBND.P2,2024,
Sierra Leone,SLE,NY.GDP.PCAP.PP.CD,2024,3522.305880091194
Sierra Leone,SLE,TX.VAL.TECH.MF.ZS,2024,
Sierra Leone,SLE,IT.CEL.SETS.P2,2024,
Sierra Leone,SLE,GOV_WGI_PV_EST,2024,-0.4501536
Sierra Leone,SLE,GOV_WGI_RL_EST,2024,-0.8385756
Sierra Leone,SLE,SE.TER.ENRR,2024,
Sierra Leone,SLE,IP.JRN.ARTC.SC,2024,
Singapore,SGP,GOV_WGI_CC_EST,2024,1.9681221
Singapore,SGP,IT.NET.BBND.P2,2024,27.813655026664
Singapore,SGP,NY.GDP.PCAP.PP.CD,2024,150689.30162582558
Singapore,SGP,TX.VAL.TECH.MF.ZS,2024,59.42978293850296
Singapore,SGP,IT.CEL.SETS.P2,2024,170.78256295407
Singapore,SGP,GOV_WGI_PV_EST,2024,1.2318778
Singapore,SGP,GOV_WGI_RL_EST,2024,1.4311756
Singapore,SGP,SE.TER.ENRR,2024,
Singapore,SGP,IP.JRN.ARTC.SC,2024,
Sint Maarten (Dutch part),SXM,GOV_WGI_CC_EST,2024,
Sint Maarten (Dutch part),SXM,IT.NET.BBND.P2,2024,
Sint Maarten (Dutch part),SXM,NY.GDP.PCAP.PP.CD,2024,53768.6573945662
Sint Maarten (Dutch part),SXM,TX.VAL.TECH.MF.ZS,2024,
Sint Maarten (Dutch part),SXM,IT.CEL.SETS.P2,2024,
Sint Maarten (Dutch part),SXM,GOV_WGI_PV_EST,2024,
Sint Maarten (Dutch part),SXM,GOV_WGI_RL_EST,2024,
Sint Maarten (Dutch part),SXM,SE.TER.ENRR,2024,
Sint Maarten (Dutch part),SXM,IP.JRN.ARTC.SC,2024,
Slovak Republic,SVK,GOV_WGI_CC_EST,2024,0.1108201
Slovak Republic,SVK,IT.NET.BBND.P2,2024,33.8136036435218
Slovak Republic,SVK,NY.GDP.PCAP.PP.CD,2024,48132.35643054295
Slovak Republic,SVK,TX.VAL.TECH.MF.ZS,2024,10.593555364559856
Slovak Republic,SVK,IT.CEL.SETS.P2,2024,139.967676092657
Slovak Republic,SVK,GOV_WGI_PV_EST,2024,0.6343713
Slovak Republic,SVK,GOV_WGI_RL_EST,2024,0.5609435
Slovak Republic,SVK,SE.TER.ENRR,2024,54.4743194580078
Slovak Republic,SVK,IP.JRN.ARTC.SC,2024,
Slovenia,SVN,GOV_WGI_CC_EST,2024,0.6743495
Slovenia,SVN,IT.NET.BBND.P2,2024,34.2332575162942
Slovenia,SVN,NY.GDP.PCAP.PP.CD,2024,57186.37135381743
Slovenia,SVN,TX.VAL.TECH.MF.ZS,2024,8.343380343363787
Slovenia,SVN,IT.CEL.SETS.P2,2024,130.86090177123
Slovenia,SVN,GOV_WGI_PV_EST,2024,0.7209146
Slovenia,SVN,GOV_WGI_RL_EST,2024,0.9786636
Slovenia,SVN,SE.TER.ENRR,2024,
Slovenia,SVN,IP.JRN.ARTC.SC,2024,
Solomon Islands,SLB,GOV_WGI_CC_EST,2024,-0.1401036
Solomon Islands,SLB,IT.NET.BBND.P2,2024,
Solomon Islands,SLB,NY.GDP.PCAP.PP.CD,2024,2674.893113398307
Solomon Islands,SLB,TX.VAL.TECH.MF.ZS,2024,
Solomon Islands,SLB,IT.CEL.SETS.P2,2024,
Solomon Islands,SLB,GOV_WGI_PV_EST,2024,0.7499116
Solomon Islands,SLB,GOV_WGI_RL_EST,2024,0.1533565
Solomon Islands,SLB,SE.TER.ENRR,2024,
Solomon Islands,SLB,IP.JRN.ARTC.SC,2024,
"Somalia, Fed. Rep.",SOM,GOV_WGI_CC_EST,2024,-1.7861136
"Somalia, Fed. Rep.",SOM,IT.NET.BBND.P2,2024,
"Somalia, Fed. Rep.",SOM,NY.GDP.PCAP.PP.CD,2024,1601.9646660233948
"Somalia, Fed. Rep.",SOM,TX.VAL.TECH.MF.ZS,2024,
"Somalia, Fed. Rep.",SOM,IT.CEL.SETS.P2,2024,
"Somalia, Fed. Rep.",SOM,GOV_WGI_PV_EST,2024,-2.2630781
"Somalia, Fed. Rep.",SOM,GOV_WGI_RL_EST,2024,-2.2054496
"Somalia, Fed. Rep.",SOM,SE.TER.ENRR,2024,
"Somalia, Fed. Rep.",SOM,IP.JRN.ARTC.SC,2024,
South Africa,ZAF,GOV_WGI_CC_EST,2024,-0.191792799999999
South Africa,ZAF,IT.NET.BBND.P2,2024,5.34791194620067
South Africa,ZAF,NY.GDP.PCAP.PP.CD,2024,15456.19899336581
South Africa,ZAF,TX.VAL.TECH.MF.ZS,2024,5.709233441532223
South Africa,ZAF,IT.CEL.SETS.P2,2024,179.336329840585
South Africa,ZAF,GOV_WGI_PV_EST,2024,-0.6171348
South Africa,ZAF,GOV_WGI_RL_EST,2024,0.017703
South Africa,ZAF,SE.TER.ENRR,2024,
South Africa,ZAF,IP.JRN.ARTC.SC,2024,
South Sudan,SSD,GOV_WGI_CC_EST,2024,-2.0647211
South Sudan,SSD,IT.NET.BBND.P2,2024,
South Sudan,SSD,NY.GDP.PCAP.PP.CD,2024,
South Sudan,SSD,TX.VAL.TECH.MF.ZS,2024,
South Sudan,SSD,IT.CEL.SETS.P2,2024,
South Sudan,SSD,GOV_WGI_PV_EST,2024,-1.4896464
South Sudan,SSD,GOV_WGI_RL_EST,2024,-1.9725304
South Sudan,SSD,SE.TER.ENRR,2024,
South Sudan,SSD,IP.JRN.ARTC.SC,2024,
Spain,ESP,GOV_WGI_CC_EST,2024,0.7145938
Spain,ESP,IT.NET.BBND.P2,2024,39.2337541858756
Spain,ESP,NY.GDP.PCAP.PP.CD,2024,57965.29481388373
Spain,ESP,TX.VAL.TECH.MF.ZS,2024,9.284476615699374
Spain,ESP,IT.CEL.SETS.P2,2024,130.260997343256
Spain,ESP,GOV_WGI_PV_EST,2024,-0.002992
Spain,ESP,GOV_WGI_RL_EST,2024,0.9317736
Spain,ESP,SE.TER.ENRR,2024,93.7689666748047
Spain,ESP,IP.JRN.ARTC.SC,2024,
Sri Lanka,LKA,GOV_WGI_CC_EST,2024,-0.384770899999999
Sri Lanka,LKA,IT.NET.BBND.P2,2024,8.4682688580745
Sri Lanka,LKA,NY.GDP.PCAP.PP.CD,2024,15632.592484984809
Sri Lanka,LKA,TX.VAL.TECH.MF.ZS,2024,1.5379397154043717
Sri Lanka,LKA,IT.CEL.SETS.P2,2024,132.548743018664
Sri Lanka,LKA,GOV_WGI_PV_EST,2024,-0.350302399999999
Sri Lanka,LKA,GOV_WGI_RL_EST,2024,-0.2577461
Sri Lanka,LKA,SE.TER.ENRR,2024,
Sri Lanka,LKA,IP.JRN.ARTC.SC,2024,
St. Kitts and Nevis,KNA,GOV_WGI_CC_EST,2024,0.3480989
St. Kitts and Nevis,KNA,IT.NET.BBND.P2,2024,
St. Kitts and Nevis,KNA,NY.GDP.PCAP.PP.CD,2024,34846.603534282825
St. Kitts and Nevis,KNA,TX.VAL.TECH.MF.ZS,2024,
St. Kitts and Nevis,KNA,IT.CEL.SETS.P2,2024,
St. Kitts and Nevis,KNA,GOV_WGI_PV_EST,2024,0.9121334
St. Kitts and Nevis,KNA,GOV_WGI_RL_EST,2024,0.5904494
St. Kitts and Nevis,KNA,SE.TER.ENRR,2024,
St. Kitts and Nevis,KNA,IP.JRN.ARTC.SC,2024,
St. Lucia,LCA,GOV_WGI_CC_EST,2024,0.4492828
St. Lucia,LCA,IT.NET.BBND.P2,2024,
St. Lucia,LCA,NY.GDP.PCAP.PP.CD,2024,27567.328077983904
St. Lucia,LCA,TX.VAL.TECH.MF.ZS,2024,
St. Lucia,LCA,IT.CEL.SETS.P2,2024,
St. Lucia,LCA,GOV_WGI_PV_EST,2024,1.0382485
St. Lucia,LCA,GOV_WGI_RL_EST,2024,0.5032686
St. Lucia,LCA,SE.TER.ENRR,2024,
St. Lucia,LCA,IP.JRN.ARTC.SC,2024,
St. Martin (French part),MAF,GOV_WGI_CC_EST,2024,
St. Martin (French part),MAF,IT.NET.BBND.P2,2024,
St. Martin (French part),MAF,NY.GDP.PCAP.PP.CD,2024,
St. Martin (French part),MAF,TX.VAL.TECH.MF.ZS,2024,
St. Martin (French part),MAF,IT.CEL.SETS.P2,2024,
St. Martin (French part),MAF,GOV_WGI_PV_EST,2024,
St. Martin (French part),MAF,GOV_WGI_RL_EST,2024,
St. Martin (French part),MAF,SE.TER.ENRR,2024,
St. Martin (French part),MAF,IP.JRN.ARTC.SC,2024,
St. Vincent and the Grenadines,VCT,GOV_WGI_CC_EST,2024,0.7050204
St. Vincent and the Grenadines,VCT,IT.NET.BBND.P2,2024,29.4605231772283
St. Vincent and the Grenadines,VCT,NY.GDP.PCAP.PP.CD,2024,21272.080067366205
St. Vincent and the Grenadines,VCT,TX.VAL.TECH.MF.ZS,2024,
St. Vincent and the Grenadines,VCT,IT.CEL.SETS.P2,2024,108.354536057883
St. Vincent and the Grenadines,VCT,GOV_WGI_PV_EST,2024,1.0382485
St. Vincent and the Grenadines,VCT,GOV_WGI_RL_EST,2024,0.5017878
St. Vincent and the Grenadines,VCT,SE.TER.ENRR,2024,
St. Vincent and the Grenadines,VCT,IP.JRN.ARTC.SC,2024,
Sudan,SDN,GOV_WGI_CC_EST,2024,-1.557432
Sudan,SDN,IT.NET.BBND.P2,2024,
Sudan,SDN,NY.GDP.PCAP.PP.CD,2024,2115.81616210938
Sudan,SDN,TX.VAL.TECH.MF.ZS,2024,
Sudan,SDN,IT.CEL.SETS.P2,2024,
Sudan,SDN,GOV_WGI_PV_EST,2024,-2.0243381
Sudan,SDN,GOV_WGI_RL_EST,2024,-1.7733122
Sudan,SDN,SE.TER.ENRR,2024,
Sudan,SDN,IP.JRN.ARTC.SC,2024,
Suriname,SUR,GOV_WGI_CC_EST,2024,-0.3768745
Suriname,SUR,IT.NET.BBND.P2,2024,18.7523938773484
Suriname,SUR,NY.GDP.PCAP.PP.CD,2024,21800.52659898221
Suriname,SUR,TX.VAL.TECH.MF.ZS,2024,10.372991669773096
Suriname,SUR,IT.CEL.SETS.P2,2024,142.122626416427
Suriname,SUR,GOV_WGI_PV_EST,2024,0.4782277
Suriname,SUR,GOV_WGI_RL_EST,2024,-0.2085757
Suriname,SUR,SE.TER.ENRR,2024,2.56642457392281
Suriname,SUR,IP.JRN.ARTC.SC,2024,
Sweden,SWE,GOV_WGI_CC_EST,2024,1.9676051
Sweden,SWE,IT.NET.BBND.P2,2024,40.6156538715616
Sweden,SWE,NY.GDP.PCAP.PP.CD,2024,71844.9129880579
Sweden,SWE,TX.VAL.TECH.MF.ZS,2024,17.65245510822034
Sweden,SWE,IT.CEL.SETS.P2,2024,140.686673016562
Sweden,SWE,GOV_WGI_PV_EST,2024,0.6035115
Sweden,SWE,GOV_WGI_RL_EST,2024,1.7267013
Sweden,SWE,SE.TER.ENRR,2024,83.9988098144531
Sweden,SWE,IP.JRN.ARTC.SC,2024,
Switzerland,CHE,GOV_WGI_CC_EST,2024,2.0072184
Switzerland,CHE,IT.NET.BBND.P2,2024,47.0197818175134
Switzerland,CHE,NY.GDP.PCAP.PP.CD,2024,96497.6947971323
Switzerland,CHE,TX.VAL.TECH.MF.ZS,2024,29.623901515794376
Switzerland,CHE,IT.CEL.SETS.P2,2024,129.471369643132
Switzerland,CHE,GOV_WGI_PV_EST,2024,0.9806678
Switzerland,CHE,GOV_WGI_RL_EST,2024,1.7636516
Switzerland,CHE,SE.TER.ENRR,2024,73.5430526733398
Switzerland,CHE,IP.JRN.ARTC.SC,2024,
Syrian Arab Republic,SYR,GOV_WGI_CC_EST,2024,-1.70162709999999
Syrian Arab Republic,SYR,IT.NET.BBND.P2,2024,
Syrian Arab Republic,SYR,NY.GDP.PCAP.PP.CD,2024,
Syrian Arab Republic,SYR,TX.VAL.TECH.MF.ZS,2024,
Syrian Arab Republic,SYR,IT.CEL.SETS.P2,2024,71.2231424453527
Syrian Arab Republic,SYR,GOV_WGI_PV_EST,2024,-2.3680716
Syrian Arab Republic,SYR,GOV_WGI_RL_EST,2024,-1.813556
Syrian Arab Republic,SYR,SE.TER.ENRR,2024,
Syrian Arab Republic,SYR,IP.JRN.ARTC.SC,2024,
Tajikistan,TJK,GOV_WGI_CC_EST,2024,-1.21775639999999
Tajikistan,TJK,IT.NET.BBND.P2,2024,
Tajikistan,TJK,NY.GDP.PCAP.PP.CD,2024,5405.9801161913865
Tajikistan,TJK,TX.VAL.TECH.MF.ZS,2024,
Tajikistan,TJK,IT.CEL.SETS.P2,2024,
Tajikistan,TJK,GOV_WGI_PV_EST,2024,-0.2756522
Tajikistan,TJK,GOV_WGI_RL_EST,2024,-1.18373399999999
Tajikistan,TJK,SE.TER.ENRR,2024,35.6398418742497
Tajikistan,TJK,IP.JRN.ARTC.SC,2024,
Tanzania,TZA,GOV_WGI_CC_EST,2024,-0.2941052
Tanzania,TZA,IT.NET.BBND.P2,2024,0.246433216306666
Tanzania,TZA,NY.GDP.PCAP.PP.CD,2024,4220.79638671875
Tanzania,TZA,TX.VAL.TECH.MF.ZS,2024,3.005692750842208
Tanzania,TZA,IT.CEL.SETS.P2,2024,126.559163217786
Tanzania,TZA,GOV_WGI_PV_EST,2024,-0.3895961
Tanzania,TZA,GOV_WGI_RL_EST,2024,-0.5194228
Tanzania,TZA,SE.TER.ENRR,2024,4.01880979537964
Tanzania,TZA,IP.JRN.ARTC.SC,2024,
Thailand,THA,GOV_WGI_CC_EST,2024,-0.5273456
Thailand,THA,IT.NET.BBND.P2,2024,14.8870491187484
Thailand,THA,NY.GDP.PCAP.PP.CD,2024,24712.06585751352
Thailand,THA,TX.VAL.TECH.MF.ZS,2024,28.30577687622535
Thailand,THA,IT.CEL.SETS.P2,2024,160.639312286761
Thailand,THA,GOV_WGI_PV_EST,2024,-0.6833311
Thailand,THA,GOV_WGI_RL_EST,2024,-0.2155096
Thailand,THA,SE.TER.ENRR,2024,44.9845744019321
Thailand,THA,IP.JRN.ARTC.SC,2024,
Timor-Leste,TLS,GOV_WGI_CC_EST,2024,-0.3775174
Timor-Leste,TLS,IT.NET.BBND.P2,2024,0.0059972669597711
Timor-Leste,TLS,NY.GDP.PCAP.PP.CD,2024,4422.7788217239895
Timor-Leste,TLS,TX.VAL.TECH.MF.ZS,2024,
Timor-Leste,TLS,IT.CEL.SETS.P2,2024,116.382391453038
Timor-Leste,TLS,GOV_WGI_PV_EST,2024,0.5260108
Timor-Leste,TLS,GOV_WGI_RL_EST,2024,-0.6256762
Timor-Leste,TLS,SE.TER.ENRR,2024,
Timor-Leste,TLS,IP.JRN.ARTC.SC,2024,
Togo,TGO,GOV_WGI_CC_EST,2024,-0.6633762
Togo,TGO,IT.NET.BBND.P2,2024,1.41538265577438
Togo,TGO,NY.GDP.PCAP.PP.CD,2024,3365.458090073059
Togo,TGO,TX.VAL.TECH.MF.ZS,2024,0.6819482795956174
Togo,TGO,IT.CEL.SETS.P2,2024,80.8035554767112
Togo,TGO,GOV_WGI_PV_EST,2024,-0.8094466
Togo,TGO,GOV_WGI_RL_EST,2024,-0.632861
Togo,TGO,SE.TER.ENRR,2024,
Togo,TGO,IP.JRN.ARTC.SC,2024,
Tonga,TON,GOV_WGI_CC_EST,2024,-0.3992192
Tonga,TON,IT.NET.BBND.P2,2024,
Tonga,TON,NY.GDP.PCAP.PP.CD,2024,
Tonga,TON,TX.VAL.TECH.MF.ZS,2024,
Tonga,TON,IT.CEL.SETS.P2,2024,
Tonga,TON,GOV_WGI_PV_EST,2024,1.254781
Tonga,TON,GOV_WGI_RL_EST,2024,0.6942664
Tonga,TON,SE.TER.ENRR,2024,
Tonga,TON,IP.JRN.ARTC.SC,2024,
Trinidad and Tobago,TTO,GOV_WGI_CC_EST,2024,-0.339819
Trinidad and Tobago,TTO,IT.NET.BBND.P2,2024,27.0294379426204
Trinidad and Tobago,TTO,NY.GDP.PCAP.PP.CD,2024,36328.513006568486
Trinidad and Tobago,TTO,TX.VAL.TECH.MF.ZS,2024,0.2236966360888908
Trinidad and Tobago,TTO,IT.CEL.SETS.P2,2024,118.786668099235
Trinidad and Tobago,TTO,GOV_WGI_PV_EST,2024,0.3600136
Trinidad and Tobago,TTO,GOV_WGI_RL_EST,2024,-0.371533
Trinidad and Tobago,TTO,SE.TER.ENRR,2024,23.8493010569383
Trinidad and Tobago,TTO,IP.JRN.ARTC.SC,2024,
Tunisia,TUN,GOV_WGI_CC_EST,2024,-0.220154599999999
Tunisia,TUN,IT.NET.BBND.P2,2024,14.9741523024679
Tunisia,TUN,NY.GDP.PCAP.PP.CD,2024,14521.008093763836
Tunisia,TUN,TX.VAL.TECH.MF.ZS,2024,
Tunisia,TUN,IT.CEL.SETS.P2,2024,117.606816067203
Tunisia,TUN,GOV_WGI_PV_EST,2024,-0.9248175
Tunisia,TUN,GOV_WGI_RL_EST,2024,-0.3644942
Tunisia,TUN,SE.TER.ENRR,2024,
Tunisia,TUN,IP.JRN.ARTC.SC,2024,
Turkiye,TUR,GOV_WGI_CC_EST,2024,-0.5632153
Turkiye,TUR,IT.NET.BBND.P2,2024,23.4317347919186
Turkiye,TUR,NY.GDP.PCAP.PP.CD,2024,45639.01927359441
Turkiye,TUR,TX.VAL.TECH.MF.ZS,2024,5.137759569870646
Turkiye,TUR,IT.CEL.SETS.P2,2024,107.826875714392
Turkiye,TUR,GOV_WGI_PV_EST,2024,-0.970710499999999
Turkiye,TUR,GOV_WGI_RL_EST,2024,-0.8434149
Turkiye,TUR,SE.TER.ENRR,2024,
Turkiye,TUR,IP.JRN.ARTC.SC,2024,
Turkmenistan,TKM,GOV_WGI_CC_EST,2024,-1.297223
Turkmenistan,TKM,IT.NET.BBND.P2,2024,
Turkmenistan,TKM,NY.GDP.PCAP.PP.CD,2024,21213.08625019529
Turkmenistan,TKM,TX.VAL.TECH.MF.ZS,2024,
Turkmenistan,TKM,IT.CEL.SETS.P2,2024,
Turkmenistan,TKM,GOV_WGI_PV_EST,2024,0.2455892
Turkmenistan,TKM,GOV_WGI_RL_EST,2024,-1.4131747
Turkmenistan,TKM,SE.TER.ENRR,2024,20.4250351701637
Turkmenistan,TKM,IP.JRN.ARTC.SC,2024,
Turks and Caicos Islands,TCA,GOV_WGI_CC_EST,2024,
Turks and Caicos Islands,TCA,IT.NET.BBND.P2,2024,
Turks and Caicos Islands,TCA,NY.GDP.PCAP.PP.CD,2024,37954.38765434712
Turks and Caicos Islands,TCA,TX.VAL.TECH.MF.ZS,2024,
Turks and Caicos Islands,TCA,IT.CEL.SETS.P2,2024,
Turks and Caicos Islands,TCA,GOV_WGI_PV_EST,2024,
Turks and Caicos Islands,TCA,GOV_WGI_RL_EST,2024,
Turks and Caicos Islands,TCA,SE.TER.ENRR,2024,
Turks and Caicos Islands,TCA,IP.JRN.ARTC.SC,2024,
Tuvalu,TUV,GOV_WGI_CC_EST,2024,0.5787137
Tuvalu,TUV,IT.NET.BBND.P2,2024,
Tuvalu,TUV,NY.GDP.PCAP.PP.CD,2024,
Tuvalu,TUV,TX.VAL.TECH.MF.ZS,2024,
Tuvalu,TUV,IT.CEL.SETS.P2,2024,
Tuvalu,TUV,GOV_WGI_PV_EST,2024,1.4687654
Tuvalu,TUV,GOV_WGI_RL_EST,2024,1.2213564
Tuvalu,TUV,SE.TER.ENRR,2024,
Tuvalu,TUV,IP.JRN.ARTC.SC,2024,
Uganda,UGA,GOV_WGI_CC_EST,2024,-1.11616729999999
Uganda,UGA,IT.NET.BBND.P2,2024,0.207613333991268
Uganda,UGA,NY.GDP.PCAP.PP.CD,2024,3273.267174136397
Uganda,UGA,TX.VAL.TECH.MF.ZS,2024,1.915938334373552
Uganda,UGA,IT.CEL.SETS.P2,2024,83.165031466902
Uganda,UGA,GOV_WGI_PV_EST,2024,-1.0222248
Uganda,UGA,GOV_WGI_RL_EST,2024,-0.738524299999999
Uganda,UGA,SE.TER.ENRR,2024,
Uganda,UGA,IP.JRN.ARTC.SC,2024,
Ukraine,UKR,GOV_WGI_CC_EST,2024,-0.6723809
Ukraine,UKR,IT.NET.BBND.P2,2024,21.6539327212609
Ukraine,UKR,NY.GDP.PCAP.PP.CD,2024,18548.859375
Ukraine,UKR,TX.VAL.TECH.MF.ZS,2024,6.370287897750536
Ukraine,UKR,IT.CEL.SETS.P2,2024,
Ukraine,UKR,GOV_WGI_PV_EST,2024,-0.432315
Ukraine,UKR,GOV_WGI_RL_EST,2024,-0.720198999999999
Ukraine,UKR,SE.TER.ENRR,2024,87.1920013427734
Ukraine,UKR,IP.JRN.ARTC.SC,2024,
United Arab Emirates,ARE,GOV_WGI_CC_EST,2024,1.1702182
United Arab Emirates,ARE,IT.NET.BBND.P2,2024,40.840113505519
United Arab Emirates,ARE,NY.GDP.PCAP.PP.CD,2024,79228.73880127602
United Arab Emirates,ARE,TX.VAL.TECH.MF.ZS,2024,
United Arab Emirates,ARE,IT.CEL.SETS.P2,2024,203.206410299544
United Arab Emirates,ARE,GOV_WGI_PV_EST,2024,0.7886704
United Arab Emirates,ARE,GOV_WGI_RL_EST,2024,0.4968448
United Arab Emirates,ARE,SE.TER.ENRR,2024,63.7384451086316
United Arab Emirates,ARE,IP.JRN.ARTC.SC,2024,
United Kingdom,GBR,GOV_WGI_CC_EST,2024,1.5097548
United Kingdom,GBR,IT.NET.BBND.P2,2024,42.1648283773461
United Kingdom,GBR,NY.GDP.PCAP.PP.CD,2024,62009.490776536586
United Kingdom,GBR,TX.VAL.TECH.MF.ZS,2024,29.23326000907603
United Kingdom,GBR,IT.CEL.SETS.P2,2024,121.643331373201
United Kingdom,GBR,GOV_WGI_PV_EST,2024,0.2577085
United Kingdom,GBR,GOV_WGI_RL_EST,2024,1.269914
United Kingdom,GBR,SE.TER.ENRR,2024,
United Kingdom,GBR,IP.JRN.ARTC.SC,2024,
United States,USA,GOV_WGI_CC_EST,2024,1.0868914
United States,USA,IT.NET.BBND.P2,2024,38.8571729185246
United States,USA,NY.GDP.PCAP.PP.CD,2024,85809.90038463591
United States,USA,TX.VAL.TECH.MF.ZS,2024,24.322982844202045
United States,USA,IT.CEL.SETS.P2,2024,113.190481805755
United States,USA,GOV_WGI_PV_EST,2024,-0.0951125
United States,USA,GOV_WGI_RL_EST,2024,0.9617896
United States,USA,SE.TER.ENRR,2024,
United States,USA,IP.JRN.ARTC.SC,2024,
Uruguay,URY,GOV_WGI_CC_EST,2024,1.5279256
Uruguay,URY,IT.NET.BBND.P2,2024,33.0440254320868
Uruguay,URY,NY.GDP.PCAP.PP.CD,2024,36417.87416249601
Uruguay,URY,TX.VAL.TECH.MF.ZS,2024,9.841789758552164
Uruguay,URY,IT.CEL.SETS.P2,2024,145.501755749445
Uruguay,URY,GOV_WGI_PV_EST,2024,1.2779376
Uruguay,URY,GOV_WGI_RL_EST,2024,0.9505638
Uruguay,URY,SE.TER.ENRR,2024,
Uruguay,URY,IP.JRN.ARTC.SC,2024,
Uzbekistan,UZB,GOV_WGI_CC_EST,2024,-0.754316299999999
Uzbekistan,UZB,IT.NET.BBND.P2,2024,34.7381414135069
Uzbekistan,UZB,NY.GDP.PCAP.PP.CD,2024,11878.552870684822
Uzbekistan,UZB,TX.VAL.TECH.MF.ZS,2024,1.733863059639661
Uzbekistan,UZB,IT.CEL.SETS.P2,2024,110.492018573638
Uzbekistan,UZB,GOV_WGI_PV_EST,2024,-0.0267335
Uzbekistan,UZB,GOV_WGI_RL_EST,2024,-0.6562072
Uzbekistan,UZB,SE.TER.ENRR,2024,56.517478700865
Uzbekistan,UZB,IP.JRN.ARTC.SC,2024,
Vanuatu,VUT,GOV_WGI_CC_EST,2024,-0.1506043
Vanuatu,VUT,IT.NET.BBND.P2,2024,1.15566375920214
Vanuatu,VUT,NY.GDP.PCAP.PP.CD,2024,3605.607366917352
Vanuatu,VUT,TX.VAL.TECH.MF.ZS,2024,
Vanuatu,VUT,IT.CEL.SETS.P2,2024,
Vanuatu,VUT,GOV_WGI_PV_EST,2024,0.960216
Vanuatu,VUT,GOV_WGI_RL_EST,2024,0.4215614
Vanuatu,VUT,SE.TER.ENRR,2024,
Vanuatu,VUT,IP.JRN.ARTC.SC,2024,
"Venezuela, RB",VEN,GOV_WGI_CC_EST,2024,-1.58714009999999
"Venezuela, RB",VEN,IT.NET.BBND.P2,2024,12.9446636524427
"Venezuela, RB",VEN,NY.GDP.PCAP.PP.CD,2024,
"Venezuela, RB",VEN,TX.VAL.TECH.MF.ZS,2024,
"Venezuela, RB",VEN,IT.CEL.SETS.P2,2024,71.0075917225029
"Venezuela, RB",VEN,GOV_WGI_PV_EST,2024,-1.74042419999999
"Venezuela, RB",VEN,GOV_WGI_RL_EST,2024,-2.20427409999999
"Venezuela, RB",VEN,SE.TER.ENRR,2024,
"Venezuela, RB",VEN,IP.JRN.ARTC.SC,2024,
Viet Nam,VNM,GOV_WGI_CC_EST,2024,-0.2516989
Viet Nam,VNM,IT.NET.BBND.P2,2024,23.711259212336
Viet Nam,VNM,NY.GDP.PCAP.PP.CD,2024,16385.506556545766
Viet Nam,VNM,TX.VAL.TECH.MF.ZS,2024,
Viet Nam,VNM,IT.CEL.SETS.P2,2024,127.606471743496
Viet Nam,VNM,GOV_WGI_PV_EST,2024,0.0056736
Viet Nam,VNM,GOV_WGI_RL_EST,2024,-0.3139343
Viet Nam,VNM,SE.TER.ENRR,2024,37.5923642016718
Viet Nam,VNM,IP.JRN.ARTC.SC,2024,
Virgin Islands (U.S.),VIR,GOV_WGI_CC_EST,2024,-0.0718587
Virgin Islands (U.S.),VIR,IT.NET.BBND.P2,2024,
Virgin Islands (U.S.),VIR,NY.GDP.PCAP.PP.CD,2024,
Virgin Islands (U.S.),VIR,TX.VAL.TECH.MF.ZS,2024,
Virgin Islands (U.S.),VIR,IT.CEL.SETS.P2,2024,
Virgin Islands (U.S.),VIR,GOV_WGI_PV_EST,2024,0.9711697
Virgin Islands (U.S.),VIR,GOV_WGI_RL_EST,2024,0.5793123
Virgin Islands (U.S.),VIR,SE.TER.ENRR,2024,
Virgin Islands (U.S.),VIR,IP.JRN.ARTC.SC,2024,
West Bank and Gaza,PSE,GOV_WGI_CC_EST,2024,-0.5708422
West Bank and Gaza,PSE,IT.NET.BBND.P2,2024,8.16158042217888
West Bank and Gaza,PSE,NY.GDP.PCAP.PP.CD,2024,4371.111358572647
West Bank and Gaza,PSE,TX.VAL.TECH.MF.ZS,2024,
West Bank and Gaza,PSE,IT.CEL.SETS.P2,2024,
West Bank and Gaza,PSE,GOV_WGI_PV_EST,2024,-1.8763518
West Bank and Gaza,PSE,GOV_WGI_RL_EST,2024,-0.989397099999999
West Bank and Gaza,PSE,SE.TER.ENRR,2024,
West Bank and Gaza,PSE,IP.JRN.ARTC.SC,2024,
"Yemen, Rep.",YEM,GOV_WGI_CC_EST,2024,-1.63587859999999
"Yemen, Rep.",YEM,IT.NET.BBND.P2,2024,
"Yemen, Rep.",YEM,NY.GDP.PCAP.PP.CD,2024,
"Yemen, Rep.",YEM,TX.VAL.TECH.MF.ZS,2024,
"Yemen, Rep.",YEM,IT.CEL.SETS.P2,2024,
"Yemen, Rep.",YEM,GOV_WGI_PV_EST,2024,-2.7505641
"Yemen, Rep.",YEM,GOV_WGI_RL_EST,2024,-1.90158959999999
"Yemen, Rep.",YEM,SE.TER.ENRR,2024,
"Yemen, Rep.",YEM,IP.JRN.ARTC.SC,2024,
Zambia,ZMB,GOV_WGI_CC_EST,2024,-0.4568294
Zambia,ZMB,IT.NET.BBND.P2,2024,0.789797548725881
Zambia,ZMB,NY.GDP.PCAP.PP.CD,2024,4214.892778047992
Zambia,ZMB,TX.VAL.TECH.MF.ZS,2024,1.4719428559393013
Zambia,ZMB,IT.CEL.SETS.P2,2024,108.704779873813
Zambia,ZMB,GOV_WGI_PV_EST,2024,-0.1007849
Zambia,ZMB,GOV_WGI_RL_EST,2024,-0.5611771
Zambia,ZMB,SE.TER.ENRR,2024,
Zambia,ZMB,IP.JRN.ARTC.SC,2024,
Zimbabwe,ZWE,GOV_WGI_CC_EST,2024,-1.2516542
Zimbabwe,ZWE,IT.NET.BBND.P2,2024,1.93865437549104
Zimbabwe,ZWE,NY.GDP.PCAP.PP.CD,2024,5928.080625275605
Zimbabwe,ZWE,TX.VAL.TECH.MF.ZS,2024,2.7980173662508694
Zimbabwe,ZWE,IT.CEL.SETS.P2,2024,94.2451753366358
Zimbabwe,ZWE,GOV_WGI_PV_EST,2024,-1.0172382
Zimbabwe,ZWE,GOV_WGI_RL_EST,2024,-1.2109412
Zimbabwe,ZWE,SE.TER.ENRR,2024,7.74912957845971
Zimbabwe,ZWE,IP.JRN.ARTC.SC,2024,
Afghanistan,AFG,GOV_WGI_CC_EST,2025,
Afghanistan,AFG,IT.NET.BBND.P2,2025,
Afghanistan,AFG,NY.GDP.PCAP.PP.CD,2025,
Afghanistan,AFG,TX.VAL.TECH.MF.ZS,2025,
Afghanistan,AFG,IT.CEL.SETS.P2,2025,
Afghanistan,AFG,GOV_WGI_PV_EST,2025,
Afghanistan,AFG,GOV_WGI_RL_EST,2025,
Afghanistan,AFG,SE.TER.ENRR,2025,
Afghanistan,AFG,IP.JRN.ARTC.SC,2025,
Albania,ALB,GOV_WGI_CC_EST,2025,
Albania,ALB,IT.NET.BBND.P2,2025,
Albania,ALB,NY.GDP.PCAP.PP.CD,2025,
Albania,ALB,TX.VAL.TECH.MF.ZS,2025,
Albania,ALB,IT.CEL.SETS.P2,2025,
Albania,ALB,GOV_WGI_PV_EST,2025,
Albania,ALB,GOV_WGI_RL_EST,2025,
Albania,ALB,SE.TER.ENRR,2025,
Albania,ALB,IP.JRN.ARTC.SC,2025,
Algeria,DZA,GOV_WGI_CC_EST,2025,
Algeria,DZA,IT.NET.BBND.P2,2025,
Algeria,DZA,NY.GDP.PCAP.PP.CD,2025,
Algeria,DZA,TX.VAL.TECH.MF.ZS,2025,
Algeria,DZA,IT.CEL.SETS.P2,2025,
Algeria,DZA,GOV_WGI_PV_EST,2025,
Algeria,DZA,GOV_WGI_RL_EST,2025,
Algeria,DZA,SE.TER.ENRR,2025,
Algeria,DZA,IP.JRN.ARTC.SC,2025,
American Samoa,ASM,GOV_WGI_CC_EST,2025,
American Samoa,ASM,IT.NET.BBND.P2,2025,
American Samoa,ASM,NY.GDP.PCAP.PP.CD,2025,
American Samoa,ASM,TX.VAL.TECH.MF.ZS,2025,
American Samoa,ASM,IT.CEL.SETS.P2,2025,
American Samoa,ASM,GOV_WGI_PV_EST,2025,
American Samoa,ASM,GOV_WGI_RL_EST,2025,
American Samoa,ASM,SE.TER.ENRR,2025,
American Samoa,ASM,IP.JRN.ARTC.SC,2025,
Andorra,AND,GOV_WGI_CC_EST,2025,
Andorra,AND,IT.NET.BBND.P2,2025,
Andorra,AND,NY.GDP.PCAP.PP.CD,2025,
Andorra,AND,TX.VAL.TECH.MF.ZS,2025,
Andorra,AND,IT.CEL.SETS.P2,2025,
Andorra,AND,GOV_WGI_PV_EST,2025,
Andorra,AND,GOV_WGI_RL_EST,2025,
Andorra,AND,SE.TER.ENRR,2025,
Andorra,AND,IP.JRN.ARTC.SC,2025,
Angola,AGO,GOV_WGI_CC_EST,2025,
Angola,AGO,IT.NET.BBND.P2,2025,
Angola,AGO,NY.GDP.PCAP.PP.CD,2025,
Angola,AGO,TX.VAL.TECH.MF.ZS,2025,
Angola,AGO,IT.CEL.SETS.P2,2025,
Angola,AGO,GOV_WGI_PV_EST,2025,
Angola,AGO,GOV_WGI_RL_EST,2025,
Angola,AGO,SE.TER.ENRR,2025,
Angola,AGO,IP.JRN.ARTC.SC,2025,
Antigua and Barbuda,ATG,GOV_WGI_CC_EST,2025,
Antigua and Barbuda,ATG,IT.NET.BBND.P2,2025,
Antigua and Barbuda,ATG,NY.GDP.PCAP.PP.CD,2025,
Antigua and Barbuda,ATG,TX.VAL.TECH.MF.ZS,2025,
Antigua and Barbuda,ATG,IT.CEL.SETS.P2,2025,
Antigua and Barbuda,ATG,GOV_WGI_PV_EST,2025,
Antigua and Barbuda,ATG,GOV_WGI_RL_EST,2025,
Antigua and Barbuda,ATG,SE.TER.ENRR,2025,
Antigua and Barbuda,ATG,IP.JRN.ARTC.SC,2025,
Argentina,ARG,GOV_WGI_CC_EST,2025,
Argentina,ARG,IT.NET.BBND.P2,2025,
Argentina,ARG,NY.GDP.PCAP.PP.CD,2025,
Argentina,ARG,TX.VAL.TECH.MF.ZS,2025,
Argentina,ARG,IT.CEL.SETS.P2,2025,
Argentina,ARG,GOV_WGI_PV_EST,2025,
Argentina,ARG,GOV_WGI_RL_EST,2025,
Argentina,ARG,SE.TER.ENRR,2025,
Argentina,ARG,IP.JRN.ARTC.SC,2025,
Armenia,ARM,GOV_WGI_CC_EST,2025,
Armenia,ARM,IT.NET.BBND.P2,2025,
Armenia,ARM,NY.GDP.PCAP.PP.CD,2025,
Armenia,ARM,TX.VAL.TECH.MF.ZS,2025,
Armenia,ARM,IT.CEL.SETS.P2,2025,
Armenia,ARM,GOV_WGI_PV_EST,2025,
Armenia,ARM,GOV_WGI_RL_EST,2025,
Armenia,ARM,SE.TER.ENRR,2025,
Armenia,ARM,IP.JRN.ARTC.SC,2025,
Aruba,ABW,GOV_WGI_CC_EST,2025,
Aruba,ABW,IT.NET.BBND.P2,2025,
Aruba,ABW,NY.GDP.PCAP.PP.CD,2025,
Aruba,ABW,TX.VAL.TECH.MF.ZS,2025,
Aruba,ABW,IT.CEL.SETS.P2,2025,
Aruba,ABW,GOV_WGI_PV_EST,2025,
Aruba,ABW,GOV_WGI_RL_EST,2025,
Aruba,ABW,SE.TER.ENRR,2025,
Aruba,ABW,IP.JRN.ARTC.SC,2025,
Australia,AUS,GOV_WGI_CC_EST,2025,
Australia,AUS,IT.NET.BBND.P2,2025,
Australia,AUS,NY.GDP.PCAP.PP.CD,2025,
Australia,AUS,TX.VAL.TECH.MF.ZS,2025,
Australia,AUS,IT.CEL.SETS.P2,2025,
Australia,AUS,GOV_WGI_PV_EST,2025,
Australia,AUS,GOV_WGI_RL_EST,2025,
Australia,AUS,SE.TER.ENRR,2025,
Australia,AUS,IP.JRN.ARTC.SC,2025,
Austria,AUT,GOV_WGI_CC_EST,2025,
Austria,AUT,IT.NET.BBND.P2,2025,
Austria,AUT,NY.GDP.PCAP.PP.CD,2025,
Austria,AUT,TX.VAL.TECH.MF.ZS,2025,
Austria,AUT,IT.CEL.SETS.P2,2025,
Austria,AUT,GOV_WGI_PV_EST,2025,
Austria,AUT,GOV_WGI_RL_EST,2025,
Austria,AUT,SE.TER.ENRR,2025,
Austria,AUT,IP.JRN.ARTC.SC,2025,
Azerbaijan,AZE,GOV_WGI_CC_EST,2025,
Azerbaijan,AZE,IT.NET.BBND.P2,2025,
Azerbaijan,AZE,NY.GDP.PCAP.PP.CD,2025,
Azerbaijan,AZE,TX.VAL.TECH.MF.ZS,2025,
Azerbaijan,AZE,IT.CEL.SETS.P2,2025,
Azerbaijan,AZE,GOV_WGI_PV_EST,2025,
Azerbaijan,AZE,GOV_WGI_RL_EST,2025,
Azerbaijan,AZE,SE.TER.ENRR,2025,
Azerbaijan,AZE,IP.JRN.ARTC.SC,2025,
"Bahamas, The",BHS,GOV_WGI_CC_EST,2025,
"Bahamas, The",BHS,IT.NET.BBND.P2,2025,
"Bahamas, The",BHS,NY.GDP.PCAP.PP.CD,2025,
"Bahamas, The",BHS,TX.VAL.TECH.MF.ZS,2025,
"Bahamas, The",BHS,IT.CEL.SETS.P2,2025,
"Bahamas, The",BHS,GOV_WGI_PV_EST,2025,
"Bahamas, The",BHS,GOV_WGI_RL_EST,2025,
"Bahamas, The",BHS,SE.TER.ENRR,2025,
"Bahamas, The",BHS,IP.JRN.ARTC.SC,2025,
Bahrain,BHR,GOV_WGI_CC_EST,2025,
Bahrain,BHR,IT.NET.BBND.P2,2025,
Bahrain,BHR,NY.GDP.PCAP.PP.CD,2025,
Bahrain,BHR,TX.VAL.TECH.MF.ZS,2025,
Bahrain,BHR,IT.CEL.SETS.P2,2025,
Bahrain,BHR,GOV_WGI_PV_EST,2025,
Bahrain,BHR,GOV_WGI_RL_EST,2025,
Bahrain,BHR,SE.TER.ENRR,2025,
Bahrain,BHR,IP.JRN.ARTC.SC,2025,
Bangladesh,BGD,GOV_WGI_CC_EST,2025,
Bangladesh,BGD,IT.NET.BBND.P2,2025,
Bangladesh,BGD,NY.GDP.PCAP.PP.CD,2025,
Bangladesh,BGD,TX.VAL.TECH.MF.ZS,2025,
Bangladesh,BGD,IT.CEL.SETS.P2,2025,
Bangladesh,BGD,GOV_WGI_PV_EST,2025,
Bangladesh,BGD,GOV_WGI_RL_EST,2025,
Bangladesh,BGD,SE.TER.ENRR,2025,
Bangladesh,BGD,IP.JRN.ARTC.SC,2025,
Barbados,BRB,GOV_WGI_CC_EST,2025,
Barbados,BRB,IT.NET.BBND.P2,2025,
Barbados,BRB,NY.GDP.PCAP.PP.CD,2025,
Barbados,BRB,TX.VAL.TECH.MF.ZS,2025,
Barbados,BRB,IT.CEL.SETS.P2,2025,
Barbados,BRB,GOV_WGI_PV_EST,2025,
Barbados,BRB,GOV_WGI_RL_EST,2025,
Barbados,BRB,SE.TER.ENRR,2025,50.801079116886
Barbados,BRB,IP.JRN.ARTC.SC,2025,
Belarus,BLR,GOV_WGI_CC_EST,2025,
Belarus,BLR,IT.NET.BBND.P2,2025,
Belarus,BLR,NY.GDP.PCAP.PP.CD,2025,
Belarus,BLR,TX.VAL.TECH.MF.ZS,2025,
Belarus,BLR,IT.CEL.SETS.P2,2025,
Belarus,BLR,GOV_WGI_PV_EST,2025,
Belarus,BLR,GOV_WGI_RL_EST,2025,
Belarus,BLR,SE.TER.ENRR,2025,
Belarus,BLR,IP.JRN.ARTC.SC,2025,
Belgium,BEL,GOV_WGI_CC_EST,2025,
Belgium,BEL,IT.NET.BBND.P2,2025,
Belgium,BEL,NY.GDP.PCAP.PP.CD,2025,
Belgium,BEL,TX.VAL.TECH.MF.ZS,2025,
Belgium,BEL,IT.CEL.SETS.P2,2025,
Belgium,BEL,GOV_WGI_PV_EST,2025,
Belgium,BEL,GOV_WGI_RL_EST,2025,
Belgium,BEL,SE.TER.ENRR,2025,
Belgium,BEL,IP.JRN.ARTC.SC,2025,
Belize,BLZ,GOV_WGI_CC_EST,2025,
Belize,BLZ,IT.NET.BBND.P2,2025,
Belize,BLZ,NY.GDP.PCAP.PP.CD,2025,
Belize,BLZ,TX.VAL.TECH.MF.ZS,2025,
Belize,BLZ,IT.CEL.SETS.P2,2025,
Belize,BLZ,GOV_WGI_PV_EST,2025,
Belize,BLZ,GOV_WGI_RL_EST,2025,
Belize,BLZ,SE.TER.ENRR,2025,
Belize,BLZ,IP.JRN.ARTC.SC,2025,
Benin,BEN,GOV_WGI_CC_EST,2025,
Benin,BEN,IT.NET.BBND.P2,2025,
Benin,BEN,NY.GDP.PCAP.PP.CD,2025,
Benin,BEN,TX.VAL.TECH.MF.ZS,2025,
Benin,BEN,IT.CEL.SETS.P2,2025,
Benin,BEN,GOV_WGI_PV_EST,2025,
Benin,BEN,GOV_WGI_RL_EST,2025,
Benin,BEN,SE.TER.ENRR,2025,
Benin,BEN,IP.JRN.ARTC.SC,2025,
Bermuda,BMU,GOV_WGI_CC_EST,2025,
Bermuda,BMU,IT.NET.BBND.P2,2025,
Bermuda,BMU,NY.GDP.PCAP.PP.CD,2025,
Bermuda,BMU,TX.VAL.TECH.MF.ZS,2025,
Bermuda,BMU,IT.CEL.SETS.P2,2025,
Bermuda,BMU,GOV_WGI_PV_EST,2025,
Bermuda,BMU,GOV_WGI_RL_EST,2025,
Bermuda,BMU,SE.TER.ENRR,2025,
Bermuda,BMU,IP.JRN.ARTC.SC,2025,
Bhutan,BTN,GOV_WGI_CC_EST,2025,
Bhutan,BTN,IT.NET.BBND.P2,2025,
Bhutan,BTN,NY.GDP.PCAP.PP.CD,2025,
Bhutan,BTN,TX.VAL.TECH.MF.ZS,2025,
Bhutan,BTN,IT.CEL.SETS.P2,2025,
Bhutan,BTN,GOV_WGI_PV_EST,2025,
Bhutan,BTN,GOV_WGI_RL_EST,2025,
Bhutan,BTN,SE.TER.ENRR,2025,
Bhutan,BTN,IP.JRN.ARTC.SC,2025,
Bolivia,BOL,GOV_WGI_CC_EST,2025,
Bolivia,BOL,IT.NET.BBND.P2,2025,
Bolivia,BOL,NY.GDP.PCAP.PP.CD,2025,
Bolivia,BOL,TX.VAL.TECH.MF.ZS,2025,
Bolivia,BOL,IT.CEL.SETS.P2,2025,
Bolivia,BOL,GOV_WGI_PV_EST,2025,
Bolivia,BOL,GOV_WGI_RL_EST,2025,
Bolivia,BOL,SE.TER.ENRR,2025,
Bolivia,BOL,IP.JRN.ARTC.SC,2025,
Bosnia and Herzegovina,BIH,GOV_WGI_CC_EST,2025,
Bosnia and Herzegovina,BIH,IT.NET.BBND.P2,2025,
Bosnia and Herzegovina,BIH,NY.GDP.PCAP.PP.CD,2025,
Bosnia and Herzegovina,BIH,TX.VAL.TECH.MF.ZS,2025,
Bosnia and Herzegovina,BIH,IT.CEL.SETS.P2,2025,
Bosnia and Herzegovina,BIH,GOV_WGI_PV_EST,2025,
Bosnia and Herzegovina,BIH,GOV_WGI_RL_EST,2025,
Bosnia and Herzegovina,BIH,SE.TER.ENRR,2025,
Bosnia and Herzegovina,BIH,IP.JRN.ARTC.SC,2025,
Botswana,BWA,GOV_WGI_CC_EST,2025,
Botswana,BWA,IT.NET.BBND.P2,2025,
Botswana,BWA,NY.GDP.PCAP.PP.CD,2025,
Botswana,BWA,TX.VAL.TECH.MF.ZS,2025,
Botswana,BWA,IT.CEL.SETS.P2,2025,
Botswana,BWA,GOV_WGI_PV_EST,2025,
Botswana,BWA,GOV_WGI_RL_EST,2025,
Botswana,BWA,SE.TER.ENRR,2025,
Botswana,BWA,IP.JRN.ARTC.SC,2025,
Brazil,BRA,GOV_WGI_CC_EST,2025,
Brazil,BRA,IT.NET.BBND.P2,2025,
Brazil,BRA,NY.GDP.PCAP.PP.CD,2025,
Brazil,BRA,TX.VAL.TECH.MF.ZS,2025,
Brazil,BRA,IT.CEL.SETS.P2,2025,
Brazil,BRA,GOV_WGI_PV_EST,2025,
Brazil,BRA,GOV_WGI_RL_EST,2025,
Brazil,BRA,SE.TER.ENRR,2025,
Brazil,BRA,IP.JRN.ARTC.SC,2025,
British Virgin Islands,VGB,GOV_WGI_CC_EST,2025,
British Virgin Islands,VGB,IT.NET.BBND.P2,2025,
British Virgin Islands,VGB,NY.GDP.PCAP.PP.CD,2025,
British Virgin Islands,VGB,TX.VAL.TECH.MF.ZS,2025,
British Virgin Islands,VGB,IT.CEL.SETS.P2,2025,
British Virgin Islands,VGB,GOV_WGI_PV_EST,2025,
British Virgin Islands,VGB,GOV_WGI_RL_EST,2025,
British Virgin Islands,VGB,SE.TER.ENRR,2025,
British Virgin Islands,VGB,IP.JRN.ARTC.SC,2025,
Brunei Darussalam,BRN,GOV_WGI_CC_EST,2025,
Brunei Darussalam,BRN,IT.NET.BBND.P2,2025,
Brunei Darussalam,BRN,NY.GDP.PCAP.PP.CD,2025,
Brunei Darussalam,BRN,TX.VAL.TECH.MF.ZS,2025,
Brunei Darussalam,BRN,IT.CEL.SETS.P2,2025,
Brunei Darussalam,BRN,GOV_WGI_PV_EST,2025,
Brunei Darussalam,BRN,GOV_WGI_RL_EST,2025,
Brunei Darussalam,BRN,SE.TER.ENRR,2025,
Brunei Darussalam,BRN,IP.JRN.ARTC.SC,2025,
Bulgaria,BGR,GOV_WGI_CC_EST,2025,
Bulgaria,BGR,IT.NET.BBND.P2,2025,
Bulgaria,BGR,NY.GDP.PCAP.PP.CD,2025,
Bulgaria,BGR,TX.VAL.TECH.MF.ZS,2025,
Bulgaria,BGR,IT.CEL.SETS.P2,2025,
Bulgaria,BGR,GOV_WGI_PV_EST,2025,
Bulgaria,BGR,GOV_WGI_RL_EST,2025,
Bulgaria,BGR,SE.TER.ENRR,2025,
Bulgaria,BGR,IP.JRN.ARTC.SC,2025,
Burkina Faso,BFA,GOV_WGI_CC_EST,2025,
Burkina Faso,BFA,IT.NET.BBND.P2,2025,
Burkina Faso,BFA,NY.GDP.PCAP.PP.CD,2025,
Burkina Faso,BFA,TX.VAL.TECH.MF.ZS,2025,
Burkina Faso,BFA,IT.CEL.SETS.P2,2025,
Burkina Faso,BFA,GOV_WGI_PV_EST,2025,
Burkina Faso,BFA,GOV_WGI_RL_EST,2025,
Burkina Faso,BFA,SE.TER.ENRR,2025,
Burkina Faso,BFA,IP.JRN.ARTC.SC,2025,
Burundi,BDI,GOV_WGI_CC_EST,2025,
Burundi,BDI,IT.NET.BBND.P2,2025,
Burundi,BDI,NY.GDP.PCAP.PP.CD,2025,
Burundi,BDI,TX.VAL.TECH.MF.ZS,2025,
Burundi,BDI,IT.CEL.SETS.P2,2025,
Burundi,BDI,GOV_WGI_PV_EST,2025,
Burundi,BDI,GOV_WGI_RL_EST,2025,
Burundi,BDI,SE.TER.ENRR,2025,6.38454008102417
Burundi,BDI,IP.JRN.ARTC.SC,2025,
Cabo Verde,CPV,GOV_WGI_CC_EST,2025,
Cabo Verde,CPV,IT.NET.BBND.P2,2025,
Cabo Verde,CPV,NY.GDP.PCAP.PP.CD,2025,
Cabo Verde,CPV,TX.VAL.TECH.MF.ZS,2025,
Cabo Verde,CPV,IT.CEL.SETS.P2,2025,
Cabo Verde,CPV,GOV_WGI_PV_EST,2025,
Cabo Verde,CPV,GOV_WGI_RL_EST,2025,
Cabo Verde,CPV,SE.TER.ENRR,2025,
Cabo Verde,CPV,IP.JRN.ARTC.SC,2025,
Cambodia,KHM,GOV_WGI_CC_EST,2025,
Cambodia,KHM,IT.NET.BBND.P2,2025,
Cambodia,KHM,NY.GDP.PCAP.PP.CD,2025,
Cambodia,KHM,TX.VAL.TECH.MF.ZS,2025,
Cambodia,KHM,IT.CEL.SETS.P2,2025,
Cambodia,KHM,GOV_WGI_PV_EST,2025,
Cambodia,KHM,GOV_WGI_RL_EST,2025,
Cambodia,KHM,SE.TER.ENRR,2025,
Cambodia,KHM,IP.JRN.ARTC.SC,2025,
Cameroon,CMR,GOV_WGI_CC_EST,2025,
Cameroon,CMR,IT.NET.BBND.P2,2025,
Cameroon,CMR,NY.GDP.PCAP.PP.CD,2025,
Cameroon,CMR,TX.VAL.TECH.MF.ZS,2025,
Cameroon,CMR,IT.CEL.SETS.P2,2025,
Cameroon,CMR,GOV_WGI_PV_EST,2025,
Cameroon,CMR,GOV_WGI_RL_EST,2025,
Cameroon,CMR,SE.TER.ENRR,2025,
Cameroon,CMR,IP.JRN.ARTC.SC,2025,
Canada,CAN,GOV_WGI_CC_EST,2025,
Canada,CAN,IT.NET.BBND.P2,2025,
Canada,CAN,NY.GDP.PCAP.PP.CD,2025,
Canada,CAN,TX.VAL.TECH.MF.ZS,2025,
Canada,CAN,IT.CEL.SETS.P2,2025,
Canada,CAN,GOV_WGI_PV_EST,2025,
Canada,CAN,GOV_WGI_RL_EST,2025,
Canada,CAN,SE.TER.ENRR,2025,
Canada,CAN,IP.JRN.ARTC.SC,2025,
Cayman Islands,CYM,GOV_WGI_CC_EST,2025,
Cayman Islands,CYM,IT.NET.BBND.P2,2025,
Cayman Islands,CYM,NY.GDP.PCAP.PP.CD,2025,
Cayman Islands,CYM,TX.VAL.TECH.MF.ZS,2025,
Cayman Islands,CYM,IT.CEL.SETS.P2,2025,
Cayman Islands,CYM,GOV_WGI_PV_EST,2025,
Cayman Islands,CYM,GOV_WGI_RL_EST,2025,
Cayman Islands,CYM,SE.TER.ENRR,2025,
Cayman Islands,CYM,IP.JRN.ARTC.SC,2025,
Central African Republic,CAF,GOV_WGI_CC_EST,2025,
Central African Republic,CAF,IT.NET.BBND.P2,2025,
Central African Republic,CAF,NY.GDP.PCAP.PP.CD,2025,
Central African Republic,CAF,TX.VAL.TECH.MF.ZS,2025,
Central African Republic,CAF,IT.CEL.SETS.P2,2025,
Central African Republic,CAF,GOV_WGI_PV_EST,2025,
Central African Republic,CAF,GOV_WGI_RL_EST,2025,
Central African Republic,CAF,SE.TER.ENRR,2025,
Central African Republic,CAF,IP.JRN.ARTC.SC,2025,
Chad,TCD,GOV_WGI_CC_EST,2025,
Chad,TCD,IT.NET.BBND.P2,2025,
Chad,TCD,NY.GDP.PCAP.PP.CD,2025,
Chad,TCD,TX.VAL.TECH.MF.ZS,2025,
Chad,TCD,IT.CEL.SETS.P2,2025,
Chad,TCD,GOV_WGI_PV_EST,2025,
Chad,TCD,GOV_WGI_RL_EST,2025,
Chad,TCD,SE.TER.ENRR,2025,
Chad,TCD,IP.JRN.ARTC.SC,2025,
Chile,CHL,GOV_WGI_CC_EST,2025,
Chile,CHL,IT.NET.BBND.P2,2025,
Chile,CHL,NY.GDP.PCAP.PP.CD,2025,
Chile,CHL,TX.VAL.TECH.MF.ZS,2025,
Chile,CHL,IT.CEL.SETS.P2,2025,
Chile,CHL,GOV_WGI_PV_EST,2025,
Chile,CHL,GOV_WGI_RL_EST,2025,
Chile,CHL,SE.TER.ENRR,2025,
Chile,CHL,IP.JRN.ARTC.SC,2025,
China,CHN,GOV_WGI_CC_EST,2025,
China,CHN,IT.NET.BBND.P2,2025,
China,CHN,NY.GDP.PCAP.PP.CD,2025,
China,CHN,TX.VAL.TECH.MF.ZS,2025,
China,CHN,IT.CEL.SETS.P2,2025,
China,CHN,GOV_WGI_PV_EST,2025,
China,CHN,GOV_WGI_RL_EST,2025,
China,CHN,SE.TER.ENRR,2025,
China,CHN,IP.JRN.ARTC.SC,2025,
Colombia,COL,GOV_WGI_CC_EST,2025,
Colombia,COL,IT.NET.BBND.P2,2025,
Colombia,COL,NY.GDP.PCAP.PP.CD,2025,
Colombia,COL,TX.VAL.TECH.MF.ZS,2025,
Colombia,COL,IT.CEL.SETS.P2,2025,
Colombia,COL,GOV_WGI_PV_EST,2025,
Colombia,COL,GOV_WGI_RL_EST,2025,
Colombia,COL,SE.TER.ENRR,2025,
Colombia,COL,IP.JRN.ARTC.SC,2025,
Comoros,COM,GOV_WGI_CC_EST,2025,
Comoros,COM,IT.NET.BBND.P2,2025,
Comoros,COM,NY.GDP.PCAP.PP.CD,2025,
Comoros,COM,TX.VAL.TECH.MF.ZS,2025,
Comoros,COM,IT.CEL.SETS.P2,2025,
Comoros,COM,GOV_WGI_PV_EST,2025,
Comoros,COM,GOV_WGI_RL_EST,2025,
Comoros,COM,SE.TER.ENRR,2025,
Comoros,COM,IP.JRN.ARTC.SC,2025,
"Congo, Dem. Rep.",COD,GOV_WGI_CC_EST,2025,
"Congo, Dem. Rep.",COD,IT.NET.BBND.P2,2025,
"Congo, Dem. Rep.",COD,NY.GDP.PCAP.PP.CD,2025,
"Congo, Dem. Rep.",COD,TX.VAL.TECH.MF.ZS,2025,
"Congo, Dem. Rep.",COD,IT.CEL.SETS.P2,2025,
"Congo, Dem. Rep.",COD,GOV_WGI_PV_EST,2025,
"Congo, Dem. Rep.",COD,GOV_WGI_RL_EST,2025,
"Congo, Dem. Rep.",COD,SE.TER.ENRR,2025,
"Congo, Dem. Rep.",COD,IP.JRN.ARTC.SC,2025,
"Congo, Rep.",COG,GOV_WGI_CC_EST,2025,
"Congo, Rep.",COG,IT.NET.BBND.P2,2025,
"Congo, Rep.",COG,NY.GDP.PCAP.PP.CD,2025,
"Congo, Rep.",COG,TX.VAL.TECH.MF.ZS,2025,
"Congo, Rep.",COG,IT.CEL.SETS.P2,2025,
"Congo, Rep.",COG,GOV_WGI_PV_EST,2025,
"Congo, Rep.",COG,GOV_WGI_RL_EST,2025,
"Congo, Rep.",COG,SE.TER.ENRR,2025,
"Congo, Rep.",COG,IP.JRN.ARTC.SC,2025,
Costa Rica,CRI,GOV_WGI_CC_EST,2025,
Costa Rica,CRI,IT.NET.BBND.P2,2025,
Costa Rica,CRI,NY.GDP.PCAP.PP.CD,2025,
Costa Rica,CRI,TX.VAL.TECH.MF.ZS,2025,
Costa Rica,CRI,IT.CEL.SETS.P2,2025,
Costa Rica,CRI,GOV_WGI_PV_EST,2025,
Costa Rica,CRI,GOV_WGI_RL_EST,2025,
Costa Rica,CRI,SE.TER.ENRR,2025,
Costa Rica,CRI,IP.JRN.ARTC.SC,2025,
Cote d'Ivoire,CIV,GOV_WGI_CC_EST,2025,
Cote d'Ivoire,CIV,IT.NET.BBND.P2,2025,
Cote d'Ivoire,CIV,NY.GDP.PCAP.PP.CD,2025,
Cote d'Ivoire,CIV,TX.VAL.TECH.MF.ZS,2025,
Cote d'Ivoire,CIV,IT.CEL.SETS.P2,2025,
Cote d'Ivoire,CIV,GOV_WGI_PV_EST,2025,
Cote d'Ivoire,CIV,GOV_WGI_RL_EST,2025,
Cote d'Ivoire,CIV,SE.TER.ENRR,2025,
Cote d'Ivoire,CIV,IP.JRN.ARTC.SC,2025,
Croatia,HRV,GOV_WGI_CC_EST,2025,
Croatia,HRV,IT.NET.BBND.P2,2025,
Croatia,HRV,NY.GDP.PCAP.PP.CD,2025,
Croatia,HRV,TX.VAL.TECH.MF.ZS,2025,
Croatia,HRV,IT.CEL.SETS.P2,2025,
Croatia,HRV,GOV_WGI_PV_EST,2025,
Croatia,HRV,GOV_WGI_RL_EST,2025,
Croatia,HRV,SE.TER.ENRR,2025,
Croatia,HRV,IP.JRN.ARTC.SC,2025,
Cuba,CUB,GOV_WGI_CC_EST,2025,
Cuba,CUB,IT.NET.BBND.P2,2025,
Cuba,CUB,NY.GDP.PCAP.PP.CD,2025,
Cuba,CUB,TX.VAL.TECH.MF.ZS,2025,
Cuba,CUB,IT.CEL.SETS.P2,2025,
Cuba,CUB,GOV_WGI_PV_EST,2025,
Cuba,CUB,GOV_WGI_RL_EST,2025,
Cuba,CUB,SE.TER.ENRR,2025,
Cuba,CUB,IP.JRN.ARTC.SC,2025,
Curacao,CUW,GOV_WGI_CC_EST,2025,
Curacao,CUW,IT.NET.BBND.P2,2025,
Curacao,CUW,NY.GDP.PCAP.PP.CD,2025,
Curacao,CUW,TX.VAL.TECH.MF.ZS,2025,
Curacao,CUW,IT.CEL.SETS.P2,2025,
Curacao,CUW,GOV_WGI_PV_EST,2025,
Curacao,CUW,GOV_WGI_RL_EST,2025,
Curacao,CUW,SE.TER.ENRR,2025,
Curacao,CUW,IP.JRN.ARTC.SC,2025,
Cyprus,CYP,GOV_WGI_CC_EST,2025,
Cyprus,CYP,IT.NET.BBND.P2,2025,
Cyprus,CYP,NY.GDP.PCAP.PP.CD,2025,
Cyprus,CYP,TX.VAL.TECH.MF.ZS,2025,
Cyprus,CYP,IT.CEL.SETS.P2,2025,
Cyprus,CYP,GOV_WGI_PV_EST,2025,
Cyprus,CYP,GOV_WGI_RL_EST,2025,
Cyprus,CYP,SE.TER.ENRR,2025,
Cyprus,CYP,IP.JRN.ARTC.SC,2025,
Czechia,CZE,GOV_WGI_CC_EST,2025,
Czechia,CZE,IT.NET.BBND.P2,2025,
Czechia,CZE,NY.GDP.PCAP.PP.CD,2025,
Czechia,CZE,TX.VAL.TECH.MF.ZS,2025,
Czechia,CZE,IT.CEL.SETS.P2,2025,
Czechia,CZE,GOV_WGI_PV_EST,2025,
Czechia,CZE,GOV_WGI_RL_EST,2025,
Czechia,CZE,SE.TER.ENRR,2025,
Czechia,CZE,IP.JRN.ARTC.SC,2025,
Denmark,DNK,GOV_WGI_CC_EST,2025,
Denmark,DNK,IT.NET.BBND.P2,2025,
Denmark,DNK,NY.GDP.PCAP.PP.CD,2025,
Denmark,DNK,TX.VAL.TECH.MF.ZS,2025,
Denmark,DNK,IT.CEL.SETS.P2,2025,
Denmark,DNK,GOV_WGI_PV_EST,2025,
Denmark,DNK,GOV_WGI_RL_EST,2025,
Denmark,DNK,SE.TER.ENRR,2025,
Denmark,DNK,IP.JRN.ARTC.SC,2025,
Djibouti,DJI,GOV_WGI_CC_EST,2025,
Djibouti,DJI,IT.NET.BBND.P2,2025,
Djibouti,DJI,NY.GDP.PCAP.PP.CD,2025,
Djibouti,DJI,TX.VAL.TECH.MF.ZS,2025,
Djibouti,DJI,IT.CEL.SETS.P2,2025,
Djibouti,DJI,GOV_WGI_PV_EST,2025,
Djibouti,DJI,GOV_WGI_RL_EST,2025,
Djibouti,DJI,SE.TER.ENRR,2025,
Djibouti,DJI,IP.JRN.ARTC.SC,2025,
Dominica,DMA,GOV_WGI_CC_EST,2025,
Dominica,DMA,IT.NET.BBND.P2,2025,
Dominica,DMA,NY.GDP.PCAP.PP.CD,2025,
Dominica,DMA,TX.VAL.TECH.MF.ZS,2025,
Dominica,DMA,IT.CEL.SETS.P2,2025,
Dominica,DMA,GOV_WGI_PV_EST,2025,
Dominica,DMA,GOV_WGI_RL_EST,2025,
Dominica,DMA,SE.TER.ENRR,2025,
Dominica,DMA,IP.JRN.ARTC.SC,2025,
Dominican Republic,DOM,GOV_WGI_CC_EST,2025,
Dominican Republic,DOM,IT.NET.BBND.P2,2025,
Dominican Republic,DOM,NY.GDP.PCAP.PP.CD,2025,
Dominican Republic,DOM,TX.VAL.TECH.MF.ZS,2025,
Dominican Republic,DOM,IT.CEL.SETS.P2,2025,
Dominican Republic,DOM,GOV_WGI_PV_EST,2025,
Dominican Republic,DOM,GOV_WGI_RL_EST,2025,
Dominican Republic,DOM,SE.TER.ENRR,2025,
Dominican Republic,DOM,IP.JRN.ARTC.SC,2025,
Ecuador,ECU,GOV_WGI_CC_EST,2025,
Ecuador,ECU,IT.NET.BBND.P2,2025,
Ecuador,ECU,NY.GDP.PCAP.PP.CD,2025,
Ecuador,ECU,TX.VAL.TECH.MF.ZS,2025,
Ecuador,ECU,IT.CEL.SETS.P2,2025,
Ecuador,ECU,GOV_WGI_PV_EST,2025,
Ecuador,ECU,GOV_WGI_RL_EST,2025,
Ecuador,ECU,SE.TER.ENRR,2025,
Ecuador,ECU,IP.JRN.ARTC.SC,2025,
"Egypt, Arab Rep.",EGY,GOV_WGI_CC_EST,2025,
"Egypt, Arab Rep.",EGY,IT.NET.BBND.P2,2025,
"Egypt, Arab Rep.",EGY,NY.GDP.PCAP.PP.CD,2025,
"Egypt, Arab Rep.",EGY,TX.VAL.TECH.MF.ZS,2025,
"Egypt, Arab Rep.",EGY,IT.CEL.SETS.P2,2025,
"Egypt, Arab Rep.",EGY,GOV_WGI_PV_EST,2025,
"Egypt, Arab Rep.",EGY,GOV_WGI_RL_EST,2025,
"Egypt, Arab Rep.",EGY,SE.TER.ENRR,2025,38.0398346509947
"Egypt, Arab Rep.",EGY,IP.JRN.ARTC.SC,2025,
El Salvador,SLV,GOV_WGI_CC_EST,2025,
El Salvador,SLV,IT.NET.BBND.P2,2025,
El Salvador,SLV,NY.GDP.PCAP.PP.CD,2025,
El Salvador,SLV,TX.VAL.TECH.MF.ZS,2025,
El Salvador,SLV,IT.CEL.SETS.P2,2025,
El Salvador,SLV,GOV_WGI_PV_EST,2025,
El Salvador,SLV,GOV_WGI_RL_EST,2025,
El Salvador,SLV,SE.TER.ENRR,2025,
El Salvador,SLV,IP.JRN.ARTC.SC,2025,
Equatorial Guinea,GNQ,GOV_WGI_CC_EST,2025,
Equatorial Guinea,GNQ,IT.NET.BBND.P2,2025,
Equatorial Guinea,GNQ,NY.GDP.PCAP.PP.CD,2025,
Equatorial Guinea,GNQ,TX.VAL.TECH.MF.ZS,2025,
Equatorial Guinea,GNQ,IT.CEL.SETS.P2,2025,
Equatorial Guinea,GNQ,GOV_WGI_PV_EST,2025,
Equatorial Guinea,GNQ,GOV_WGI_RL_EST,2025,
Equatorial Guinea,GNQ,SE.TER.ENRR,2025,
Equatorial Guinea,GNQ,IP.JRN.ARTC.SC,2025,
Eritrea,ERI,GOV_WGI_CC_EST,2025,
Eritrea,ERI,IT.NET.BBND.P2,2025,
Eritrea,ERI,NY.GDP.PCAP.PP.CD,2025,
Eritrea,ERI,TX.VAL.TECH.MF.ZS,2025,
Eritrea,ERI,IT.CEL.SETS.P2,2025,
Eritrea,ERI,GOV_WGI_PV_EST,2025,
Eritrea,ERI,GOV_WGI_RL_EST,2025,
Eritrea,ERI,SE.TER.ENRR,2025,
Eritrea,ERI,IP.JRN.ARTC.SC,2025,
Estonia,EST,GOV_WGI_CC_EST,2025,
Estonia,EST,IT.NET.BBND.P2,2025,
Estonia,EST,NY.GDP.PCAP.PP.CD,2025,
Estonia,EST,TX.VAL.TECH.MF.ZS,2025,
Estonia,EST,IT.CEL.SETS.P2,2025,
Estonia,EST,GOV_WGI_PV_EST,2025,
Estonia,EST,GOV_WGI_RL_EST,2025,
Estonia,EST,SE.TER.ENRR,2025,
Estonia,EST,IP.JRN.ARTC.SC,2025,
Eswatini,SWZ,GOV_WGI_CC_EST,2025,
Eswatini,SWZ,IT.NET.BBND.P2,2025,
Eswatini,SWZ,NY.GDP.PCAP.PP.CD,2025,
Eswatini,SWZ,TX.VAL.TECH.MF.ZS,2025,
Eswatini,SWZ,IT.CEL.SETS.P2,2025,
Eswatini,SWZ,GOV_WGI_PV_EST,2025,
Eswatini,SWZ,GOV_WGI_RL_EST,2025,
Eswatini,SWZ,SE.TER.ENRR,2025,
Eswatini,SWZ,IP.JRN.ARTC.SC,2025,
Ethiopia,ETH,GOV_WGI_CC_EST,2025,
Ethiopia,ETH,IT.NET.BBND.P2,2025,
Ethiopia,ETH,NY.GDP.PCAP.PP.CD,2025,
Ethiopia,ETH,TX.VAL.TECH.MF.ZS,2025,
Ethiopia,ETH,IT.CEL.SETS.P2,2025,
Ethiopia,ETH,GOV_WGI_PV_EST,2025,
Ethiopia,ETH,GOV_WGI_RL_EST,2025,
Ethiopia,ETH,SE.TER.ENRR,2025,
Ethiopia,ETH,IP.JRN.ARTC.SC,2025,
Faroe Islands,FRO,GOV_WGI_CC_EST,2025,
Faroe Islands,FRO,IT.NET.BBND.P2,2025,
Faroe Islands,FRO,NY.GDP.PCAP.PP.CD,2025,
Faroe Islands,FRO,TX.VAL.TECH.MF.ZS,2025,
Faroe Islands,FRO,IT.CEL.SETS.P2,2025,
Faroe Islands,FRO,GOV_WGI_PV_EST,2025,
Faroe Islands,FRO,GOV_WGI_RL_EST,2025,
Faroe Islands,FRO,SE.TER.ENRR,2025,
Faroe Islands,FRO,IP.JRN.ARTC.SC,2025,
Fiji,FJI,GOV_WGI_CC_EST,2025,
Fiji,FJI,IT.NET.BBND.P2,2025,
Fiji,FJI,NY.GDP.PCAP.PP.CD,2025,
Fiji,FJI,TX.VAL.TECH.MF.ZS,2025,
Fiji,FJI,IT.CEL.SETS.P2,2025,
Fiji,FJI,GOV_WGI_PV_EST,2025,
Fiji,FJI,GOV_WGI_RL_EST,2025,
Fiji,FJI,SE.TER.ENRR,2025,
Fiji,FJI,IP.JRN.ARTC.SC,2025,
Finland,FIN,GOV_WGI_CC_EST,2025,
Finland,FIN,IT.NET.BBND.P2,2025,
Finland,FIN,NY.GDP.PCAP.PP.CD,2025,
Finland,FIN,TX.VAL.TECH.MF.ZS,2025,
Finland,FIN,IT.CEL.SETS.P2,2025,
Finland,FIN,GOV_WGI_PV_EST,2025,
Finland,FIN,GOV_WGI_RL_EST,2025,
Finland,FIN,SE.TER.ENRR,2025,
Finland,FIN,IP.JRN.ARTC.SC,2025,
France,FRA,GOV_WGI_CC_EST,2025,
France,FRA,IT.NET.BBND.P2,2025,
France,FRA,NY.GDP.PCAP.PP.CD,2025,
France,FRA,TX.VAL.TECH.MF.ZS,2025,
France,FRA,IT.CEL.SETS.P2,2025,
France,FRA,GOV_WGI_PV_EST,2025,
France,FRA,GOV_WGI_RL_EST,2025,
France,FRA,SE.TER.ENRR,2025,
France,FRA,IP.JRN.ARTC.SC,2025,
French Polynesia,PYF,GOV_WGI_CC_EST,2025,
French Polynesia,PYF,IT.NET.BBND.P2,2025,
French Polynesia,PYF,NY.GDP.PCAP.PP.CD,2025,
French Polynesia,PYF,TX.VAL.TECH.MF.ZS,2025,
French Polynesia,PYF,IT.CEL.SETS.P2,2025,
French Polynesia,PYF,GOV_WGI_PV_EST,2025,
French Polynesia,PYF,GOV_WGI_RL_EST,2025,
French Polynesia,PYF,SE.TER.ENRR,2025,
French Polynesia,PYF,IP.JRN.ARTC.SC,2025,
Gabon,GAB,GOV_WGI_CC_EST,2025,
Gabon,GAB,IT.NET.BBND.P2,2025,
Gabon,GAB,NY.GDP.PCAP.PP.CD,2025,
Gabon,GAB,TX.VAL.TECH.MF.ZS,2025,
Gabon,GAB,IT.CEL.SETS.P2,2025,
Gabon,GAB,GOV_WGI_PV_EST,2025,
Gabon,GAB,GOV_WGI_RL_EST,2025,
Gabon,GAB,SE.TER.ENRR,2025,
Gabon,GAB,IP.JRN.ARTC.SC,2025,
"Gambia, The",GMB,GOV_WGI_CC_EST,2025,
"Gambia, The",GMB,IT.NET.BBND.P2,2025,
"Gambia, The",GMB,NY.GDP.PCAP.PP.CD,2025,
"Gambia, The",GMB,TX.VAL.TECH.MF.ZS,2025,
"Gambia, The",GMB,IT.CEL.SETS.P2,2025,
"Gambia, The",GMB,GOV_WGI_PV_EST,2025,
"Gambia, The",GMB,GOV_WGI_RL_EST,2025,
"Gambia, The",GMB,SE.TER.ENRR,2025,
"Gambia, The",GMB,IP.JRN.ARTC.SC,2025,
Georgia,GEO,GOV_WGI_CC_EST,2025,
Georgia,GEO,IT.NET.BBND.P2,2025,
Georgia,GEO,NY.GDP.PCAP.PP.CD,2025,
Georgia,GEO,TX.VAL.TECH.MF.ZS,2025,
Georgia,GEO,IT.CEL.SETS.P2,2025,
Georgia,GEO,GOV_WGI_PV_EST,2025,
Georgia,GEO,GOV_WGI_RL_EST,2025,
Georgia,GEO,SE.TER.ENRR,2025,89.4861221313477
Georgia,GEO,IP.JRN.ARTC.SC,2025,
Germany,DEU,GOV_WGI_CC_EST,2025,
Germany,DEU,IT.NET.BBND.P2,2025,
Germany,DEU,NY.GDP.PCAP.PP.CD,2025,
Germany,DEU,TX.VAL.TECH.MF.ZS,2025,
Germany,DEU,IT.CEL.SETS.P2,2025,
Germany,DEU,GOV_WGI_PV_EST,2025,
Germany,DEU,GOV_WGI_RL_EST,2025,
Germany,DEU,SE.TER.ENRR,2025,
Germany,DEU,IP.JRN.ARTC.SC,2025,
Ghana,GHA,GOV_WGI_CC_EST,2025,
Ghana,GHA,IT.NET.BBND.P2,2025,
Ghana,GHA,NY.GDP.PCAP.PP.CD,2025,
Ghana,GHA,TX.VAL.TECH.MF.ZS,2025,
Ghana,GHA,IT.CEL.SETS.P2,2025,
Ghana,GHA,GOV_WGI_PV_EST,2025,
Ghana,GHA,GOV_WGI_RL_EST,2025,
Ghana,GHA,SE.TER.ENRR,2025,
Ghana,GHA,IP.JRN.ARTC.SC,2025,
Gibraltar,GIB,GOV_WGI_CC_EST,2025,
Gibraltar,GIB,IT.NET.BBND.P2,2025,
Gibraltar,GIB,NY.GDP.PCAP.PP.CD,2025,
Gibraltar,GIB,TX.VAL.TECH.MF.ZS,2025,
Gibraltar,GIB,IT.CEL.SETS.P2,2025,
Gibraltar,GIB,GOV_WGI_PV_EST,2025,
Gibraltar,GIB,GOV_WGI_RL_EST,2025,
Gibraltar,GIB,SE.TER.ENRR,2025,
Gibraltar,GIB,IP.JRN.ARTC.SC,2025,
Greece,GRC,GOV_WGI_CC_EST,2025,
Greece,GRC,IT.NET.BBND.P2,2025,
Greece,GRC,NY.GDP.PCAP.PP.CD,2025,
Greece,GRC,TX.VAL.TECH.MF.ZS,2025,
Greece,GRC,IT.CEL.SETS.P2,2025,
Greece,GRC,GOV_WGI_PV_EST,2025,
Greece,GRC,GOV_WGI_RL_EST,2025,
Greece,GRC,SE.TER.ENRR,2025,
Greece,GRC,IP.JRN.ARTC.SC,2025,
Greenland,GRL,GOV_WGI_CC_EST,2025,
Greenland,GRL,IT.NET.BBND.P2,2025,
Greenland,GRL,NY.GDP.PCAP.PP.CD,2025,
Greenland,GRL,TX.VAL.TECH.MF.ZS,2025,
Greenland,GRL,IT.CEL.SETS.P2,2025,
Greenland,GRL,GOV_WGI_PV_EST,2025,
Greenland,GRL,GOV_WGI_RL_EST,2025,
Greenland,GRL,SE.TER.ENRR,2025,
Greenland,GRL,IP.JRN.ARTC.SC,2025,
Grenada,GRD,GOV_WGI_CC_EST,2025,
Grenada,GRD,IT.NET.BBND.P2,2025,
Grenada,GRD,NY.GDP.PCAP.PP.CD,2025,
Grenada,GRD,TX.VAL.TECH.MF.ZS,2025,
Grenada,GRD,IT.CEL.SETS.P2,2025,
Grenada,GRD,GOV_WGI_PV_EST,2025,
Grenada,GRD,GOV_WGI_RL_EST,2025,
Grenada,GRD,SE.TER.ENRR,2025,
Grenada,GRD,IP.JRN.ARTC.SC,2025,
Guam,GUM,GOV_WGI_CC_EST,2025,
Guam,GUM,IT.NET.BBND.P2,2025,
Guam,GUM,NY.GDP.PCAP.PP.CD,2025,
Guam,GUM,TX.VAL.TECH.MF.ZS,2025,
Guam,GUM,IT.CEL.SETS.P2,2025,
Guam,GUM,GOV_WGI_PV_EST,2025,
Guam,GUM,GOV_WGI_RL_EST,2025,
Guam,GUM,SE.TER.ENRR,2025,
Guam,GUM,IP.JRN.ARTC.SC,2025,
Guatemala,GTM,GOV_WGI_CC_EST,2025,
Guatemala,GTM,IT.NET.BBND.P2,2025,
Guatemala,GTM,NY.GDP.PCAP.PP.CD,2025,
Guatemala,GTM,TX.VAL.TECH.MF.ZS,2025,
Guatemala,GTM,IT.CEL.SETS.P2,2025,
Guatemala,GTM,GOV_WGI_PV_EST,2025,
Guatemala,GTM,GOV_WGI_RL_EST,2025,
Guatemala,GTM,SE.TER.ENRR,2025,
Guatemala,GTM,IP.JRN.ARTC.SC,2025,
Guinea,GIN,GOV_WGI_CC_EST,2025,
Guinea,GIN,IT.NET.BBND.P2,2025,
Guinea,GIN,NY.GDP.PCAP.PP.CD,2025,
Guinea,GIN,TX.VAL.TECH.MF.ZS,2025,
Guinea,GIN,IT.CEL.SETS.P2,2025,
Guinea,GIN,GOV_WGI_PV_EST,2025,
Guinea,GIN,GOV_WGI_RL_EST,2025,
Guinea,GIN,SE.TER.ENRR,2025,
Guinea,GIN,IP.JRN.ARTC.SC,2025,
Guinea-Bissau,GNB,GOV_WGI_CC_EST,2025,
Guinea-Bissau,GNB,IT.NET.BBND.P2,2025,
Guinea-Bissau,GNB,NY.GDP.PCAP.PP.CD,2025,
Guinea-Bissau,GNB,TX.VAL.TECH.MF.ZS,2025,
Guinea-Bissau,GNB,IT.CEL.SETS.P2,2025,
Guinea-Bissau,GNB,GOV_WGI_PV_EST,2025,
Guinea-Bissau,GNB,GOV_WGI_RL_EST,2025,
Guinea-Bissau,GNB,SE.TER.ENRR,2025,
Guinea-Bissau,GNB,IP.JRN.ARTC.SC,2025,
Guyana,GUY,GOV_WGI_CC_EST,2025,
Guyana,GUY,IT.NET.BBND.P2,2025,
Guyana,GUY,NY.GDP.PCAP.PP.CD,2025,
Guyana,GUY,TX.VAL.TECH.MF.ZS,2025,
Guyana,GUY,IT.CEL.SETS.P2,2025,
Guyana,GUY,GOV_WGI_PV_EST,2025,
Guyana,GUY,GOV_WGI_RL_EST,2025,
Guyana,GUY,SE.TER.ENRR,2025,
Guyana,GUY,IP.JRN.ARTC.SC,2025,
Haiti,HTI,GOV_WGI_CC_EST,2025,
Haiti,HTI,IT.NET.BBND.P2,2025,
Haiti,HTI,NY.GDP.PCAP.PP.CD,2025,
Haiti,HTI,TX.VAL.TECH.MF.ZS,2025,
Haiti,HTI,IT.CEL.SETS.P2,2025,
Haiti,HTI,GOV_WGI_PV_EST,2025,
Haiti,HTI,GOV_WGI_RL_EST,2025,
Haiti,HTI,SE.TER.ENRR,2025,
Haiti,HTI,IP.JRN.ARTC.SC,2025,
Honduras,HND,GOV_WGI_CC_EST,2025,
Honduras,HND,IT.NET.BBND.P2,2025,
Honduras,HND,NY.GDP.PCAP.PP.CD,2025,
Honduras,HND,TX.VAL.TECH.MF.ZS,2025,
Honduras,HND,IT.CEL.SETS.P2,2025,
Honduras,HND,GOV_WGI_PV_EST,2025,
Honduras,HND,GOV_WGI_RL_EST,2025,
Honduras,HND,SE.TER.ENRR,2025,
Honduras,HND,IP.JRN.ARTC.SC,2025,
"Hong Kong SAR, China",HKG,GOV_WGI_CC_EST,2025,
"Hong Kong SAR, China",HKG,IT.NET.BBND.P2,2025,
"Hong Kong SAR, China",HKG,NY.GDP.PCAP.PP.CD,2025,
"Hong Kong SAR, China",HKG,TX.VAL.TECH.MF.ZS,2025,
"Hong Kong SAR, China",HKG,IT.CEL.SETS.P2,2025,
"Hong Kong SAR, China",HKG,GOV_WGI_PV_EST,2025,
"Hong Kong SAR, China",HKG,GOV_WGI_RL_EST,2025,
"Hong Kong SAR, China",HKG,SE.TER.ENRR,2025,
"Hong Kong SAR, China",HKG,IP.JRN.ARTC.SC,2025,
Hungary,HUN,GOV_WGI_CC_EST,2025,
Hungary,HUN,IT.NET.BBND.P2,2025,
Hungary,HUN,NY.GDP.PCAP.PP.CD,2025,
Hungary,HUN,TX.VAL.TECH.MF.ZS,2025,
Hungary,HUN,IT.CEL.SETS.P2,2025,
Hungary,HUN,GOV_WGI_PV_EST,2025,
Hungary,HUN,GOV_WGI_RL_EST,2025,
Hungary,HUN,SE.TER.ENRR,2025,
Hungary,HUN,IP.JRN.ARTC.SC,2025,
Iceland,ISL,GOV_WGI_CC_EST,2025,
Iceland,ISL,IT.NET.BBND.P2,2025,
Iceland,ISL,NY.GDP.PCAP.PP.CD,2025,
Iceland,ISL,TX.VAL.TECH.MF.ZS,2025,
Iceland,ISL,IT.CEL.SETS.P2,2025,
Iceland,ISL,GOV_WGI_PV_EST,2025,
Iceland,ISL,GOV_WGI_RL_EST,2025,
Iceland,ISL,SE.TER.ENRR,2025,
Iceland,ISL,IP.JRN.ARTC.SC,2025,
India,IND,GOV_WGI_CC_EST,2025,
India,IND,IT.NET.BBND.P2,2025,
India,IND,NY.GDP.PCAP.PP.CD,2025,
India,IND,TX.VAL.TECH.MF.ZS,2025,
India,IND,IT.CEL.SETS.P2,2025,
India,IND,GOV_WGI_PV_EST,2025,
India,IND,GOV_WGI_RL_EST,2025,
India,IND,SE.TER.ENRR,2025,34.4465039692543
India,IND,IP.JRN.ARTC.SC,2025,
Indonesia,IDN,GOV_WGI_CC_EST,2025,
Indonesia,IDN,IT.NET.BBND.P2,2025,
Indonesia,IDN,NY.GDP.PCAP.PP.CD,2025,
Indonesia,IDN,TX.VAL.TECH.MF.ZS,2025,
Indonesia,IDN,IT.CEL.SETS.P2,2025,
Indonesia,IDN,GOV_WGI_PV_EST,2025,
Indonesia,IDN,GOV_WGI_RL_EST,2025,
Indonesia,IDN,SE.TER.ENRR,2025,
Indonesia,IDN,IP.JRN.ARTC.SC,2025,
"Iran, Islamic Rep.",IRN,GOV_WGI_CC_EST,2025,
"Iran, Islamic Rep.",IRN,IT.NET.BBND.P2,2025,
"Iran, Islamic Rep.",IRN,NY.GDP.PCAP.PP.CD,2025,
"Iran, Islamic Rep.",IRN,TX.VAL.TECH.MF.ZS,2025,
"Iran, Islamic Rep.",IRN,IT.CEL.SETS.P2,2025,
"Iran, Islamic Rep.",IRN,GOV_WGI_PV_EST,2025,
"Iran, Islamic Rep.",IRN,GOV_WGI_RL_EST,2025,
"Iran, Islamic Rep.",IRN,SE.TER.ENRR,2025,
"Iran, Islamic Rep.",IRN,IP.JRN.ARTC.SC,2025,
Iraq,IRQ,GOV_WGI_CC_EST,2025,
Iraq,IRQ,IT.NET.BBND.P2,2025,
Iraq,IRQ,NY.GDP.PCAP.PP.CD,2025,
Iraq,IRQ,TX.VAL.TECH.MF.ZS,2025,
Iraq,IRQ,IT.CEL.SETS.P2,2025,
Iraq,IRQ,GOV_WGI_PV_EST,2025,
Iraq,IRQ,GOV_WGI_RL_EST,2025,
Iraq,IRQ,SE.TER.ENRR,2025,
Iraq,IRQ,IP.JRN.ARTC.SC,2025,
Ireland,IRL,GOV_WGI_CC_EST,2025,
Ireland,IRL,IT.NET.BBND.P2,2025,
Ireland,IRL,NY.GDP.PCAP.PP.CD,2025,
Ireland,IRL,TX.VAL.TECH.MF.ZS,2025,
Ireland,IRL,IT.CEL.SETS.P2,2025,
Ireland,IRL,GOV_WGI_PV_EST,2025,
Ireland,IRL,GOV_WGI_RL_EST,2025,
Ireland,IRL,SE.TER.ENRR,2025,
Ireland,IRL,IP.JRN.ARTC.SC,2025,
Isle of Man,IMN,GOV_WGI_CC_EST,2025,
Isle of Man,IMN,IT.NET.BBND.P2,2025,
Isle of Man,IMN,NY.GDP.PCAP.PP.CD,2025,
Isle of Man,IMN,TX.VAL.TECH.MF.ZS,2025,
Isle of Man,IMN,IT.CEL.SETS.P2,2025,
Isle of Man,IMN,GOV_WGI_PV_EST,2025,
Isle of Man,IMN,GOV_WGI_RL_EST,2025,
Isle of Man,IMN,SE.TER.ENRR,2025,
Isle of Man,IMN,IP.JRN.ARTC.SC,2025,
Israel,ISR,GOV_WGI_CC_EST,2025,
Israel,ISR,IT.NET.BBND.P2,2025,
Israel,ISR,NY.GDP.PCAP.PP.CD,2025,
Israel,ISR,TX.VAL.TECH.MF.ZS,2025,
Israel,ISR,IT.CEL.SETS.P2,2025,
Israel,ISR,GOV_WGI_PV_EST,2025,
Israel,ISR,GOV_WGI_RL_EST,2025,
Israel,ISR,SE.TER.ENRR,2025,
Israel,ISR,IP.JRN.ARTC.SC,2025,
Italy,ITA,GOV_WGI_CC_EST,2025,
Italy,ITA,IT.NET.BBND.P2,2025,
Italy,ITA,NY.GDP.PCAP.PP.CD,2025,
Italy,ITA,TX.VAL.TECH.MF.ZS,2025,
Italy,ITA,IT.CEL.SETS.P2,2025,
Italy,ITA,GOV_WGI_PV_EST,2025,
Italy,ITA,GOV_WGI_RL_EST,2025,
Italy,ITA,SE.TER.ENRR,2025,
Italy,ITA,IP.JRN.ARTC.SC,2025,
Jamaica,JAM,GOV_WGI_CC_EST,2025,
Jamaica,JAM,IT.NET.BBND.P2,2025,
Jamaica,JAM,NY.GDP.PCAP.PP.CD,2025,
Jamaica,JAM,TX.VAL.TECH.MF.ZS,2025,
Jamaica,JAM,IT.CEL.SETS.P2,2025,
Jamaica,JAM,GOV_WGI_PV_EST,2025,
Jamaica,JAM,GOV_WGI_RL_EST,2025,
Jamaica,JAM,SE.TER.ENRR,2025,
Jamaica,JAM,IP.JRN.ARTC.SC,2025,
Japan,JPN,GOV_WGI_CC_EST,2025,
Japan,JPN,IT.NET.BBND.P2,2025,
Japan,JPN,NY.GDP.PCAP.PP.CD,2025,
Japan,JPN,TX.VAL.TECH.MF.ZS,2025,
Japan,JPN,IT.CEL.SETS.P2,2025,
Japan,JPN,GOV_WGI_PV_EST,2025,
Japan,JPN,GOV_WGI_RL_EST,2025,
Japan,JPN,SE.TER.ENRR,2025,
Japan,JPN,IP.JRN.ARTC.SC,2025,
Jordan,JOR,GOV_WGI_CC_EST,2025,
Jordan,JOR,IT.NET.BBND.P2,2025,
Jordan,JOR,NY.GDP.PCAP.PP.CD,2025,
Jordan,JOR,TX.VAL.TECH.MF.ZS,2025,
Jordan,JOR,IT.CEL.SETS.P2,2025,
Jordan,JOR,GOV_WGI_PV_EST,2025,
Jordan,JOR,GOV_WGI_RL_EST,2025,
Jordan,JOR,SE.TER.ENRR,2025,
Jordan,JOR,IP.JRN.ARTC.SC,2025,
Kazakhstan,KAZ,GOV_WGI_CC_EST,2025,
Kazakhstan,KAZ,IT.NET.BBND.P2,2025,
Kazakhstan,KAZ,NY.GDP.PCAP.PP.CD,2025,
Kazakhstan,KAZ,TX.VAL.TECH.MF.ZS,2025,
Kazakhstan,KAZ,IT.CEL.SETS.P2,2025,
Kazakhstan,KAZ,GOV_WGI_PV_EST,2025,
Kazakhstan,KAZ,GOV_WGI_RL_EST,2025,
Kazakhstan,KAZ,SE.TER.ENRR,2025,52.8612860406142
Kazakhstan,KAZ,IP.JRN.ARTC.SC,2025,
Kenya,KEN,GOV_WGI_CC_EST,2025,
Kenya,KEN,IT.NET.BBND.P2,2025,
Kenya,KEN,NY.GDP.PCAP.PP.CD,2025,
Kenya,KEN,TX.VAL.TECH.MF.ZS,2025,
Kenya,KEN,IT.CEL.SETS.P2,2025,
Kenya,KEN,GOV_WGI_PV_EST,2025,
Kenya,KEN,GOV_WGI_RL_EST,2025,
Kenya,KEN,SE.TER.ENRR,2025,
Kenya,KEN,IP.JRN.ARTC.SC,2025,
Kiribati,KIR,GOV_WGI_CC_EST,2025,
Kiribati,KIR,IT.NET.BBND.P2,2025,
Kiribati,KIR,NY.GDP.PCAP.PP.CD,2025,
Kiribati,KIR,TX.VAL.TECH.MF.ZS,2025,
Kiribati,KIR,IT.CEL.SETS.P2,2025,
Kiribati,KIR,GOV_WGI_PV_EST,2025,
Kiribati,KIR,GOV_WGI_RL_EST,2025,
Kiribati,KIR,SE.TER.ENRR,2025,
Kiribati,KIR,IP.JRN.ARTC.SC,2025,
"Korea, Dem. People's Rep.",PRK,GOV_WGI_CC_EST,2025,
"Korea, Dem. People's Rep.",PRK,IT.NET.BBND.P2,2025,
"Korea, Dem. People's Rep.",PRK,NY.GDP.PCAP.PP.CD,2025,
"Korea, Dem. People's Rep.",PRK,TX.VAL.TECH.MF.ZS,2025,
"Korea, Dem. People's Rep.",PRK,IT.CEL.SETS.P2,2025,
"Korea, Dem. People's Rep.",PRK,GOV_WGI_PV_EST,2025,
"Korea, Dem. People's Rep.",PRK,GOV_WGI_RL_EST,2025,
"Korea, Dem. People's Rep.",PRK,SE.TER.ENRR,2025,
"Korea, Dem. People's Rep.",PRK,IP.JRN.ARTC.SC,2025,
"Korea, Rep.",KOR,GOV_WGI_CC_EST,2025,
"Korea, Rep.",KOR,IT.NET.BBND.P2,2025,
"Korea, Rep.",KOR,NY.GDP.PCAP.PP.CD,2025,
"Korea, Rep.",KOR,TX.VAL.TECH.MF.ZS,2025,
"Korea, Rep.",KOR,IT.CEL.SETS.P2,2025,
"Korea, Rep.",KOR,GOV_WGI_PV_EST,2025,
"Korea, Rep.",KOR,GOV_WGI_RL_EST,2025,
"Korea, Rep.",KOR,SE.TER.ENRR,2025,
"Korea, Rep.",KOR,IP.JRN.ARTC.SC,2025,
Kuwait,KWT,GOV_WGI_CC_EST,2025,
Kuwait,KWT,IT.NET.BBND.P2,2025,
Kuwait,KWT,NY.GDP.PCAP.PP.CD,2025,
Kuwait,KWT,TX.VAL.TECH.MF.ZS,2025,
Kuwait,KWT,IT.CEL.SETS.P2,2025,
Kuwait,KWT,GOV_WGI_PV_EST,2025,
Kuwait,KWT,GOV_WGI_RL_EST,2025,
Kuwait,KWT,SE.TER.ENRR,2025,
Kuwait,KWT,IP.JRN.ARTC.SC,2025,
Kyrgyz Republic,KGZ,GOV_WGI_CC_EST,2025,
Kyrgyz Republic,KGZ,IT.NET.BBND.P2,2025,
Kyrgyz Republic,KGZ,NY.GDP.PCAP.PP.CD,2025,
Kyrgyz Republic,KGZ,TX.VAL.TECH.MF.ZS,2025,
Kyrgyz Republic,KGZ,IT.CEL.SETS.P2,2025,
Kyrgyz Republic,KGZ,GOV_WGI_PV_EST,2025,
Kyrgyz Republic,KGZ,GOV_WGI_RL_EST,2025,
Kyrgyz Republic,KGZ,SE.TER.ENRR,2025,53.8761747562613
Kyrgyz Republic,KGZ,IP.JRN.ARTC.SC,2025,
Lao PDR,LAO,GOV_WGI_CC_EST,2025,
Lao PDR,LAO,IT.NET.BBND.P2,2025,
Lao PDR,LAO,NY.GDP.PCAP.PP.CD,2025,
Lao PDR,LAO,TX.VAL.TECH.MF.ZS,2025,
Lao PDR,LAO,IT.CEL.SETS.P2,2025,
Lao PDR,LAO,GOV_WGI_PV_EST,2025,
Lao PDR,LAO,GOV_WGI_RL_EST,2025,
Lao PDR,LAO,SE.TER.ENRR,2025,
Lao PDR,LAO,IP.JRN.ARTC.SC,2025,
Latvia,LVA,GOV_WGI_CC_EST,2025,
Latvia,LVA,IT.NET.BBND.P2,2025,
Latvia,LVA,NY.GDP.PCAP.PP.CD,2025,
Latvia,LVA,TX.VAL.TECH.MF.ZS,2025,
Latvia,LVA,IT.CEL.SETS.P2,2025,
Latvia,LVA,GOV_WGI_PV_EST,2025,
Latvia,LVA,GOV_WGI_RL_EST,2025,
Latvia,LVA,SE.TER.ENRR,2025,
Latvia,LVA,IP.JRN.ARTC.SC,2025,
Lebanon,LBN,GOV_WGI_CC_EST,2025,
Lebanon,LBN,IT.NET.BBND.P2,2025,
Lebanon,LBN,NY.GDP.PCAP.PP.CD,2025,
Lebanon,LBN,TX.VAL.TECH.MF.ZS,2025,
Lebanon,LBN,IT.CEL.SETS.P2,2025,
Lebanon,LBN,GOV_WGI_PV_EST,2025,
Lebanon,LBN,GOV_WGI_RL_EST,2025,
Lebanon,LBN,SE.TER.ENRR,2025,
Lebanon,LBN,IP.JRN.ARTC.SC,2025,
Lesotho,LSO,GOV_WGI_CC_EST,2025,
Lesotho,LSO,IT.NET.BBND.P2,2025,
Lesotho,LSO,NY.GDP.PCAP.PP.CD,2025,
Lesotho,LSO,TX.VAL.TECH.MF.ZS,2025,
Lesotho,LSO,IT.CEL.SETS.P2,2025,
Lesotho,LSO,GOV_WGI_PV_EST,2025,
Lesotho,LSO,GOV_WGI_RL_EST,2025,
Lesotho,LSO,SE.TER.ENRR,2025,
Lesotho,LSO,IP.JRN.ARTC.SC,2025,
Liberia,LBR,GOV_WGI_CC_EST,2025,
Liberia,LBR,IT.NET.BBND.P2,2025,
Liberia,LBR,NY.GDP.PCAP.PP.CD,2025,
Liberia,LBR,TX.VAL.TECH.MF.ZS,2025,
Liberia,LBR,IT.CEL.SETS.P2,2025,
Liberia,LBR,GOV_WGI_PV_EST,2025,
Liberia,LBR,GOV_WGI_RL_EST,2025,
Liberia,LBR,SE.TER.ENRR,2025,
Liberia,LBR,IP.JRN.ARTC.SC,2025,
Libya,LBY,GOV_WGI_CC_EST,2025,
Libya,LBY,IT.NET.BBND.P2,2025,
Libya,LBY,NY.GDP.PCAP.PP.CD,2025,
Libya,LBY,TX.VAL.TECH.MF.ZS,2025,
Libya,LBY,IT.CEL.SETS.P2,2025,
Libya,LBY,GOV_WGI_PV_EST,2025,
Libya,LBY,GOV_WGI_RL_EST,2025,
Libya,LBY,SE.TER.ENRR,2025,
Libya,LBY,IP.JRN.ARTC.SC,2025,
Liechtenstein,LIE,GOV_WGI_CC_EST,2025,
Liechtenstein,LIE,IT.NET.BBND.P2,2025,
Liechtenstein,LIE,NY.GDP.PCAP.PP.CD,2025,
Liechtenstein,LIE,TX.VAL.TECH.MF.ZS,2025,
Liechtenstein,LIE,IT.CEL.SETS.P2,2025,
Liechtenstein,LIE,GOV_WGI_PV_EST,2025,
Liechtenstein,LIE,GOV_WGI_RL_EST,2025,
Liechtenstein,LIE,SE.TER.ENRR,2025,
Liechtenstein,LIE,IP.JRN.ARTC.SC,2025,
Lithuania,LTU,GOV_WGI_CC_EST,2025,
Lithuania,LTU,IT.NET.BBND.P2,2025,
Lithuania,LTU,NY.GDP.PCAP.PP.CD,2025,
Lithuania,LTU,TX.VAL.TECH.MF.ZS,2025,
Lithuania,LTU,IT.CEL.SETS.P2,2025,
Lithuania,LTU,GOV_WGI_PV_EST,2025,
Lithuania,LTU,GOV_WGI_RL_EST,2025,
Lithuania,LTU,SE.TER.ENRR,2025,
Lithuania,LTU,IP.JRN.ARTC.SC,2025,
Luxembourg,LUX,GOV_WGI_CC_EST,2025,
Luxembourg,LUX,IT.NET.BBND.P2,2025,
Luxembourg,LUX,NY.GDP.PCAP.PP.CD,2025,
Luxembourg,LUX,TX.VAL.TECH.MF.ZS,2025,
Luxembourg,LUX,IT.CEL.SETS.P2,2025,
Luxembourg,LUX,GOV_WGI_PV_EST,2025,
Luxembourg,LUX,GOV_WGI_RL_EST,2025,
Luxembourg,LUX,SE.TER.ENRR,2025,
Luxembourg,LUX,IP.JRN.ARTC.SC,2025,
"Macao SAR, China",MAC,GOV_WGI_CC_EST,2025,
"Macao SAR, China",MAC,IT.NET.BBND.P2,2025,
"Macao SAR, China",MAC,NY.GDP.PCAP.PP.CD,2025,
"Macao SAR, China",MAC,TX.VAL.TECH.MF.ZS,2025,
"Macao SAR, China",MAC,IT.CEL.SETS.P2,2025,
"Macao SAR, China",MAC,GOV_WGI_PV_EST,2025,
"Macao SAR, China",MAC,GOV_WGI_RL_EST,2025,
"Macao SAR, China",MAC,SE.TER.ENRR,2025,
"Macao SAR, China",MAC,IP.JRN.ARTC.SC,2025,
Madagascar,MDG,GOV_WGI_CC_EST,2025,
Madagascar,MDG,IT.NET.BBND.P2,2025,
Madagascar,MDG,NY.GDP.PCAP.PP.CD,2025,
Madagascar,MDG,TX.VAL.TECH.MF.ZS,2025,
Madagascar,MDG,IT.CEL.SETS.P2,2025,
Madagascar,MDG,GOV_WGI_PV_EST,2025,
Madagascar,MDG,GOV_WGI_RL_EST,2025,
Madagascar,MDG,SE.TER.ENRR,2025,
Madagascar,MDG,IP.JRN.ARTC.SC,2025,
Malawi,MWI,GOV_WGI_CC_EST,2025,
Malawi,MWI,IT.NET.BBND.P2,2025,
Malawi,MWI,NY.GDP.PCAP.PP.CD,2025,
Malawi,MWI,TX.VAL.TECH.MF.ZS,2025,
Malawi,MWI,IT.CEL.SETS.P2,2025,
Malawi,MWI,GOV_WGI_PV_EST,2025,
Malawi,MWI,GOV_WGI_RL_EST,2025,
Malawi,MWI,SE.TER.ENRR,2025,
Malawi,MWI,IP.JRN.ARTC.SC,2025,
Malaysia,MYS,GOV_WGI_CC_EST,2025,
Malaysia,MYS,IT.NET.BBND.P2,2025,
Malaysia,MYS,NY.GDP.PCAP.PP.CD,2025,
Malaysia,MYS,TX.VAL.TECH.MF.ZS,2025,
Malaysia,MYS,IT.CEL.SETS.P2,2025,
Malaysia,MYS,GOV_WGI_PV_EST,2025,
Malaysia,MYS,GOV_WGI_RL_EST,2025,
Malaysia,MYS,SE.TER.ENRR,2025,
Malaysia,MYS,IP.JRN.ARTC.SC,2025,
Maldives,MDV,GOV_WGI_CC_EST,2025,
Maldives,MDV,IT.NET.BBND.P2,2025,
Maldives,MDV,NY.GDP.PCAP.PP.CD,2025,
Maldives,MDV,TX.VAL.TECH.MF.ZS,2025,
Maldives,MDV,IT.CEL.SETS.P2,2025,
Maldives,MDV,GOV_WGI_PV_EST,2025,
Maldives,MDV,GOV_WGI_RL_EST,2025,
Maldives,MDV,SE.TER.ENRR,2025,
Maldives,MDV,IP.JRN.ARTC.SC,2025,
Mali,MLI,GOV_WGI_CC_EST,2025,
Mali,MLI,IT.NET.BBND.P2,2025,
Mali,MLI,NY.GDP.PCAP.PP.CD,2025,
Mali,MLI,TX.VAL.TECH.MF.ZS,2025,
Mali,MLI,IT.CEL.SETS.P2,2025,
Mali,MLI,GOV_WGI_PV_EST,2025,
Mali,MLI,GOV_WGI_RL_EST,2025,
Mali,MLI,SE.TER.ENRR,2025,
Mali,MLI,IP.JRN.ARTC.SC,2025,
Malta,MLT,GOV_WGI_CC_EST,2025,
Malta,MLT,IT.NET.BBND.P2,2025,
Malta,MLT,NY.GDP.PCAP.PP.CD,2025,
Malta,MLT,TX.VAL.TECH.MF.ZS,2025,
Malta,MLT,IT.CEL.SETS.P2,2025,
Malta,MLT,GOV_WGI_PV_EST,2025,
Malta,MLT,GOV_WGI_RL_EST,2025,
Malta,MLT,SE.TER.ENRR,2025,
Malta,MLT,IP.JRN.ARTC.SC,2025,
Marshall Islands,MHL,GOV_WGI_CC_EST,2025,
Marshall Islands,MHL,IT.NET.BBND.P2,2025,
Marshall Islands,MHL,NY.GDP.PCAP.PP.CD,2025,
Marshall Islands,MHL,TX.VAL.TECH.MF.ZS,2025,
Marshall Islands,MHL,IT.CEL.SETS.P2,2025,
Marshall Islands,MHL,GOV_WGI_PV_EST,2025,
Marshall Islands,MHL,GOV_WGI_RL_EST,2025,
Marshall Islands,MHL,SE.TER.ENRR,2025,
Marshall Islands,MHL,IP.JRN.ARTC.SC,2025,
Mauritania,MRT,GOV_WGI_CC_EST,2025,
Mauritania,MRT,IT.NET.BBND.P2,2025,
Mauritania,MRT,NY.GDP.PCAP.PP.CD,2025,
Mauritania,MRT,TX.VAL.TECH.MF.ZS,2025,
Mauritania,MRT,IT.CEL.SETS.P2,2025,
Mauritania,MRT,GOV_WGI_PV_EST,2025,
Mauritania,MRT,GOV_WGI_RL_EST,2025,
Mauritania,MRT,SE.TER.ENRR,2025,
Mauritania,MRT,IP.JRN.ARTC.SC,2025,
Mauritius,MUS,GOV_WGI_CC_EST,2025,
Mauritius,MUS,IT.NET.BBND.P2,2025,
Mauritius,MUS,NY.GDP.PCAP.PP.CD,2025,
Mauritius,MUS,TX.VAL.TECH.MF.ZS,2025,
Mauritius,MUS,IT.CEL.SETS.P2,2025,
Mauritius,MUS,GOV_WGI_PV_EST,2025,
Mauritius,MUS,GOV_WGI_RL_EST,2025,
Mauritius,MUS,SE.TER.ENRR,2025,
Mauritius,MUS,IP.JRN.ARTC.SC,2025,
Mexico,MEX,GOV_WGI_CC_EST,2025,
Mexico,MEX,IT.NET.BBND.P2,2025,
Mexico,MEX,NY.GDP.PCAP.PP.CD,2025,
Mexico,MEX,TX.VAL.TECH.MF.ZS,2025,
Mexico,MEX,IT.CEL.SETS.P2,2025,
Mexico,MEX,GOV_WGI_PV_EST,2025,
Mexico,MEX,GOV_WGI_RL_EST,2025,
Mexico,MEX,SE.TER.ENRR,2025,
Mexico,MEX,IP.JRN.ARTC.SC,2025,
"Micronesia, Fed. Sts.",FSM,GOV_WGI_CC_EST,2025,
"Micronesia, Fed. Sts.",FSM,IT.NET.BBND.P2,2025,
"Micronesia, Fed. Sts.",FSM,NY.GDP.PCAP.PP.CD,2025,
"Micronesia, Fed. Sts.",FSM,TX.VAL.TECH.MF.ZS,2025,
"Micronesia, Fed. Sts.",FSM,IT.CEL.SETS.P2,2025,
"Micronesia, Fed. Sts.",FSM,GOV_WGI_PV_EST,2025,
"Micronesia, Fed. Sts.",FSM,GOV_WGI_RL_EST,2025,
"Micronesia, Fed. Sts.",FSM,SE.TER.ENRR,2025,
"Micronesia, Fed. Sts.",FSM,IP.JRN.ARTC.SC,2025,
Moldova,MDA,GOV_WGI_CC_EST,2025,
Moldova,MDA,IT.NET.BBND.P2,2025,
Moldova,MDA,NY.GDP.PCAP.PP.CD,2025,
Moldova,MDA,TX.VAL.TECH.MF.ZS,2025,
Moldova,MDA,IT.CEL.SETS.P2,2025,
Moldova,MDA,GOV_WGI_PV_EST,2025,
Moldova,MDA,GOV_WGI_RL_EST,2025,
Moldova,MDA,SE.TER.ENRR,2025,
Moldova,MDA,IP.JRN.ARTC.SC,2025,
Monaco,MCO,GOV_WGI_CC_EST,2025,
Monaco,MCO,IT.NET.BBND.P2,2025,
Monaco,MCO,NY.GDP.PCAP.PP.CD,2025,
Monaco,MCO,TX.VAL.TECH.MF.ZS,2025,
Monaco,MCO,IT.CEL.SETS.P2,2025,
Monaco,MCO,GOV_WGI_PV_EST,2025,
Monaco,MCO,GOV_WGI_RL_EST,2025,
Monaco,MCO,SE.TER.ENRR,2025,
Monaco,MCO,IP.JRN.ARTC.SC,2025,
Mongolia,MNG,GOV_WGI_CC_EST,2025,
Mongolia,MNG,IT.NET.BBND.P2,2025,
Mongolia,MNG,NY.GDP.PCAP.PP.CD,2025,
Mongolia,MNG,TX.VAL.TECH.MF.ZS,2025,
Mongolia,MNG,IT.CEL.SETS.P2,2025,
Mongolia,MNG,GOV_WGI_PV_EST,2025,
Mongolia,MNG,GOV_WGI_RL_EST,2025,
Mongolia,MNG,SE.TER.ENRR,2025,
Mongolia,MNG,IP.JRN.ARTC.SC,2025,
Montenegro,MNE,GOV_WGI_CC_EST,2025,
Montenegro,MNE,IT.NET.BBND.P2,2025,
Montenegro,MNE,NY.GDP.PCAP.PP.CD,2025,
Montenegro,MNE,TX.VAL.TECH.MF.ZS,2025,
Montenegro,MNE,IT.CEL.SETS.P2,2025,
Montenegro,MNE,GOV_WGI_PV_EST,2025,
Montenegro,MNE,GOV_WGI_RL_EST,2025,
Montenegro,MNE,SE.TER.ENRR,2025,
Montenegro,MNE,IP.JRN.ARTC.SC,2025,
Morocco,MAR,GOV_WGI_CC_EST,2025,
Morocco,MAR,IT.NET.BBND.P2,2025,
Morocco,MAR,NY.GDP.PCAP.PP.CD,2025,
Morocco,MAR,TX.VAL.TECH.MF.ZS,2025,
Morocco,MAR,IT.CEL.SETS.P2,2025,
Morocco,MAR,GOV_WGI_PV_EST,2025,
Morocco,MAR,GOV_WGI_RL_EST,2025,
Morocco,MAR,SE.TER.ENRR,2025,
Morocco,MAR,IP.JRN.ARTC.SC,2025,
Mozambique,MOZ,GOV_WGI_CC_EST,2025,
Mozambique,MOZ,IT.NET.BBND.P2,2025,
Mozambique,MOZ,NY.GDP.PCAP.PP.CD,2025,
Mozambique,MOZ,TX.VAL.TECH.MF.ZS,2025,
Mozambique,MOZ,IT.CEL.SETS.P2,2025,
Mozambique,MOZ,GOV_WGI_PV_EST,2025,
Mozambique,MOZ,GOV_WGI_RL_EST,2025,
Mozambique,MOZ,SE.TER.ENRR,2025,
Mozambique,MOZ,IP.JRN.ARTC.SC,2025,
Myanmar,MMR,GOV_WGI_CC_EST,2025,
Myanmar,MMR,IT.NET.BBND.P2,2025,
Myanmar,MMR,NY.GDP.PCAP.PP.CD,2025,
Myanmar,MMR,TX.VAL.TECH.MF.ZS,2025,
Myanmar,MMR,IT.CEL.SETS.P2,2025,
Myanmar,MMR,GOV_WGI_PV_EST,2025,
Myanmar,MMR,GOV_WGI_RL_EST,2025,
Myanmar,MMR,SE.TER.ENRR,2025,
Myanmar,MMR,IP.JRN.ARTC.SC,2025,
Namibia,NAM,GOV_WGI_CC_EST,2025,
Namibia,NAM,IT.NET.BBND.P2,2025,
Namibia,NAM,NY.GDP.PCAP.PP.CD,2025,
Namibia,NAM,TX.VAL.TECH.MF.ZS,2025,
Namibia,NAM,IT.CEL.SETS.P2,2025,
Namibia,NAM,GOV_WGI_PV_EST,2025,
Namibia,NAM,GOV_WGI_RL_EST,2025,
Namibia,NAM,SE.TER.ENRR,2025,
Namibia,NAM,IP.JRN.ARTC.SC,2025,
Nauru,NRU,GOV_WGI_CC_EST,2025,
Nauru,NRU,IT.NET.BBND.P2,2025,
Nauru,NRU,NY.GDP.PCAP.PP.CD,2025,
Nauru,NRU,TX.VAL.TECH.MF.ZS,2025,
Nauru,NRU,IT.CEL.SETS.P2,2025,
Nauru,NRU,GOV_WGI_PV_EST,2025,
Nauru,NRU,GOV_WGI_RL_EST,2025,
Nauru,NRU,SE.TER.ENRR,2025,
Nauru,NRU,IP.JRN.ARTC.SC,2025,
Nepal,NPL,GOV_WGI_CC_EST,2025,
Nepal,NPL,IT.NET.BBND.P2,2025,
Nepal,NPL,NY.GDP.PCAP.PP.CD,2025,
Nepal,NPL,TX.VAL.TECH.MF.ZS,2025,
Nepal,NPL,IT.CEL.SETS.P2,2025,
Nepal,NPL,GOV_WGI_PV_EST,2025,
Nepal,NPL,GOV_WGI_RL_EST,2025,
Nepal,NPL,SE.TER.ENRR,2025,
Nepal,NPL,IP.JRN.ARTC.SC,2025,
Netherlands,NLD,GOV_WGI_CC_EST,2025,
Netherlands,NLD,IT.NET.BBND.P2,2025,
Netherlands,NLD,NY.GDP.PCAP.PP.CD,2025,
Netherlands,NLD,TX.VAL.TECH.MF.ZS,2025,
Netherlands,NLD,IT.CEL.SETS.P2,2025,
Netherlands,NLD,GOV_WGI_PV_EST,2025,
Netherlands,NLD,GOV_WGI_RL_EST,2025,
Netherlands,NLD,SE.TER.ENRR,2025,
Netherlands,NLD,IP.JRN.ARTC.SC,2025,
New Caledonia,NCL,GOV_WGI_CC_EST,2025,
New Caledonia,NCL,IT.NET.BBND.P2,2025,
New Caledonia,NCL,NY.GDP.PCAP.PP.CD,2025,
New Caledonia,NCL,TX.VAL.TECH.MF.ZS,2025,
New Caledonia,NCL,IT.CEL.SETS.P2,2025,
New Caledonia,NCL,GOV_WGI_PV_EST,2025,
New Caledonia,NCL,GOV_WGI_RL_EST,2025,
New Caledonia,NCL,SE.TER.ENRR,2025,
New Caledonia,NCL,IP.JRN.ARTC.SC,2025,
New Zealand,NZL,GOV_WGI_CC_EST,2025,
New Zealand,NZL,IT.NET.BBND.P2,2025,
New Zealand,NZL,NY.GDP.PCAP.PP.CD,2025,
New Zealand,NZL,TX.VAL.TECH.MF.ZS,2025,
New Zealand,NZL,IT.CEL.SETS.P2,2025,
New Zealand,NZL,GOV_WGI_PV_EST,2025,
New Zealand,NZL,GOV_WGI_RL_EST,2025,
New Zealand,NZL,SE.TER.ENRR,2025,
New Zealand,NZL,IP.JRN.ARTC.SC,2025,
Nicaragua,NIC,GOV_WGI_CC_EST,2025,
Nicaragua,NIC,IT.NET.BBND.P2,2025,
Nicaragua,NIC,NY.GDP.PCAP.PP.CD,2025,
Nicaragua,NIC,TX.VAL.TECH.MF.ZS,2025,
Nicaragua,NIC,IT.CEL.SETS.P2,2025,
Nicaragua,NIC,GOV_WGI_PV_EST,2025,
Nicaragua,NIC,GOV_WGI_RL_EST,2025,
Nicaragua,NIC,SE.TER.ENRR,2025,
Nicaragua,NIC,IP.JRN.ARTC.SC,2025,
Niger,NER,GOV_WGI_CC_EST,2025,
Niger,NER,IT.NET.BBND.P2,2025,
Niger,NER,NY.GDP.PCAP.PP.CD,2025,
Niger,NER,TX.VAL.TECH.MF.ZS,2025,
Niger,NER,IT.CEL.SETS.P2,2025,
Niger,NER,GOV_WGI_PV_EST,2025,
Niger,NER,GOV_WGI_RL_EST,2025,
Niger,NER,SE.TER.ENRR,2025,
Niger,NER,IP.JRN.ARTC.SC,2025,
Nigeria,NGA,GOV_WGI_CC_EST,2025,
Nigeria,NGA,IT.NET.BBND.P2,2025,
Nigeria,NGA,NY.GDP.PCAP.PP.CD,2025,
Nigeria,NGA,TX.VAL.TECH.MF.ZS,2025,
Nigeria,NGA,IT.CEL.SETS.P2,2025,
Nigeria,NGA,GOV_WGI_PV_EST,2025,
Nigeria,NGA,GOV_WGI_RL_EST,2025,
Nigeria,NGA,SE.TER.ENRR,2025,
Nigeria,NGA,IP.JRN.ARTC.SC,2025,
North Macedonia,MKD,GOV_WGI_CC_EST,2025,
North Macedonia,MKD,IT.NET.BBND.P2,2025,
North Macedonia,MKD,NY.GDP.PCAP.PP.CD,2025,
North Macedonia,MKD,TX.VAL.TECH.MF.ZS,2025,
North Macedonia,MKD,IT.CEL.SETS.P2,2025,
North Macedonia,MKD,GOV_WGI_PV_EST,2025,
North Macedonia,MKD,GOV_WGI_RL_EST,2025,
North Macedonia,MKD,SE.TER.ENRR,2025,
North Macedonia,MKD,IP.JRN.ARTC.SC,2025,
Northern Mariana Islands,MNP,GOV_WGI_CC_EST,2025,
Northern Mariana Islands,MNP,IT.NET.BBND.P2,2025,
Northern Mariana Islands,MNP,NY.GDP.PCAP.PP.CD,2025,
Northern Mariana Islands,MNP,TX.VAL.TECH.MF.ZS,2025,
Northern Mariana Islands,MNP,IT.CEL.SETS.P2,2025,
Northern Mariana Islands,MNP,GOV_WGI_PV_EST,2025,
Northern Mariana Islands,MNP,GOV_WGI_RL_EST,2025,
Northern Mariana Islands,MNP,SE.TER.ENRR,2025,
Northern Mariana Islands,MNP,IP.JRN.ARTC.SC,2025,
Norway,NOR,GOV_WGI_CC_EST,2025,
Norway,NOR,IT.NET.BBND.P2,2025,
Norway,NOR,NY.GDP.PCAP.PP.CD,2025,
Norway,NOR,TX.VAL.TECH.MF.ZS,2025,
Norway,NOR,IT.CEL.SETS.P2,2025,
Norway,NOR,GOV_WGI_PV_EST,2025,
Norway,NOR,GOV_WGI_RL_EST,2025,
Norway,NOR,SE.TER.ENRR,2025,
Norway,NOR,IP.JRN.ARTC.SC,2025,
Oman,OMN,GOV_WGI_CC_EST,2025,
Oman,OMN,IT.NET.BBND.P2,2025,
Oman,OMN,NY.GDP.PCAP.PP.CD,2025,
Oman,OMN,TX.VAL.TECH.MF.ZS,2025,
Oman,OMN,IT.CEL.SETS.P2,2025,
Oman,OMN,GOV_WGI_PV_EST,2025,
Oman,OMN,GOV_WGI_RL_EST,2025,
Oman,OMN,SE.TER.ENRR,2025,
Oman,OMN,IP.JRN.ARTC.SC,2025,
Pakistan,PAK,GOV_WGI_CC_EST,2025,
Pakistan,PAK,IT.NET.BBND.P2,2025,
Pakistan,PAK,NY.GDP.PCAP.PP.CD,2025,
Pakistan,PAK,TX.VAL.TECH.MF.ZS,2025,
Pakistan,PAK,IT.CEL.SETS.P2,2025,
Pakistan,PAK,GOV_WGI_PV_EST,2025,
Pakistan,PAK,GOV_WGI_RL_EST,2025,
Pakistan,PAK,SE.TER.ENRR,2025,
Pakistan,PAK,IP.JRN.ARTC.SC,2025,
Palau,PLW,GOV_WGI_CC_EST,2025,
Palau,PLW,IT.NET.BBND.P2,2025,
Palau,PLW,NY.GDP.PCAP.PP.CD,2025,
Palau,PLW,TX.VAL.TECH.MF.ZS,2025,
Palau,PLW,IT.CEL.SETS.P2,2025,
Palau,PLW,GOV_WGI_PV_EST,2025,
Palau,PLW,GOV_WGI_RL_EST,2025,
Palau,PLW,SE.TER.ENRR,2025,
Palau,PLW,IP.JRN.ARTC.SC,2025,
Panama,PAN,GOV_WGI_CC_EST,2025,
Panama,PAN,IT.NET.BBND.P2,2025,
Panama,PAN,NY.GDP.PCAP.PP.CD,2025,
Panama,PAN,TX.VAL.TECH.MF.ZS,2025,
Panama,PAN,IT.CEL.SETS.P2,2025,
Panama,PAN,GOV_WGI_PV_EST,2025,
Panama,PAN,GOV_WGI_RL_EST,2025,
Panama,PAN,SE.TER.ENRR,2025,
Panama,PAN,IP.JRN.ARTC.SC,2025,
Papua New Guinea,PNG,GOV_WGI_CC_EST,2025,
Papua New Guinea,PNG,IT.NET.BBND.P2,2025,
Papua New Guinea,PNG,NY.GDP.PCAP.PP.CD,2025,
Papua New Guinea,PNG,TX.VAL.TECH.MF.ZS,2025,
Papua New Guinea,PNG,IT.CEL.SETS.P2,2025,
Papua New Guinea,PNG,GOV_WGI_PV_EST,2025,
Papua New Guinea,PNG,GOV_WGI_RL_EST,2025,
Papua New Guinea,PNG,SE.TER.ENRR,2025,
Papua New Guinea,PNG,IP.JRN.ARTC.SC,2025,
Paraguay,PRY,GOV_WGI_CC_EST,2025,
Paraguay,PRY,IT.NET.BBND.P2,2025,
Paraguay,PRY,NY.GDP.PCAP.PP.CD,2025,
Paraguay,PRY,TX.VAL.TECH.MF.ZS,2025,
Paraguay,PRY,IT.CEL.SETS.P2,2025,
Paraguay,PRY,GOV_WGI_PV_EST,2025,
Paraguay,PRY,GOV_WGI_RL_EST,2025,
Paraguay,PRY,SE.TER.ENRR,2025,
Paraguay,PRY,IP.JRN.ARTC.SC,2025,
Peru,PER,GOV_WGI_CC_EST,2025,
Peru,PER,IT.NET.BBND.P2,2025,
Peru,PER,NY.GDP.PCAP.PP.CD,2025,
Peru,PER,TX.VAL.TECH.MF.ZS,2025,
Peru,PER,IT.CEL.SETS.P2,2025,
Peru,PER,GOV_WGI_PV_EST,2025,
Peru,PER,GOV_WGI_RL_EST,2025,
Peru,PER,SE.TER.ENRR,2025,
Peru,PER,IP.JRN.ARTC.SC,2025,
Philippines,PHL,GOV_WGI_CC_EST,2025,
Philippines,PHL,IT.NET.BBND.P2,2025,
Philippines,PHL,NY.GDP.PCAP.PP.CD,2025,
Philippines,PHL,TX.VAL.TECH.MF.ZS,2025,
Philippines,PHL,IT.CEL.SETS.P2,2025,
Philippines,PHL,GOV_WGI_PV_EST,2025,
Philippines,PHL,GOV_WGI_RL_EST,2025,
Philippines,PHL,SE.TER.ENRR,2025,
Philippines,PHL,IP.JRN.ARTC.SC,2025,
Poland,POL,GOV_WGI_CC_EST,2025,
Poland,POL,IT.NET.BBND.P2,2025,
Poland,POL,NY.GDP.PCAP.PP.CD,2025,
Poland,POL,TX.VAL.TECH.MF.ZS,2025,
Poland,POL,IT.CEL.SETS.P2,2025,
Poland,POL,GOV_WGI_PV_EST,2025,
Poland,POL,GOV_WGI_RL_EST,2025,
Poland,POL,SE.TER.ENRR,2025,
Poland,POL,IP.JRN.ARTC.SC,2025,
Portugal,PRT,GOV_WGI_CC_EST,2025,
Portugal,PRT,IT.NET.BBND.P2,2025,
Portugal,PRT,NY.GDP.PCAP.PP.CD,2025,
Portugal,PRT,TX.VAL.TECH.MF.ZS,2025,
Portugal,PRT,IT.CEL.SETS.P2,2025,
Portugal,PRT,GOV_WGI_PV_EST,2025,
Portugal,PRT,GOV_WGI_RL_EST,2025,
Portugal,PRT,SE.TER.ENRR,2025,
Portugal,PRT,IP.JRN.ARTC.SC,2025,
Puerto Rico (US),PRI,GOV_WGI_CC_EST,2025,
Puerto Rico (US),PRI,IT.NET.BBND.P2,2025,
Puerto Rico (US),PRI,NY.GDP.PCAP.PP.CD,2025,
Puerto Rico (US),PRI,TX.VAL.TECH.MF.ZS,2025,
Puerto Rico (US),PRI,IT.CEL.SETS.P2,2025,
Puerto Rico (US),PRI,GOV_WGI_PV_EST,2025,
Puerto Rico (US),PRI,GOV_WGI_RL_EST,2025,
Puerto Rico (US),PRI,SE.TER.ENRR,2025,
Puerto Rico (US),PRI,IP.JRN.ARTC.SC,2025,
Qatar,QAT,GOV_WGI_CC_EST,2025,
Qatar,QAT,IT.NET.BBND.P2,2025,
Qatar,QAT,NY.GDP.PCAP.PP.CD,2025,
Qatar,QAT,TX.VAL.TECH.MF.ZS,2025,
Qatar,QAT,IT.CEL.SETS.P2,2025,
Qatar,QAT,GOV_WGI_PV_EST,2025,
Qatar,QAT,GOV_WGI_RL_EST,2025,
Qatar,QAT,SE.TER.ENRR,2025,
Qatar,QAT,IP.JRN.ARTC.SC,2025,
Romania,ROU,GOV_WGI_CC_EST,2025,
Romania,ROU,IT.NET.BBND.P2,2025,
Romania,ROU,NY.GDP.PCAP.PP.CD,2025,
Romania,ROU,TX.VAL.TECH.MF.ZS,2025,
Romania,ROU,IT.CEL.SETS.P2,2025,
Romania,ROU,GOV_WGI_PV_EST,2025,
Romania,ROU,GOV_WGI_RL_EST,2025,
Romania,ROU,SE.TER.ENRR,2025,
Romania,ROU,IP.JRN.ARTC.SC,2025,
Russian Federation,RUS,GOV_WGI_CC_EST,2025,
Russian Federation,RUS,IT.NET.BBND.P2,2025,
Russian Federation,RUS,NY.GDP.PCAP.PP.CD,2025,
Russian Federation,RUS,TX.VAL.TECH.MF.ZS,2025,
Russian Federation,RUS,IT.CEL.SETS.P2,2025,
Russian Federation,RUS,GOV_WGI_PV_EST,2025,
Russian Federation,RUS,GOV_WGI_RL_EST,2025,
Russian Federation,RUS,SE.TER.ENRR,2025,
Russian Federation,RUS,IP.JRN.ARTC.SC,2025,
Rwanda,RWA,GOV_WGI_CC_EST,2025,
Rwanda,RWA,IT.NET.BBND.P2,2025,
Rwanda,RWA,NY.GDP.PCAP.PP.CD,2025,
Rwanda,RWA,TX.VAL.TECH.MF.ZS,2025,
Rwanda,RWA,IT.CEL.SETS.P2,2025,
Rwanda,RWA,GOV_WGI_PV_EST,2025,
Rwanda,RWA,GOV_WGI_RL_EST,2025,
Rwanda,RWA,SE.TER.ENRR,2025,
Rwanda,RWA,IP.JRN.ARTC.SC,2025,
Samoa,WSM,GOV_WGI_CC_EST,2025,
Samoa,WSM,IT.NET.BBND.P2,2025,
Samoa,WSM,NY.GDP.PCAP.PP.CD,2025,
Samoa,WSM,TX.VAL.TECH.MF.ZS,2025,
Samoa,WSM,IT.CEL.SETS.P2,2025,
Samoa,WSM,GOV_WGI_PV_EST,2025,
Samoa,WSM,GOV_WGI_RL_EST,2025,
Samoa,WSM,SE.TER.ENRR,2025,
Samoa,WSM,IP.JRN.ARTC.SC,2025,
San Marino,SMR,GOV_WGI_CC_EST,2025,
San Marino,SMR,IT.NET.BBND.P2,2025,
San Marino,SMR,NY.GDP.PCAP.PP.CD,2025,
San Marino,SMR,TX.VAL.TECH.MF.ZS,2025,
San Marino,SMR,IT.CEL.SETS.P2,2025,
San Marino,SMR,GOV_WGI_PV_EST,2025,
San Marino,SMR,GOV_WGI_RL_EST,2025,
San Marino,SMR,SE.TER.ENRR,2025,
San Marino,SMR,IP.JRN.ARTC.SC,2025,
Sao Tome and Principe,STP,GOV_WGI_CC_EST,2025,
Sao Tome and Principe,STP,IT.NET.BBND.P2,2025,
Sao Tome and Principe,STP,NY.GDP.PCAP.PP.CD,2025,
Sao Tome and Principe,STP,TX.VAL.TECH.MF.ZS,2025,
Sao Tome and Principe,STP,IT.CEL.SETS.P2,2025,
Sao Tome and Principe,STP,GOV_WGI_PV_EST,2025,
Sao Tome and Principe,STP,GOV_WGI_RL_EST,2025,
Sao Tome and Principe,STP,SE.TER.ENRR,2025,
Sao Tome and Principe,STP,IP.JRN.ARTC.SC,2025,
Saudi Arabia,SAU,GOV_WGI_CC_EST,2025,
Saudi Arabia,SAU,IT.NET.BBND.P2,2025,
Saudi Arabia,SAU,NY.GDP.PCAP.PP.CD,2025,
Saudi Arabia,SAU,TX.VAL.TECH.MF.ZS,2025,
Saudi Arabia,SAU,IT.CEL.SETS.P2,2025,
Saudi Arabia,SAU,GOV_WGI_PV_EST,2025,
Saudi Arabia,SAU,GOV_WGI_RL_EST,2025,
Saudi Arabia,SAU,SE.TER.ENRR,2025,
Saudi Arabia,SAU,IP.JRN.ARTC.SC,2025,
Senegal,SEN,GOV_WGI_CC_EST,2025,
Senegal,SEN,IT.NET.BBND.P2,2025,
Senegal,SEN,NY.GDP.PCAP.PP.CD,2025,
Senegal,SEN,TX.VAL.TECH.MF.ZS,2025,
Senegal,SEN,IT.CEL.SETS.P2,2025,
Senegal,SEN,GOV_WGI_PV_EST,2025,
Senegal,SEN,GOV_WGI_RL_EST,2025,
Senegal,SEN,SE.TER.ENRR,2025,
Senegal,SEN,IP.JRN.ARTC.SC,2025,
Serbia,SRB,GOV_WGI_CC_EST,2025,
Serbia,SRB,IT.NET.BBND.P2,2025,
Serbia,SRB,NY.GDP.PCAP.PP.CD,2025,
Serbia,SRB,TX.VAL.TECH.MF.ZS,2025,
Serbia,SRB,IT.CEL.SETS.P2,2025,
Serbia,SRB,GOV_WGI_PV_EST,2025,
Serbia,SRB,GOV_WGI_RL_EST,2025,
Serbia,SRB,SE.TER.ENRR,2025,
Serbia,SRB,IP.JRN.ARTC.SC,2025,
Seychelles,SYC,GOV_WGI_CC_EST,2025,
Seychelles,SYC,IT.NET.BBND.P2,2025,
Seychelles,SYC,NY.GDP.PCAP.PP.CD,2025,
Seychelles,SYC,TX.VAL.TECH.MF.ZS,2025,
Seychelles,SYC,IT.CEL.SETS.P2,2025,
Seychelles,SYC,GOV_WGI_PV_EST,2025,
Seychelles,SYC,GOV_WGI_RL_EST,2025,
Seychelles,SYC,SE.TER.ENRR,2025,
Seychelles,SYC,IP.JRN.ARTC.SC,2025,
Sierra Leone,SLE,GOV_WGI_CC_EST,2025,
Sierra Leone,SLE,IT.NET.BBND.P2,2025,
Sierra Leone,SLE,NY.GDP.PCAP.PP.CD,2025,
Sierra Leone,SLE,TX.VAL.TECH.MF.ZS,2025,
Sierra Leone,SLE,IT.CEL.SETS.P2,2025,
Sierra Leone,SLE,GOV_WGI_PV_EST,2025,
Sierra Leone,SLE,GOV_WGI_RL_EST,2025,
Sierra Leone,SLE,SE.TER.ENRR,2025,
Sierra Leone,SLE,IP.JRN.ARTC.SC,2025,
Singapore,SGP,GOV_WGI_CC_EST,2025,
Singapore,SGP,IT.NET.BBND.P2,2025,
Singapore,SGP,NY.GDP.PCAP.PP.CD,2025,
Singapore,SGP,TX.VAL.TECH.MF.ZS,2025,
Singapore,SGP,IT.CEL.SETS.P2,2025,
Singapore,SGP,GOV_WGI_PV_EST,2025,
Singapore,SGP,GOV_WGI_RL_EST,2025,
Singapore,SGP,SE.TER.ENRR,2025,
Singapore,SGP,IP.JRN.ARTC.SC,2025,
Sint Maarten (Dutch part),SXM,GOV_WGI_CC_EST,2025,
Sint Maarten (Dutch part),SXM,IT.NET.BBND.P2,2025,
Sint Maarten (Dutch part),SXM,NY.GDP.PCAP.PP.CD,2025,
Sint Maarten (Dutch part),SXM,TX.VAL.TECH.MF.ZS,2025,
Sint Maarten (Dutch part),SXM,IT.CEL.SETS.P2,2025,
Sint Maarten (Dutch part),SXM,GOV_WGI_PV_EST,2025,
Sint Maarten (Dutch part),SXM,GOV_WGI_RL_EST,2025,
Sint Maarten (Dutch part),SXM,SE.TER.ENRR,2025,
Sint Maarten (Dutch part),SXM,IP.JRN.ARTC.SC,2025,
Slovak Republic,SVK,GOV_WGI_CC_EST,2025,
Slovak Republic,SVK,IT.NET.BBND.P2,2025,
Slovak Republic,SVK,NY.GDP.PCAP.PP.CD,2025,
Slovak Republic,SVK,TX.VAL.TECH.MF.ZS,2025,
Slovak Republic,SVK,IT.CEL.SETS.P2,2025,
Slovak Republic,SVK,GOV_WGI_PV_EST,2025,
Slovak Republic,SVK,GOV_WGI_RL_EST,2025,
Slovak Republic,SVK,SE.TER.ENRR,2025,
Slovak Republic,SVK,IP.JRN.ARTC.SC,2025,
Slovenia,SVN,GOV_WGI_CC_EST,2025,
Slovenia,SVN,IT.NET.BBND.P2,2025,
Slovenia,SVN,NY.GDP.PCAP.PP.CD,2025,
Slovenia,SVN,TX.VAL.TECH.MF.ZS,2025,
Slovenia,SVN,IT.CEL.SETS.P2,2025,
Slovenia,SVN,GOV_WGI_PV_EST,2025,
Slovenia,SVN,GOV_WGI_RL_EST,2025,
Slovenia,SVN,SE.TER.ENRR,2025,
Slovenia,SVN,IP.JRN.ARTC.SC,2025,
Solomon Islands,SLB,GOV_WGI_CC_EST,2025,
Solomon Islands,SLB,IT.NET.BBND.P2,2025,
Solomon Islands,SLB,NY.GDP.PCAP.PP.CD,2025,
Solomon Islands,SLB,TX.VAL.TECH.MF.ZS,2025,
Solomon Islands,SLB,IT.CEL.SETS.P2,2025,
Solomon Islands,SLB,GOV_WGI_PV_EST,2025,
Solomon Islands,SLB,GOV_WGI_RL_EST,2025,
Solomon Islands,SLB,SE.TER.ENRR,2025,
Solomon Islands,SLB,IP.JRN.ARTC.SC,2025,
"Somalia, Fed. Rep.",SOM,GOV_WGI_CC_EST,2025,
"Somalia, Fed. Rep.",SOM,IT.NET.BBND.P2,2025,
"Somalia, Fed. Rep.",SOM,NY.GDP.PCAP.PP.CD,2025,
"Somalia, Fed. Rep.",SOM,TX.VAL.TECH.MF.ZS,2025,
"Somalia, Fed. Rep.",SOM,IT.CEL.SETS.P2,2025,
"Somalia, Fed. Rep.",SOM,GOV_WGI_PV_EST,2025,
"Somalia, Fed. Rep.",SOM,GOV_WGI_RL_EST,2025,
"Somalia, Fed. Rep.",SOM,SE.TER.ENRR,2025,
"Somalia, Fed. Rep.",SOM,IP.JRN.ARTC.SC,2025,
South Africa,ZAF,GOV_WGI_CC_EST,2025,
South Africa,ZAF,IT.NET.BBND.P2,2025,
South Africa,ZAF,NY.GDP.PCAP.PP.CD,2025,
South Africa,ZAF,TX.VAL.TECH.MF.ZS,2025,
South Africa,ZAF,IT.CEL.SETS.P2,2025,
South Africa,ZAF,GOV_WGI_PV_EST,2025,
South Africa,ZAF,GOV_WGI_RL_EST,2025,
South Africa,ZAF,SE.TER.ENRR,2025,
South Africa,ZAF,IP.JRN.ARTC.SC,2025,
South Sudan,SSD,GOV_WGI_CC_EST,2025,
South Sudan,SSD,IT.NET.BBND.P2,2025,
South Sudan,SSD,NY.GDP.PCAP.PP.CD,2025,
South Sudan,SSD,TX.VAL.TECH.MF.ZS,2025,
South Sudan,SSD,IT.CEL.SETS.P2,2025,
South Sudan,SSD,GOV_WGI_PV_EST,2025,
South Sudan,SSD,GOV_WGI_RL_EST,2025,
South Sudan,SSD,SE.TER.ENRR,2025,
South Sudan,SSD,IP.JRN.ARTC.SC,2025,
Spain,ESP,GOV_WGI_CC_EST,2025,
Spain,ESP,IT.NET.BBND.P2,2025,
Spain,ESP,NY.GDP.PCAP.PP.CD,2025,
Spain,ESP,TX.VAL.TECH.MF.ZS,2025,
Spain,ESP,IT.CEL.SETS.P2,2025,
Spain,ESP,GOV_WGI_PV_EST,2025,
Spain,ESP,GOV_WGI_RL_EST,2025,
Spain,ESP,SE.TER.ENRR,2025,
Spain,ESP,IP.JRN.ARTC.SC,2025,
Sri Lanka,LKA,GOV_WGI_CC_EST,2025,
Sri Lanka,LKA,IT.NET.BBND.P2,2025,
Sri Lanka,LKA,NY.GDP.PCAP.PP.CD,2025,
Sri Lanka,LKA,TX.VAL.TECH.MF.ZS,2025,
Sri Lanka,LKA,IT.CEL.SETS.P2,2025,
Sri Lanka,LKA,GOV_WGI_PV_EST,2025,
Sri Lanka,LKA,GOV_WGI_RL_EST,2025,
Sri Lanka,LKA,SE.TER.ENRR,2025,
Sri Lanka,LKA,IP.JRN.ARTC.SC,2025,
St. Kitts and Nevis,KNA,GOV_WGI_CC_EST,2025,
St. Kitts and Nevis,KNA,IT.NET.BBND.P2,2025,
St. Kitts and Nevis,KNA,NY.GDP.PCAP.PP.CD,2025,
St. Kitts and Nevis,KNA,TX.VAL.TECH.MF.ZS,2025,
St. Kitts and Nevis,KNA,IT.CEL.SETS.P2,2025,
St. Kitts and Nevis,KNA,GOV_WGI_PV_EST,2025,
St. Kitts and Nevis,KNA,GOV_WGI_RL_EST,2025,
St. Kitts and Nevis,KNA,SE.TER.ENRR,2025,
St. Kitts and Nevis,KNA,IP.JRN.ARTC.SC,2025,
St. Lucia,LCA,GOV_WGI_CC_EST,2025,
St. Lucia,LCA,IT.NET.BBND.P2,2025,
St. Lucia,LCA,NY.GDP.PCAP.PP.CD,2025,
St. Lucia,LCA,TX.VAL.TECH.MF.ZS,2025,
St. Lucia,LCA,IT.CEL.SETS.P2,2025,
St. Lucia,LCA,GOV_WGI_PV_EST,2025,
St. Lucia,LCA,GOV_WGI_RL_EST,2025,
St. Lucia,LCA,SE.TER.ENRR,2025,
St. Lucia,LCA,IP.JRN.ARTC.SC,2025,
St. Martin (French part),MAF,GOV_WGI_CC_EST,2025,
St. Martin (French part),MAF,IT.NET.BBND.P2,2025,
St. Martin (French part),MAF,NY.GDP.PCAP.PP.CD,2025,
St. Martin (French part),MAF,TX.VAL.TECH.MF.ZS,2025,
St. Martin (French part),MAF,IT.CEL.SETS.P2,2025,
St. Martin (French part),MAF,GOV_WGI_PV_EST,2025,
St. Martin (French part),MAF,GOV_WGI_RL_EST,2025,
St. Martin (French part),MAF,SE.TER.ENRR,2025,
St. Martin (French part),MAF,IP.JRN.ARTC.SC,2025,
St. Vincent and the Grenadines,VCT,GOV_WGI_CC_EST,2025,
St. Vincent and the Grenadines,VCT,IT.NET.BBND.P2,2025,
St. Vincent and the Grenadines,VCT,NY.GDP.PCAP.PP.CD,2025,
St. Vincent and the Grenadines,VCT,TX.VAL.TECH.MF.ZS,2025,
St. Vincent and the Grenadines,VCT,IT.CEL.SETS.P2,2025,
St. Vincent and the Grenadines,VCT,GOV_WGI_PV_EST,2025,
St. Vincent and the Grenadines,VCT,GOV_WGI_RL_EST,2025,
St. Vincent and the Grenadines,VCT,SE.TER.ENRR,2025,
St. Vincent and the Grenadines,VCT,IP.JRN.ARTC.SC,2025,
Sudan,SDN,GOV_WGI_CC_EST,2025,
Sudan,SDN,IT.NET.BBND.P2,2025,
Sudan,SDN,NY.GDP.PCAP.PP.CD,2025,
Sudan,SDN,TX.VAL.TECH.MF.ZS,2025,
Sudan,SDN,IT.CEL.SETS.P2,2025,
Sudan,SDN,GOV_WGI_PV_EST,2025,
Sudan,SDN,GOV_WGI_RL_EST,2025,
Sudan,SDN,SE.TER.ENRR,2025,
Sudan,SDN,IP.JRN.ARTC.SC,2025,
Suriname,SUR,GOV_WGI_CC_EST,2025,
Suriname,SUR,IT.NET.BBND.P2,2025,
Suriname,SUR,NY.GDP.PCAP.PP.CD,2025,
Suriname,SUR,TX.VAL.TECH.MF.ZS,2025,
Suriname,SUR,IT.CEL.SETS.P2,2025,
Suriname,SUR,GOV_WGI_PV_EST,2025,
Suriname,SUR,GOV_WGI_RL_EST,2025,
Suriname,SUR,SE.TER.ENRR,2025,
Suriname,SUR,IP.JRN.ARTC.SC,2025,
Sweden,SWE,GOV_WGI_CC_EST,2025,
Sweden,SWE,IT.NET.BBND.P2,2025,
Sweden,SWE,NY.GDP.PCAP.PP.CD,2025,
Sweden,SWE,TX.VAL.TECH.MF.ZS,2025,
Sweden,SWE,IT.CEL.SETS.P2,2025,
Sweden,SWE,GOV_WGI_PV_EST,2025,
Sweden,SWE,GOV_WGI_RL_EST,2025,
Sweden,SWE,SE.TER.ENRR,2025,
Sweden,SWE,IP.JRN.ARTC.SC,2025,
Switzerland,CHE,GOV_WGI_CC_EST,2025,
Switzerland,CHE,IT.NET.BBND.P2,2025,
Switzerland,CHE,NY.GDP.PCAP.PP.CD,2025,
Switzerland,CHE,TX.VAL.TECH.MF.ZS,2025,
Switzerland,CHE,IT.CEL.SETS.P2,2025,
Switzerland,CHE,GOV_WGI_PV_EST,2025,
Switzerland,CHE,GOV_WGI_RL_EST,2025,
Switzerland,CHE,SE.TER.ENRR,2025,
Switzerland,CHE,IP.JRN.ARTC.SC,2025,
Syrian Arab Republic,SYR,GOV_WGI_CC_EST,2025,
Syrian Arab Republic,SYR,IT.NET.BBND.P2,2025,
Syrian Arab Republic,SYR,NY.GDP.PCAP.PP.CD,2025,
Syrian Arab Republic,SYR,TX.VAL.TECH.MF.ZS,2025,
Syrian Arab Republic,SYR,IT.CEL.SETS.P2,2025,
Syrian Arab Republic,SYR,GOV_WGI_PV_EST,2025,
Syrian Arab Republic,SYR,GOV_WGI_RL_EST,2025,
Syrian Arab Republic,SYR,SE.TER.ENRR,2025,
Syrian Arab Republic,SYR,IP.JRN.ARTC.SC,2025,
Tajikistan,TJK,GOV_WGI_CC_EST,2025,
Tajikistan,TJK,IT.NET.BBND.P2,2025,
Tajikistan,TJK,NY.GDP.PCAP.PP.CD,2025,
Tajikistan,TJK,TX.VAL.TECH.MF.ZS,2025,
Tajikistan,TJK,IT.CEL.SETS.P2,2025,
Tajikistan,TJK,GOV_WGI_PV_EST,2025,
Tajikistan,TJK,GOV_WGI_RL_EST,2025,
Tajikistan,TJK,SE.TER.ENRR,2025,
Tajikistan,TJK,IP.JRN.ARTC.SC,2025,
Tanzania,TZA,GOV_WGI_CC_EST,2025,
Tanzania,TZA,IT.NET.BBND.P2,2025,
Tanzania,TZA,NY.GDP.PCAP.PP.CD,2025,
Tanzania,TZA,TX.VAL.TECH.MF.ZS,2025,
Tanzania,TZA,IT.CEL.SETS.P2,2025,
Tanzania,TZA,GOV_WGI_PV_EST,2025,
Tanzania,TZA,GOV_WGI_RL_EST,2025,
Tanzania,TZA,SE.TER.ENRR,2025,
Tanzania,TZA,IP.JRN.ARTC.SC,2025,
Thailand,THA,GOV_WGI_CC_EST,2025,
Thailand,THA,IT.NET.BBND.P2,2025,
Thailand,THA,NY.GDP.PCAP.PP.CD,2025,
Thailand,THA,TX.VAL.TECH.MF.ZS,2025,
Thailand,THA,IT.CEL.SETS.P2,2025,
Thailand,THA,GOV_WGI_PV_EST,2025,
Thailand,THA,GOV_WGI_RL_EST,2025,
Thailand,THA,SE.TER.ENRR,2025,49.0776442074561
Thailand,THA,IP.JRN.ARTC.SC,2025,
Timor-Leste,TLS,GOV_WGI_CC_EST,2025,
Timor-Leste,TLS,IT.NET.BBND.P2,2025,
Timor-Leste,TLS,NY.GDP.PCAP.PP.CD,2025,
Timor-Leste,TLS,TX.VAL.TECH.MF.ZS,2025,
Timor-Leste,TLS,IT.CEL.SETS.P2,2025,
Timor-Leste,TLS,GOV_WGI_PV_EST,2025,
Timor-Leste,TLS,GOV_WGI_RL_EST,2025,
Timor-Leste,TLS,SE.TER.ENRR,2025,
Timor-Leste,TLS,IP.JRN.ARTC.SC,2025,
Togo,TGO,GOV_WGI_CC_EST,2025,
Togo,TGO,IT.NET.BBND.P2,2025,
Togo,TGO,NY.GDP.PCAP.PP.CD,2025,
Togo,TGO,TX.VAL.TECH.MF.ZS,2025,
Togo,TGO,IT.CEL.SETS.P2,2025,
Togo,TGO,GOV_WGI_PV_EST,2025,
Togo,TGO,GOV_WGI_RL_EST,2025,
Togo,TGO,SE.TER.ENRR,2025,
Togo,TGO,IP.JRN.ARTC.SC,2025,
Tonga,TON,GOV_WGI_CC_EST,2025,
Tonga,TON,IT.NET.BBND.P2,2025,
Tonga,TON,NY.GDP.PCAP.PP.CD,2025,
Tonga,TON,TX.VAL.TECH.MF.ZS,2025,
Tonga,TON,IT.CEL.SETS.P2,2025,
Tonga,TON,GOV_WGI_PV_EST,2025,
Tonga,TON,GOV_WGI_RL_EST,2025,
Tonga,TON,SE.TER.ENRR,2025,
Tonga,TON,IP.JRN.ARTC.SC,2025,
Trinidad and Tobago,TTO,GOV_WGI_CC_EST,2025,
Trinidad and Tobago,TTO,IT.NET.BBND.P2,2025,
Trinidad and Tobago,TTO,NY.GDP.PCAP.PP.CD,2025,
Trinidad and Tobago,TTO,TX.VAL.TECH.MF.ZS,2025,
Trinidad and Tobago,TTO,IT.CEL.SETS.P2,2025,
Trinidad and Tobago,TTO,GOV_WGI_PV_EST,2025,
Trinidad and Tobago,TTO,GOV_WGI_RL_EST,2025,
Trinidad and Tobago,TTO,SE.TER.ENRR,2025,
Trinidad and Tobago,TTO,IP.JRN.ARTC.SC,2025,
Tunisia,TUN,GOV_WGI_CC_EST,2025,
Tunisia,TUN,IT.NET.BBND.P2,2025,
Tunisia,TUN,NY.GDP.PCAP.PP.CD,2025,
Tunisia,TUN,TX.VAL.TECH.MF.ZS,2025,
Tunisia,TUN,IT.CEL.SETS.P2,2025,
Tunisia,TUN,GOV_WGI_PV_EST,2025,
Tunisia,TUN,GOV_WGI_RL_EST,2025,
Tunisia,TUN,SE.TER.ENRR,2025,
Tunisia,TUN,IP.JRN.ARTC.SC,2025,
Turkiye,TUR,GOV_WGI_CC_EST,2025,
Turkiye,TUR,IT.NET.BBND.P2,2025,
Turkiye,TUR,NY.GDP.PCAP.PP.CD,2025,
Turkiye,TUR,TX.VAL.TECH.MF.ZS,2025,
Turkiye,TUR,IT.CEL.SETS.P2,2025,
Turkiye,TUR,GOV_WGI_PV_EST,2025,
Turkiye,TUR,GOV_WGI_RL_EST,2025,
Turkiye,TUR,SE.TER.ENRR,2025,
Turkiye,TUR,IP.JRN.ARTC.SC,2025,
Turkmenistan,TKM,GOV_WGI_CC_EST,2025,
Turkmenistan,TKM,IT.NET.BBND.P2,2025,
Turkmenistan,TKM,NY.GDP.PCAP.PP.CD,2025,
Turkmenistan,TKM,TX.VAL.TECH.MF.ZS,2025,
Turkmenistan,TKM,IT.CEL.SETS.P2,2025,
Turkmenistan,TKM,GOV_WGI_PV_EST,2025,
Turkmenistan,TKM,GOV_WGI_RL_EST,2025,
Turkmenistan,TKM,SE.TER.ENRR,2025,
Turkmenistan,TKM,IP.JRN.ARTC.SC,2025,
Turks and Caicos Islands,TCA,GOV_WGI_CC_EST,2025,
Turks and Caicos Islands,TCA,IT.NET.BBND.P2,2025,
Turks and Caicos Islands,TCA,NY.GDP.PCAP.PP.CD,2025,
Turks and Caicos Islands,TCA,TX.VAL.TECH.MF.ZS,2025,
Turks and Caicos Islands,TCA,IT.CEL.SETS.P2,2025,
Turks and Caicos Islands,TCA,GOV_WGI_PV_EST,2025,
Turks and Caicos Islands,TCA,GOV_WGI_RL_EST,2025,
Turks and Caicos Islands,TCA,SE.TER.ENRR,2025,
Turks and Caicos Islands,TCA,IP.JRN.ARTC.SC,2025,
Tuvalu,TUV,GOV_WGI_CC_EST,2025,
Tuvalu,TUV,IT.NET.BBND.P2,2025,
Tuvalu,TUV,NY.GDP.PCAP.PP.CD,2025,
Tuvalu,TUV,TX.VAL.TECH.MF.ZS,2025,
Tuvalu,TUV,IT.CEL.SETS.P2,2025,
Tuvalu,TUV,GOV_WGI_PV_EST,2025,
Tuvalu,TUV,GOV_WGI_RL_EST,2025,
Tuvalu,TUV,SE.TER.ENRR,2025,
Tuvalu,TUV,IP.JRN.ARTC.SC,2025,
Uganda,UGA,GOV_WGI_CC_EST,2025,
Uganda,UGA,IT.NET.BBND.P2,2025,
Uganda,UGA,NY.GDP.PCAP.PP.CD,2025,
Uganda,UGA,TX.VAL.TECH.MF.ZS,2025,
Uganda,UGA,IT.CEL.SETS.P2,2025,
Uganda,UGA,GOV_WGI_PV_EST,2025,
Uganda,UGA,GOV_WGI_RL_EST,2025,
Uganda,UGA,SE.TER.ENRR,2025,
Uganda,UGA,IP.JRN.ARTC.SC,2025,
Ukraine,UKR,GOV_WGI_CC_EST,2025,
Ukraine,UKR,IT.NET.BBND.P2,2025,
Ukraine,UKR,NY.GDP.PCAP.PP.CD,2025,
Ukraine,UKR,TX.VAL.TECH.MF.ZS,2025,
Ukraine,UKR,IT.CEL.SETS.P2,2025,
Ukraine,UKR,GOV_WGI_PV_EST,2025,
Ukraine,UKR,GOV_WGI_RL_EST,2025,
Ukraine,UKR,SE.TER.ENRR,2025,
Ukraine,UKR,IP.JRN.ARTC.SC,2025,
United Arab Emirates,ARE,GOV_WGI_CC_EST,2025,
United Arab Emirates,ARE,IT.NET.BBND.P2,2025,
United Arab Emirates,ARE,NY.GDP.PCAP.PP.CD,2025,
United Arab Emirates,ARE,TX.VAL.TECH.MF.ZS,2025,
United Arab Emirates,ARE,IT.CEL.SETS.P2,2025,
United Arab Emirates,ARE,GOV_WGI_PV_EST,2025,
United Arab Emirates,ARE,GOV_WGI_RL_EST,2025,
United Arab Emirates,ARE,SE.TER.ENRR,2025,
United Arab Emirates,ARE,IP.JRN.ARTC.SC,2025,
United Kingdom,GBR,GOV_WGI_CC_EST,2025,
United Kingdom,GBR,IT.NET.BBND.P2,2025,
United Kingdom,GBR,NY.GDP.PCAP.PP.CD,2025,
United Kingdom,GBR,TX.VAL.TECH.MF.ZS,2025,
United Kingdom,GBR,IT.CEL.SETS.P2,2025,
United Kingdom,GBR,GOV_WGI_PV_EST,2025,
United Kingdom,GBR,GOV_WGI_RL_EST,2025,
United Kingdom,GBR,SE.TER.ENRR,2025,
United Kingdom,GBR,IP.JRN.ARTC.SC,2025,
United States,USA,GOV_WGI_CC_EST,2025,
United States,USA,IT.NET.BBND.P2,2025,
United States,USA,NY.GDP.PCAP.PP.CD,2025,
United States,USA,TX.VAL.TECH.MF.ZS,2025,
United States,USA,IT.CEL.SETS.P2,2025,
United States,USA,GOV_WGI_PV_EST,2025,
United States,USA,GOV_WGI_RL_EST,2025,
United States,USA,SE.TER.ENRR,2025,
United States,USA,IP.JRN.ARTC.SC,2025,
Uruguay,URY,GOV_WGI_CC_EST,2025,
Uruguay,URY,IT.NET.BBND.P2,2025,
Uruguay,URY,NY.GDP.PCAP.PP.CD,2025,
Uruguay,URY,TX.VAL.TECH.MF.ZS,2025,
Uruguay,URY,IT.CEL.SETS.P2,2025,
Uruguay,URY,GOV_WGI_PV_EST,2025,
Uruguay,URY,GOV_WGI_RL_EST,2025,
Uruguay,URY,SE.TER.ENRR,2025,
Uruguay,URY,IP.JRN.ARTC.SC,2025,
Uzbekistan,UZB,GOV_WGI_CC_EST,2025,
Uzbekistan,UZB,IT.NET.BBND.P2,2025,
Uzbekistan,UZB,NY.GDP.PCAP.PP.CD,2025,
Uzbekistan,UZB,TX.VAL.TECH.MF.ZS,2025,
Uzbekistan,UZB,IT.CEL.SETS.P2,2025,
Uzbekistan,UZB,GOV_WGI_PV_EST,2025,
Uzbekistan,UZB,GOV_WGI_RL_EST,2025,
Uzbekistan,UZB,SE.TER.ENRR,2025,59.8086982926392
Uzbekistan,UZB,IP.JRN.ARTC.SC,2025,
Vanuatu,VUT,GOV_WGI_CC_EST,2025,
Vanuatu,VUT,IT.NET.BBND.P2,2025,
Vanuatu,VUT,NY.GDP.PCAP.PP.CD,2025,
Vanuatu,VUT,TX.VAL.TECH.MF.ZS,2025,
Vanuatu,VUT,IT.CEL.SETS.P2,2025,
Vanuatu,VUT,GOV_WGI_PV_EST,2025,
Vanuatu,VUT,GOV_WGI_RL_EST,2025,
Vanuatu,VUT,SE.TER.ENRR,2025,
Vanuatu,VUT,IP.JRN.ARTC.SC,2025,
"Venezuela, RB",VEN,GOV_WGI_CC_EST,2025,
"Venezuela, RB",VEN,IT.NET.BBND.P2,2025,
"Venezuela, RB",VEN,NY.GDP.PCAP.PP.CD,2025,
"Venezuela, RB",VEN,TX.VAL.TECH.MF.ZS,2025,
"Venezuela, RB",VEN,IT.CEL.SETS.P2,2025,
"Venezuela, RB",VEN,GOV_WGI_PV_EST,2025,
"Venezuela, RB",VEN,GOV_WGI_RL_EST,2025,
"Venezuela, RB",VEN,SE.TER.ENRR,2025,
"Venezuela, RB",VEN,IP.JRN.ARTC.SC,2025,
Viet Nam,VNM,GOV_WGI_CC_EST,2025,
Viet Nam,VNM,IT.NET.BBND.P2,2025,
Viet Nam,VNM,NY.GDP.PCAP.PP.CD,2025,
Viet Nam,VNM,TX.VAL.TECH.MF.ZS,2025,
Viet Nam,VNM,IT.CEL.SETS.P2,2025,
Viet Nam,VNM,GOV_WGI_PV_EST,2025,
Viet Nam,VNM,GOV_WGI_RL_EST,2025,
Viet Nam,VNM,SE.TER.ENRR,2025,
Viet Nam,VNM,IP.JRN.ARTC.SC,2025,
Virgin Islands (U.S.),VIR,GOV_WGI_CC_EST,2025,
Virgin Islands (U.S.),VIR,IT.NET.BBND.P2,2025,
Virgin Islands (U.S.),VIR,NY.GDP.PCAP.PP.CD,2025,
Virgin Islands (U.S.),VIR,TX.VAL.TECH.MF.ZS,2025,
Virgin Islands (U.S.),VIR,IT.CEL.SETS.P2,2025,
Virgin Islands (U.S.),VIR,GOV_WGI_PV_EST,2025,
Virgin Islands (U.S.),VIR,GOV_WGI_RL_EST,2025,
Virgin Islands (U.S.),VIR,SE.TER.ENRR,2025,
Virgin Islands (U.S.),VIR,IP.JRN.ARTC.SC,2025,
West Bank and Gaza,PSE,GOV_WGI_CC_EST,2025,
West Bank and Gaza,PSE,IT.NET.BBND.P2,2025,
West Bank and Gaza,PSE,NY.GDP.PCAP.PP.CD,2025,
West Bank and Gaza,PSE,TX.VAL.TECH.MF.ZS,2025,
West Bank and Gaza,PSE,IT.CEL.SETS.P2,2025,
West Bank and Gaza,PSE,GOV_WGI_PV_EST,2025,
West Bank and Gaza,PSE,GOV_WGI_RL_EST,2025,
West Bank and Gaza,PSE,SE.TER.ENRR,2025,
West Bank and Gaza,PSE,IP.JRN.ARTC.SC,2025,
"Yemen, Rep.",YEM,GOV_WGI_CC_EST,2025,
"Yemen, Rep.",YEM,IT.NET.BBND.P2,2025,
"Yemen, Rep.",YEM,NY.GDP.PCAP.PP.CD,2025,
"Yemen, Rep.",YEM,TX.VAL.TECH.MF.ZS,2025,
"Yemen, Rep.",YEM,IT.CEL.SETS.P2,2025,
"Yemen, Rep.",YEM,GOV_WGI_PV_EST,2025,
"Yemen, Rep.",YEM,GOV_WGI_RL_EST,2025,
"Yemen, Rep.",YEM,SE.TER.ENRR,2025,
"Yemen, Rep.",YEM,IP.JRN.ARTC.SC,2025,
Zambia,ZMB,GOV_WGI_CC_EST,2025,
Zambia,ZMB,IT.NET.BBND.P2,2025,
Zambia,ZMB,NY.GDP.PCAP.PP.CD,2025,
Zambia,ZMB,TX.VAL.TECH.MF.ZS,2025,
Zambia,ZMB,IT.CEL.SETS.P2,2025,
Zambia,ZMB,GOV_WGI_PV_EST,2025,
Zambia,ZMB,GOV_WGI_RL_EST,2025,
Zambia,ZMB,SE.TER.ENRR,2025,
Zambia,ZMB,IP.JRN.ARTC.SC,2025,
Zimbabwe,ZWE,GOV_WGI_CC_EST,2025,
Zimbabwe,ZWE,IT.NET.BBND.P2,2025,
Zimbabwe,ZWE,NY.GDP.PCAP.PP.CD,2025,
Zimbabwe,ZWE,TX.VAL.TECH.MF.ZS,2025,
Zimbabwe,ZWE,IT.CEL.SETS.P2,2025,
Zimbabwe,ZWE,GOV_WGI_PV_EST,2025,
Zimbabwe,ZWE,GOV_WGI_RL_EST,2025,
Zimbabwe,ZWE,SE.TER.ENRR,2025,
Zimbabwe,ZWE,IP.JRN.ARTC.SC,2025,
