Country Name,Country Code,Indicator Code,2020,2021,2022,2023,2024,2025
Africa Eastern and Southern,AFE,GOV_WGI_CC_EST,,,,,,
Africa Eastern and Southern,AFE,IT.NET.BBND.P2,0.51,0.62,0.67,0.78,1.03,1.41
Africa Eastern and Southern,AFE,NY.GDP.PCAP.PP.CD,3708.094649299458,4028.376503877449,4369.191056323652,4501.6011005615965,4635.788224045502,
Africa Eastern and Southern,AFE,TX.VAL.TECH.MF.ZS,6.066723336086352,5.176599711409573,6.316269083072085,5.704850895550191,5.800044158402507,
Africa Eastern and Southern,AFE,IT.CEL.SETS.P2,69.9,74.7,77.7,82.3,87.3,93.1
Africa Eastern and Southern,AFE,GOV_WGI_PV_EST,,,,,,
Africa Eastern and Southern,AFE,GOV_WGI_RL_EST,,,,,,
Africa Eastern and Southern,AFE,SE.TER.ENRR,8.71187019348145,8.66186046600342,,,,
Africa Eastern and Southern,AFE,IP.JRN.ARTC.SC,26268.790000000005,29049.200000000004,31334.300000000007,30626.16000000001,,
Africa Western and Central,AFW,GOV_WGI_CC_EST,,,,,,
Africa Western and Central,AFW,IT.NET.BBND.P2,0.37,0.36,0.41,0.48,0.57,0.69
Africa Western and Central,AFW,NY.GDP.PCAP.PP.CD,5414.0425403267445,5690.9677432430735,6220.122874620257,6520.280312540583,6815.990961151171,
Africa Western and Central,AFW,TX.VAL.TECH.MF.ZS,,3.611356752591076,3.65745855168626,2.9436386273692685,,
Africa Western and Central,AFW,IT.CEL.SETS.P2,96.7,95.2,102.1,101.4,91.8,86.5
Africa Western and Central,AFW,GOV_WGI_PV_EST,,,,,,
Africa Western and Central,AFW,GOV_WGI_RL_EST,,,,,,
Africa Western and Central,AFW,SE.TER.ENRR,9.93537998199463,10.1902599334717,,,,
Africa Western and Central,AFW,IP.JRN.ARTC.SC,13702.909999999998,15597.61,16792.050000000003,17396.360000000004,,
Arab World,ARB,GOV_WGI_CC_EST,,,,,,
Arab World,ARB,IT.NET.BBND.P2,8.647225189778814,9.72405002319894,11.996310229959713,,,
Arab World,ARB,NY.GDP.PCAP.PP.CD,14309.392806944275,16026.63570383217,17956.1315624334,18488.741561100607,18870.314811050728,
Arab World,ARB,TX.VAL.TECH.MF.ZS,4.287632955767769,4.553975727432646,4.512265735597975,4.990387933695059,,
Arab World,ARB,IT.CEL.SETS.P2,96.2300336647374,99.23395057813428,102.92556854442078,,,
Arab World,ARB,GOV_WGI_PV_EST,,,,,,
Arab World,ARB,GOV_WGI_RL_EST,,,,,,
Arab World,ARB,SE.TER.ENRR,32.7869911193848,32.6684608459473,32.7095909118652,33.2456398010254,35.0803985595703,
Arab World,ARB,IP.JRN.ARTC.SC,74160.08,87392.18000000001,100156.77999999996,110915.52999999996,,
Caribbean small states,CSS,GOV_WGI_CC_EST,,,,,,
Caribbean small states,CSS,IT.NET.BBND.P2,18.49156392415093,18.38447572616066,,,,
Caribbean small states,CSS,NY.GDP.PCAP.PP.CD,20161.685964893037,23493.30543754314,28974.99654954572,32868.20899673488,38624.06054416978,
Caribbean small states,CSS,TX.VAL.TECH.MF.ZS,2.1375767471772256,0.208705084041073,3.5543466251771555e-05,0.0107137915815651,4.361348955664112e-05,
Caribbean small states,CSS,IT.CEL.SETS.P2,111.60072938814282,109.1290450441232,,,,
Caribbean small states,CSS,GOV_WGI_PV_EST,,,,,,
Caribbean small states,CSS,GOV_WGI_RL_EST,,,,,,
Caribbean small states,CSS,SE.TER.ENRR,,,,,,
Caribbean small states,CSS,IP.JRN.ARTC.SC,518.62,548.77,541.15,511.65,,
Central Europe and the Baltics,CEB,GOV_WGI_CC_EST,,,,,,
Central Europe and the Baltics,CEB,IT.NET.BBND.P2,27.619972681175195,28.96592866943936,29.58079483786364,,,
Central Europe and the Baltics,CEB,NY.GDP.PCAP.PP.CD,36454.22563901309,40122.47086407219,45290.56666149338,47989.03365803395,50487.33048191178,
Central Europe and the Baltics,CEB,TX.VAL.TECH.MF.ZS,13.734320396261904,12.726818178590287,14.028032202434996,14.272378717247802,15.890106505960867,
Central Europe and the Baltics,CEB,IT.CEL.SETS.P2,121.6174267538176,124.39620039921326,124.68336000764847,,,
Central Europe and the Baltics,CEB,GOV_WGI_PV_EST,,,,,,
Central Europe and the Baltics,CEB,GOV_WGI_RL_EST,,,,,,
Central Europe and the Baltics,CEB,SE.TER.ENRR,65.5949325561523,67.2225112915039,69.6117095947266,68.5388870239258,68.5388870239258,
Central Europe and the Baltics,CEB,IP.JRN.ARTC.SC,89956.75,93848.16,89446.31,89165.66999999997,,
Early-demographic dividend,EAR,GOV_WGI_CC_EST,,,,,,
Early-demographic dividend,EAR,IT.NET.BBND.P2,4.845276959695108,5.479105060731877,5.98967585553685,,,
Early-demographic dividend,EAR,NY.GDP.PCAP.PP.CD,9683.17629056452,10813.116418746182,12274.96786500211,13251.64058756845,13995.40555769518,
Early-demographic dividend,EAR,TX.VAL.TECH.MF.ZS,12.769134799455651,11.027185300240708,11.52196731062169,12.641095540915131,14.13946897877707,
Early-demographic dividend,EAR,IT.CEL.SETS.P2,95.66210862861024,97.83291552954424,96.36539953834144,,,
Early-demographic dividend,EAR,GOV_WGI_PV_EST,,,,,,
Early-demographic dividend,EAR,GOV_WGI_RL_EST,,,,,,
Early-demographic dividend,EAR,SE.TER.ENRR,32.2398986816406,33.4120712280273,34.193359375,35.5325889587402,36.2870903015137,
Early-demographic dividend,EAR,IP.JRN.ARTC.SC,410286.02,469777.94999999984,513184.8,555455.6999999998,,
East Asia & Pacific,EAS,GOV_WGI_CC_EST,,,,,,
East Asia & Pacific,EAS,IT.NET.BBND.P2,26.14,28.69,31.12,33.13,34.75,36.46
East Asia & Pacific,EAS,NY.GDP.PCAP.PP.CD,19381.218397803856,21508.495762988216,23692.01097359478,25623.48769256819,27285.21123499933,
East Asia & Pacific,EAS,TX.VAL.TECH.MF.ZS,35.88562329803228,35.274991096928886,35.049031875235755,33.71957334881471,34.655006729086935,
East Asia & Pacific,EAS,IT.CEL.SETS.P2,126.1,127.6,128.7,130.9,132.9,135.1
East Asia & Pacific,EAS,GOV_WGI_PV_EST,,,,,,
East Asia & Pacific,EAS,GOV_WGI_RL_EST,,,,,,
East Asia & Pacific,EAS,SE.TER.ENRR,52.6518783569336,56.0834693908691,59.3321418762207,61.8918609619141,63.3318481445312,
East Asia & Pacific,EAS,IP.JRN.ARTC.SC,1015367.071357644,1124976.3938955097,1256163.9718434832,1304926.563111821,,
East Asia & Pacific (excluding high income),EAP,GOV_WGI_CC_EST,,,,,,
East Asia & Pacific (excluding high income),EAP,IT.NET.BBND.P2,25.05,27.78,30.38,32.48,34.15,35.91
East Asia & Pacific (excluding high income),EAP,NY.GDP.PCAP.PP.CD,16013.657533154452,17966.23221158597,19926.10473430084,21666.586245648028,23248.02517943682,
East Asia & Pacific (excluding high income),EAP,TX.VAL.TECH.MF.ZS,32.59172231433772,31.17148279093872,30.103619764428743,29.386725870435043,27.96734101899565,
East Asia & Pacific (excluding high income),EAP,IT.CEL.SETS.P2,123.8,124.9,125.5,126.9,128.2,129.8
East Asia & Pacific (excluding high income),EAP,GOV_WGI_PV_EST,,,,,,
East Asia & Pacific (excluding high income),EAP,GOV_WGI_RL_EST,,,,,,
East Asia & Pacific (excluding high income),EAP,SE.TER.ENRR,50.3684883117676,53.9938011169434,57.4992599487305,60.2147789001465,61.7415199279785,
East Asia & Pacific (excluding high income),EAP,IP.JRN.ARTC.SC,736981.6900000001,832191.5600000002,968538.5599999998,1028869.74,,
East Asia & Pacific (IDA & IBRD countries),TEA,GOV_WGI_CC_EST,,,,,,
East Asia & Pacific (IDA & IBRD countries),TEA,IT.NET.BBND.P2,25.36,28.12,30.76,32.88,34.57,36.36
East Asia & Pacific (IDA & IBRD countries),TEA,NY.GDP.PCAP.PP.CD,16192.999775983544,18167.529889649828,20149.68832889084,21910.110755406666,23509.724165115396,
East Asia & Pacific (IDA & IBRD countries),TEA,TX.VAL.TECH.MF.ZS,32.59172231433772,31.17148279093873,30.103619764428743,29.38672587043506,27.96734101899565,
East Asia & Pacific (IDA & IBRD countries),TEA,IT.CEL.SETS.P2,125.0,126.2,126.8,128.1,129.5,131.0
East Asia & Pacific (IDA & IBRD countries),TEA,GOV_WGI_PV_EST,,,,,,
East Asia & Pacific (IDA & IBRD countries),TEA,GOV_WGI_RL_EST,,,,,,
East Asia & Pacific (IDA & IBRD countries),TEA,SE.TER.ENRR,50.6974411010742,54.3689193725586,57.9160804748535,60.657829284668,62.1942710876465,
East Asia & Pacific (IDA & IBRD countries),TEA,IP.JRN.ARTC.SC,736812.4682122016,831959.3380751102,968298.3898305796,1028606.6389886036,,
Euro area,EMU,GOV_WGI_CC_EST,,,,,,
Euro area,EMU,IT.NET.BBND.P2,38.913462969870274,39.90717378857504,40.88906306724944,,,
Euro area,EMU,NY.GDP.PCAP.PP.CD,49691.29426691517,54187.88528141815,60990.03646103881,64036.32439615566,66097.02072201764,
Euro area,EMU,TX.VAL.TECH.MF.ZS,16.3735922304896,16.896029087922678,19.77934991455519,19.872728898279615,21.292741783922303,
Euro area,EMU,IT.CEL.SETS.P2,121.4255451573108,123.00570774828442,123.50492257475425,,,
Euro area,EMU,GOV_WGI_PV_EST,,,,,,
Euro area,EMU,GOV_WGI_RL_EST,,,,,,
Euro area,EMU,SE.TER.ENRR,76.9254837036133,79.9525680541992,81.6640472412109,81.8938369750977,81.8938369750977,
Euro area,EMU,IP.JRN.ARTC.SC,452295.0100000001,482257.8300000002,467379.16000000015,457629.39000000025,,
Europe & Central Asia,ECS,GOV_WGI_CC_EST,,,,,,
Europe & Central Asia,ECS,IT.NET.BBND.P2,29.8,30.85,31.57,32.56,33.47,34.45
Europe & Central Asia,ECS,NY.GDP.PCAP.PP.CD,38031.37039329633,42315.38608749031,47640.048746179295,50252.44901266789,52463.14658038396,
Europe & Central Asia,ECS,TX.VAL.TECH.MF.ZS,15.882323639899868,16.118506799846877,19.95290115140838,20.19970800189309,21.440139588342053,
Europe & Central Asia,ECS,IT.CEL.SETS.P2,123.3,126.0,126.6,130.2,132.4,134.6
Europe & Central Asia,ECS,GOV_WGI_PV_EST,,,,,,
Europe & Central Asia,ECS,GOV_WGI_RL_EST,,,,,,
Europe & Central Asia,ECS,SE.TER.ENRR,75.6536102294922,79.1505813598633,81.0477066040039,81.5205917358398,84.8905563354492,
Europe & Central Asia,ECS,IP.JRN.ARTC.SC,854358.90601027,905458.3363285888,873857.9663259286,865613.318582845,,
Europe & Central Asia (excluding high income),ECA,GOV_WGI_CC_EST,,,,,,
Europe & Central Asia (excluding high income),ECA,IT.NET.BBND.P2,17.68,19.15,20.13,21.79,23.11,24.53
Europe & Central Asia (excluding high income),ECA,NY.GDP.PCAP.PP.CD,19787.107499889906,22121.825833236337,25117.992761183523,27541.82468332927,29333.2558966594,
Europe & Central Asia (excluding high income),ECA,TX.VAL.TECH.MF.ZS,7.64839896827252,6.385866673759737,8.302825460399374,9.236498205144388,10.674293868197656,
Europe & Central Asia (excluding high income),ECA,IT.CEL.SETS.P2,106.3,109.9,110.0,113.2,115.4,117.3
Europe & Central Asia (excluding high income),ECA,GOV_WGI_PV_EST,,,,,,
Europe & Central Asia (excluding high income),ECA,GOV_WGI_RL_EST,,,,,,
Europe & Central Asia (excluding high income),ECA,SE.TER.ENRR,74.5084381103516,77.9448471069336,79.0034332275391,79.1041488647461,85.1110763549805,
Europe & Central Asia (excluding high income),ECA,IP.JRN.ARTC.SC,70937.45000000001,79304.32000000002,81860.82999999999,87222.39,,
Europe & Central Asia (IDA & IBRD countries),TEC,GOV_WGI_CC_EST,,,,,,
Europe & Central Asia (IDA & IBRD countries),TEC,IT.NET.BBND.P2,20.51,21.68,22.66,24.09,25.36,26.72
Europe & Central Asia (IDA & IBRD countries),TEC,NY.GDP.PCAP.PP.CD,25836.40426070447,29887.28365382632,33015.057672503615,35796.11556048479,38139.12157303463,
Europe & Central Asia (IDA & IBRD countries),TEC,TX.VAL.TECH.MF.ZS,9.118861552187536,8.687713504159419,,10.769209350803331,12.078401045918376,
Europe & Central Asia (IDA & IBRD countries),TEC,IT.CEL.SETS.P2,126.7,130.9,131.1,136.8,139.6,142.4
Europe & Central Asia (IDA & IBRD countries),TEC,GOV_WGI_PV_EST,,,,,,
Europe & Central Asia (IDA & IBRD countries),TEC,GOV_WGI_RL_EST,,,,,,
Europe & Central Asia (IDA & IBRD countries),TEC,SE.TER.ENRR,76.050666809082,79.2664413452148,81.2411270141602,82.1417770385742,88.6189193725586,
Europe & Central Asia (IDA & IBRD countries),TEC,IP.JRN.ARTC.SC,212825.4,225739.2499999999,217537.26,225213.78,,
European Union,EUU,GOV_WGI_CC_EST,,,,,,
European Union,EUU,IT.NET.BBND.P2,36.80537372697726,37.861399431188325,38.68026572545088,,,
European Union,EUU,NY.GDP.PCAP.PP.CD,47566.48779831536,51969.9654059153,58483.70607133439,61368.10972301992,63585.40519816953,
European Union,EUU,TX.VAL.TECH.MF.ZS,16.06409898571272,16.376262361722546,19.122686878381803,19.231986411860262,20.6188532892774,
European Union,EUU,IT.CEL.SETS.P2,121.47637172011454,123.265317671991,123.68709966630416,,,
European Union,EUU,GOV_WGI_PV_EST,,,,,,
European Union,EUU,GOV_WGI_RL_EST,,,,,,
European Union,EUU,SE.TER.ENRR,75.0071029663086,77.8575668334961,79.6330184936523,79.4997329711914,79.4997329711914,
European Union,EUU,IP.JRN.ARTC.SC,554457.07,588273.9800000001,568738.7100000001,558077.3500000001,,
Fragile and conflict affected situations,FCS,GOV_WGI_CC_EST,,,,,,
Fragile and conflict affected situations,FCS,IT.NET.BBND.P2,,,,,,
Fragile and conflict affected situations,FCS,NY.GDP.PCAP.PP.CD,,,,,,
Fragile and conflict affected situations,FCS,TX.VAL.TECH.MF.ZS,,,,,,
Fragile and conflict affected situations,FCS,IT.CEL.SETS.P2,,,,,,
Fragile and conflict affected situations,FCS,GOV_WGI_PV_EST,,,,,,
Fragile and conflict affected situations,FCS,GOV_WGI_RL_EST,,,,,,
Fragile and conflict affected situations,FCS,SE.TER.ENRR,,,,,,
Fragile and conflict affected situations,FCS,IP.JRN.ARTC.SC,,,,,,
Heavily indebted poor countries (HIPC),HPC,GOV_WGI_CC_EST,,,,,,
Heavily indebted poor countries (HIPC),HPC,IT.NET.BBND.P2,0.6278075329486558,0.6715542809833007,0.6848334558074849,,,
Heavily indebted poor countries (HIPC),HPC,NY.GDP.PCAP.PP.CD,2816.029474219592,3035.0607700499318,3310.581125799772,3449.708579280772,3611.76258813976,
Heavily indebted poor countries (HIPC),HPC,TX.VAL.TECH.MF.ZS,3.276045743746442,2.991750708083749,2.822257304765387,2.872558642728726,,
Heavily indebted poor countries (HIPC),HPC,IT.CEL.SETS.P2,70.93169033941808,74.48475683972988,76.71402219469633,,,
Heavily indebted poor countries (HIPC),HPC,GOV_WGI_PV_EST,,,,,,
Heavily indebted poor countries (HIPC),HPC,GOV_WGI_RL_EST,,,,,,
Heavily indebted poor countries (HIPC),HPC,SE.TER.ENRR,8.93181037902832,9.09300994873047,,,,
Heavily indebted poor countries (HIPC),HPC,IP.JRN.ARTC.SC,13666.909999999996,16868.079999999998,19437.929999999997,20192.86,,
High income,HIC,GOV_WGI_CC_EST,,,,,,
High income,HIC,IT.NET.BBND.P2,34.17,35.39,36.18,36.95,37.79,38.71
High income,HIC,NY.GDP.PCAP.PP.CD,49883.04373658682,55480.52749609616,61423.03506146975,64488.49606242595,67043.78630521707,
High income,HIC,TX.VAL.TECH.MF.ZS,20.893656291942783,21.106227973749952,23.26101647165597,23.414149703467405,25.83550105061942,
High income,HIC,IT.CEL.SETS.P2,125.9,128.7,131.3,135.8,138.5,141.6
High income,HIC,GOV_WGI_PV_EST,,,,,,
High income,HIC,GOV_WGI_RL_EST,,,,,,
High income,HIC,SE.TER.ENRR,78.8942108154297,80.3660430908203,80.0000076293945,81.3826599121094,82.0356521606445,
High income,HIC,IP.JRN.ARTC.SC,1638250.3287158846,1724939.6825055997,1661944.886332167,1619009.1690773324,,
IBRD only,IBD,GOV_WGI_CC_EST,,,,,,
IBRD only,IBD,IT.NET.BBND.P2,15.87,17.46,18.89,20.1,21.16,22.32
IBRD only,IBD,NY.GDP.PCAP.PP.CD,14582.307350482131,16457.402874682706,18299.618326549986,19833.304920123108,21125.529596274915,
IBRD only,IBD,TX.VAL.TECH.MF.ZS,22.96913859796202,21.446655616163195,21.77215072424559,21.60341218142963,21.54217133322329,
IBRD only,IBD,IT.CEL.SETS.P2,109.6,111.6,112.2,113.9,114.9,115.9
IBRD only,IBD,GOV_WGI_PV_EST,,,,,,
IBRD only,IBD,GOV_WGI_RL_EST,,,,,,
IBRD only,IBD,SE.TER.ENRR,45.7753410339355,48.078239440918,50.1821708679199,52.1241912841797,52.829891204834,
IBRD only,IBD,IP.JRN.ARTC.SC,1335208.3374025575,1485536.7495651806,1641998.3858959188,1733052.0428033443,,
IDA & IBRD total,IBT,GOV_WGI_CC_EST,,,,,,
IDA & IBRD total,IBT,IT.NET.BBND.P2,12.06,13.23,14.29,15.18,15.94,16.76
IDA & IBRD total,IBT,NY.GDP.PCAP.PP.CD,11867.404704423348,13279.410292071314,14703.10179251818,15834.678572765508,16789.13686289206,
IDA & IBRD total,IBT,TX.VAL.TECH.MF.ZS,22.327103664651563,20.809708969908296,21.083021114959383,20.915572386536248,21.00038390449185,
IDA & IBRD total,IBT,IT.CEL.SETS.P2,102.5,104.2,105.2,106.7,107.0,107.8
IDA & IBRD total,IBT,GOV_WGI_PV_EST,,,,,,
IDA & IBRD total,IBT,GOV_WGI_RL_EST,,,,,,
IDA & IBRD total,IBT,SE.TER.ENRR,34.881721496582,36.371711730957,37.5708808898926,38.8012886047363,39.3488082885742,
IDA & IBRD total,IBT,IP.JRN.ARTC.SC,1388069.849737142,1550106.4059354544,1710827.8912718715,1806042.278648543,,
IDA blend,IDB,GOV_WGI_CC_EST,,,,,,
IDA blend,IDB,IT.NET.BBND.P2,1.6,2.0,2.25,2.62,3.0,3.44
IDA blend,IDB,NY.GDP.PCAP.PP.CD,6011.884819036505,6358.441348487044,6994.242772934201,7301.412874067281,7631.62285195617,
IDA blend,IDB,TX.VAL.TECH.MF.ZS,3.022348593817882,2.210012844105449,2.2387105086428383,2.63129210988352,2.938277491718585,
IDA blend,IDB,IT.CEL.SETS.P2,90.4,90.9,95.5,95.3,88.2,84.2
IDA blend,IDB,GOV_WGI_PV_EST,,,,,,
IDA blend,IDB,GOV_WGI_RL_EST,,,,,,
IDA blend,IDB,SE.TER.ENRR,11.1854295730591,11.750789642334,10.9789304733276,11.2455501556397,12.5017795562744,
IDA blend,IDB,IP.JRN.ARTC.SC,30497.650000000005,35836.95,37676.9,40029.28000000001,,
IDA only,IDX,GOV_WGI_CC_EST,,,,,,
IDA only,IDX,IT.NET.BBND.P2,1.61,1.77,2.0,2.2,2.25,2.35
IDA only,IDX,NY.GDP.PCAP.PP.CD,3648.2606862625225,3909.4907910925976,4276.646540274498,4484.057304915204,4697.561422031043,
IDA only,IDX,TX.VAL.TECH.MF.ZS,,2.712562367151768,3.040902797014217,4.0252422638169785,,
IDA only,IDX,IT.CEL.SETS.P2,78.6,80.9,81.8,84.1,86.0,88.6
IDA only,IDX,GOV_WGI_PV_EST,,,,,,
IDA only,IDX,GOV_WGI_RL_EST,,,,,,
IDA only,IDX,SE.TER.ENRR,12.1009197235107,12.3128900527954,12.5317802429199,12.8625402450562,12.8071804046631,
IDA only,IDX,IP.JRN.ARTC.SC,22363.860000000004,28732.700000000008,31152.6,32960.95000000001,,
IDA total,IDA,GOV_WGI_CC_EST,,,,,,
IDA total,IDA,IT.NET.BBND.P2,1.61,1.86,2.09,2.35,2.51,2.73
IDA total,IDA,NY.GDP.PCAP.PP.CD,4471.410300391078,4760.442118664902,5219.703455393812,5459.151497075354,5710.14462861054,
IDA total,IDA,TX.VAL.TECH.MF.ZS,2.82012254961391,2.538245220089491,2.7401925498344726,3.524759456093782,,
IDA total,IDA,IT.CEL.SETS.P2,82.8,84.4,86.6,88.0,86.7,87.1
IDA total,IDA,GOV_WGI_PV_EST,,,,,,
IDA total,IDA,GOV_WGI_RL_EST,,,,,,
IDA total,IDA,SE.TER.ENRR,11.8063497543335,12.1378402709961,12.0069704055786,12.314169883728,12.7190599441528,
IDA total,IDA,IP.JRN.ARTC.SC,52861.51,64569.65,68829.49999999997,72990.22999999998,,
Late-demographic dividend,LTE,GOV_WGI_CC_EST,,,,,,
Late-demographic dividend,LTE,IT.NET.BBND.P2,27.72273646115254,30.54668062976462,34.57932150694096,,,
Late-demographic dividend,LTE,NY.GDP.PCAP.PP.CD,19505.7188725301,22189.594931676293,24509.73541963901,26461.845974942986,28317.791253974367,
Late-demographic dividend,LTE,TX.VAL.TECH.MF.ZS,24.702724510245883,23.968672482230232,25.62389210418281,25.618557637368053,27.77442164440572,
Late-demographic dividend,LTE,IT.CEL.SETS.P2,123.57214496093628,125.81213449334795,126.74582807443632,,,
Late-demographic dividend,LTE,GOV_WGI_PV_EST,,,,,,
Late-demographic dividend,LTE,GOV_WGI_RL_EST,,,,,,
Late-demographic dividend,LTE,SE.TER.ENRR,57.8864784240723,61.8659400939941,65.5056533813477,68.1330413818359,69.3638916015625,
Late-demographic dividend,LTE,IP.JRN.ARTC.SC,986236.39890323,1091063.3013561734,1208186.7541243548,1257986.9955802711,,
Latin America & Caribbean,LCN,GOV_WGI_CC_EST,,,,,,
Latin America & Caribbean,LCN,IT.NET.BBND.P2,15.03,16.59,17.57,18.32,19.39,20.54
Latin America & Caribbean,LCN,NY.GDP.PCAP.PP.CD,16660.462220206577,18694.14077480248,20842.030714929253,22091.99097422575,23104.551980607797,
Latin America & Caribbean,LCN,TX.VAL.TECH.MF.ZS,14.758720446279092,12.576862668398396,12.744693638487009,12.447676963365025,13.110093738094996,
Latin America & Caribbean,LCN,IT.CEL.SETS.P2,102.8,108.7,109.9,112.6,114.6,116.8
Latin America & Caribbean,LCN,GOV_WGI_PV_EST,,,,,,
Latin America & Caribbean,LCN,GOV_WGI_RL_EST,,,,,,
Latin America & Caribbean,LCN,SE.TER.ENRR,54.8686599731445,56.7638816833496,58.2350807189941,60.6225090026855,58.9027099609375,
Latin America & Caribbean,LCN,IP.JRN.ARTC.SC,125121.71137524648,131961.663712025,123599.30307871428,118409.0259301413,,
Latin America & Caribbean (excluding high income),LAC,GOV_WGI_CC_EST,,,,,,
Latin America & Caribbean (excluding high income),LAC,IT.NET.BBND.P2,14.97,16.58,17.6,18.35,19.4,20.54
Latin America & Caribbean (excluding high income),LAC,NY.GDP.PCAP.PP.CD,15959.78619538633,17874.274939402905,19941.487291652586,21091.60974487687,21961.190021174185,
Latin America & Caribbean (excluding high income),LAC,TX.VAL.TECH.MF.ZS,14.874048019404324,12.91806054637754,13.456136327777402,12.698694730816664,13.632644744737872,
Latin America & Caribbean (excluding high income),LAC,IT.CEL.SETS.P2,103.2,109.3,110.4,113.0,115.3,117.7
Latin America & Caribbean (excluding high income),LAC,GOV_WGI_PV_EST,,,,,,
Latin America & Caribbean (excluding high income),LAC,GOV_WGI_RL_EST,,,,,,
Latin America & Caribbean (excluding high income),LAC,SE.TER.ENRR,52.8043212890625,54.614860534668,56.1285705566406,58.5862693786621,56.6634292602539,
Latin America & Caribbean (excluding high income),LAC,IP.JRN.ARTC.SC,113719.01999999996,119313.07,111882.42000000004,106703.72000000002,,
Latin America & the Caribbean (IDA & IBRD countries),TLA,GOV_WGI_CC_EST,,,,,,
Latin America & the Caribbean (IDA & IBRD countries),TLA,IT.NET.BBND.P2,15.22,16.8,17.79,18.55,19.61,20.76
Latin America & the Caribbean (IDA & IBRD countries),TLA,NY.GDP.PCAP.PP.CD,16581.577334938363,18606.93468266234,20740.59170028772,21983.75168966029,22984.6879888508,
Latin America & the Caribbean (IDA & IBRD countries),TLA,TX.VAL.TECH.MF.ZS,14.661099761260656,12.618773640435212,12.795832939666592,12.502955389242391,13.156797351286956,
Latin America & the Caribbean (IDA & IBRD countries),TLA,IT.CEL.SETS.P2,103.6,109.5,110.6,113.2,115.3,117.5
Latin America & the Caribbean (IDA & IBRD countries),TLA,GOV_WGI_PV_EST,,,,,,
Latin America & the Caribbean (IDA & IBRD countries),TLA,GOV_WGI_RL_EST,,,,,,
Latin America & the Caribbean (IDA & IBRD countries),TLA,SE.TER.ENRR,54.8506698608398,56.7357902526855,58.2713890075684,60.7355194091797,59.0615386962891,
Latin America & the Caribbean (IDA & IBRD countries),TLA,IP.JRN.ARTC.SC,123010.90999999996,129660.09999999996,121499.00999999998,116464.03999999998,,
Least developed countries: UN classification,LDC,GOV_WGI_CC_EST,,,,,,
Least developed countries: UN classification,LDC,IT.NET.BBND.P2,1.31,1.43,1.67,1.9,1.95,2.04
Least developed countries: UN classification,LDC,NY.GDP.PCAP.PP.CD,3495.210939859104,3724.9526229292696,4096.338282812355,4286.72070784438,4463.995642252434,
Least developed countries: UN classification,LDC,TX.VAL.TECH.MF.ZS,5.823772810930142,5.4900551805065945,7.538108707536384,7.933617806335894,,
Least developed countries: UN classification,LDC,IT.CEL.SETS.P2,75.0,77.4,78.7,82.2,83.9,86.3
Least developed countries: UN classification,LDC,GOV_WGI_PV_EST,,,,,,
Least developed countries: UN classification,LDC,GOV_WGI_RL_EST,,,,,,
Least developed countries: UN classification,LDC,SE.TER.ENRR,10.5179395675659,10.6617698669434,10.8424100875854,11.1316499710083,11.0492496490478,
Least developed countries: UN classification,LDC,IP.JRN.ARTC.SC,17150.489999999998,22284.330000000005,24011.54000000001,25410.94,,
Low & middle income,LMY,GOV_WGI_CC_EST,,,,,,
Low & middle income,LMY,IT.NET.BBND.P2,11.769610563536189,12.937022474008629,14.5372793849357,,,
Low & middle income,LMY,NY.GDP.PCAP.PP.CD,11167.79990003806,12435.866840096563,13817.13920070645,14898.64856699542,15795.130323327552,
Low & middle income,LMY,TX.VAL.TECH.MF.ZS,24.25481537475338,22.61104114308649,22.086133595161357,21.88133922023892,21.945466175656215,
Low & middle income,LMY,IT.CEL.SETS.P2,101.29666369988117,103.02353526587729,104.40155900356824,,,
Low & middle income,LMY,GOV_WGI_PV_EST,,,,,,
Low & middle income,LMY,GOV_WGI_RL_EST,,,,,,
Low & middle income,LMY,SE.TER.ENRR,34.3418502807617,35.8265914916992,37.0190887451172,38.2484283447266,38.7901611328125,
Low & middle income,LMY,IP.JRN.ARTC.SC,1237541.1499999997,1394143.6299999997,1566489.5599999994,1659400.2700000005,,
Low income,LIC,GOV_WGI_CC_EST,,,,,,
Low income,LIC,IT.NET.BBND.P2,0.48,0.46,0.48,0.5,0.53,0.57
Low income,LIC,NY.GDP.PCAP.PP.CD,1988.6079811789837,2114.520909369547,2276.1951827715125,2289.5162064522788,2353.04878368784,
Low income,LIC,TX.VAL.TECH.MF.ZS,3.6639670220070215,4.113077338547098,2.8468953981586265,2.07999618814634,,
Low income,LIC,IT.CEL.SETS.P2,58.0,60.2,62.5,65.2,67.0,69.3
Low income,LIC,GOV_WGI_PV_EST,,,,,,
Low income,LIC,GOV_WGI_RL_EST,,,,,,
Low income,LIC,SE.TER.ENRR,9.19797039031982,9.28015041351318,,,,
Low income,LIC,IP.JRN.ARTC.SC,8434.36,10885.64,12590.65,12772.870000000004,,
Lower middle income,LMC,GOV_WGI_CC_EST,,,,,,
Lower middle income,LMC,IT.NET.BBND.P2,2.97,3.47,3.87,4.23,4.61,5.05
Lower middle income,LMC,NY.GDP.PCAP.PP.CD,7111.842795505656,7837.433348333579,8826.071591827536,9599.872948030585,10225.442286008789,
Lower middle income,LMC,TX.VAL.TECH.MF.ZS,8.584202938736318,7.929231449124701,9.926785476611087,11.466648412258063,14.73545122172259,
Lower middle income,LMC,IT.CEL.SETS.P2,92.9,92.8,93.6,92.8,90.9,89.9
Lower middle income,LMC,GOV_WGI_PV_EST,,,,,,
Lower middle income,LMC,GOV_WGI_RL_EST,,,,,,
Lower middle income,LMC,SE.TER.ENRR,23.7904491424561,24.9580802917481,25.6742095947266,26.7934799194336,27.4404697418213,
Lower middle income,LMC,IP.JRN.ARTC.SC,220628.05000000005,260474.75000000003,293329.60000000003,327364.6400000001,,
"Middle East, North Africa, Afghanistan & Pakistan",MEA,GOV_WGI_CC_EST,,,,,,
"Middle East, North Africa, Afghanistan & Pakistan",MEA,IT.NET.BBND.P2,7.09,7.92,8.53,8.94,9.29,9.69
"Middle East, North Africa, Afghanistan & Pakistan",MEA,NY.GDP.PCAP.PP.CD,12299.894442328066,13569.596109819822,15194.382068223513,15802.663197954846,16261.945388564864,
"Middle East, North Africa, Afghanistan & Pakistan",MEA,TX.VAL.TECH.MF.ZS,7.270903634601224,7.203632286146407,6.860141337381946,8.649798699032447,,
"Middle East, North Africa, Afghanistan & Pakistan",MEA,IT.CEL.SETS.P2,95.4,98.3,101.5,102.4,104.6,107.1
"Middle East, North Africa, Afghanistan & Pakistan",MEA,GOV_WGI_PV_EST,,,,,,
"Middle East, North Africa, Afghanistan & Pakistan",MEA,GOV_WGI_RL_EST,,,,,,
"Middle East, North Africa, Afghanistan & Pakistan",MEA,SE.TER.ENRR,28.3051891326904,28.3076190948486,28.0563106536865,28.7123298645019,29.6833095550537,
"Middle East, North Africa, Afghanistan & Pakistan",MEA,IP.JRN.ARTC.SC,161224.27000000005,179839.55,193837.97,200353.4,,
"Middle East, North Africa, Afghanistan & Pakistan (excluding high income)",MNA,GOV_WGI_CC_EST,,,,,,
"Middle East, North Africa, Afghanistan & Pakistan (excluding high income)",MNA,IT.NET.BBND.P2,5.57,6.06,6.33,6.67,6.97,7.3
"Middle East, North Africa, Afghanistan & Pakistan (excluding high income)",MNA,NY.GDP.PCAP.PP.CD,8889.598851141434,9412.55914393398,10374.610105122243,10869.502634170392,11220.606998116553,
"Middle East, North Africa, Afghanistan & Pakistan (excluding high income)",MNA,TX.VAL.TECH.MF.ZS,2.820442274267519,,,,,
"Middle East, North Africa, Afghanistan & Pakistan (excluding high income)",MNA,IT.CEL.SETS.P2,90.6,93.7,96.4,96.9,98.8,101.0
"Middle East, North Africa, Afghanistan & Pakistan (excluding high income)",MNA,GOV_WGI_PV_EST,,,,,,
"Middle East, North Africa, Afghanistan & Pakistan (excluding high income)",MNA,GOV_WGI_RL_EST,,,,,,
"Middle East, North Africa, Afghanistan & Pakistan (excluding high income)",MNA,SE.TER.ENRR,,,,,,
"Middle East, North Africa, Afghanistan & Pakistan (excluding high income)",MNA,IP.JRN.ARTC.SC,121927.62,133981.69999999995,144066.20999999993,148116.52000000002,,
"Middle East, North Africa, Afghanistan & Pakistan (IDA & IBRD)",TMN,GOV_WGI_CC_EST,,,,,,
"Middle East, North Africa, Afghanistan & Pakistan (IDA & IBRD)",TMN,IT.NET.BBND.P2,5.56,6.05,6.32,6.66,6.96,7.3
"Middle East, North Africa, Afghanistan & Pakistan (IDA & IBRD)",TMN,NY.GDP.PCAP.PP.CD,8910.909858694795,9439.858096035565,10405.47394259339,10905.747298367214,11271.564355007054,
"Middle East, North Africa, Afghanistan & Pakistan (IDA & IBRD)",TMN,TX.VAL.TECH.MF.ZS,2.8348296681598666,,,,,
"Middle East, North Africa, Afghanistan & Pakistan (IDA & IBRD)",TMN,IT.CEL.SETS.P2,90.7,93.8,96.5,97.0,99.0,101.1
"Middle East, North Africa, Afghanistan & Pakistan (IDA & IBRD)",TMN,GOV_WGI_PV_EST,,,,,,
"Middle East, North Africa, Afghanistan & Pakistan (IDA & IBRD)",TMN,GOV_WGI_RL_EST,,,,,,
"Middle East, North Africa, Afghanistan & Pakistan (IDA & IBRD)",TMN,SE.TER.ENRR,,,,,,
"Middle East, North Africa, Afghanistan & Pakistan (IDA & IBRD)",TMN,IP.JRN.ARTC.SC,121419.17,133375.08,143330.15,147254.86000000002,,
Middle income,MIC,GOV_WGI_CC_EST,,,,,,
Middle income,MIC,IT.NET.BBND.P2,13.00208502422119,14.359625847953078,15.825640378636963,,,
Middle income,MIC,NY.GDP.PCAP.PP.CD,12068.180781930816,13466.48887536581,14990.87262407254,16203.72738863764,17212.468059470226,
Middle income,MIC,TX.VAL.TECH.MF.ZS,24.424716602223903,22.76325806086301,22.25531195093471,22.054074225964875,22.02239272267621,
Middle income,MIC,IT.CEL.SETS.P2,106.60030816513198,108.17055243274396,108.26086469450422,,,
Middle income,MIC,GOV_WGI_PV_EST,,,,,,
Middle income,MIC,GOV_WGI_RL_EST,,,,,,
Middle income,MIC,SE.TER.ENRR,37.891170501709,39.6747283935547,41.134651184082,42.6316795349121,43.2768402099609,
Middle income,MIC,IP.JRN.ARTC.SC,1229106.79,1383257.990000001,1553898.9099999992,1646627.400000001,,
North America,NAC,GOV_WGI_CC_EST,,,,,,
North America,NAC,IT.NET.BBND.P2,36.23,37.48,37.97,38.55,39.24,39.96
North America,NAC,NY.GDP.PCAP.PP.CD,62778.63484032927,69833.49487610154,76412.99887032819,80387.02182296503,83521.83857989727,
North America,NAC,TX.VAL.TECH.MF.ZS,18.9741145048983,19.1869887593758,19.505284183952973,20.78555404713782,22.90489575522505,
North America,NAC,IT.CEL.SETS.P2,101.9,104.4,107.0,110.5,111.2,112.0
North America,NAC,GOV_WGI_PV_EST,,,,,,
North America,NAC,GOV_WGI_RL_EST,,,,,,
North America,NAC,SE.TER.ENRR,86.3354034423828,84.3603820800781,79.3105697631836,82.2317199707031,79.0441970825195,
North America,NAC,IP.JRN.ARTC.SC,518533.60611352057,540124.8370782569,514384.0667921294,494653.6863431692,,
Not classified,INX,GOV_WGI_CC_EST,,,,,,
Not classified,INX,IT.NET.BBND.P2,,,,,,
Not classified,INX,NY.GDP.PCAP.PP.CD,,,,,,
Not classified,INX,TX.VAL.TECH.MF.ZS,,,,,,
Not classified,INX,IT.CEL.SETS.P2,,,,,,
Not classified,INX,GOV_WGI_PV_EST,,,,,,
Not classified,INX,GOV_WGI_RL_EST,,,,,,
Not classified,INX,SE.TER.ENRR,,,,,,
Not classified,INX,IP.JRN.ARTC.SC,,,,,,
OECD members,OED,GOV_WGI_CC_EST,,,,,,
OECD members,OED,IT.NET.BBND.P2,33.323204126268095,34.31851693881631,34.87993508897489,,,
OECD members,OED,NY.GDP.PCAP.PP.CD,46576.45391991757,50955.601838224495,56824.61931731666,59701.29374858388,61972.888127538594,
OECD members,OED,TX.VAL.TECH.MF.ZS,18.19833256971124,18.413065502210355,20.789299373054,20.818866117617244,22.358293677987625,
OECD members,OED,IT.CEL.SETS.P2,116.84697073912852,119.66173092185532,122.30480509044844,,,
OECD members,OED,GOV_WGI_PV_EST,,,,,,
OECD members,OED,GOV_WGI_RL_EST,,,,,,
OECD members,OED,SE.TER.ENRR,77.2700805664062,78.8566436767578,78.3904876708984,79.5250930786133,78.6357879638672,
OECD members,OED,IP.JRN.ARTC.SC,1519864.0100000007,1601648.7299999995,1543515.55,1496353.4299999997,,
Other small states,OSS,GOV_WGI_CC_EST,,,,,,
Other small states,OSS,IT.NET.BBND.P2,15.246199800601929,15.979659208670329,15.022900924379092,,,
Other small states,OSS,NY.GDP.PCAP.PP.CD,21293.92822328847,23596.40337472373,26359.44107928789,28037.08716937247,29352.55575094861,
Other small states,OSS,TX.VAL.TECH.MF.ZS,18.49383600756312,17.15732007417433,18.42334808162654,20.21436980415419,23.6543945438106,
Other small states,OSS,IT.CEL.SETS.P2,116.36630992455817,122.1041036910196,124.93673223604154,,,
Other small states,OSS,GOV_WGI_PV_EST,,,,,,
Other small states,OSS,GOV_WGI_RL_EST,,,,,,
Other small states,OSS,SE.TER.ENRR,21.617130279541,22.1164093017578,22.3280200958252,22.353889465332,22.5716896057129,
Other small states,OSS,IP.JRN.ARTC.SC,5274.050000000001,5686.960000000001,6034.550000000001,5962.62,,
Pacific island small states,PSS,GOV_WGI_CC_EST,,,,,,
Pacific island small states,PSS,IT.NET.BBND.P2,1.6125353596643128,1.67904879323406,,,,
Pacific island small states,PSS,NY.GDP.PCAP.PP.CD,6203.533828720826,6080.315940644275,7126.710495643295,7855.019476246727,8214.970729577552,
Pacific island small states,PSS,TX.VAL.TECH.MF.ZS,,1.8520893650671837,2.13804180824002,2.6319912014385647,10.360009546261637,
Pacific island small states,PSS,IT.CEL.SETS.P2,77.07564224711473,76.17971594292075,,,,
Pacific island small states,PSS,GOV_WGI_PV_EST,,,,,,
Pacific island small states,PSS,GOV_WGI_RL_EST,,,,,,
Pacific island small states,PSS,SE.TER.ENRR,23.8909606933594,25.3326797485352,26.6385803222656,27.8527202606201,29.3007507324219,
Pacific island small states,PSS,IP.JRN.ARTC.SC,255.66191041587985,269.69482836439744,259.44347586733886,284.24351459635415,,
Post-demographic dividend,PST,GOV_WGI_CC_EST,,,,,,
Post-demographic dividend,PST,IT.NET.BBND.P2,36.723130818261765,37.56196702103314,39.01968525585328,,,
Post-demographic dividend,PST,NY.GDP.PCAP.PP.CD,51333.14365289794,56311.67759095904,62328.12962164629,65676.37390800366,68080.59653738116,
Post-demographic dividend,PST,TX.VAL.TECH.MF.ZS,22.213584018158183,22.53715011325996,24.24173348798611,24.019558024993596,25.69596390349484,
Post-demographic dividend,PST,IT.CEL.SETS.P2,120.08225989792736,122.46428818185808,124.35305787452728,,,
Post-demographic dividend,PST,GOV_WGI_PV_EST,,,,,,
Post-demographic dividend,PST,GOV_WGI_RL_EST,,,,,,
Post-demographic dividend,PST,SE.TER.ENRR,80.1040878295898,81.0674819946289,79.975341796875,81.2349395751953,80.2341079711914,
Post-demographic dividend,PST,IP.JRN.ARTC.SC,1428200.4443186177,1500979.1595784505,1444141.4592085686,1397700.811691667,,
Pre-demographic dividend,PRE,GOV_WGI_CC_EST,,,,,,
Pre-demographic dividend,PRE,IT.NET.BBND.P2,1.065219159943919,1.041485286438081,1.1908123689375565,,,
Pre-demographic dividend,PRE,NY.GDP.PCAP.PP.CD,4216.236628500196,4514.399935616195,4931.925363239748,5102.900927131579,5268.749248919466,
Pre-demographic dividend,PRE,TX.VAL.TECH.MF.ZS,,,,,,
Pre-demographic dividend,PRE,IT.CEL.SETS.P2,79.96501195923369,80.38551664954603,86.78056749823885,,,
Pre-demographic dividend,PRE,GOV_WGI_PV_EST,,,,,,
Pre-demographic dividend,PRE,GOV_WGI_RL_EST,,,,,,
Pre-demographic dividend,PRE,SE.TER.ENRR,8.60867023468018,8.72068023681641,,,,
Pre-demographic dividend,PRE,IP.JRN.ARTC.SC,23769.709999999995,28035.810000000005,32740.269999999997,37995.62000000001,,
Small states,SST,GOV_WGI_CC_EST,,,,,,
Small states,SST,IT.NET.BBND.P2,15.12,15.39,16.0,16.13,16.64,17.31
Small states,SST,NY.GDP.PCAP.PP.CD,19023.175126591257,21232.11243367597,24378.814940153352,26417.72369951242,28616.38657651961,
Small states,SST,TX.VAL.TECH.MF.ZS,17.736811725902093,16.303905216602637,17.262037225276003,18.89235318970342,22.17755975595944,
Small states,SST,IT.CEL.SETS.P2,111.5,114.0,117.2,131.0,143.1,161.6
Small states,SST,GOV_WGI_PV_EST,,,,,,
Small states,SST,GOV_WGI_RL_EST,,,,,,
Small states,SST,SE.TER.ENRR,21.8676891326904,22.3052196502686,22.5005798339844,22.5767707824707,22.8753509521484,
Small states,SST,IP.JRN.ARTC.SC,6048.397493032274,6505.5115432163,6835.307753801971,6758.62003765074,,
South Asia,SAS,GOV_WGI_CC_EST,,,,,,
South Asia,SAS,IT.NET.BBND.P2,2.23,2.6,3.06,3.5,3.86,4.27
South Asia,SAS,NY.GDP.PCAP.PP.CD,6969.472124202548,8015.356744628112,9129.601732831718,10176.354763582262,10973.710171580453,
South Asia,SAS,TX.VAL.TECH.MF.ZS,10.70178647426807,9.944753958726622,12.344922517368326,14.538208650199248,18.060333299327365,
South Asia,SAS,IT.CEL.SETS.P2,86.3,86.2,85.0,85.3,83.4,81.7
South Asia,SAS,GOV_WGI_PV_EST,,,,,,
South Asia,SAS,GOV_WGI_RL_EST,,,,,,
South Asia,SAS,SE.TER.ENRR,28.2194099426269,29.8268604278564,30.9421100616455,32.438419342041,32.7833213806152,
South Asia,SAS,IP.JRN.ARTC.SC,154030.22,184725.86,212036.83,240480.54999999996,,
South Asia (IDA & IBRD),TSA,GOV_WGI_CC_EST,,,,,,
South Asia (IDA & IBRD),TSA,IT.NET.BBND.P2,2.23,2.6,3.06,3.5,3.86,4.27
South Asia (IDA & IBRD),TSA,NY.GDP.PCAP.PP.CD,6969.472124202548,8015.356744628112,9129.601732831716,10176.35476358226,10973.710171580447,
South Asia (IDA & IBRD),TSA,TX.VAL.TECH.MF.ZS,10.70178647426807,9.944753958726622,12.344922517368326,14.538208650199248,18.060333299327365,
South Asia (IDA & IBRD),TSA,IT.CEL.SETS.P2,86.3,86.2,85.0,85.3,83.4,81.7
South Asia (IDA & IBRD),TSA,GOV_WGI_PV_EST,,,,,,
South Asia (IDA & IBRD),TSA,GOV_WGI_RL_EST,,,,,,
South Asia (IDA & IBRD),TSA,SE.TER.ENRR,28.2194099426269,29.8268604278564,30.9421100616455,32.438419342041,32.7833213806152,
South Asia (IDA & IBRD),TSA,IP.JRN.ARTC.SC,154030.22,184725.86,212036.83,240480.54999999996,,
Sub-Saharan Africa,SSF,GOV_WGI_CC_EST,,,,,,
Sub-Saharan Africa,SSF,IT.NET.BBND.P2,0.45,0.51,0.56,0.66,0.84,1.12
Sub-Saharan Africa,SSF,NY.GDP.PCAP.PP.CD,4401.057922927381,4702.278873577326,5118.322757873983,5318.143474374865,5517.42113558704,
Sub-Saharan Africa,SSF,TX.VAL.TECH.MF.ZS,5.446742512114668,4.770136499499468,5.654951037941183,4.980711118790555,5.997211884931974,
Sub-Saharan Africa,SSF,IT.CEL.SETS.P2,80.8,83.0,87.6,90.0,89.2,90.4
Sub-Saharan Africa,SSF,GOV_WGI_PV_EST,,,,,,
Sub-Saharan Africa,SSF,GOV_WGI_RL_EST,,,,,,
Sub-Saharan Africa,SSF,SE.TER.ENRR,9.19791030883789,9.27116012573242,,,,
Sub-Saharan Africa,SSF,IP.JRN.ARTC.SC,39971.69999999999,44646.81,48126.350000000006,48022.52,,
Sub-Saharan Africa (excluding high income),SSA,GOV_WGI_CC_EST,,,,,,
Sub-Saharan Africa (excluding high income),SSA,IT.NET.BBND.P2,0.48,0.52,0.57,0.67,0.87,1.17
Sub-Saharan Africa (excluding high income),SSA,NY.GDP.PCAP.PP.CD,4624.053525939114,4939.325313414742,5373.437133390739,5571.641910229761,5768.027095630202,
Sub-Saharan Africa (excluding high income),SSA,TX.VAL.TECH.MF.ZS,5.454442980419246,4.774672346851619,5.572583089057646,5.003646961889676,6.032436519478899,
Sub-Saharan Africa (excluding high income),SSA,IT.CEL.SETS.P2,85.7,86.4,91.0,93.4,91.9,92.7
Sub-Saharan Africa (excluding high income),SSA,GOV_WGI_PV_EST,,,,,,
Sub-Saharan Africa (excluding high income),SSA,GOV_WGI_RL_EST,,,,,,
Sub-Saharan Africa (excluding high income),SSA,SE.TER.ENRR,9.19779014587402,9.27089023590088,,,,
Sub-Saharan Africa (excluding high income),SSA,IP.JRN.ARTC.SC,39945.15,44627.12,48104.71000000001,48007.35,,
Sub-Saharan Africa (IDA & IBRD countries),TSS,GOV_WGI_CC_EST,,,,,,
Sub-Saharan Africa (IDA & IBRD countries),TSS,IT.NET.BBND.P2,0.45,0.51,0.56,0.66,0.84,1.12
Sub-Saharan Africa (IDA & IBRD countries),TSS,NY.GDP.PCAP.PP.CD,4401.057922927379,4702.278873577326,5118.322757873981,5318.143474374863,5517.421135587037,
Sub-Saharan Africa (IDA & IBRD countries),TSS,TX.VAL.TECH.MF.ZS,5.446742512114669,4.770136499499469,5.654951037941182,4.980711118790555,5.997211884931971,
Sub-Saharan Africa (IDA & IBRD countries),TSS,IT.CEL.SETS.P2,80.8,83.0,87.6,90.0,89.2,90.4
Sub-Saharan Africa (IDA & IBRD countries),TSS,GOV_WGI_PV_EST,,,,,,
Sub-Saharan Africa (IDA & IBRD countries),TSS,GOV_WGI_RL_EST,,,,,,
Sub-Saharan Africa (IDA & IBRD countries),TSS,SE.TER.ENRR,9.19791030883789,9.27116012573242,,,,
Sub-Saharan Africa (IDA & IBRD countries),TSS,IP.JRN.ARTC.SC,39971.69999999999,44646.80999999999,48126.35000000001,48022.52,,
Upper middle income,UMC,GOV_WGI_CC_EST,,,,,,
Upper middle income,UMC,IT.NET.BBND.P2,23.39,25.76,27.95,29.83,31.37,33.01
Upper middle income,UMC,NY.GDP.PCAP.PP.CD,17340.547288902646,19507.211676921845,21670.44887372133,23433.88135442932,24934.55517225008,
Upper middle income,UMC,TX.VAL.TECH.MF.ZS,26.817307042225902,25.101797307180497,24.335948730710463,23.927689735824377,23.21035437573571,
Upper middle income,UMC,IT.CEL.SETS.P2,119.7,122.9,124.1,127.5,129.9,132.4
Upper middle income,UMC,GOV_WGI_PV_EST,,,,,,
Upper middle income,UMC,GOV_WGI_RL_EST,,,,,,
Upper middle income,UMC,SE.TER.ENRR,56.021671295166,58.9831390380859,61.7802200317383,64.0977478027344,64.5994720458984,
Upper middle income,UMC,IP.JRN.ARTC.SC,1008478.7400000002,1122783.2400000005,1260569.3099999998,1319262.7600000007,,
World,WLD,GOV_WGI_CC_EST,,,,,,
World,WLD,IT.NET.BBND.P2,15.58,16.74,17.73,18.58,19.31,20.11
World,WLD,NY.GDP.PCAP.PP.CD,17911.49059831763,19857.136004161643,21985.288810054742,23379.173296763856,24526.011998932463,
World,WLD,TX.VAL.TECH.MF.ZS,21.842726455187872,21.54611378487448,22.91327243566179,22.97097626946952,24.717141491844817,
World,WLD,IT.CEL.SETS.P2,104.8,106.7,108.0,109.8,110.4,111.5
World,WLD,GOV_WGI_PV_EST,,,,,,
World,WLD,GOV_WGI_RL_EST,,,,,,
World,WLD,SE.TER.ENRR,39.7074089050293,41.0742492675781,42.0465698242188,43.197868347168,43.6151390075684,
World,WLD,IP.JRN.ARTC.SC,2868012.7090114825,3111012.818294364,3220952.461263753,3271296.244397272,,
Afghanistan,AFG,GOV_WGI_CC_EST,-1.40089,-1.22202489999999,-1.1719937,-1.1987543,-1.3087183,
Afghanistan,AFG,IT.NET.BBND.P2,0.0680079200431626,0.066424315829547,0.0796301678593983,0.0800873028793967,,
Afghanistan,AFG,NY.GDP.PCAP.PP.CD,2561.9817605862195,2144.166570028188,2122.995815126633,2201.722906916772,,
Afghanistan,AFG,TX.VAL.TECH.MF.ZS,,,,,,
Afghanistan,AFG,IT.CEL.SETS.P2,58.0461137722591,56.6944760468967,56.2655188632539,55.5474967036959,60.0990815591219,
Afghanistan,AFG,GOV_WGI_PV_EST,-2.5896897,-2.4506389,-2.4492487,-2.3922828,-2.2052112,
Afghanistan,AFG,GOV_WGI_RL_EST,-1.65566449999999,-1.7202682,-1.8586889,-1.89680499999999,-1.93548869999999,
Afghanistan,AFG,SE.TER.ENRR,10.85435962677,,,,,
Afghanistan,AFG,IP.JRN.ARTC.SC,140.25,168.21,157.05,168.85,,
Albania,ALB,GOV_WGI_CC_EST,-0.6594306,-0.60203,-0.500456,-0.464044399999999,-0.420760099999999,
Albania,ALB,IT.NET.BBND.P2,17.720931463387,19.6303737145283,20.6989441252111,22.5048592377088,24.8815713356962,
Albania,ALB,NY.GDP.PCAP.PP.CD,16287.609766364929,18212.87024666862,22138.418285734453,24822.3543089995,26701.674956377647,
Albania,ALB,TX.VAL.TECH.MF.ZS,0.2858544956398813,0.4195099889772987,0.0596409977568036,0.6823268494736465,1.5293534498159542,
Albania,ALB,IT.CEL.SETS.P2,91.1880900599383,92.4843357131703,98.3950391992101,92.9973271969712,89.1328603947682,
Albania,ALB,GOV_WGI_PV_EST,-0.0049854,0.0239536,0.0115425,0.0246567,0.0204668,
Albania,ALB,GOV_WGI_RL_EST,-0.256738199999999,-0.2015586,-0.1309656,-0.153011099999999,-0.1185025,
Albania,ALB,SE.TER.ENRR,61.5853024328899,59.9698690125562,62.647921513098,64.7293520237257,84.1496200561523,
Albania,ALB,IP.JRN.ARTC.SC,181.95,255.02,242.18,319.46,,
Algeria,DZA,GOV_WGI_CC_EST,-0.635634599999999,-0.6509952,-0.6430769,-0.6397452,-0.5933952,
Algeria,DZA,IT.NET.BBND.P2,8.6064465013707,9.33184191925225,10.3517244580598,12.0086836084024,13.3173088877016,
Algeria,DZA,NY.GDP.PCAP.PP.CD,12676.5130564294,14496.865469729872,15836.094437032109,16824.487903462657,17620.742395612582,
Algeria,DZA,TX.VAL.TECH.MF.ZS,,,,,,
Algeria,DZA,IT.CEL.SETS.P2,103.436671524065,105.037092587919,107.787115922596,111.60623555659,115.457278573892,
Algeria,DZA,GOV_WGI_PV_EST,-0.883733299999999,-0.9009933,-0.8074555,-0.7317401,-0.6935882,
Algeria,DZA,GOV_WGI_RL_EST,-0.7746944,-0.7553319,-0.798385,-0.7329544,-0.6967772,
Algeria,DZA,SE.TER.ENRR,53.3752192208988,54.2222597146723,53.3875786756,55.5320185816789,54.4283410150344,
Algeria,DZA,IP.JRN.ARTC.SC,5630.26,6650.05,7550.23,7676.5,,
American Samoa,ASM,GOV_WGI_CC_EST,1.1797991,1.1772281,1.1763452,1.1733125,1.1762344,
American Samoa,ASM,IT.NET.BBND.P2,,,,,,
American Samoa,ASM,NY.GDP.PCAP.PP.CD,,,,,,
American Samoa,ASM,TX.VAL.TECH.MF.ZS,,,,,,
American Samoa,ASM,IT.CEL.SETS.P2,,,,,,
American Samoa,ASM,GOV_WGI_PV_EST,1.2465402,1.2442687,1.2481785,1.2488142,1.2530285,
American Samoa,ASM,GOV_WGI_RL_EST,1.2020006,1.1954792,1.1914695,1.1903787,1.0865813,
American Samoa,ASM,SE.TER.ENRR,,,,,,
American Samoa,ASM,IP.JRN.ARTC.SC,,,,,,
Andorra,AND,GOV_WGI_CC_EST,,,,,,
Andorra,AND,IT.NET.BBND.P2,48.6559834582579,50.2769128681537,51.2050686907973,51.7401306025527,52.3554394786302,
Andorra,AND,NY.GDP.PCAP.PP.CD,52095.84140046271,59332.20291001272,68470.0759483848,71730.66868216502,74939.47460385783,
Andorra,AND,TX.VAL.TECH.MF.ZS,23.04060882998365,24.380676250865427,13.307661357266516,21.434631915500837,,
Andorra,AND,IT.CEL.SETS.P2,103.876970793487,119.687611658415,142.426447525249,156.09725932522,155.692108667529,
Andorra,AND,GOV_WGI_PV_EST,,,,,,
Andorra,AND,GOV_WGI_RL_EST,,,,,,
Andorra,AND,SE.TER.ENRR,15.2605749006777,15.4117647058823,34.6414389161411,62.4106937082277,67.6767676767677,
Andorra,AND,IP.JRN.ARTC.SC,7.68,8.52,9.09,11.09,,
Angola,AGO,GOV_WGI_CC_EST,-0.891832299999999,-0.6416506,-0.6031537,-0.6242518,-0.6225793,
Angola,AGO,IT.NET.BBND.P2,0.363264238710965,0.39092529517689,0.386698155907211,0.373668982990052,0.362845240712436,
Angola,AGO,NY.GDP.PCAP.PP.CD,7827.428043258177,8862.281333145209,9588.241295111882,9753.600467637832,10118.608994540782,
Angola,AGO,TX.VAL.TECH.MF.ZS,23.394621384716373,16.12695404361047,22.063503999578096,23.47141394233337,16.68972069330816,
Angola,AGO,IT.CEL.SETS.P2,43.7804317055698,44.3868689341257,66.6008073123779,70.0519587723571,69.7039467163584,
Angola,AGO,GOV_WGI_PV_EST,-0.6427634,-0.7936068,-0.5414068,-0.3131654,-0.5735964,
Angola,AGO,GOV_WGI_RL_EST,-0.9475038,-1.0980135,-1.1625439,-1.1944432,-1.1697408,
Angola,AGO,SE.TER.ENRR,,,,10.04935810264,9.9549065722902,
Angola,AGO,IP.JRN.ARTC.SC,46.17,40.17,45.14,50.27,,
Antigua and Barbuda,ATG,GOV_WGI_CC_EST,0.2199155,0.181489,0.2369304,0.2686527,0.2843876,
Antigua and Barbuda,ATG,IT.NET.BBND.P2,8.71023234544781,8.66279006811119,10.6818181818182,,,
Antigua and Barbuda,ATG,NY.GDP.PCAP.PP.CD,22370.09186938128,25745.495806774616,29933.889369890207,31601.75271468767,33386.191712789405,
Antigua and Barbuda,ATG,TX.VAL.TECH.MF.ZS,0.0,0.0,0.0,0.0,0.0,
Antigua and Barbuda,ATG,IT.CEL.SETS.P2,200.3353439453,199.244171566557,200.540715208962,,,
Antigua and Barbuda,ATG,GOV_WGI_PV_EST,0.9164728,0.9147636,1.0787211,1.0791994,1.0731489,
Antigua and Barbuda,ATG,GOV_WGI_RL_EST,0.5899858,0.5666971,0.6200291,0.6185054,0.6017732,
Antigua and Barbuda,ATG,SE.TER.ENRR,,,,,,
Antigua and Barbuda,ATG,IP.JRN.ARTC.SC,6.52,6.09,6.28,13.43,,
Argentina,ARG,GOV_WGI_CC_EST,-0.1344697,-0.3273298,-0.3402325,-0.354078399999999,-0.3257079,
Argentina,ARG,IT.NET.BBND.P2,21.1797871590669,23.1500020932515,24.6831785056628,25.3580730689248,26.0976420359532,
Argentina,ARG,NY.GDP.PCAP.PP.CD,22393.347957535338,26300.274261175044,29808.807346800702,30221.4976888753,30431.1931223693,
Argentina,ARG,TX.VAL.TECH.MF.ZS,6.903889256079225,4.422891392643118,4.751575243385936,5.449594405783187,3.850196974741129,
Argentina,ARG,IT.CEL.SETS.P2,121.180612527028,130.352799939601,131.483556254876,137.706086781571,140.234979049333,
Argentina,ARG,GOV_WGI_PV_EST,0.0552501,0.0921998,0.0576438,-0.0207671,-0.169745999999999,
Argentina,ARG,GOV_WGI_RL_EST,-0.290549699999999,-0.303899,-0.2913485,-0.237773799999999,-0.2513801,
Argentina,ARG,SE.TER.ENRR,99.3697348717996,107.219557633976,107.103901423423,107.822574129434,,
Argentina,ARG,IP.JRN.ARTC.SC,9992.12,9943.87,9086.96,8589.35,,
Armenia,ARM,GOV_WGI_CC_EST,0.1056079,0.0558398,0.0574942,0.1046118,0.1446809,
Armenia,ARM,IT.NET.BBND.P2,14.8883804721864,16.2565945813558,17.7300708049016,18.5458075085454,20.3090953111129,
Armenia,ARM,NY.GDP.PCAP.PP.CD,14706.317304342228,15921.705281964018,19161.37005141889,21534.030536117025,22823.17952556931,
Armenia,ARM,TX.VAL.TECH.MF.ZS,7.140636671612873,5.956719936847862,21.84752834353729,20.905156020748368,23.64032705152591,
Armenia,ARM,IT.CEL.SETS.P2,120.682370700808,125.395134877327,130.540072214196,134.519957069953,134.88694751567,
Armenia,ARM,GOV_WGI_PV_EST,-0.2935835,-0.5019,-0.3556235,-0.5022441,-0.723297299999999,
Armenia,ARM,GOV_WGI_RL_EST,-0.0751786,-0.1028405,-0.2386468,-0.2107914,-0.1423943,
Armenia,ARM,SE.TER.ENRR,52.3331534448642,56.6235144830279,57.1818422625098,56.2770051010456,52.7748065090859,
Armenia,ARM,IP.JRN.ARTC.SC,594.27,565.63,674.73,801.49,,
Aruba,ABW,GOV_WGI_CC_EST,1.165722,0.8692192,0.8688452,0.8675607,0.8687982,
Aruba,ABW,IT.NET.BBND.P2,17.6908752327747,17.664887781476,17.4862221892338,,,
Aruba,ABW,NY.GDP.PCAP.PP.CD,28854.59729978639,35104.78680353744,41758.895756654405,46574.35741976531,50649.301523221184,
Aruba,ABW,TX.VAL.TECH.MF.ZS,6.7561753872818,4.817053302546841,7.125146544626561,6.868008363783347,,
Aruba,ABW,IT.CEL.SETS.P2,131.284916201117,131.09206195727,130.647974615427,,,
Aruba,ABW,GOV_WGI_PV_EST,1.3345061,1.3328137,1.3357267,1.3362003,1.3302095,
Aruba,ABW,GOV_WGI_RL_EST,1.2938144,1.2183341,1.2205245,1.2201246,1.22006,
Aruba,ABW,SE.TER.ENRR,,,,,14.0655418559377,
Aruba,ABW,IP.JRN.ARTC.SC,,,,,,
Australia,AUS,GOV_WGI_CC_EST,1.6038237,1.6770561,1.7288156,1.8057703,1.8520196,
Australia,AUS,IT.NET.BBND.P2,35.346849265518,35.8359861455454,36.3933201898066,36.627426494239,36.4788276060473,
Australia,AUS,NY.GDP.PCAP.PP.CD,54184.16144868537,58327.41468423248,66103.17970669566,72272.70921366828,72111.1844628126,
Australia,AUS,TX.VAL.TECH.MF.ZS,21.47578987058347,22.39407660085994,25.83187041162716,25.25827771207813,25.15864164570836,
Australia,AUS,IT.CEL.SETS.P2,104.930155780087,105.118514623956,109.469171081514,112.513177133796,112.581025002429,
Australia,AUS,GOV_WGI_PV_EST,0.8859397,0.8536507,0.9015353,0.9254365,0.7932693,
Australia,AUS,GOV_WGI_RL_EST,1.5521387,1.5701838,1.471946,1.5031839,1.4704014,
Australia,AUS,SE.TER.ENRR,110.139221191406,112.688293457031,106.240760803223,104.64835357666,108.421989440918,
Australia,AUS,IP.JRN.ARTC.SC,57901.21,60308.46,58183.41,54589.08,,
Austria,AUT,GOV_WGI_CC_EST,1.6059221,1.3601171,1.3678343,1.3200882,1.2944469,
Austria,AUT,IT.NET.BBND.P2,29.2106456326106,29.2537339731419,29.2342573265435,29.3725409835617,30.12779672163,
Austria,AUT,NY.GDP.PCAP.PP.CD,58523.03378162456,62968.942231189205,72065.49742701056,73544.65672304865,73911.43966313597,
Austria,AUT,TX.VAL.TECH.MF.ZS,12.27189576604459,11.017122140568004,14.914170247260156,15.923269788116936,18.452576685901853,
Austria,AUT,IT.CEL.SETS.P2,120.131806593244,121.357731973824,121.16645744796,121.746207105931,124.45929984531,
Austria,AUT,GOV_WGI_PV_EST,0.8186312,0.7543747,0.6005165,0.7016405,0.4915979,
Austria,AUT,GOV_WGI_RL_EST,1.7481079,1.7167011,1.6419642,1.6577235,1.6777399,
Austria,AUT,SE.TER.ENRR,88.7071990966797,93.940071105957,94.5116882324219,91.6818237304688,92.6126708984375,
Austria,AUT,IP.JRN.ARTC.SC,13440.62,14370.95,14103.32,13845.8,,
Azerbaijan,AZE,GOV_WGI_CC_EST,-0.7598072,-0.775813299999999,-0.8302212,-0.881959199999999,-0.775077799999999,
Azerbaijan,AZE,IT.NET.BBND.P2,19.5985750948022,20.0856994533421,20.3655958095069,20.8825041017301,21.7534102440295,
Azerbaijan,AZE,NY.GDP.PCAP.PP.CD,15163.570332728206,20111.37569521088,22552.088656052303,23651.599485275558,25088.999375713367,
Azerbaijan,AZE,TX.VAL.TECH.MF.ZS,7.067279517222984,2.097104231471289,3.912944162002704,4.172244876301505,2.91095088102775,
Azerbaijan,AZE,IT.CEL.SETS.P2,101.596683471276,105.693559477177,107.506296074404,107.686732782159,109.543149535867,
Azerbaijan,AZE,GOV_WGI_PV_EST,-0.5087721,-0.4888287,-0.542048099999999,-0.4004143,-0.1404058,
Azerbaijan,AZE,GOV_WGI_RL_EST,-0.6182094,-0.608585199999999,-0.5484749,-0.5160585,-0.4853711,
Azerbaijan,AZE,SE.TER.ENRR,36.3854742250215,39.0095977224788,41.0017793895325,41.3907560278377,41.3413783372226,
Azerbaijan,AZE,IP.JRN.ARTC.SC,1057.42,1021.54,1155.81,1544.24,,
"Bahamas, The",BHS,GOV_WGI_CC_EST,1.2128533,1.2282597,1.2330855,1.2199692,1.2320893,
"Bahamas, The",BHS,IT.NET.BBND.P2,20.9668496424268,20.7423310871326,21.135589553703,23.816342880032,25.2679530406222,
"Bahamas, The",BHS,NY.GDP.PCAP.PP.CD,27204.625909517963,31064.682216619414,36791.40104609638,39090.1214737976,41197.93425484768,
"Bahamas, The",BHS,TX.VAL.TECH.MF.ZS,3.0447626025239987,0.2611999658182343,0.0,0.0138247645369375,0.0,
"Bahamas, The",BHS,IT.CEL.SETS.P2,117.717493173143,100.257333370336,101.623744145214,100.047566593231,96.6798992232414,
"Bahamas, The",BHS,GOV_WGI_PV_EST,0.7133519,0.7434332,0.8592816,1.0539708,1.0493095,
"Bahamas, The",BHS,GOV_WGI_RL_EST,0.3141962,0.3484926,0.272063,0.2764352,0.2509955,
"Bahamas, The",BHS,SE.TER.ENRR,,,,,,
"Bahamas, The",BHS,IP.JRN.ARTC.SC,21.42,22.93,17.7,14.98,,
Bahrain,BHR,GOV_WGI_CC_EST,-0.0925165999999999,0.210097,0.144834,0.2380412,0.2540662,
Bahrain,BHR,IT.NET.BBND.P2,10.1824112975928,16.5057891919103,18.0025680504011,17.1582362107608,16.9915789748788,
Bahrain,BHR,NY.GDP.PCAP.PP.CD,53436.03169997117,54954.67578955323,61677.6538492695,64171.08573590521,66941.24303679893,
Bahrain,BHR,TX.VAL.TECH.MF.ZS,8.973661055879925,0.5905900434456504,0.5699591963159788,0.3873436445173711,,
Bahrain,BHR,IT.CEL.SETS.P2,119.41160169027,128.078912532195,139.636142863944,153.899937948583,159.536143577452,
Bahrain,BHR,GOV_WGI_PV_EST,-0.5964745,-0.5041164,-0.482549599999999,-0.5007436,-0.2758672,
Bahrain,BHR,GOV_WGI_RL_EST,-0.110376599999999,0.0190676,0.0328686,0.1259217,0.1679373,
Bahrain,BHR,SE.TER.ENRR,54.4077922369055,47.5015525503536,50.3073760962771,57.0562240948353,58.3677241853667,
Bahrain,BHR,IP.JRN.ARTC.SC,563.68,665.36,613.67,718.3,,
Bangladesh,BGD,GOV_WGI_CC_EST,-1.07605779999999,-1.0928915,-1.17834859999999,-1.1987203,-1.1021569,
Bangladesh,BGD,IT.NET.BBND.P2,6.04506220711318,6.64246518111116,7.17020479104462,7.89245848428319,8.08931134401926,
Bangladesh,BGD,NY.GDP.PCAP.PP.CD,6640.584373310621,7441.069139612541,8450.549025339405,9147.777506655502,9646.769843832548,
Bangladesh,BGD,TX.VAL.TECH.MF.ZS,,,,,,
Bangladesh,BGD,IT.CEL.SETS.P2,106.002140470412,110.012054001037,109.8665408168,111.280894357567,108.077037369691,
Bangladesh,BGD,GOV_WGI_PV_EST,-1.01518479999999,-1.0535518,-1.0954422,-1.0359445,-1.46295089999999,
Bangladesh,BGD,GOV_WGI_RL_EST,-0.8969166,-0.974914899999999,-0.973641299999999,-0.9020256,-0.9600594,
Bangladesh,BGD,SE.TER.ENRR,22.6923019564501,23.9006822335243,23.5005059888653,24.2003442708621,23.7295608009814,
Bangladesh,BGD,IP.JRN.ARTC.SC,5084.6,7463.57,7255.24,8259.38,,
Barbados,BRB,GOV_WGI_CC_EST,1.1695313,1.1946829,1.1926841,1.2089543,1.2257724,
Barbados,BRB,IT.NET.BBND.P2,45.43873225937,36.3512637029634,37.4843261853654,,,
Barbados,BRB,NY.GDP.PCAP.PP.CD,16555.362214523506,17682.73145374831,22193.248712578938,23660.404751292856,24822.534330990835,
Barbados,BRB,TX.VAL.TECH.MF.ZS,20.303822133168723,17.15596635281923,17.011739306168195,18.43361348601325,19.92635575838179,
Barbados,BRB,IT.CEL.SETS.P2,104.722078254017,112.222706603295,114.580721030894,,,
Barbados,BRB,GOV_WGI_PV_EST,1.0680614,1.0845669,1.2066625,1.2767666,1.2722219,
Barbados,BRB,GOV_WGI_RL_EST,0.7048546,0.7010659,0.7169373,0.7343145,0.7277751,
Barbados,BRB,SE.TER.ENRR,52.971630831,54.672,55.0600902713579,54.2600399378744,53.5815662047086,50.801079116886
Barbados,BRB,IP.JRN.ARTC.SC,58.94,57.51,70.21,56.79,,
Belarus,BLR,GOV_WGI_CC_EST,-0.1014181,-0.2062736,-0.415013199999999,-0.534353699999999,-0.5781294,
Belarus,BLR,IT.NET.BBND.P2,34.8152229336418,35.0097634241001,34.0671782490739,35.0931910729644,36.2627055164488,
Belarus,BLR,NY.GDP.PCAP.PP.CD,24872.306674452844,27611.180113515707,28429.49488218266,30834.177366811116,33010.330760535726,
Belarus,BLR,TX.VAL.TECH.MF.ZS,5.098125922496125,6.015768463598526,,,,
Belarus,BLR,IT.CEL.SETS.P2,125.164732031333,127.117317282369,128.314999383533,128.979176539764,131.123016605614,
Belarus,BLR,GOV_WGI_PV_EST,-0.818298499999999,-0.616372399999999,-0.6168791,-0.392606499999999,-0.3773003,
Belarus,BLR,GOV_WGI_RL_EST,-0.8602112,-1.0672559,-1.1591441,-1.2155307,-1.2305997,
Belarus,BLR,SE.TER.ENRR,79.900160036935,78.6027133367864,77.0977334087936,72.8250212584046,70.1107509145358,
Belarus,BLR,IP.JRN.ARTC.SC,1550.1,1600.37,1563.85,1429.41,,
Belgium,BEL,GOV_WGI_CC_EST,1.5662608,1.5502151,1.5774306,1.467016,1.4687812,
Belgium,BEL,IT.NET.BBND.P2,41.0239697084264,43.0218054966431,43.5657139519422,43.7026445985633,44.2321563183446,
Belgium,BEL,NY.GDP.PCAP.PP.CD,56120.09584204656,60669.21377465312,69128.13888838432,71946.14471902922,73514.48310452583,
Belgium,BEL,TX.VAL.TECH.MF.ZS,15.261861578971311,21.37996387637373,22.817913517326545,18.6668227645892,20.39214534222356,
Belgium,BEL,IT.CEL.SETS.P2,99.9100614924974,101.462935633736,101.680355820653,103.196426365374,103.90465332676,
Belgium,BEL,GOV_WGI_PV_EST,0.3686413,0.461917,0.2465264,0.1994126,0.1214526,
Belgium,BEL,GOV_WGI_RL_EST,1.4533249,1.4052126,1.3398087,1.2719977,1.282799,
Belgium,BEL,SE.TER.ENRR,79.4996032714844,82.6882019042969,83.5736465454102,82.1475601196289,,
Belgium,BEL,IP.JRN.ARTC.SC,16602.95,17845.94,17124.05,16816.32,,
Belize,BLZ,GOV_WGI_CC_EST,-0.0753264999999999,-0.0899104999999999,-0.0459141999999999,-0.115986499999999,-0.1604129,
Belize,BLZ,IT.NET.BBND.P2,9.21159022752628,9.10594770150703,9.75385677359442,,,
Belize,BLZ,NY.GDP.PCAP.PP.CD,9638.89513695889,11716.326781865551,13461.209845161278,13729.89205872096,14346.518804973712,
Belize,BLZ,TX.VAL.TECH.MF.ZS,0.938240933761362,0.1916399093921313,0.0001824316203361,0.0,0.0001910876991115,
Belize,BLZ,IT.CEL.SETS.P2,67.551661668526,66.7769498110516,67.1750266305468,,,
Belize,BLZ,GOV_WGI_PV_EST,0.6026689,0.3568757,0.7353533,0.78967,0.7847219,
Belize,BLZ,GOV_WGI_RL_EST,-0.5207908,-0.527655099999999,-0.4371369,-0.4007135,-0.39715,
Belize,BLZ,SE.TER.ENRR,25.9421694120047,23.6813942822198,23.9767727412258,22.3734089825019,24.8098643151325,
Belize,BLZ,IP.JRN.ARTC.SC,16.66,11.93,17.84,18.02,,
Benin,BEN,GOV_WGI_CC_EST,-0.0352655,-0.1642663,-0.1108108,-0.1047671,-0.2407154,
Benin,BEN,IT.NET.BBND.P2,0.229384945213792,0.154166533404575,0.153072411564925,0.170880461346773,0.277382047807868,
Benin,BEN,NY.GDP.PCAP.PP.CD,3244.58772756805,3464.2886286745,3844.154157458155,4129.966120014199,4434.564218402803,
Benin,BEN,TX.VAL.TECH.MF.ZS,1.8436494297798645,2.6984468993049537,4.287156206215209,4.418015139759824,30.5389584270212,
Benin,BEN,IT.CEL.SETS.P2,85.2390738023357,94.9182598289459,105.745019386968,116.036046685168,125.940873932186,
Benin,BEN,GOV_WGI_PV_EST,-0.283192699999999,-0.4106645,-0.4373008,-0.3096247,-0.4030099,
Benin,BEN,GOV_WGI_RL_EST,-0.393457699999999,-0.3852134,-0.468466,-0.390917399999999,-0.4124793,
Benin,BEN,SE.TER.ENRR,10.3808002471924,9.82796955108643,10.2350101470947,,,
Benin,BEN,IP.JRN.ARTC.SC,351.4,402.31,441.45,437.17,,
Bermuda,BMU,GOV_WGI_CC_EST,1.1797991,1.1772281,1.1763452,1.1733125,1.1762344,
Bermuda,BMU,IT.NET.BBND.P2,35.7242707589078,35.5772800395991,35.5804722852863,,51.3026796212637,
Bermuda,BMU,NY.GDP.PCAP.PP.CD,85146.40062756959,92319.67148612188,105142.40996718328,114372.04992737246,124252.83570258624,
Bermuda,BMU,TX.VAL.TECH.MF.ZS,5.482394182151822,8.074360496583553,12.540290834702713,14.937281821284772,14.300743282545277,
Bermuda,BMU,IT.CEL.SETS.P2,105.619583113293,105.185001856206,105.274212729154,,96.6767745528807,
Bermuda,BMU,GOV_WGI_PV_EST,0.9766825,0.974511,0.9782486,0.9788563,0.9711697,
Bermuda,BMU,GOV_WGI_RL_EST,0.6485582,0.6399761,0.8013243,0.8002751,0.8001056,
Bermuda,BMU,SE.TER.ENRR,,,,17.3357105255127,,
Bermuda,BMU,IP.JRN.ARTC.SC,,,,,,
Bhutan,BTN,GOV_WGI_CC_EST,1.3421241,1.3198694,1.357056,1.3563935,1.4722389,
Bhutan,BTN,IT.NET.BBND.P2,0.414152616992595,0.364566273170656,0.631823734751842,1.31881966212479,2.92069476099272,
Bhutan,BTN,NY.GDP.PCAP.PP.CD,12475.04800342798,13458.812666742975,15063.810576307216,16215.152007315288,,
Bhutan,BTN,TX.VAL.TECH.MF.ZS,0.0818080898528299,,0.0122179939865198,0.0107261524845821,,
Bhutan,BTN,IT.CEL.SETS.P2,96.7702849068709,100.330908049861,95.129809428439,95.6260610260877,99.7576826476519,
Bhutan,BTN,GOV_WGI_PV_EST,1.1154419,0.9391838,1.3224382,1.3322654,1.3541153,
Bhutan,BTN,GOV_WGI_RL_EST,0.6470186,0.6782878,0.6837835,0.7200012,0.7902665,
Bhutan,BTN,SE.TER.ENRR,16.8650740250552,14.7382447141292,14.5780698560857,15.0074996948242,13.011259392916,
Bhutan,BTN,IP.JRN.ARTC.SC,79.45,106.33,116.64,102.52,,
Bolivia,BOL,GOV_WGI_CC_EST,-0.8045643,-0.9489015,-0.9824356,-0.9556498,-0.997582699999999,
Bolivia,BOL,IT.NET.BBND.P2,7.88671647526861,9.44574009663778,10.9975247479663,11.1529423948186,12.0711429622144,
Bolivia,BOL,NY.GDP.PCAP.PP.CD,9580.98962081658,11202.440983670713,12306.729312869538,12892.12495787769,12877.635118437232,
Bolivia,BOL,TX.VAL.TECH.MF.ZS,4.325217851055254,4.548883143171252,5.517697487182869,8.165170226380756,8.793950833589111,
Bolivia,BOL,IT.CEL.SETS.P2,99.898817726261,100.809064985893,101.57150434614,,98.0287940811943,
Bolivia,BOL,GOV_WGI_PV_EST,-0.3855901,-0.2859636,-0.170608899999999,-0.289823899999999,-0.5460357,
Bolivia,BOL,GOV_WGI_RL_EST,-1.2021414,-1.1101906,-1.1775683,-1.2028195,-1.267722,
Bolivia,BOL,SE.TER.ENRR,,,,,,
Bolivia,BOL,IP.JRN.ARTC.SC,169.82,161.62,181.31,196.72,,
Bosnia and Herzegovina,BIH,GOV_WGI_CC_EST,-0.624659499999999,-0.6690056,-0.680061199999999,-0.5984163,-0.5128682,
Bosnia and Herzegovina,BIH,IT.NET.BBND.P2,23.3507882918721,24.5890868366952,27.3190356221695,28.440133083292,29.3909178564419,
Bosnia and Herzegovina,BIH,NY.GDP.PCAP.PP.CD,16369.93531978359,18286.73733242331,21651.295237486163,23376.222747714077,25043.08863961269,
Bosnia and Herzegovina,BIH,TX.VAL.TECH.MF.ZS,4.614452473673617,5.316222002422011,5.224749177601036,4.96705366555243,6.1631735705966415,
Bosnia and Herzegovina,BIH,IT.CEL.SETS.P2,106.374742411306,114.911613799718,118.944352880459,117.733690876159,121.232373011893,
Bosnia and Herzegovina,BIH,GOV_WGI_PV_EST,-0.2690285,-0.310701599999999,-0.248056399999999,-0.1999229,-0.5010614,
Bosnia and Herzegovina,BIH,GOV_WGI_RL_EST,-0.3025925,-0.3074514,-0.289740999999999,-0.3548804,-0.319134,
Bosnia and Herzegovina,BIH,SE.TER.ENRR,43.8039207458496,45.0589485168457,45.6063499450684,45.5027618408203,,
Bosnia and Herzegovina,BIH,IP.JRN.ARTC.SC,1007.25,1091.63,1029.2,1082.64,,
Botswana,BWA,GOV_WGI_CC_EST,0.7218389,0.7018975,0.6506622,0.6066871,0.6311414,
Botswana,BWA,IT.NET.BBND.P2,3.58604400704343,5.5483769953124,4.53192190474005,6.16495796381324,7.4409622000215,
Botswana,BWA,NY.GDP.PCAP.PP.CD,15292.262467325198,17960.625444743728,19976.83437944735,21012.10319924998,20538.13201788891,
Botswana,BWA,TX.VAL.TECH.MF.ZS,0.4057128034922768,0.3307859414532644,0.5023812940932434,0.5394690309547364,,
Botswana,BWA,IT.CEL.SETS.P2,161.858815314634,173.25235140068,178.205018910673,179.027305378019,163.999922257361,
Botswana,BWA,GOV_WGI_PV_EST,1.0835182,1.0572186,1.0798421,1.0127245,1.0322942,
Botswana,BWA,GOV_WGI_RL_EST,0.33481,0.3719933,0.3434669,0.3322692,0.3120842,
Botswana,BWA,SE.TER.ENRR,22.4017870513653,21.2032904951187,20.7095613715302,20.5658232475186,21.4087908549348,
Botswana,BWA,IP.JRN.ARTC.SC,319.29,377.36,391.01,383.84,,
Brazil,BRA,GOV_WGI_CC_EST,-0.337231599999999,-0.404589,-0.4562788,-0.451506099999999,-0.4088904,
Brazil,BRA,IT.NET.BBND.P2,17.418059685583,19.8363162401481,20.9534469027015,22.4192301618889,24.079199344422,
Brazil,BRA,NY.GDP.PCAP.PP.CD,16101.618306295422,18075.70600487568,19876.85335313965,21175.61869882142,22338.476564063538,
Brazil,BRA,TX.VAL.TECH.MF.ZS,11.350094267880449,9.00155420026002,9.11134627987528,9.849149349554,11.110364420665157,
Brazil,BRA,IT.CEL.SETS.P2,98.6456198619193,104.824727184587,101.245468903076,101.020256020808,101.926846460424,
Brazil,BRA,GOV_WGI_PV_EST,-0.427421599999999,-0.3922756,-0.415796899999999,-0.521574099999999,-0.5205702,
Brazil,BRA,GOV_WGI_RL_EST,-0.392171899999999,-0.4091435,-0.4398335,-0.483012599999999,-0.446218,
Brazil,BRA,SE.TER.ENRR,55.529109954834,57.6311988830566,61.0000915527344,,69.7317733764648,
Brazil,BRA,IP.JRN.ARTC.SC,66901.34,69590.64,62659.84,58292.04,,
British Virgin Islands,VGB,GOV_WGI_CC_EST,,,,,,
British Virgin Islands,VGB,IT.NET.BBND.P2,19.0925003366097,20.8865614007247,20.5485529371852,23.5269975631653,24.9119606799929,
British Virgin Islands,VGB,NY.GDP.PCAP.PP.CD,,,,,,
British Virgin Islands,VGB,TX.VAL.TECH.MF.ZS,,,,,,
British Virgin Islands,VGB,IT.CEL.SETS.P2,94.6896458866299,99.5556613504721,92.8912549909966,90.8246761574965,93.1316662866408,
British Virgin Islands,VGB,GOV_WGI_PV_EST,,,,,,
British Virgin Islands,VGB,GOV_WGI_RL_EST,,,,,,
British Virgin Islands,VGB,SE.TER.ENRR,30.475763016158,30.3667262969589,29.0409725348942,26.6493055555556,29.5605306799337,
British Virgin Islands,VGB,IP.JRN.ARTC.SC,,,,,,
Brunei Darussalam,BRN,GOV_WGI_CC_EST,1.183555,1.1827999,1.1825406,1.1816499,1.1861774,
Brunei Darussalam,BRN,IT.NET.BBND.P2,15.886760064729,17.580984722871,19.8049937413532,20.2120497048692,21.1771240120937,
Brunei Darussalam,BRN,NY.GDP.PCAP.PP.CD,69787.96327957169,78248.797127611,81801.7459224403,85032.60087419949,89879.36149807577,
Brunei Darussalam,BRN,TX.VAL.TECH.MF.ZS,1.3389570491639085,1.3609175851410775,1.0442596038317469,1.0192505676847716,1.0643345945348786,
Brunei Darussalam,BRN,IT.CEL.SETS.P2,119.933885258067,133.597065445264,116.108439291126,118.673752421293,118.130579766209,
Brunei Darussalam,BRN,GOV_WGI_PV_EST,1.1645233,1.1632013,1.175984,1.3348873,1.2027245,
Brunei Darussalam,BRN,GOV_WGI_RL_EST,0.5634206,0.5616354,0.6385844,0.638307,0.5876078,
Brunei Darussalam,BRN,SE.TER.ENRR,27.4692556634304,27.4258937503291,31.1925368707703,36.4182725443167,,
Brunei Darussalam,BRN,IP.JRN.ARTC.SC,257.49,302.38,375.4,501.5,,
Bulgaria,BGR,GOV_WGI_CC_EST,-0.258415699999999,-0.2260611,-0.1369351,-0.1501295,-0.240017999999999,
Bulgaria,BGR,IT.NET.BBND.P2,30.5042854761098,32.7688420838347,34.9667968772891,37.0235717545079,,
Bulgaria,BGR,NY.GDP.PCAP.PP.CD,27351.86074486011,30959.111845980715,36320.14222951922,38829.19132081018,41969.4515718999,
Bulgaria,BGR,TX.VAL.TECH.MF.ZS,11.303272578422265,10.924473573821324,10.38267754185687,12.057894417322116,13.4299683659831,
Bulgaria,BGR,IT.CEL.SETS.P2,114.596737765322,114.911988483727,116.679163253179,117.932685806225,118.067152838789,
Bulgaria,BGR,GOV_WGI_PV_EST,0.4210468,0.4063981,0.3269733,0.3144686,0.0399268,
Bulgaria,BGR,GOV_WGI_RL_EST,-0.1505346,-0.0377457,-0.0998029,-0.0265936,-0.0333423,
Bulgaria,BGR,SE.TER.ENRR,85.5331115722656,85.3017501831055,84.1293563842773,79.8532333374023,69.5460433959961,
Bulgaria,BGR,IP.JRN.ARTC.SC,4475.96,4748.48,4858.97,4998.4,,
Burkina Faso,BFA,GOV_WGI_CC_EST,-0.2018274,-0.2024751,-0.2342071,-0.2479719,-0.2525569,
Burkina Faso,BFA,IT.NET.BBND.P2,0.0650831126106853,0.0740660150924452,0.214398323020291,0.459463342299517,0.851360416490348,
Burkina Faso,BFA,NY.GDP.PCAP.PP.CD,2380.722827818022,2486.4309314776174,2645.2406799661094,2759.3020548460527,2895.891520336648,
Burkina Faso,BFA,TX.VAL.TECH.MF.ZS,3.4012347995173298,2.256539167833058,1.528998976495303,3.7978465983735137,1.6454890195088876,
Burkina Faso,BFA,IT.CEL.SETS.P2,102.972844247019,112.198419449151,113.996146792235,116.16313821519,116.5895933212,
Burkina Faso,BFA,GOV_WGI_PV_EST,-1.4159765,-1.5801637,-1.82102069999999,-2.0423169,-1.9063314,
Burkina Faso,BFA,GOV_WGI_RL_EST,-0.418916099999999,-0.401084599999999,-0.6266501,-0.7145087,-0.883858599999999,
Burkina Faso,BFA,SE.TER.ENRR,7.64277062242324,9.30513098594236,9.67069485831779,10.1078755635882,10.0419678526515,
Burkina Faso,BFA,IP.JRN.ARTC.SC,314.28,357.04,451.82,519.72,,
Burundi,BDI,GOV_WGI_CC_EST,-1.3529714,-1.390618,-1.3235206,-1.29205449999999,-1.46248849999999,
Burundi,BDI,IT.NET.BBND.P2,0.0335260991567275,0.0304886490520483,0.0300650914860841,0.0203441336211462,,
Burundi,BDI,NY.GDP.PCAP.PP.CD,958.1355994900838,1035.5385738493778,1104.7771876487784,1149.9840584238932,1194.9468137038734,
Burundi,BDI,TX.VAL.TECH.MF.ZS,0.1204955015887759,0.250001784207837,1.1179240916667086,1.3050836704109754,,
Burundi,BDI,IT.CEL.SETS.P2,52.5571219738138,59.700785493419,56.2599912004244,63.1631365759764,,
Burundi,BDI,GOV_WGI_PV_EST,-1.49526809999999,-1.37835589999999,-1.28089529999999,-1.2840156,-1.3763566,
Burundi,BDI,GOV_WGI_RL_EST,-1.32121199999999,-1.3122824,-1.32171369999999,-1.30785589999999,-1.3028277,
Burundi,BDI,SE.TER.ENRR,,,,6.02545976638794,,6.38454008102417
Burundi,BDI,IP.JRN.ARTC.SC,37.16,29.42,33.96,36.26,,
Cabo Verde,CPV,GOV_WGI_CC_EST,0.8002643,0.8975963,0.856269,0.8619303,0.9407675,
Cabo Verde,CPV,IT.NET.BBND.P2,4.82611491823059,5.90962142576488,6.56769429388869,7.23008973237277,8.30537440200276,
Cabo Verde,CPV,NY.GDP.PCAP.PP.CD,6852.576699303546,7685.419213936686,9481.073354056049,10242.153201121184,11195.12053129234,
Cabo Verde,CPV,TX.VAL.TECH.MF.ZS,0.7602045225231586,2.038021424785556,3.4765400015460224,1.152150058359217,,
Cabo Verde,CPV,IT.CEL.SETS.P2,105.838590655535,114.230551109167,113.247367438782,113.022968194497,111.84067886381,
Cabo Verde,CPV,GOV_WGI_PV_EST,0.839032,0.8339009,0.8359641,0.8691911,0.7695825,
Cabo Verde,CPV,GOV_WGI_RL_EST,0.6687901,0.4863826,0.4774863,0.422484,0.424201,
Cabo Verde,CPV,SE.TER.ENRR,,,,,,
Cabo Verde,CPV,IP.JRN.ARTC.SC,19.4,21.08,23.38,18.34,,
Cambodia,KHM,GOV_WGI_CC_EST,-1.1175106,-1.0917539,-1.1129555,-1.1216382,-1.2328592,
Cambodia,KHM,IT.NET.BBND.P2,1.39770029835926,1.98089406311481,2.9638308346303,3.64181801068419,4.14566160137529,
Cambodia,KHM,NY.GDP.PCAP.PP.CD,5942.453803739287,6225.532654747405,6918.81626947213,7430.730857098369,7966.8735242870525,
Cambodia,KHM,TX.VAL.TECH.MF.ZS,2.2830748424057363,2.980632793680184,6.562225982364634,12.98534311488826,5.262141405742119,
Cambodia,KHM,IT.CEL.SETS.P2,126.075894769858,117.234785164989,113.391506572248,120.80911943838,116.091961125929,
Cambodia,KHM,GOV_WGI_PV_EST,-0.2401873,-0.1486895,-0.0739156,0.1346422,0.1284232,
Cambodia,KHM,GOV_WGI_RL_EST,-1.1462953,-1.14770479999999,-1.1151898,-1.099508,-1.0562612,
Cambodia,KHM,SE.TER.ENRR,13.8767573747135,13.5005634857238,14.6069513022825,17.4362364390629,21.4437426836662,
Cambodia,KHM,IP.JRN.ARTC.SC,154.12,153.37,183.99,200.77,,
Cameroon,CMR,GOV_WGI_CC_EST,-1.057706,-1.115647,-1.1102965,-1.1264261,-1.22428539999999,
Cameroon,CMR,IT.NET.BBND.P2,2.75682417749367,2.23385126289217,2.12862474053,,,
Cameroon,CMR,NY.GDP.PCAP.PP.CD,4365.447041283924,4793.556282001956,5188.977508660814,5410.769219376422,5588.986458619447,
Cameroon,CMR,TX.VAL.TECH.MF.ZS,3.0838224241557235,2.1512316696661284,3.288647060039671,2.103630291610331,,
Cameroon,CMR,IT.CEL.SETS.P2,85.2721639882676,80.8081013360278,89.8274190453067,96.4817325902196,108.213130152497,
Cameroon,CMR,GOV_WGI_PV_EST,-1.6215792,-1.57868299999999,-1.6950827,-1.6104201,-1.55680399999999,
Cameroon,CMR,GOV_WGI_RL_EST,-1.2272568,-1.2194535,-1.2120562,-1.2400721,-1.2537215,
Cameroon,CMR,SE.TER.ENRR,15.5519566247682,17.1581831920239,16.4371527754335,16.0404395184936,16.6614294830602,
Cameroon,CMR,IP.JRN.ARTC.SC,1137.44,1323.23,1462.84,1546.9,,
Canada,CAN,GOV_WGI_CC_EST,1.6422133,1.6156132,1.651994,1.6263584,1.6319089,
Canada,CAN,IT.NET.BBND.P2,40.7949805592606,41.6930962576979,42.1792116530791,42.5241770773151,42.5238215177079,
Canada,CAN,NY.GDP.PCAP.PP.CD,48590.6832121939,56995.11767813512,63944.10501006869,64219.31739286365,64610.37951719712,
Canada,CAN,TX.VAL.TECH.MF.ZS,16.758708977524385,16.337628887139992,15.148976538046844,16.371795438826258,16.777902982771057,
Canada,CAN,IT.CEL.SETS.P2,84.7747749116615,87.4056019628826,91.2386689983444,94.1497268194785,94.1059718794246,
Canada,CAN,GOV_WGI_PV_EST,0.9455077,0.7604154,0.5074459,0.6267803,0.5984769,
Canada,CAN,GOV_WGI_RL_EST,1.5585901,1.5493331,1.5052581,1.4361681,1.4608299,
Canada,CAN,SE.TER.ENRR,75.2389068603516,79.7657318115234,78.8488311767578,76.2666931152344,,
Canada,CAN,IP.JRN.ARTC.SC,64548.83,68647.82,66751.03,63719.9,,
Cayman Islands,CYM,GOV_WGI_CC_EST,0.6059907,0.6049017,0.6045278,0.6032433,0.6044808,
Cayman Islands,CYM,IT.NET.BBND.P2,46.5901811193291,45.6438637530667,56.3604363676998,,,
Cayman Islands,CYM,NY.GDP.PCAP.PP.CD,66118.65408590277,74160.4914000191,82295.58207047821,88427.78667126909,,
Cayman Islands,CYM,TX.VAL.TECH.MF.ZS,69.5994743298033,67.76533746208843,56.64670519086216,47.70141333462299,85.52322838695822,
Cayman Islands,CYM,IT.CEL.SETS.P2,145.594315997903,142.637074228333,139.314997695241,,,
Cayman Islands,CYM,GOV_WGI_PV_EST,1.2749256,1.4633939,1.4663069,1.4667806,1.4607897,
Cayman Islands,CYM,GOV_WGI_RL_EST,0.7841015,0.8542534,0.8305979,0.8301979,0.8301334,
Cayman Islands,CYM,SE.TER.ENRR,,,,,,
Cayman Islands,CYM,IP.JRN.ARTC.SC,,,,,,
Central African Republic,CAF,GOV_WGI_CC_EST,-1.25240479999999,-1.316273,-1.3173981,-1.3816342,-1.30997079999999,
Central African Republic,CAF,IT.NET.BBND.P2,,0.0097611549069853,0.0160846160651184,,,
Central African Republic,CAF,NY.GDP.PCAP.PP.CD,1066.2900542315083,1128.5523799645855,1217.8497714115497,1257.0943571711448,1263.1023421369896,
Central African Republic,CAF,TX.VAL.TECH.MF.ZS,0.6708383555121203,7.669124470247622,37.29740467739519,1.8785669682649464,8.299780421914141,
Central African Republic,CAF,IT.CEL.SETS.P2,36.426009643045,35.8169832358522,38.8217901039988,,,
Central African Republic,CAF,GOV_WGI_PV_EST,-2.3306101,-2.1689304,-1.9022515,-1.87417179999999,-1.83294689999999,
Central African Republic,CAF,GOV_WGI_RL_EST,-1.5623816,-1.5476834,-1.66733549999999,-1.7248503,-1.7147975,
Central African Republic,CAF,SE.TER.ENRR,,,,,,
Central African Republic,CAF,IP.JRN.ARTC.SC,19.03,17.31,22.39,25.75,,
Chad,TCD,GOV_WGI_CC_EST,-1.48219979999999,-1.4920803,-1.4663578,-1.48878199999999,-1.3909131,
Chad,TCD,IT.NET.BBND.P2,0.0,0.0,0.0,0.0,0.0,
Chad,TCD,NY.GDP.PCAP.PP.CD,2185.990341735372,2435.0727465109894,2624.11789713994,2700.36055335878,2742.65952183613,
Chad,TCD,TX.VAL.TECH.MF.ZS,,,,,,
Chad,TCD,IT.CEL.SETS.P2,50.434327397335,58.0323175441615,65.4377795535985,70.1873962423852,72.9289782617702,
Chad,TCD,GOV_WGI_PV_EST,-1.4524146,-1.689273,-1.6491593,-1.6839155,-1.77893219999999,
Chad,TCD,GOV_WGI_RL_EST,-1.33343259999999,-1.34307209999999,-1.38191249999999,-1.454847,-1.4446512,
Chad,TCD,SE.TER.ENRR,4.39665967267065,,,,,
Chad,TCD,IP.JRN.ARTC.SC,18.49,27.43,37.07,52.36,,
Channel Islands,CHI,GOV_WGI_CC_EST,,,,,,
Channel Islands,CHI,IT.NET.BBND.P2,,,,,,
Channel Islands,CHI,NY.GDP.PCAP.PP.CD,,,,,,
Channel Islands,CHI,TX.VAL.TECH.MF.ZS,,,,,,
Channel Islands,CHI,IT.CEL.SETS.P2,,,,,,
Channel Islands,CHI,GOV_WGI_PV_EST,,,,,,
Channel Islands,CHI,GOV_WGI_RL_EST,,,,,,
Channel Islands,CHI,SE.TER.ENRR,,,,,,
Channel Islands,CHI,IP.JRN.ARTC.SC,,,,,,
Chile,CHL,GOV_WGI_CC_EST,1.2156268,1.1463006,1.1452971,1.0318341,1.1057968,
Chile,CHL,IT.NET.BBND.P2,19.4305872645094,22.0140443723879,22.7901897178525,22.9954165646133,23.731405742065,
Chile,CHL,NY.GDP.PCAP.PP.CD,25350.86350829717,29089.85045972798,30932.0010873677,33145.403552024974,36181.15661697702,
Chile,CHL,TX.VAL.TECH.MF.ZS,15.9750583433893,12.441774859085578,6.936726841166927,10.719563342370906,8.316503074506883,
Chile,CHL,IT.CEL.SETS.P2,129.413740104604,136.571581265001,135.114280974065,135.871118507277,132.660408764665,
Chile,CHL,GOV_WGI_PV_EST,0.1362588,0.146317,-0.004406,0.0876667,0.1213566,
Chile,CHL,GOV_WGI_RL_EST,0.7392409,0.7564837,0.7437613,0.6647803,0.6910553,
Chile,CHL,SE.TER.ENRR,89.1124877929688,96.2227935791016,99.3372802734375,104.734062194824,110.176902770996,
Chile,CHL,IP.JRN.ARTC.SC,8380.99,9319.43,8443.63,8573.42,,
China,CHN,GOV_WGI_CC_EST,0.0531167,0.0556852,0.0432332,0.1138225,0.0886811,
China,CHN,IT.NET.BBND.P2,33.9069794578039,37.5611751315805,41.3736197056022,44.728886496649,47.1933952081567,
China,CHN,NY.GDP.PCAP.PP.CD,18267.47834558274,20843.29783473765,23032.176627114277,25179.119306638306,27104.8702677463,
China,CHN,TX.VAL.TECH.MF.ZS,31.27661542412927,30.219073279659558,27.765061256315583,26.568213654288087,26.277738047922263,
China,CHN,IT.CEL.SETS.P2,120.496715387079,121.491918368395,124.195248970763,128.247014127486,131.753932036803,
China,CHN,GOV_WGI_PV_EST,-0.302661299999999,-0.259168,-0.249058199999999,-0.174451499999999,-0.153336399999999,
China,CHN,GOV_WGI_RL_EST,-0.5093696,-0.5386195,-0.563864399999999,-0.552260699999999,-0.579319799999999,
China,CHN,SE.TER.ENRR,61.6124675996947,66.8186077597542,71.5799465086024,74.5933014618366,76.8757843123403,
China,CHN,IP.JRN.ARTC.SC,671731.01,756203.38,885962.5,932711.93,,
Colombia,COL,GOV_WGI_CC_EST,-0.256463899999999,-0.269745299999999,-0.256400299999999,-0.309004899999999,-0.2937197,
Colombia,COL,IT.NET.BBND.P2,15.3363074463544,16.4767904492313,17.007465545983,17.0369815251774,17.2244156778185,
Colombia,COL,NY.GDP.PCAP.PP.CD,15519.210169465632,17383.090172829532,20854.002999162018,21246.37626952008,22349.436440122998,
Colombia,COL,TX.VAL.TECH.MF.ZS,9.913551572203346,8.209149609062438,8.401826371864393,8.599891597811409,9.024697049126718,
Colombia,COL,IT.CEL.SETS.P2,133.661019178018,146.627837254516,156.195161137443,166.980107777443,174.094289675393,
Colombia,COL,GOV_WGI_PV_EST,-0.6819314,-1.0147831,-0.809182,-0.7993485,-0.9708732,
Colombia,COL,GOV_WGI_RL_EST,-0.482495599999999,-0.506983,-0.5296476,-0.5648803,-0.5597434,
Colombia,COL,SE.TER.ENRR,55.7331085205078,58.3159217834473,59.2901382446289,,,
Colombia,COL,IP.JRN.ARTC.SC,8888.34,9491.15,9305.41,9183.73,,
Comoros,COM,GOV_WGI_CC_EST,-1.32241109999999,-1.4088014,-1.33720709999999,-1.15283659999999,-1.14078259999999,
Comoros,COM,IT.NET.BBND.P2,0.148099575772006,0.150456993255713,0.219375008990779,0.387941019794517,,
Comoros,COM,NY.GDP.PCAP.PP.CD,3244.886749684695,3377.885184825867,3641.629203903529,3811.650848824133,3958.532287896874,
Comoros,COM,TX.VAL.TECH.MF.ZS,0.5749290858199807,0.2068839095744487,0.3073308465241927,3.13907204820087,,
Comoros,COM,IT.CEL.SETS.P2,97.4339379901591,104.311430086999,100.549036907747,109.855630436495,,
Comoros,COM,GOV_WGI_PV_EST,-0.4562829,-0.3981267,-0.374766,-0.3743498,-0.221274299999999,
Comoros,COM,GOV_WGI_RL_EST,-1.0663536,-1.1021442,-1.17970929999999,-1.134272,-1.1308597,
Comoros,COM,SE.TER.ENRR,,,,,,
Comoros,COM,IP.JRN.ARTC.SC,3.51,4.51,3.91,8.01,,
"Congo, Dem. Rep.",COD,GOV_WGI_CC_EST,-1.4573026,-1.50417239999999,-1.5102589,-1.4890974,-1.5153396,
"Congo, Dem. Rep.",COD,IT.NET.BBND.P2,0.0322950314052512,0.0312660957356555,0.0322275167366284,0.0219936280960956,0.0320289131404702,
"Congo, Dem. Rep.",COD,NY.GDP.PCAP.PP.CD,1088.7890035636976,1402.3856029522096,1590.1640421955578,1730.622288776939,1821.048687180576,
"Congo, Dem. Rep.",COD,TX.VAL.TECH.MF.ZS,0.5068206170053211,0.0782346689876281,0.723158681595087,0.1996116652253686,,
"Congo, Dem. Rep.",COD,IT.CEL.SETS.P2,42.5027574227056,47.2882541992485,48.6773534153863,53.1888827659463,58.532153345468,
"Congo, Dem. Rep.",COD,GOV_WGI_PV_EST,-1.80629289999999,-1.6314631,-1.8455557,-1.9812287,-2.1191762,
"Congo, Dem. Rep.",COD,GOV_WGI_RL_EST,-1.6143214,-1.53122649999999,-1.5809744,-1.60554359999999,-1.6266053,
"Congo, Dem. Rep.",COD,SE.TER.ENRR,6.37987995147705,,,,,
"Congo, Dem. Rep.",COD,IP.JRN.ARTC.SC,177.56,205.52,238.79,243.06,,
"Congo, Rep.",COG,GOV_WGI_CC_EST,-1.3702576,-1.34316449999999,-1.36385159999999,-1.4043963,-1.42356899999999,
"Congo, Rep.",COG,IT.NET.BBND.P2,,0.256899692355108,0.435883126454822,1.26798412068153,,
"Congo, Rep.",COG,NY.GDP.PCAP.PP.CD,4770.964497583653,6263.211612926363,6647.496817313898,6850.277706210988,7026.36223281494,
"Congo, Rep.",COG,TX.VAL.TECH.MF.ZS,4.549873277803872,6.537112474603848,4.327226541631775,3.1597223457472365,,
"Congo, Rep.",COG,IT.CEL.SETS.P2,97.6561289989503,95.8614998889206,93.6259259161068,94.8715365076336,95.5319320614796,
"Congo, Rep.",COG,GOV_WGI_PV_EST,-0.5758284,-0.517419899999999,-0.1445911,-0.199460399999999,-0.2584147,
"Congo, Rep.",COG,GOV_WGI_RL_EST,-1.2489371,-1.23331679999999,-1.2067389,-1.18292059999999,-1.1785603,
"Congo, Rep.",COG,SE.TER.ENRR,,,,10.3812103271484,,
"Congo, Rep.",COG,IP.JRN.ARTC.SC,80.59,89.9,100.48,95.66,,
Costa Rica,CRI,GOV_WGI_CC_EST,0.756375,0.590956,0.5669805,0.6775627,0.6792372,
Costa Rica,CRI,IT.NET.BBND.P2,19.7191477697087,20.9242986347003,21.7575979999075,22.5231293549635,23.287699004466,
Costa Rica,CRI,NY.GDP.PCAP.PP.CD,22099.867812739423,23852.925302000167,26226.27548159493,28908.768874319103,31106.764355672854,
Costa Rica,CRI,TX.VAL.TECH.MF.ZS,15.681961032420984,16.967000554270463,21.974896001181843,24.177789153065973,22.858799404965303,
Costa Rica,CRI,IT.CEL.SETS.P2,142.481526800044,140.788061157457,136.518375013406,133.527658761832,136.024511151268,
Costa Rica,CRI,GOV_WGI_PV_EST,0.9250217,1.0171458,1.1460641,1.1842629,1.1756544,
Costa Rica,CRI,GOV_WGI_RL_EST,0.6316985,0.6104539,0.6675589,0.6431263,0.6167412,
Costa Rica,CRI,SE.TER.ENRR,,,,,,
Costa Rica,CRI,IP.JRN.ARTC.SC,711.16,750.58,725.44,660.82,,
Cote d'Ivoire,CIV,GOV_WGI_CC_EST,-0.4863208,-0.446876999999999,-0.370305999999999,-0.3616761,-0.2850472,
Cote d'Ivoire,CIV,IT.NET.BBND.P2,0.903911262107671,1.13037781443128,1.25179133069312,1.36336622359986,1.60153227430253,
Cote d'Ivoire,CIV,NY.GDP.PCAP.PP.CD,5543.850963189389,6045.204804908794,6719.443815576367,7237.181707409086,7669.231957156869,
Cote d'Ivoire,CIV,TX.VAL.TECH.MF.ZS,5.112940249471475,3.8633664537050194,3.556570328724159,4.413107260117726,5.257594120699476,
Cote d'Ivoire,CIV,IT.CEL.SETS.P2,138.663750301785,150.343798608733,161.231833444196,171.988943341282,183.875985110648,
Cote d'Ivoire,CIV,GOV_WGI_PV_EST,-1.16712789999999,-0.895587799999999,-0.716317499999999,-0.7874489,-0.8438331,
Cote d'Ivoire,CIV,GOV_WGI_RL_EST,-0.618331,-0.6527655,-0.6021757,-0.6022948,-0.578144099999999,
Cote d'Ivoire,CIV,SE.TER.ENRR,10.2664091345849,10.7725833415282,11.1134926507622,11.5724272130065,12.3354902267456,
Cote d'Ivoire,CIV,IP.JRN.ARTC.SC,294.57,394.35,349.61,391.71,,
Croatia,HRV,GOV_WGI_CC_EST,0.1356925,0.0954983,0.1067785,0.113708,0.1486813,
Croatia,HRV,IT.NET.BBND.P2,26.0744550144438,26.7157501000099,27.6606739600213,28.4709561519529,29.5997367962687,
Croatia,HRV,NY.GDP.PCAP.PP.CD,31594.01119221411,36930.28419414053,42125.07269309308,47759.698299533855,49550.79215060172,
Croatia,HRV,TX.VAL.TECH.MF.ZS,9.680041032993806,9.606733514122746,12.063854042863776,11.033590881471492,11.673919931118864,
Croatia,HRV,IT.CEL.SETS.P2,110.666299439701,112.169438491978,114.677195729643,117.112604314708,121.732525659138,
Croatia,HRV,GOV_WGI_PV_EST,0.6477441,0.6364386,0.7321186,0.6832484,0.5814089,
Croatia,HRV,GOV_WGI_RL_EST,0.3486941,0.4127964,0.4345096,0.4257869,0.3774835,
Croatia,HRV,SE.TER.ENRR,74.738037109375,78.0067901611328,80.7626724243164,81.1775207519531,,
Croatia,HRV,IP.JRN.ARTC.SC,4919.63,5529.57,5488.61,5503.53,,
Cuba,CUB,GOV_WGI_CC_EST,-0.1430736,-0.2211207,-0.2238752,-0.1628482,-0.226276999999999,
Cuba,CUB,IT.NET.BBND.P2,2.07271530590388,2.67322881654008,2.89200005063374,2.97118012807884,3.08297531927544,
Cuba,CUB,NY.GDP.PCAP.PP.CD,,,,,,
Cuba,CUB,TX.VAL.TECH.MF.ZS,9.828898803760575,70.08656603414103,7.875589131826639,,,
Cuba,CUB,IT.CEL.SETS.P2,59.6058696780721,63.8661095570576,68.7180442358013,69.5767786567811,72.930002350684,
Cuba,CUB,GOV_WGI_PV_EST,0.6687382,0.4994388,0.4974928,0.4305507,0.3155266,
Cuba,CUB,GOV_WGI_RL_EST,-0.5749692,-0.6486658,-0.4977926,-0.5659906,-0.6235716,
Cuba,CUB,SE.TER.ENRR,46.7357262964117,51.8885571735926,,49.7285704304293,43.1040700506779,
Cuba,CUB,IP.JRN.ARTC.SC,1404.05,1600.57,1420.58,1216.63,,
Curacao,CUW,GOV_WGI_CC_EST,,,,,,
Curacao,CUW,IT.NET.BBND.P2,31.5936827768109,32.5704880878504,32.9115972915374,31.5126707545287,,
Curacao,CUW,NY.GDP.PCAP.PP.CD,21722.017365152737,24905.76844532444,28640.687233602606,30651.58855104229,32693.293976489305,
Curacao,CUW,TX.VAL.TECH.MF.ZS,,,,,,
Curacao,CUW,IT.CEL.SETS.P2,91.8829519290015,90.6602271807463,92.7324718767703,93.7975591472655,,
Curacao,CUW,GOV_WGI_PV_EST,,,,,,
Curacao,CUW,GOV_WGI_RL_EST,,,,,,
Curacao,CUW,SE.TER.ENRR,,,,,,
Curacao,CUW,IP.JRN.ARTC.SC,,,,,,
Cyprus,CYP,GOV_WGI_CC_EST,0.4663521,0.4905518,0.5652889,0.4826822,0.5324784,
Cyprus,CYP,IT.NET.BBND.P2,36.3127392017496,36.6502473650247,36.7656727425982,36.9005587748344,37.5627069536424,
Cyprus,CYP,NY.GDP.PCAP.PP.CD,42569.0546875,47632.76953125,55876.17578125,59874.5703125,63006.61328125,
Cyprus,CYP,TX.VAL.TECH.MF.ZS,12.244827731299509,15.969002678663305,17.659598122901116,18.74195339288293,18.03292345069013,
Cyprus,CYP,IT.CEL.SETS.P2,135.588846364133,142.051408905141,146.71583605521,148.333712748344,156.218025662252,
Cyprus,CYP,GOV_WGI_PV_EST,0.4538116,0.4791734,0.3811357,0.3935929,0.3858613,
Cyprus,CYP,GOV_WGI_RL_EST,0.7472668,0.7712279,0.7642266,0.7591158,0.6891912,
Cyprus,CYP,SE.TER.ENRR,102.390762329102,106.362930297852,105.384979248047,107.26212310791,120.87727355957,
Cyprus,CYP,IP.JRN.ARTC.SC,1415.76,1628.11,1725.47,1764.12,,
Czechia,CZE,GOV_WGI_CC_EST,0.6341668,0.7300087,0.8031753,0.8499213,0.9310659,
Czechia,CZE,IT.NET.BBND.P2,36.4490898642092,37.4984794433561,37.7136856539825,37.9099783935119,38.8656371139002,
Czechia,CZE,NY.GDP.PCAP.PP.CD,44839.48220994547,47796.0337408466,52946.966085446205,55761.379829137455,57285.42370013792,
Czechia,CZE,TX.VAL.TECH.MF.ZS,22.58251525964996,20.35609092625528,21.835361895952587,20.302723987427008,22.40452152795576,
Czechia,CZE,IT.CEL.SETS.P2,123.219460160155,126.173145654465,128.105295003482,126.004753501387,126.600163061009,
Czechia,CZE,GOV_WGI_PV_EST,0.9082209,0.9968819,0.9957469,1.0704669,0.9719006,
Czechia,CZE,GOV_WGI_RL_EST,1.1245932,1.1669833,1.1392733,1.1605869,1.1881307,
Czechia,CZE,SE.TER.ENRR,67.1843719482422,69.8369293212891,70.8145904541016,66.7282867431641,,
Czechia,CZE,IP.JRN.ARTC.SC,14605.57,14812.42,14098.3,13409.42,,
Denmark,DNK,GOV_WGI_CC_EST,2.2645808,2.2948313,2.3022376,2.3171626,2.2874751,
Denmark,DNK,IT.NET.BBND.P2,44.4185659681079,44.9598379722906,44.8863644064006,44.0352069959396,43.3933280824544,
Denmark,DNK,NY.GDP.PCAP.PP.CD,62682.289947438905,69715.18096809289,78913.65349131271,77892.29326099037,81878.23498491813,
Denmark,DNK,TX.VAL.TECH.MF.ZS,13.234392546670652,13.924798203132632,15.988289228272013,17.132157583740376,17.61944984893451,
Denmark,DNK,IT.CEL.SETS.P2,124.370019531752,125.604137839658,126.48354098254,126.717092547985,126.686532566268,
Denmark,DNK,GOV_WGI_PV_EST,0.8682976,0.8409469,0.8416401,0.9005936,0.7688761,
Denmark,DNK,GOV_WGI_RL_EST,1.9748465,2.0133921,2.0023268,2.0143499,2.0043149,
Denmark,DNK,SE.TER.ENRR,82.6643295288086,83.982292175293,84.5866088867188,81.2308197021484,78.9604110717773,
Denmark,DNK,IP.JRN.ARTC.SC,15124.46,15879.3,15700.65,15603.08,,
Djibouti,DJI,GOV_WGI_CC_EST,-0.814078299999999,-0.9086172,-0.9087909,-0.905052699999999,-0.8908098,
Djibouti,DJI,IT.NET.BBND.P2,2.26685414608193,1.39112845686235,1.41245769926198,1.47205761945073,,
Djibouti,DJI,NY.GDP.PCAP.PP.CD,5527.001852298884,5960.108073968246,6621.330382204093,7225.838795724898,7810.278690667918,
Djibouti,DJI,TX.VAL.TECH.MF.ZS,,2.6282762117554803,3.024177420850287,3.2755002219803098,,
Djibouti,DJI,IT.CEL.SETS.P2,39.2725038635961,43.6423520933817,46.7770531248021,48.4504884885996,,
Djibouti,DJI,GOV_WGI_PV_EST,-0.4591955,-0.5273642,-0.4774121,-0.4640183,-0.5563593,
Djibouti,DJI,GOV_WGI_RL_EST,-1.0447412,-1.0311038,-1.0215603,-1.03950379999999,-1.01039869999999,
Djibouti,DJI,SE.TER.ENRR,,,,,,
Djibouti,DJI,IP.JRN.ARTC.SC,9.98,8.17,11.08,17.48,,
Dominica,DMA,GOV_WGI_CC_EST,0.4019084,0.3994373,0.3990364,0.4140289,0.5329662,
Dominica,DMA,IT.NET.BBND.P2,27.0611042872153,20.9562215410256,20.86014425523,,,
Dominica,DMA,NY.GDP.PCAP.PP.CD,14243.762312389785,15808.9743503945,18802.081991320545,20285.982166370708,21300.684869808894,
Dominica,DMA,TX.VAL.TECH.MF.ZS,1.69441012466024,3.3053307777051906,27.594662663954928,2.883282332074537,,
Dominica,DMA,IT.CEL.SETS.P2,110.409483077561,92.5136156662004,85.1898961482058,,,
Dominica,DMA,GOV_WGI_PV_EST,1.2385037,1.2367945,1.2397365,1.2402149,1.2341643,
Dominica,DMA,GOV_WGI_RL_EST,0.5984586,0.5368851,0.5641308,0.5395543,0.3974621,
Dominica,DMA,SE.TER.ENRR,,,,,,
Dominica,DMA,IP.JRN.ARTC.SC,5.02,6.51,5.06,3.7,,
Dominican Republic,DOM,GOV_WGI_CC_EST,-0.706555199999999,-0.545258,-0.422172599999999,-0.429853,-0.2654917,
Dominican Republic,DOM,IT.NET.BBND.P2,9.37345457518418,10.3195260186654,10.6744492390257,11.1345555858062,11.2045645451604,
Dominican Republic,DOM,NY.GDP.PCAP.PP.CD,18998.306966731503,22053.458986995527,24625.808856403743,25839.935668760703,27541.662528338416,
Dominican Republic,DOM,TX.VAL.TECH.MF.ZS,8.727411743444534,8.480050015491772,6.018790558768618,6.030929399821513,7.688683514139607,
Dominican Republic,DOM,IT.CEL.SETS.P2,81.6619005659366,87.5207623947766,90.3760163850377,91.8676246650308,93.7095828968519,
Dominican Republic,DOM,GOV_WGI_PV_EST,0.2361204,0.3502987,0.4914554,0.4655668,0.5893402,
Dominican Republic,DOM,GOV_WGI_RL_EST,-0.3813297,-0.3243436,-0.2774196,-0.241159899999999,-0.1822626,
Dominican Republic,DOM,SE.TER.ENRR,58.7264105314523,56.4690832383051,55.1665311527454,58.2428049803824,57.6509476207267,
Dominican Republic,DOM,IP.JRN.ARTC.SC,83.79,100.61,110.33,104.52,,
Ecuador,ECU,GOV_WGI_CC_EST,-0.5183859,-0.6326965,-0.655353,-0.719996,-0.775680199999999,
Ecuador,ECU,IT.NET.BBND.P2,13.5146940353863,14.0284374555704,15.1128846850944,16.0678902316524,17.246394056997,
Ecuador,ECU,NY.GDP.PCAP.PP.CD,11526.801300927762,13507.444563837456,15198.07255544725,15918.516294877289,15840.266856741184,
Ecuador,ECU,TX.VAL.TECH.MF.ZS,4.281927594864228,4.840963173813314,6.711579234057294,7.274233853992543,9.998363906726986,
Ecuador,ECU,IT.CEL.SETS.P2,88.2554920433727,94.950621672761,98.1309025742238,101.031752745524,101.598265014024,
Ecuador,ECU,GOV_WGI_PV_EST,-0.1513823,-0.1983083,-0.2336288,-0.3543579,-0.7210909,
Ecuador,ECU,GOV_WGI_RL_EST,-0.5676359,-0.4314709,-0.5794902,-0.858649799999999,-0.9650369,
Ecuador,ECU,SE.TER.ENRR,56.9066311483682,,59.879782344866,67.8851161961618,,
Ecuador,ECU,IP.JRN.ARTC.SC,2379.17,2473.5,3317.49,3529.8,,
"Egypt, Arab Rep.",EGY,GOV_WGI_CC_EST,-0.7914606,-0.7873199,-0.7776624,-0.816904499999999,-0.8269898,
"Egypt, Arab Rep.",EGY,IT.NET.BBND.P2,8.5396308016812,9.76582299335252,10.6832498285136,10.8642477216638,11.6871225241757,
"Egypt, Arab Rep.",EGY,NY.GDP.PCAP.PP.CD,15231.865417764044,15579.01608615512,17526.801703016554,18524.83929979369,19094.14494441113,
"Egypt, Arab Rep.",EGY,TX.VAL.TECH.MF.ZS,2.554901061459005,3.170819270558141,3.4020498750804142,3.1628687839356675,3.8129008781420697,
"Egypt, Arab Rep.",EGY,IT.CEL.SETS.P2,87.2316871725819,84.0866220906029,90.6794715776528,92.8261626420085,97.1295066037455,
"Egypt, Arab Rep.",EGY,GOV_WGI_PV_EST,-1.1172787,-1.066781,-0.9542974,-0.899323299999999,-0.9779235,
"Egypt, Arab Rep.",EGY,GOV_WGI_RL_EST,-0.789880599999999,-0.8185251,-0.772813099999999,-0.7776875,-0.751539899999999,
"Egypt, Arab Rep.",EGY,SE.TER.ENRR,38.773998260498,35.1185317783157,36.462230682373,37.9005584716797,37.5781274463676,38.0398346509947
"Egypt, Arab Rep.",EGY,IP.JRN.ARTC.SC,17901.1,20781.71,22502.97,22854.4,,
El Salvador,SLV,GOV_WGI_CC_EST,-0.5107438,-0.5616664,-0.680151,-0.6099566,-0.5765882,
El Salvador,SLV,IT.NET.BBND.P2,8.53679094316574,9.07178351163771,9.73832698625659,11.6271746145254,12.4640729621203,
El Salvador,SLV,NY.GDP.PCAP.PP.CD,9392.689138179434,10809.71339951796,11875.964806623284,12679.57687520609,13264.027090968028,
El Salvador,SLV,TX.VAL.TECH.MF.ZS,6.371222748529946,7.17516150721425,7.850018887340596,6.404010712721179,5.473331194417252,
El Salvador,SLV,IT.CEL.SETS.P2,159.575329772708,176.973446325336,183.248955984561,179.705636976149,176.517423814642,
El Salvador,SLV,GOV_WGI_PV_EST,-0.1497936,-0.222007099999999,-0.0998814,0.0822243,0.0061325999999999,
El Salvador,SLV,GOV_WGI_RL_EST,-0.6910565,-0.83512,-0.9646984,-0.707075599999999,-0.7133592,
El Salvador,SLV,SE.TER.ENRR,30.9986370324013,30.3043325211094,31.4538910186841,32.3802636612661,32.8347079463918,
El Salvador,SLV,IP.JRN.ARTC.SC,19.18,33.5,55.8,64.56,,
Equatorial Guinea,GNQ,GOV_WGI_CC_EST,-1.51748099999999,-1.51813589999999,-1.5183607,-1.52463899999999,-1.47309619999999,
Equatorial Guinea,GNQ,IT.NET.BBND.P2,0.107371649223871,0.0976810140631094,0.10069058437688,,,
Equatorial Guinea,GNQ,NY.GDP.PCAP.PP.CD,13677.110587516952,16821.44864704129,18139.989326627,17411.50023438401,17566.760028407287,
Equatorial Guinea,GNQ,TX.VAL.TECH.MF.ZS,,,,,,
Equatorial Guinea,GNQ,IT.CEL.SETS.P2,43.3495410342634,46.434813558898,49.5380486763568,,,
Equatorial Guinea,GNQ,GOV_WGI_PV_EST,-0.380621,-0.3214725,-0.3481526,-0.2874757,-0.1409375,
Equatorial Guinea,GNQ,GOV_WGI_RL_EST,-1.52793729999999,-1.528819,-1.4839685,-1.48074099999999,-1.54035759999999,
Equatorial Guinea,GNQ,SE.TER.ENRR,,,,,,
Equatorial Guinea,GNQ,IP.JRN.ARTC.SC,1.7,4.25,2.93,3.44,,
Eritrea,ERI,GOV_WGI_CC_EST,-1.3612091,-1.36851339999999,-1.3644356,-1.4131414,-1.6331361,
Eritrea,ERI,IT.NET.BBND.P2,0.151916994984612,0.149245578525113,0.165393390775689,,,
Eritrea,ERI,NY.GDP.PCAP.PP.CD,,,,,,
Eritrea,ERI,TX.VAL.TECH.MF.ZS,,,,,,
Eritrea,ERI,IT.CEL.SETS.P2,54.7205015934574,53.7582573847458,59.1248082166991,,,
Eritrea,ERI,GOV_WGI_PV_EST,-1.0705711,-1.02707899999999,-1.0696541,-0.7897784,-0.7086146,
Eritrea,ERI,GOV_WGI_RL_EST,-1.6238593,-1.6516587,-1.7694664,-1.79714659999999,-1.8026292,
Eritrea,ERI,SE.TER.ENRR,,,,,,
Eritrea,ERI,IP.JRN.ARTC.SC,36.08,32.01,29.98,29.08,,
Estonia,EST,GOV_WGI_CC_EST,1.5899428,1.5368104,1.5957125,1.6727855,1.669321,
Estonia,EST,IT.NET.BBND.P2,34.2700326171401,37.357189680638,39.7219150412824,35.2539796781149,35.3527186879385,
Estonia,EST,NY.GDP.PCAP.PP.CD,40672.13404021316,44251.53749834551,48217.552310602834,48637.18022087952,49968.7108278373,
Estonia,EST,TX.VAL.TECH.MF.ZS,20.62162643389512,20.63011555770852,18.01864383156159,16.581160524958964,18.38298014125696,
Estonia,EST,IT.CEL.SETS.P2,144.832210121466,148.739589817601,152.270772859015,150.195729068839,151.131825017309,
Estonia,EST,GOV_WGI_PV_EST,0.9178902,0.8879044,0.8742633,0.8473511,0.6995763,
Estonia,EST,GOV_WGI_RL_EST,1.4988678,1.4888413,1.5220957,1.482125,1.4864478,
Estonia,EST,SE.TER.ENRR,72.0443572998047,73.1502075195312,71.4251937866211,67.6179275512695,65.6692276000977,
Estonia,EST,IP.JRN.ARTC.SC,1722.9,1765.86,1791.71,1753.58,,
Eswatini,SWZ,GOV_WGI_CC_EST,-0.3014253,-0.5806756,-0.6085804,-0.6292553,-0.785159899999999,
Eswatini,SWZ,IT.NET.BBND.P2,2.29004241533492,2.55280778191155,2.18530055779024,2.76365982774566,2.5065536335855,
Eswatini,SWZ,NY.GDP.PCAP.PP.CD,9329.304533609393,9990.434919512049,10635.39241561134,11299.883123678826,11799.202879320084,
Eswatini,SWZ,TX.VAL.TECH.MF.ZS,0.3421928411903975,0.3254456211324775,0.3159117701799301,0.2853071586068864,,
Eswatini,SWZ,IT.CEL.SETS.P2,104.747264466614,118.627490794327,121.491701239707,128.399211381334,139.833459658744,
Eswatini,SWZ,GOV_WGI_PV_EST,-0.1948628,-0.428643699999999,-0.400835,-0.7261847,-0.7327829,
Eswatini,SWZ,GOV_WGI_RL_EST,-0.6595902,-0.6977002,-0.726965099999999,-0.7274341,-0.8598771,
Eswatini,SWZ,SE.TER.ENRR,,,,,,
Eswatini,SWZ,IP.JRN.ARTC.SC,35.2,38.27,43.57,30.94,,
Ethiopia,ETH,GOV_WGI_CC_EST,-0.368558799999999,-0.4003096,-0.406565399999999,-0.4629488,-0.437863299999999,
Ethiopia,ETH,IT.NET.BBND.P2,0.178274598062049,0.399382380284272,0.45157652011053,0.534823180349513,0.593917449513598,
Ethiopia,ETH,NY.GDP.PCAP.PP.CD,2406.789384786689,2588.413102158837,2844.9227453575318,3060.9050300375998,3287.534921588928,
Ethiopia,ETH,TX.VAL.TECH.MF.ZS,13.10145253066807,8.546588831622683,3.210265749360578,3.7506205580208727,,
Ethiopia,ETH,IT.CEL.SETS.P2,37.4208472347226,52.8088633217211,56.9642988837987,59.8748744402242,65.0825091944922,
Ethiopia,ETH,GOV_WGI_PV_EST,-1.5934093,-2.0139565,-1.8659545,-1.86375129999999,-1.88497389999999,
Ethiopia,ETH,GOV_WGI_RL_EST,-0.8139468,-0.9484534,-0.9181925,-1.03931399999999,-1.04892419999999,
Ethiopia,ETH,SE.TER.ENRR,,,,,,
Ethiopia,ETH,IP.JRN.ARTC.SC,4147.28,5572.61,7017.98,6727.91,,
Faroe Islands,FRO,GOV_WGI_CC_EST,,,,,,
Faroe Islands,FRO,IT.NET.BBND.P2,35.0714054804419,34.6022514071295,34.5873988631945,,,
Faroe Islands,FRO,NY.GDP.PCAP.PP.CD,61650.85122568065,68426.79432188983,75265.6585388594,79694.92979175801,81908.77817850176,
Faroe Islands,FRO,TX.VAL.TECH.MF.ZS,,,,,,
Faroe Islands,FRO,IT.CEL.SETS.P2,112.600072261205,111.093808630394,105.80437318324,,,
Faroe Islands,FRO,GOV_WGI_PV_EST,,,,,,
Faroe Islands,FRO,GOV_WGI_RL_EST,,,,,,
Faroe Islands,FRO,SE.TER.ENRR,,,,,,
Faroe Islands,FRO,IP.JRN.ARTC.SC,,,,,,
Fiji,FJI,GOV_WGI_CC_EST,0.5418111,0.4839702,0.4582725,0.5323283,0.5626875,
Fiji,FJI,IT.NET.BBND.P2,2.52053908190823,2.51573287546457,2.53376577893503,1.82947481185312,1.80009560888215,
Fiji,FJI,NY.GDP.PCAP.PP.CD,10716.291436766332,10322.427963885417,12982.291451991914,14644.177375436131,15450.299326538776,
Fiji,FJI,TX.VAL.TECH.MF.ZS,10.850874908157024,1.9091287366652567,2.241245877544534,1.646797844430439,2.9987484141773617,
Fiji,FJI,IT.CEL.SETS.P2,108.365037711907,108.158405429846,111.749120643187,361.048644963723,574.152332512188,
Fiji,FJI,GOV_WGI_PV_EST,0.6004415,0.6663534,0.782553,0.782933,0.6984398,
Fiji,FJI,GOV_WGI_RL_EST,0.1646154,0.1636161,0.2370994,0.3256265,0.3057786,
Fiji,FJI,SE.TER.ENRR,83.7613654490349,76.7030156165859,68.7794855157684,60.9679066767014,75.0089752283697,
Fiji,FJI,IP.JRN.ARTC.SC,180.75,197.31,197.72,217.87,,
Finland,FIN,GOV_WGI_CC_EST,2.2354321,2.2264683,2.1894699,2.193956,2.1920863,
Finland,FIN,IT.NET.BBND.P2,33.3838974597133,33.6396818306917,34.2951599474189,35.3318092510781,36.4765341417867,
Finland,FIN,NY.GDP.PCAP.PP.CD,53296.57927988517,56790.376617769165,62133.13752199117,63414.99368781773,65378.38418597206,
Finland,FIN,TX.VAL.TECH.MF.ZS,9.982300252858344,10.29375385362533,9.62392843667484,9.714022595491327,9.285226596339571,
Finland,FIN,IT.CEL.SETS.P2,128.761294644181,129.036333202492,128.023293416281,127.47302579722,125.860954798649,
Finland,FIN,GOV_WGI_PV_EST,1.1572607,1.1287431,1.0892287,0.7648776,0.8325695,
Finland,FIN,GOV_WGI_RL_EST,2.108953,2.0708538,1.9939363,2.0200539,2.0212705,
Finland,FIN,SE.TER.ENRR,96.4726333618164,100.868072509766,104.944221496582,108.130409240723,110.304496765137,
Finland,FIN,IP.JRN.ARTC.SC,11048.28,11446.35,11543.1,11224.2,,
France,FRA,GOV_WGI_CC_EST,1.2939757,1.422803,1.3856444,1.2672713,1.2182239,
France,FRA,IT.NET.BBND.P2,46.471240838575,47.6442336298287,48.250226559098,48.6688340139444,48.9251978969333,
France,FRA,NY.GDP.PCAP.PP.CD,49481.80443096545,52517.33549058552,57042.944901377225,60838.94167164238,62556.91810454,
France,FRA,TX.VAL.TECH.MF.ZS,21.192040524801182,22.30500308556504,21.92646112571559,22.383544972179177,23.13710737690381,
France,FRA,IT.CEL.SETS.P2,110.387215275645,113.952719366702,115.950519429629,116.687800394775,,
France,FRA,GOV_WGI_PV_EST,0.1270887,0.1241525,0.0198376,-0.0187716,-0.241365399999999,
France,FRA,GOV_WGI_RL_EST,1.1272001,1.0805521,1.0195192,0.9946177,0.97866,
France,FRA,SE.TER.ENRR,68.8709411621094,69.9397888183594,71.5107269287109,70.4536437988281,71.5346908569336,
France,FRA,IP.JRN.ARTC.SC,65600.63,67690.4,65197.8,62180.46,,
French Polynesia,PYF,GOV_WGI_CC_EST,,-0.2035976,-0.2079857,-0.2230586,-0.2085367,
French Polynesia,PYF,IT.NET.BBND.P2,22.9218972167803,26.724495339395,27.914458338386,35.5533975056738,,
French Polynesia,PYF,NY.GDP.PCAP.PP.CD,,,,,,
French Polynesia,PYF,TX.VAL.TECH.MF.ZS,10.292610755327027,23.28224679805556,9.982096391702768,0.9086141145791304,1.925220868088688,
French Polynesia,PYF,IT.CEL.SETS.P2,119.981805744084,115.413592954766,116.866159256432,118.777524029055,,
French Polynesia,PYF,GOV_WGI_PV_EST,0.9517964,1.0386429,1.0479309,1.049441,1.0303397,
French Polynesia,PYF,GOV_WGI_RL_EST,0.952574,1.0299512,1.0202576,1.0176206,1.0171948,
French Polynesia,PYF,SE.TER.ENRR,,,,,,
French Polynesia,PYF,IP.JRN.ARTC.SC,,,,,,
Gabon,GAB,GOV_WGI_CC_EST,-0.8043948,-0.8653289,-1.0035399,-0.9748427,-0.936776899999999,
Gabon,GAB,IT.NET.BBND.P2,1.9206136043356,2.65142494578668,3.3054859267542,3.97293291301595,4.6941021334787,
Gabon,GAB,NY.GDP.PCAP.PP.CD,14477.13082917444,18523.57980321933,19992.55706434685,20755.665381766,21510.17253073436,
Gabon,GAB,TX.VAL.TECH.MF.ZS,2.389734240835475,1.483325896335714,3.9075849423199847,1.773135703659753,,
Gabon,GAB,IT.CEL.SETS.P2,131.301562643297,132.30865873249,123.233187164275,122.606627765979,125.337107593999,
Gabon,GAB,GOV_WGI_PV_EST,-0.2194997,-0.28203,-0.1324826,-0.2702052,-0.276887,
Gabon,GAB,GOV_WGI_RL_EST,-0.9315253,-0.9165415,-1.0937103,-1.07816429999999,-1.155705,
Gabon,GAB,SE.TER.ENRR,,,,,,
Gabon,GAB,IP.JRN.ARTC.SC,68.1,94.55,100.2,90.57,,
"Gambia, The",GMB,GOV_WGI_CC_EST,-0.222816799999999,-0.3139401,-0.3002052,-0.296167199999999,-0.3342284,
"Gambia, The",GMB,IT.NET.BBND.P2,0.198749231337348,0.194098625393535,0.215818879031432,0.502141524068284,0.518552979215852,
"Gambia, The",GMB,NY.GDP.PCAP.PP.CD,2530.804149373073,2777.79620978324,3067.31040374628,3289.1328305710667,3475.612457013406,
"Gambia, The",GMB,TX.VAL.TECH.MF.ZS,0.8866988216788814,0.0007359778735612,3.2124882300216684,2.342309834406696,3.3475789637601547,
"Gambia, The",GMB,IT.CEL.SETS.P2,106.448259811355,108.847403542688,106.782250509204,117.115660832998,126.243773523653,
"Gambia, The",GMB,GOV_WGI_PV_EST,0.1363877,0.0231959,0.1344853,0.1359932,-0.0180453,
"Gambia, The",GMB,GOV_WGI_RL_EST,-0.336829999999999,-0.3721489,-0.3639747,-0.340458,-0.394193399999999,
"Gambia, The",GMB,SE.TER.ENRR,,,,,13.4765901565552,
"Gambia, The",GMB,IP.JRN.ARTC.SC,58.99,75.92,79.44,79.8,,
Georgia,GEO,GOV_WGI_CC_EST,0.8203237,0.7226795,0.6512819,0.6584135,0.3810861,
Georgia,GEO,IT.NET.BBND.P2,25.5120429077493,26.6463786914494,28.3337075311796,29.3086367614167,30.4157660721649,
Georgia,GEO,NY.GDP.PCAP.PP.CD,16791.259865446496,18915.653400526277,22461.332641454654,25071.967726410687,28285.073280298224,
Georgia,GEO,TX.VAL.TECH.MF.ZS,2.1252867712653973,1.602893022457743,2.9492009025545625,2.293037544018809,3.783815394744974,
Georgia,GEO,IT.CEL.SETS.P2,134.366007864735,146.566472682371,154.013561773213,155.249965068869,161.201784818537,
Georgia,GEO,GOV_WGI_PV_EST,-0.1271941,-0.2017684,-0.100034699999999,-0.120908599999999,-0.6127592,
Georgia,GEO,GOV_WGI_RL_EST,0.2567958,0.2251347,0.18182,0.1642921,0.1489667,
Georgia,GEO,SE.TER.ENRR,71.8064531290391,77.2303110681266,79.3253367493498,78.2652247393707,,89.4861221313477
Georgia,GEO,IP.JRN.ARTC.SC,629.74,663.11,602.02,649.57,,
Germany,DEU,GOV_WGI_CC_EST,1.8713077,1.8243293,1.8224098,1.699403,1.7734211,
Germany,DEU,IT.NET.BBND.P2,43.3048696627,44.0643361489671,44.6186317766404,45.380522509099,45.6069242965787,
Germany,DEU,NY.GDP.PCAP.PP.CD,58685.87269977104,62530.765319923936,69048.98840368852,71684.0311875583,73551.9347696836,
Germany,DEU,TX.VAL.TECH.MF.ZS,15.503195986937468,15.385104822776526,17.49815055736594,17.78183747966227,17.977299037943244,
Germany,DEU,IT.CEL.SETS.P2,128.424798814302,127.125099449404,124.158264349285,124.662572774586,129.150921864378,
Germany,DEU,GOV_WGI_PV_EST,0.6840532,0.6603045,0.5284799,0.50602,0.1242671,
Germany,DEU,GOV_WGI_RL_EST,1.6271231,1.6349496,1.5810518,1.5855645,1.6257844,
Germany,DEU,SE.TER.ENRR,72.3894195556641,75.6655426025391,77.3656997680664,78.5947494506836,76.7096862792969,
Germany,DEU,IP.JRN.ARTC.SC,109197.76,117127.47,112300.79,108782.34,,
Ghana,GHA,GOV_WGI_CC_EST,-0.0922532,-0.1554389,-0.0967234999999999,-0.1303327,-0.1934794,
Ghana,GHA,IT.NET.BBND.P2,0.245771040587956,0.352237707175248,0.62494509663475,0.555476730525596,0.664728986034211,
Ghana,GHA,NY.GDP.PCAP.PP.CD,6047.301116735542,6607.502973783208,7208.157989827231,7556.416054532344,8019.99702389611,
Ghana,GHA,TX.VAL.TECH.MF.ZS,,0.7260845937203071,1.9574071685201435,2.110037622114449,,
Ghana,GHA,IT.CEL.SETS.P2,126.887391353856,124.402625384529,120.803416027053,98.8059221412722,113.647966704673,
Ghana,GHA,GOV_WGI_PV_EST,0.0588855,-0.1622488,-0.1877453,-0.0688107,0.0114605,
Ghana,GHA,GOV_WGI_RL_EST,0.1110047,0.0415219,0.0021348,-0.0029916,0.0539695,
Ghana,GHA,SE.TER.ENRR,18.6139938594155,19.2005186528071,20.44559258931,22.0958254757285,21.330810546875,
Ghana,GHA,IP.JRN.ARTC.SC,2090.23,2561.95,2973.03,3269.86,,
Gibraltar,GIB,GOV_WGI_CC_EST,,,,,,
Gibraltar,GIB,IT.NET.BBND.P2,58.0792303651895,59.8567475174996,60.9747666781887,,,
Gibraltar,GIB,NY.GDP.PCAP.PP.CD,,,,,,
Gibraltar,GIB,TX.VAL.TECH.MF.ZS,,,,,,
Gibraltar,GIB,IT.CEL.SETS.P2,97.9680977524673,92.6501709262575,97.6042968438406,,,
Gibraltar,GIB,GOV_WGI_PV_EST,,,,,,
Gibraltar,GIB,GOV_WGI_RL_EST,,,,,,
Gibraltar,GIB,SE.TER.ENRR,,,,,,
Gibraltar,GIB,IP.JRN.ARTC.SC,,,,,,
Greece,GRC,GOV_WGI_CC_EST,0.2809798,0.3910516,0.3224993,0.3292978,0.2996813,
Greece,GRC,IT.NET.BBND.P2,39.7876360746134,41.9213046741732,42.923040428409,43.8539621755853,44.6759828527928,
Greece,GRC,NY.GDP.PCAP.PP.CD,29533.08774029898,33531.15511225996,39612.44063779162,42710.50580103135,44327.209780827565,
Greece,GRC,TX.VAL.TECH.MF.ZS,13.251866971442356,12.284868152439335,14.470865176220707,15.15153377409025,15.011494857431025,
Greece,GRC,IT.CEL.SETS.P2,106.669795200072,108.643525000707,109.026956114201,110.79216956747,113.597610306796,
Greece,GRC,GOV_WGI_PV_EST,0.2996221,0.2270172,0.236947,0.3853039,0.1394204,
Greece,GRC,GOV_WGI_RL_EST,0.4729929,0.4439375,0.4892737,0.3963788,0.2983017,
Greece,GRC,SE.TER.ENRR,143.693344116211,150.605484008789,166.389556884766,165.113418579102,,
Greece,GRC,IP.JRN.ARTC.SC,12102.88,13776.67,13922.21,13551.59,,
Greenland,GRL,GOV_WGI_CC_EST,1.1145942,1.0270782,1.0265006,1.0245164,1.482751,
Greenland,GRL,IT.NET.BBND.P2,27.9190442225392,29.9441480344748,31.9842829076621,,,
Greenland,GRL,NY.GDP.PCAP.PP.CD,64999.4435683064,69302.0088788237,75720.42982193232,78840.59783959885,,
Greenland,GRL,TX.VAL.TECH.MF.ZS,,,,,,
Greenland,GRL,IT.CEL.SETS.P2,117.614122681883,118.85048446673,118.637256652974,,,
Greenland,GRL,GOV_WGI_PV_EST,1.7581458,1.7551692,1.2502225,1.2510555,1.2405187,
Greenland,GRL,GOV_WGI_RL_EST,1.6289849,1.6254815,1.5750875,1.5745781,1.5744958,
Greenland,GRL,SE.TER.ENRR,,,,,,
Greenland,GRL,IP.JRN.ARTC.SC,28.59,35.34,32.01,38.42,,
Grenada,GRD,GOV_WGI_CC_EST,0.3784368,0.3144044,0.2886861,0.3935799,0.4790005,
Grenada,GRD,IT.NET.BBND.P2,27.4640926242683,26.1175099410394,29.767433903843,,,
Grenada,GRD,NY.GDP.PCAP.PP.CD,14361.126715445174,15290.250903138003,17543.98155962659,18970.74016465297,20177.80949273856,
Grenada,GRD,TX.VAL.TECH.MF.ZS,2.9759074611911496,1.2414575816424456,2.1771874895919696,3.0077613416419737,6.443444620248502,
Grenada,GRD,IT.CEL.SETS.P2,102.079232600717,86.5710270122035,95.759239776586,,,
Grenada,GRD,GOV_WGI_PV_EST,1.0425879,1.0408786,1.2048361,1.2053145,1.1992639,
Grenada,GRD,GOV_WGI_RL_EST,0.4276609,0.4044535,0.4711413,0.5500382,0.5408822,
Grenada,GRD,SE.TER.ENRR,,,,,,
Grenada,GRD,IP.JRN.ARTC.SC,58.11,62.74,55.73,42.49,,
Guam,GUM,GOV_WGI_CC_EST,1.1797991,1.1772281,1.1763452,1.1733125,1.1762344,
Guam,GUM,IT.NET.BBND.P2,1.8500474845521,1.83228485921945,1.8392057149776,,,
Guam,GUM,NY.GDP.PCAP.PP.CD,,,,,,
Guam,GUM,TX.VAL.TECH.MF.ZS,,,,,,
Guam,GUM,IT.CEL.SETS.P2,,,,,,
Guam,GUM,GOV_WGI_PV_EST,0.9970127,0.9953332,0.9982241,0.9986942,0.9927487,
Guam,GUM,GOV_WGI_RL_EST,1.1574435,1.1509221,1.1703242,1.0348111,1.0346735,
Guam,GUM,SE.TER.ENRR,,,,,,
Guam,GUM,IP.JRN.ARTC.SC,,,,,,
Guatemala,GTM,GOV_WGI_CC_EST,-1.0998808,-1.21790929999999,-1.2166625,-1.0869128,-0.9482653,
Guatemala,GTM,IT.NET.BBND.P2,3.52588892585695,3.4775394703571,5.02439029583182,5.08082886037381,5.33792153027114,
Guatemala,GTM,NY.GDP.PCAP.PP.CD,10947.37112921973,11825.141273764004,13014.015380982615,13745.363124179436,14368.660568181482,
Guatemala,GTM,TX.VAL.TECH.MF.ZS,6.05086394466785,5.167081043254193,4.971624031709513,5.776624508393925,5.39604303984542,
Guatemala,GTM,IT.CEL.SETS.P2,117.475884100805,125.718955715353,115.156435692604,113.709374947241,112.520863034346,
Guatemala,GTM,GOV_WGI_PV_EST,-0.563868399999999,-0.5740791,-0.3005447,-0.2021326,-0.209766899999999,
Guatemala,GTM,GOV_WGI_RL_EST,-0.9659236,-0.975567699999999,-1.0371304,-1.0108162,-0.962274,
Guatemala,GTM,SE.TER.ENRR,,,,27.2948879201171,,
Guatemala,GTM,IP.JRN.ARTC.SC,123.78,119.25,117.76,108.83,,
Guinea,GIN,GOV_WGI_CC_EST,-0.8663898,-1.0113603,-0.9739553,-1.0078531,-1.17445279999999,
Guinea,GIN,IT.NET.BBND.P2,0.0074787698291168,0.0072936731105539,0.0062752856838037,,,
Guinea,GIN,NY.GDP.PCAP.PP.CD,3331.856630038006,3738.8051255133023,4062.361364379217,4333.746173126264,4565.300788845597,
Guinea,GIN,TX.VAL.TECH.MF.ZS,,,,,,
Guinea,GIN,IT.CEL.SETS.P2,107.776552007403,110.185519681138,95.3174629318803,97.8794996455513,,
Guinea,GIN,GOV_WGI_PV_EST,-1.0877324,-1.0159308,-0.813667399999999,-0.8765719,-1.0377627,
Guinea,GIN,GOV_WGI_RL_EST,-1.0962208,-1.003033,-1.05538819999999,-1.1068782,-1.1479306,
Guinea,GIN,SE.TER.ENRR,,,,,,
Guinea,GIN,IP.JRN.ARTC.SC,43.25,53.97,50.37,54.9,,
Guinea-Bissau,GNB,GOV_WGI_CC_EST,-1.2993067,-1.21682239999999,-1.1609749,-1.1549527,-1.3460193,
Guinea-Bissau,GNB,IT.NET.BBND.P2,0.118365532433795,0.160430067207715,0.219184822436547,0.310448099439986,0.386080917545218,
Guinea-Bissau,GNB,NY.GDP.PCAP.PP.CD,2339.7932696782145,2522.767643025207,2788.837739379542,2989.6723598047697,3119.371570474374,
Guinea-Bissau,GNB,TX.VAL.TECH.MF.ZS,,,,,,
Guinea-Bissau,GNB,IT.CEL.SETS.P2,95.0628708236165,108.62961248586,125.934670099533,128.110529740092,147.197631273872,
Guinea-Bissau,GNB,GOV_WGI_PV_EST,-0.2838803,-0.3001867,-0.360252199999999,-0.3193937,-0.618439499999999,
Guinea-Bissau,GNB,GOV_WGI_RL_EST,-1.1334891,-1.2016468,-1.25159,-1.2070689,-1.23482809999999,
Guinea-Bissau,GNB,SE.TER.ENRR,,,,,,
Guinea-Bissau,GNB,IP.JRN.ARTC.SC,16.18,14.28,17.19,13.7,,
Guyana,GUY,GOV_WGI_CC_EST,-0.1158874,-0.1042454,-0.2293385,-0.309865699999999,-0.346885599999999,
Guyana,GUY,IT.NET.BBND.P2,11.7649827054754,11.6495520440672,12.9356394612219,,,
Guyana,GUY,NY.GDP.PCAP.PP.CD,16819.422871469465,22865.9270968882,39710.96956075305,54729.03651563656,80155.03939276996,
Guyana,GUY,TX.VAL.TECH.MF.ZS,2.610881244973436,0.2216851014746262,0.1239541093201857,15.713892680131517,13.334108705518242,
Guyana,GUY,IT.CEL.SETS.P2,106.008686272494,104.968595260226,112.56503784518,,,
Guyana,GUY,GOV_WGI_PV_EST,-0.0072965999999999,-0.0281476999999999,0.210713,0.2012498,0.2164983,
Guyana,GUY,GOV_WGI_RL_EST,-0.3872775,-0.378924,-0.3602997,-0.371934999999999,-0.334222099999999,
Guyana,GUY,SE.TER.ENRR,,,,25.1520757996244,26.4315792489043,
Guyana,GUY,IP.JRN.ARTC.SC,46.55,45.08,49.46,49.61,,
Haiti,HTI,GOV_WGI_CC_EST,-1.44666959999999,-1.4853353,-1.508626,-1.50126609999999,-1.5403494,
Haiti,HTI,IT.NET.BBND.P2,0.275706324027148,0.272537391690564,0.306790757611135,,,
Haiti,HTI,NY.GDP.PCAP.PP.CD,3103.180663124616,3145.006810572685,3275.4071812634534,3291.738178870665,3193.67136419915,
Haiti,HTI,TX.VAL.TECH.MF.ZS,,,,,,
Haiti,HTI,IT.CEL.SETS.P2,65.0933737275708,64.3451990252656,65.1889329311174,,,
Haiti,HTI,GOV_WGI_PV_EST,-1.0389171,-1.2132391,-0.947002399999999,-0.971741099999999,-1.2013046,
Haiti,HTI,GOV_WGI_RL_EST,-1.211177,-1.392161,-1.5628925,-1.64152989999999,-1.6033955,
Haiti,HTI,SE.TER.ENRR,,,,,,
Haiti,HTI,IP.JRN.ARTC.SC,40.55,40.71,40.79,37.83,,
Honduras,HND,GOV_WGI_CC_EST,-0.972603599999999,-1.1204199,-1.03140529999999,-1.09932339999999,-1.2446903,
Honduras,HND,IT.NET.BBND.P2,3.92223438778455,4.0958409901304,4.40980164894983,4.36212775547539,4.57914834722512,
Honduras,HND,NY.GDP.PCAP.PP.CD,5384.6983198303815,6202.980788120369,6805.493582945538,7178.339067815222,7486.018696164448,
Honduras,HND,TX.VAL.TECH.MF.ZS,4.069907058714718,1.4495499920382977,,3.3089155606212444,3.873347595709568,
Honduras,HND,IT.CEL.SETS.P2,68.7836128557933,73.4771659564055,75.8551423411907,74.4148227156961,70.9397440517258,
Honduras,HND,GOV_WGI_PV_EST,-0.666353099999999,-0.806377,-0.4781621,-0.3507671,-0.5671583,
Honduras,HND,GOV_WGI_RL_EST,-1.1109938,-1.1417518,-1.09175279999999,-1.156469,-1.1768036,
Honduras,HND,SE.TER.ENRR,,,,,23.3177890777588,
Honduras,HND,IP.JRN.ARTC.SC,103.36,89.88,131.63,130.35,,
"Hong Kong SAR, China",HKG,GOV_WGI_CC_EST,1.6888523,1.6345393,1.5284267,1.5534193,1.5721573,
"Hong Kong SAR, China",HKG,IT.NET.BBND.P2,38.5246390800823,39.2188975738319,39.9517808600821,39.8839727444243,40.2724025338679,
"Hong Kong SAR, China",HKG,NY.GDP.PCAP.PP.CD,58187.476407253474,65884.93762606029,68602.12579004731,71512.31935511608,75195.9865970615,
"Hong Kong SAR, China",HKG,TX.VAL.TECH.MF.ZS,69.65132170746445,70.55065572149053,72.63677264372393,72.3154885126867,75.57069083499792,
"Hong Kong SAR, China",HKG,IT.CEL.SETS.P2,291.916274990037,319.852066930488,292.80765987826,319.493898344345,364.848981963231,
"Hong Kong SAR, China",HKG,GOV_WGI_PV_EST,0.0079016,0.2186871,0.3891702,0.4084368,0.6310985,
"Hong Kong SAR, China",HKG,GOV_WGI_RL_EST,1.1753872,1.0319968,0.8841773,0.875904,0.9209804,
"Hong Kong SAR, China",HKG,SE.TER.ENRR,89.9479038224414,97.3813269493844,100.776315789474,105.461738484398,120.08978583196,
"Hong Kong SAR, China",HKG,IP.JRN.ARTC.SC,,,,,,
Hungary,HUN,GOV_WGI_CC_EST,0.1418393,0.1312695,0.0402617,0.083173,0.0394373,
Hungary,HUN,IT.NET.BBND.P2,33.4922037196533,34.8391868436369,36.5338104764554,36.7901885342462,37.542262483936,
Hungary,HUN,NY.GDP.PCAP.PP.CD,35583.58556756367,38887.19095271536,44365.91081283429,46592.38560700735,48552.47080925294,
Hungary,HUN,TX.VAL.TECH.MF.ZS,17.464880722177814,16.397512642927854,18.40489172584307,18.86245696218628,22.574511882604494,
Hungary,HUN,IT.CEL.SETS.P2,105.981902376717,105.137285804787,105.793848314995,105.054424922699,104.58063059269,
Hungary,HUN,GOV_WGI_PV_EST,0.7938892,0.7337253,0.6701403,0.5841522,0.4363288,
Hungary,HUN,GOV_WGI_RL_EST,0.329192,0.2971399,0.2426218,0.1894005,0.1923364,
Hungary,HUN,SE.TER.ENRR,56.6071815490723,58.6536102294922,60.2746810913086,56.5924415588379,60.5168685913086,
Hungary,HUN,IP.JRN.ARTC.SC,7350.5,7822.44,8168.57,8260.49,,
Iceland,ISL,GOV_WGI_CC_EST,1.8422993,1.8584301,1.6495728,1.6623764,1.828818,
Iceland,ISL,IT.NET.BBND.P2,38.6826471438625,38.4077027940877,37.4212579793667,37.4245919320463,37.5242757933482,
Iceland,ISL,NY.GDP.PCAP.PP.CD,55796.745466763234,61610.213274071466,75332.8528345867,81608.4479116436,84256.84545731115,
Iceland,ISL,TX.VAL.TECH.MF.ZS,27.958936066167663,33.48741486572734,33.31162925425808,43.42454227640107,53.97229306637792,
Iceland,ISL,IT.CEL.SETS.P2,114.939418571031,117.34255750797,120.114839781678,121.475495280706,120.927513243653,
Iceland,ISL,GOV_WGI_PV_EST,1.3289196,1.3382488,1.2672872,1.2058266,1.2056034,
Iceland,ISL,GOV_WGI_RL_EST,1.6866361,1.7076168,1.5968615,1.59027,1.6278886,
Iceland,ISL,SE.TER.ENRR,74.5906066894531,86.5232086181641,84.985237121582,76.5200729370117,,
Iceland,ISL,IP.JRN.ARTC.SC,673.35,725.0,746.67,715.97,,
India,IND,GOV_WGI_CC_EST,-0.254487099999999,-0.300757,-0.2924866,-0.3353176,-0.2953362,
India,IND,IT.NET.BBND.P2,1.63622632751685,1.9487996093033,2.35231555917724,2.74534696441771,3.15046250037677,
India,IND,NY.GDP.PCAP.PP.CD,6966.275427859109,8050.018574526641,9207.127430401446,10323.499873442795,11159.985647609126,
India,IND,TX.VAL.TECH.MF.ZS,11.03256384665759,10.212559662511833,12.682279480728722,14.93434729867156,18.57239464110494,
India,IND,IT.CEL.SETS.P2,82.2540479927426,81.603974311212,80.1818007717416,80.5631998772888,79.3526921826412,
India,IND,GOV_WGI_PV_EST,-0.720631199999999,-0.6015988,-0.7535037,-0.837974,-0.785762499999999,
India,IND,GOV_WGI_RL_EST,-0.1029725,-0.1841026,-0.1104884,-0.0879069,-0.0392287,
India,IND,SE.TER.ENRR,29.8196397708424,31.5741765984501,32.6703053423023,34.2394344991225,34.4184659748952,34.4465039692543
India,IND,IP.JRN.ARTC.SC,145711.12,173096.47,200488.43,228174.31,,
Indonesia,IDN,GOV_WGI_CC_EST,-0.3456603,-0.416213499999999,-0.3702139,-0.4431661,-0.5446152,
Indonesia,IDN,IT.NET.BBND.P2,3.92993769121646,4.4874632789818,4.82151507878823,4.81663955789733,4.92196685438436,
Indonesia,IDN,NY.GDP.PCAP.PP.CD,11729.36744584478,12757.07464402037,14284.929293132958,15415.707925952724,16448.275517955855,
Indonesia,IDN,TX.VAL.TECH.MF.ZS,8.424746985557901,7.201279701443059,8.308193067098319,9.08308687782522,8.711043757891602,
Indonesia,IDN,IT.CEL.SETS.P2,129.40362112725,132.199444256099,122.873012230307,125.238194847046,122.514946500491,
Indonesia,IDN,GOV_WGI_PV_EST,-0.539945999999999,-0.6496757,-0.7624666,-0.613745,-0.609127499999999,
Indonesia,IDN,GOV_WGI_RL_EST,-0.1479773,-0.1436778,-0.1291182,-0.0817572,-0.206598099999999,
Indonesia,IDN,SE.TER.ENRR,38.1650601406923,40.6293239880732,42.3260385456152,44.8813034886441,,
Indonesia,IDN,IP.JRN.ARTC.SC,20837.0,23653.58,26452.38,38992.0,,
"Iran, Islamic Rep.",IRN,GOV_WGI_CC_EST,-1.1044169,-1.1267612,-1.13191439999999,-1.17112979999999,-1.14723819999999,
"Iran, Islamic Rep.",IRN,IT.NET.BBND.P2,10.9026671467968,12.068102546673,12.2102486068411,12.0205942239083,12.0603874696566,
"Iran, Islamic Rep.",IRN,NY.GDP.PCAP.PP.CD,15119.305885996357,15884.427677596332,17545.624662942948,18917.091472313237,19873.88608538052,
"Iran, Islamic Rep.",IRN,TX.VAL.TECH.MF.ZS,0.7467148447386813,0.3805253978606729,0.8140079231973251,,,
"Iran, Islamic Rep.",IRN,IT.CEL.SETS.P2,145.485569917724,153.624638869213,162.712943709127,166.279821209677,174.066388972063,
"Iran, Islamic Rep.",IRN,GOV_WGI_PV_EST,-1.2213247,-1.1577773,-1.1448403,-1.2694112,-1.58118839999999,
"Iran, Islamic Rep.",IRN,GOV_WGI_RL_EST,-1.0270682,-1.06900019999999,-1.1257877,-1.20046299999999,-1.2348012,
"Iran, Islamic Rep.",IRN,SE.TER.ENRR,55.6366691589355,54.3051986694336,58.6838607788086,,,
"Iran, Islamic Rep.",IRN,IP.JRN.ARTC.SC,56585.01,58049.49,58271.06,55085.25,,
Iraq,IRQ,GOV_WGI_CC_EST,-1.3692381,-1.37400869999999,-1.37334849999999,-1.4169702,-1.2050155,
Iraq,IRQ,IT.NET.BBND.P2,14.8494851377503,14.8275236561145,14.4912960130678,17.2312565041583,17.6333290365333,
Iraq,IRQ,NY.GDP.PCAP.PP.CD,10573.930475071484,12731.753575512885,14391.129234980575,14652.521239921178,14464.31869281728,
Iraq,IRQ,TX.VAL.TECH.MF.ZS,,,,,,
Iraq,IRQ,IT.CEL.SETS.P2,88.9799284628949,94.6092832170426,99.1323661916548,101.388721479182,100.080276677726,
Iraq,IRQ,GOV_WGI_PV_EST,-2.1814743,-2.1722684,-2.2294281,-2.2246949,-2.0642762,
Iraq,IRQ,GOV_WGI_RL_EST,-1.512443,-1.4374976,-1.45504109999999,-1.5002727,-1.3581614,
Iraq,IRQ,SE.TER.ENRR,,,,,,
Iraq,IRQ,IP.JRN.ARTC.SC,6834.33,8689.54,12326.35,16724.1,,
Ireland,IRL,GOV_WGI_CC_EST,1.5958903,1.6117468,1.6463639,1.5859129,1.572589,
Ireland,IRL,IT.NET.BBND.P2,30.4353384554187,31.3616427884193,31.5362809040128,31.8907830651788,32.3023693358176,
Ireland,IRL,NY.GDP.PCAP.PP.CD,97799.9225748607,116903.61243516988,138522.5178002039,129682.60715051716,133437.47011701888,
Ireland,IRL,TX.VAL.TECH.MF.ZS,25.89915446900028,28.478147527199187,46.7867801497714,47.77377328492186,53.51843284321583,
Ireland,IRL,IT.CEL.SETS.P2,105.045612677382,106.86972424373,110.608851322579,110.798344311602,112.638817343502,
Ireland,IRL,GOV_WGI_PV_EST,0.8785787,0.7362963,0.8053599,0.876648,0.7099699,
Ireland,IRL,GOV_WGI_RL_EST,1.5214022,1.5453584,1.5040267,1.5980444,1.5913219,
Ireland,IRL,SE.TER.ENRR,74.1961975097656,78.4613265991211,77.5933380126953,,,
Ireland,IRL,IP.JRN.ARTC.SC,8400.81,9216.71,8811.1,8719.61,,
Isle of Man,IMN,GOV_WGI_CC_EST,,,,,,
Isle of Man,IMN,IT.NET.BBND.P2,,,,,,
Isle of Man,IMN,NY.GDP.PCAP.PP.CD,,,,,,
Isle of Man,IMN,TX.VAL.TECH.MF.ZS,,,,,,
Isle of Man,IMN,IT.CEL.SETS.P2,,,,,,
Isle of Man,IMN,GOV_WGI_PV_EST,,,,,,
Isle of Man,IMN,GOV_WGI_RL_EST,,,,,,
Isle of Man,IMN,SE.TER.ENRR,,,,,,
Isle of Man,IMN,IP.JRN.ARTC.SC,,,,,,
Israel,ISR,GOV_WGI_CC_EST,0.6932777,0.9249105,0.8878345,0.8712956,0.853319,
Israel,ISR,IT.NET.BBND.P2,29.5678161933081,29.7078785417387,29.1676695245416,29.4357235504327,29.1837101461688,
Israel,ISR,NY.GDP.PCAP.PP.CD,40955.28561791523,46162.082273024746,53619.06809950952,55171.23188143215,57235.77632441356,
Israel,ISR,TX.VAL.TECH.MF.ZS,28.19764307475899,29.59567587227614,29.109054041052342,34.93777358244434,37.23351737517383,
Israel,ISR,IT.CEL.SETS.P2,139.425860895034,139.775312861878,151.1379631075,153.336641345572,177.393104798636,
Israel,ISR,GOV_WGI_PV_EST,-0.567841399999999,-0.699899199999999,-0.904996799999999,-1.0423159,-1.03750149999999,
Israel,ISR,GOV_WGI_RL_EST,0.8873608,0.8807927,0.8010265,0.6642378,0.5997177,
Israel,ISR,SE.TER.ENRR,57.633861541748,60.2585487365723,58.9500617980957,57.143440246582,56.2561111450195,
Israel,ISR,IP.JRN.ARTC.SC,13366.53,14633.85,14331.79,13844.24,,
Italy,ITA,GOV_WGI_CC_EST,0.5299614,0.5394316,0.5738577,0.571449,0.5531621,
Italy,ITA,IT.NET.BBND.P2,30.2586365187027,31.2852927413407,31.19136706407,31.8410876819321,31.7807732477772,
Italy,ITA,NY.GDP.PCAP.PP.CD,44435.64343935265,49825.39341118482,57260.89453724933,60029.871712398,62014.26751536892,
Italy,ITA,TX.VAL.TECH.MF.ZS,8.587243012964,7.770245655162528,9.15916231271025,9.9836968942283,12.282708850402182,
Italy,ITA,IT.CEL.SETS.P2,129.49000571147,130.781488497698,131.673965640047,131.871674517747,132.575141676252,
Italy,ITA,GOV_WGI_PV_EST,0.3322841,0.4392226,0.4124684,0.4737389,0.3087035,
Italy,ITA,GOV_WGI_RL_EST,0.5546368,0.5885,0.5739685,0.6505552,0.6192043,
Italy,ITA,SE.TER.ENRR,68.7231063842773,71.2745208740234,73.8962097167969,75.9496536254883,,
Italy,ITA,IP.JRN.ARTC.SC,80141.63,85699.51,83236.9,82770.89,,
Jamaica,JAM,GOV_WGI_CC_EST,-0.0800814,-0.0851526,-0.0788141,-0.1364542,-0.0962722999999999,
Jamaica,JAM,IT.NET.BBND.P2,13.6219905826712,14.5717525783368,14.9601781381994,15.7852035329423,15.981614377416,
Jamaica,JAM,NY.GDP.PCAP.PP.CD,9764.352587978405,10430.690977175882,11887.77036942296,12650.90529559384,12890.266005147236,
Jamaica,JAM,TX.VAL.TECH.MF.ZS,2.3506413835154136,2.471950011647286,1.4709847551675832,2.646989791467941,,
Jamaica,JAM,IT.CEL.SETS.P2,101.50208125864,102.38666630017,105.762018411183,115.092228780619,117.693907561175,
Jamaica,JAM,GOV_WGI_PV_EST,0.1525241,0.1423135,0.4525342,0.4762874,0.476823,
Jamaica,JAM,GOV_WGI_RL_EST,-0.103995499999999,-0.0742917999999999,-0.0687388999999999,-0.0768587999999999,-0.0776697,
Jamaica,JAM,SE.TER.ENRR,,,,,,
Jamaica,JAM,IP.JRN.ARTC.SC,157.91,185.06,144.46,161.41,,
Japan,JPN,GOV_WGI_CC_EST,1.4301233,1.4554011,1.4419346,1.3377896,1.3570132,
Japan,JPN,IT.NET.BBND.P2,34.8370612448992,35.9391724358064,36.8414210393741,38.6312383711286,,
Japan,JPN,NY.GDP.PCAP.PP.CD,42425.69467896506,44355.3487163354,47192.05006033716,50661.76634631089,52039.17165516113,
Japan,JPN,TX.VAL.TECH.MF.ZS,18.63334878967766,18.003991348261415,18.259261535190227,17.10280607032123,17.554741516306663,
Japan,JPN,IT.CEL.SETS.P2,154.432206765516,159.516123485628,168.602943650636,178.432441299977,,
Japan,JPN,GOV_WGI_PV_EST,1.1325471,1.1600529,1.2758787,1.2674256,1.1343228,
Japan,JPN,GOV_WGI_RL_EST,1.5138826,1.5319019,1.5084676,1.5084872,1.5115753,
Japan,JPN,SE.TER.ENRR,62.2987403869629,62.0412483215332,63.3752288818359,64.4907608032227,,
Japan,JPN,IP.JRN.ARTC.SC,100403.47,106309.76,102422.96,96543.44,,
Jordan,JOR,GOV_WGI_CC_EST,0.1409154,0.0177108,0.0226578,0.1060315,0.2721934,
Jordan,JOR,IT.NET.BBND.P2,5.80332966781737,6.45876564968631,7.0736531298176,7.03749462484875,7.01801006087142,
Jordan,JOR,NY.GDP.PCAP.PP.CD,9579.20081317696,9182.496161255996,9927.234100250598,10411.841615296738,10821.490976531695,
Jordan,JOR,TX.VAL.TECH.MF.ZS,1.543878588630552,1.713679702988074,1.4496882666855757,2.084159854271586,,
Jordan,JOR,IT.CEL.SETS.P2,64.3142601333354,65.7448847660422,67.7457074341635,67.545678186078,69.6426153972396,
Jordan,JOR,GOV_WGI_PV_EST,-0.3260056,-0.390988399999999,-0.311462199999999,-0.3007473,-0.3501687,
Jordan,JOR,GOV_WGI_RL_EST,0.1081792,0.0436082,0.0764869,0.1232268,0.1685335,
Jordan,JOR,SE.TER.ENRR,30.2879665605319,30.451314266821,32.5119829829151,33.0567036969523,35.9184001120427,
Jordan,JOR,IP.JRN.ARTC.SC,3205.55,3852.39,4732.04,5419.23,,
Kazakhstan,KAZ,GOV_WGI_CC_EST,-0.2881195,-0.2698189,-0.1920096,-0.2223164,-0.0670902999999999,
Kazakhstan,KAZ,IT.NET.BBND.P2,13.4502836627046,13.946795830528,14.4739535470844,14.3457210056574,15.3162031103353,
Kazakhstan,KAZ,NY.GDP.PCAP.PP.CD,29039.82296245091,32945.85157258231,35895.08398716668,38515.18360099794,40890.93176944082,
Kazakhstan,KAZ,TX.VAL.TECH.MF.ZS,34.09896961170008,27.34354406361486,32.26664971102692,34.429337319659645,42.19530029658996,
Kazakhstan,KAZ,IT.CEL.SETS.P2,124.698460644703,123.943942754522,125.641583521795,127.114775212168,127.085151242164,
Kazakhstan,KAZ,GOV_WGI_PV_EST,-0.2842993,-0.2325504,-0.5795614,-0.2021045,-0.2827558,
Kazakhstan,KAZ,GOV_WGI_RL_EST,-0.4154444,-0.4655785,-0.440637699999999,-0.3777888,-0.3815477,
Kazakhstan,KAZ,SE.TER.ENRR,62.2921373672319,59.3849415869809,57.2459264222925,54.6563982045582,53.4564204414133,52.8612860406142
Kazakhstan,KAZ,IP.JRN.ARTC.SC,2819.66,2950.4,3211.19,3818.58,,
Kenya,KEN,GOV_WGI_CC_EST,-0.7505394,-0.710787899999999,-0.751285,-0.7594497,-0.8018297,
Kenya,KEN,IT.NET.BBND.P2,1.29112489733773,1.48254108303764,1.47646942688922,2.38882511128724,3.04382666975517,
Kenya,KEN,NY.GDP.PCAP.PP.CD,4792.573158471824,5338.852433827813,5883.2230396192135,6317.039046650906,6644.130932438946,
Kenya,KEN,TX.VAL.TECH.MF.ZS,5.11178261072947,3.127360613968883,2.260738110257122,3.041694167283178,3.150030136120342,
Kenya,KEN,IT.CEL.SETS.P2,117.602526394779,122.297519656734,121.168999135357,120.612416887959,126.477706000949,
Kenya,KEN,GOV_WGI_PV_EST,-1.0502651,-1.11021939999999,-0.962236,-0.971652,-1.3556816,
Kenya,KEN,GOV_WGI_RL_EST,-0.5784344,-0.445618199999999,-0.4245656,-0.427558899999999,-0.464532,
Kenya,KEN,SE.TER.ENRR,,,,8.67676730066979,10.4185962462804,
Kenya,KEN,IP.JRN.ARTC.SC,1787.68,1991.87,2051.43,2078.83,,
Kiribati,KIR,GOV_WGI_CC_EST,0.3514103,0.3344081,0.3338154,0.3317797,0.3745658,
Kiribati,KIR,IT.NET.BBND.P2,0.146710124584652,0.0864640862459786,0.0689819037472503,0.039990945446314,0.0349395619917037,
Kiribati,KIR,NY.GDP.PCAP.PP.CD,2710.9062281755378,3020.4939993569524,3329.3443446486085,3485.5580831139905,3702.3259470311536,
Kiribati,KIR,TX.VAL.TECH.MF.ZS,7.672132588751788,2.2969311405469752,,,,
Kiribati,KIR,IT.CEL.SETS.P2,43.3476871347116,40.9979980837689,49.1120496056535,51.2540556855052,53.5244353915461,
Kiribati,KIR,GOV_WGI_PV_EST,1.1749608,1.1647191,1.2429196,1.2433279,1.2381638,
Kiribati,KIR,GOV_WGI_RL_EST,1.1590995,1.0695661,0.7720439,0.73465,0.78601,
Kiribati,KIR,SE.TER.ENRR,,,,,4.96087980270386,
Kiribati,KIR,IP.JRN.ARTC.SC,3.93,2.36,2.2,2.14,,
"Korea, Dem. People's Rep.",PRK,GOV_WGI_CC_EST,-1.57352389999999,-1.651571,-1.6517597,-1.5580486,-1.55738279999999,
"Korea, Dem. People's Rep.",PRK,IT.NET.BBND.P2,,,,,,
"Korea, Dem. People's Rep.",PRK,NY.GDP.PCAP.PP.CD,,,,,,
"Korea, Dem. People's Rep.",PRK,TX.VAL.TECH.MF.ZS,,,,,,
"Korea, Dem. People's Rep.",PRK,IT.CEL.SETS.P2,22.9565670933221,22.8723614729709,24.1311041179361,,,
"Korea, Dem. People's Rep.",PRK,GOV_WGI_PV_EST,-0.187350699999999,-0.1983915,0.2686785,0.3264333,0.3220654,
"Korea, Dem. People's Rep.",PRK,GOV_WGI_RL_EST,-1.6782172,-1.680154,-1.48587729999999,-1.5256234,-1.5256661,
"Korea, Dem. People's Rep.",PRK,SE.TER.ENRR,,,,,,
"Korea, Dem. People's Rep.",PRK,IP.JRN.ARTC.SC,177.37,238.88,247.74,269.28,,
"Korea, Rep.",KOR,GOV_WGI_CC_EST,0.7558651,0.7614152,0.8217095,0.8788564,0.8495586,
"Korea, Rep.",KOR,IT.NET.BBND.P2,43.0540600860627,44.2526082339633,45.4542124182774,46.5676352036327,47.8014965507867,
"Korea, Rep.",KOR,NY.GDP.PCAP.PP.CD,47881.492134419335,51718.25186566312,55509.33687611736,57429.80310764019,61051.34925024983,
"Korea, Rep.",KOR,TX.VAL.TECH.MF.ZS,35.602226541328314,36.01450367448602,36.11827893121698,30.27627999126511,36.25825593666743,
"Korea, Rep.",KOR,IT.CEL.SETS.P2,135.973274343048,140.516382791931,148.68360770138,162.11365652794,172.520241179065,
"Korea, Rep.",KOR,GOV_WGI_PV_EST,0.8679972,0.9005342,0.855673,0.932168,0.6393495,
"Korea, Rep.",KOR,GOV_WGI_RL_EST,1.1479729,1.1681575,1.1662138,1.1844569,1.1174546,
"Korea, Rep.",KOR,SE.TER.ENRR,96.8767700195312,100.359878540039,102.813056945801,106.709167480469,111.853302001953,
"Korea, Rep.",KOR,IP.JRN.ARTC.SC,69089.86,72352.13,71998.13,71724.33,,
Kosovo,XKX,GOV_WGI_CC_EST,-0.423589999999999,-0.3919167,-0.2951205,-0.1480311,-0.254728299999999,
Kosovo,XKX,IT.NET.BBND.P2,,,,,,
Kosovo,XKX,NY.GDP.PCAP.PP.CD,10532.50546928494,12362.421018121306,13950.896732241048,15804.406575405794,17864.416014511753,
Kosovo,XKX,TX.VAL.TECH.MF.ZS,,,,,,
Kosovo,XKX,IT.CEL.SETS.P2,,,34.5402009143477,,,
Kosovo,XKX,GOV_WGI_PV_EST,-0.0844029999999999,0.0010881,-0.0510421999999999,-0.1409249,-0.321890499999999,
Kosovo,XKX,GOV_WGI_RL_EST,-0.278476699999999,-0.123977499999999,-0.149224599999999,-0.0437530999999999,0.0521362,
Kosovo,XKX,SE.TER.ENRR,,,,,,
Kosovo,XKX,IP.JRN.ARTC.SC,246.85,283.36,386.01,495.34,,
Kuwait,KWT,GOV_WGI_CC_EST,-0.1551226,-0.0606404,0.0771437,0.1660086,0.2183455,
Kuwait,KWT,IT.NET.BBND.P2,1.68058136279176,1.61587179429556,1.36328249349441,1.01366418243269,,
Kuwait,KWT,NY.GDP.PCAP.PP.CD,41461.7235642777,50651.95753370912,55043.00226358495,53025.47108580635,52443.59692236262,
Kuwait,KWT,TX.VAL.TECH.MF.ZS,1.3498509081649217,1.1917798374399038,0.7163548082807456,1.7849965684682487,5.827776489323151,
Kuwait,KWT,IT.CEL.SETS.P2,153.866464370257,158.646854136291,168.350157565806,167.68428501222,,
Kuwait,KWT,GOV_WGI_PV_EST,0.1554026,0.1542148,0.1041664,0.2906988,0.2939367,
Kuwait,KWT,GOV_WGI_RL_EST,0.146885,0.1194986,0.2236666,0.1910577,0.2308269,
Kuwait,KWT,SE.TER.ENRR,53.731878917367,51.8967176944636,,,,
Kuwait,KWT,IP.JRN.ARTC.SC,1095.3,1184.25,1245.88,1395.04,,
Kyrgyz Republic,KGZ,GOV_WGI_CC_EST,-1.048438,-1.1583724,-1.2024196,-1.1965583,-1.1364649,
Kyrgyz Republic,KGZ,IT.NET.BBND.P2,4.33664358791982,4.43257724274204,5.60484304582026,6.44652532064676,7.79695655822307,
Kyrgyz Republic,KGZ,NY.GDP.PCAP.PP.CD,5178.561967040402,5736.4788341515405,6577.512177283893,7298.086125619335,8012.454644421939,
Kyrgyz Republic,KGZ,TX.VAL.TECH.MF.ZS,8.746550927918461,16.29872607093401,10.554052011145703,16.333537286698142,10.671111743170483,
Kyrgyz Republic,KGZ,IT.CEL.SETS.P2,109.780106660424,108.171654806063,106.925973017004,108.59118718329,107.49229509732,
Kyrgyz Republic,KGZ,GOV_WGI_PV_EST,-0.5068231,-0.3876484,-0.422477,-0.509667299999999,-0.5045251,
Kyrgyz Republic,KGZ,GOV_WGI_RL_EST,-0.729520899999999,-0.879262,-0.9265186,-0.973899499999999,-0.936093699999999,
Kyrgyz Republic,KGZ,SE.TER.ENRR,45.3327840830343,51.6239256637785,54.2184527097527,53.588822099772,53.1743590503791,53.8761747562613
Kyrgyz Republic,KGZ,IP.JRN.ARTC.SC,205.22,217.52,234.43,326.91,,
Lao PDR,LAO,GOV_WGI_CC_EST,-1.0608703,-1.0773186,-0.9974286,-0.9646387,-0.979896099999999,
Lao PDR,LAO,IT.NET.BBND.P2,1.67210846259045,2.0226898696049,2.38186047453058,2.72021122524182,,
Lao PDR,LAO,NY.GDP.PCAP.PP.CD,7913.386606502759,8080.435532499231,8766.440626110943,9291.788590011382,9775.828173810234,
Lao PDR,LAO,TX.VAL.TECH.MF.ZS,23.15544736919249,7.286446376639242,9.517677832973265,7.419637295834535,,
Lao PDR,LAO,IT.CEL.SETS.P2,63.1139885984314,64.7101497693472,63.3546046458219,64.7588066942788,,
Lao PDR,LAO,GOV_WGI_PV_EST,0.5456553,0.583086,0.7033051,0.7378068,0.5576599,
Lao PDR,LAO,GOV_WGI_RL_EST,-0.875201399999999,-0.7575675,-0.8397916,-0.8447129,-0.742416699999999,
Lao PDR,LAO,SE.TER.ENRR,12.561911777868,12.4396649191011,13.677811550152,14.8841695785522,,
Lao PDR,LAO,IP.JRN.ARTC.SC,83.73,83.5,82.63,72.2,,
Latvia,LVA,GOV_WGI_CC_EST,0.7605048,0.8423495,0.8238921,0.7759204,0.8251336,
Latvia,LVA,IT.NET.BBND.P2,25.804169430384,25.9761549056076,25.989241189689,25.9948491178264,25.7542854181725,
Latvia,LVA,NY.GDP.PCAP.PP.CD,32741.420769198656,36912.013060216064,40558.749584112185,42576.40607994567,43394.27328223139,
Latvia,LVA,TX.VAL.TECH.MF.ZS,20.03360009569137,16.980371363084238,17.550589370940063,18.554389354562986,17.490191481288235,
Latvia,LVA,IT.CEL.SETS.P2,107.902487108935,114.644670333429,115.202627450543,119.909944560018,121.262202363304,
Latvia,LVA,GOV_WGI_PV_EST,0.726286,0.8069842,0.7798656,0.8394628,0.6201402,
Latvia,LVA,GOV_WGI_RL_EST,0.9229434,0.9839815,1.0087817,1.0727082,1.0913835,
Latvia,LVA,SE.TER.ENRR,94.5108337402344,93.4839324951172,91.3303680419922,85.7360610961914,82.917350769043,
Latvia,LVA,IP.JRN.ARTC.SC,1506.0,1786.29,1655.62,1736.07,,
Lebanon,LBN,GOV_WGI_CC_EST,-1.23052269999999,-1.2586741,-1.21762979999999,-1.2554109,-1.3041344,
Lebanon,LBN,IT.NET.BBND.P2,7.57698778654173,7.55615217723581,7.29166684799988,,,
Lebanon,LBN,NY.GDP.PCAP.PP.CD,16259.705131228053,11599.77550837654,12292.840730550111,12574.8329116403,,
Lebanon,LBN,TX.VAL.TECH.MF.ZS,5.136512592327653,2.154253144780375,15.133219943969994,4.302360783603364,2.895912768815062,
Lebanon,LBN,IT.CEL.SETS.P2,75.2003104658777,74.9935205999452,74.0148340435503,,,
Lebanon,LBN,GOV_WGI_PV_EST,-1.3492491,-1.3231817,-1.34257539999999,-1.2764099,-1.3896806,
Lebanon,LBN,GOV_WGI_RL_EST,-0.918424399999999,-1.0028379,-1.0323318,-1.0665045,-1.0853525,
Lebanon,LBN,SE.TER.ENRR,51.5677337643942,56.8657861418168,58.1761149059991,54.4012561547071,,
Lebanon,LBN,IP.JRN.ARTC.SC,2184.85,2130.13,1990.44,2079.31,,
Lesotho,LSO,GOV_WGI_CC_EST,-0.009674,-0.1543581,-0.1463735,-0.3006103,-0.302427,
Lesotho,LSO,IT.NET.BBND.P2,0.226324591508713,0.353652507890634,0.39753117741491,0.383738154734299,0.379434958926989,
Lesotho,LSO,NY.GDP.PCAP.PP.CD,2559.0977607784566,2544.7824955121414,2761.3110500221565,2880.9662961569247,3001.163119513338,
Lesotho,LSO,TX.VAL.TECH.MF.ZS,0.0339450853606886,0.0697267831899667,0.0925726266687245,0.0742607412455622,0.0895832496967831,
Lesotho,LSO,IT.CEL.SETS.P2,69.8944012395073,80.5368195682415,68.1001351640997,69.3513051423509,70.328049309004,
Lesotho,LSO,GOV_WGI_PV_EST,-0.1451933,-0.1334002,-0.128161,-0.1357263,-0.2588663,
Lesotho,LSO,GOV_WGI_RL_EST,-0.369226499999999,-0.401743299999999,-0.4650393,-0.442253499999999,-0.406586499999999,
Lesotho,LSO,SE.TER.ENRR,,,,,,
Lesotho,LSO,IP.JRN.ARTC.SC,34.73,42.41,47.35,60.18,,
Liberia,LBR,GOV_WGI_CC_EST,-0.9167423,-0.9896145,-1.0479173,-1.01213,-1.0473848,
Liberia,LBR,IT.NET.BBND.P2,0.252453508259017,0.247180102838331,0.274673226516174,,,
Liberia,LBR,NY.GDP.PCAP.PP.CD,1659.52109145991,1539.20892304674,1691.5727572185108,1794.533408633621,1871.0440616426235,
Liberia,LBR,TX.VAL.TECH.MF.ZS,0.0150390753332307,7.934965405129269,10.267997840320067,0.6437185964982839,,
Liberia,LBR,IT.CEL.SETS.P2,32.1004345501657,31.429900768597,32.0638885570006,,,
Liberia,LBR,GOV_WGI_PV_EST,-0.220102599999999,-0.2103506,-0.2807974,-0.174047999999999,-0.228549,
Liberia,LBR,GOV_WGI_RL_EST,-0.855358499999999,-0.8429491,-0.858746399999999,-0.8997457,-0.868004,
Liberia,LBR,SE.TER.ENRR,,,,,,
Liberia,LBR,IP.JRN.ARTC.SC,11.24,25.33,27.29,31.54,,
Libya,LBY,GOV_WGI_CC_EST,-1.5214215,-1.5502152,-1.5332986,-1.5426693,-1.5315957,
Libya,LBY,IT.NET.BBND.P2,4.71229521564357,4.65300430613124,4.51840823499527,,,
Libya,LBY,NY.GDP.PCAP.PP.CD,10954.79904526496,12641.509771407456,12266.38968047156,13847.079219004503,14303.808773698796,
Libya,LBY,TX.VAL.TECH.MF.ZS,,,,,,
Libya,LBY,IT.CEL.SETS.P2,164.987107188677,195.117849246865,192.97309381967,,,
Libya,LBY,GOV_WGI_PV_EST,-2.2231779,-2.2069296,-2.00397249999999,-2.0418754,-1.8964767,
Libya,LBY,GOV_WGI_RL_EST,-1.6334673,-1.56279409999999,-1.7431898,-1.66847289999999,-1.6980126,
Libya,LBY,SE.TER.ENRR,,,,,,
Libya,LBY,IP.JRN.ARTC.SC,251.83,458.51,407.68,443.08,,
Liechtenstein,LIE,GOV_WGI_CC_EST,2.0208673,1.7554608,1.7550868,1.7538023,1.7550399,
Liechtenstein,LIE,IT.NET.BBND.P2,46.5602187427451,47.5207458252228,48.9304880840349,49.4065356836204,50.0050163029847,
Liechtenstein,LIE,NY.GDP.PCAP.PP.CD,,,,,,
Liechtenstein,LIE,TX.VAL.TECH.MF.ZS,,,,,,
Liechtenstein,LIE,IT.CEL.SETS.P2,126.104676657982,126.070587030017,126.306686674975,127.059447446841,128.901429646351,
Liechtenstein,LIE,GOV_WGI_PV_EST,1.6427344,1.5846135,1.5871411,1.5875521,1.5823538,
Liechtenstein,LIE,GOV_WGI_RL_EST,1.6347175,1.6323677,1.7279582,1.7276012,1.7275435,
Liechtenstein,LIE,SE.TER.ENRR,42.5986099243164,46.0189590454102,,,,
Liechtenstein,LIE,IP.JRN.ARTC.SC,37.06,43.26,44.58,51.21,,
Lithuania,LTU,GOV_WGI_CC_EST,0.8813828,0.9249581,0.855068,0.8884764,0.9927892,
Lithuania,LTU,IT.NET.BBND.P2,28.4988545174577,28.712701575387,28.4400438919259,27.9638162516437,27.8460080234758,
Lithuania,LTU,NY.GDP.PCAP.PP.CD,41262.72769417246,45873.52732394857,50936.00495474423,52348.2468215268,55285.899193430414,
Lithuania,LTU,TX.VAL.TECH.MF.ZS,12.009566093371133,11.508956927431983,12.99639413336345,14.402895995336069,17.324550664098464,
Lithuania,LTU,IT.CEL.SETS.P2,131.341332336588,133.357273318046,135.834150715729,137.203719983084,138.728835196967,
Lithuania,LTU,GOV_WGI_PV_EST,1.1506312,1.0111257,0.963939,0.9517926,0.9394441,
Lithuania,LTU,GOV_WGI_RL_EST,1.1400782,1.2107283,1.228331,1.3288838,1.3742358,
Lithuania,LTU,SE.TER.ENRR,73.5892868041992,75.0314712524414,76.9154586791992,77.0064163208008,75.6177368164062,
Lithuania,LTU,IP.JRN.ARTC.SC,2594.05,2694.9,2698.05,2673.09,,
Luxembourg,LUX,GOV_WGI_CC_EST,2.2067723,1.9638476,1.9674109,2.0124074,2.0157595,
Luxembourg,LUX,IT.NET.BBND.P2,37.2960860898482,38.0399641403524,38.3269581349215,38.3793065082138,40.3174570156723,
Luxembourg,LUX,NY.GDP.PCAP.PP.CD,122066.73914720172,136772.44375329223,146919.14539849444,150508.2188868879,155941.28821079066,
Luxembourg,LUX,TX.VAL.TECH.MF.ZS,5.61923854995663,6.075202068215098,5.990460389365796,5.979250210643996,5.073612031921197,
Luxembourg,LUX,IT.CEL.SETS.P2,132.908973559976,136.87108956478,139.651285065505,144.474949556306,,
Luxembourg,LUX,GOV_WGI_PV_EST,1.2105167,1.1450494,1.0244114,1.0156548,1.0730532,
Luxembourg,LUX,GOV_WGI_RL_EST,1.796841,1.7333366,1.7477473,1.7286548,1.7617682,
Luxembourg,LUX,SE.TER.ENRR,19.961389541626,20.7341499328613,21.032600402832,21.5371704101562,22.4103698730469,
Luxembourg,LUX,IP.JRN.ARTC.SC,962.87,1048.94,1158.62,1175.75,,
"Macao SAR, China",MAC,GOV_WGI_CC_EST,0.5748942,0.5738053,0.5734313,0.5721468,0.5733844,
"Macao SAR, China",MAC,IT.NET.BBND.P2,30.4508928113933,29.6158421202704,29.6066193799726,29.6759264447159,29.8553859567768,
"Macao SAR, China",MAC,NY.GDP.PCAP.PP.CD,57077.532570509895,73374.44868295889,64193.529404861845,116328.54060013406,126959.91713890588,
"Macao SAR, China",MAC,TX.VAL.TECH.MF.ZS,0.0,0.0,0.0,0.0,0.0,
"Macao SAR, China",MAC,IT.CEL.SETS.P2,237.343774476003,183.574788091048,172.244717160072,192.478344669931,201.136947388589,
"Macao SAR, China",MAC,GOV_WGI_PV_EST,1.0596983,0.9688675,0.9728177,0.9734599,1.053872,
"Macao SAR, China",MAC,GOV_WGI_RL_EST,0.8569176,0.7814373,0.7797993,0.7793536,0.8520978,
"Macao SAR, China",MAC,SE.TER.ENRR,86.7956730769231,98.9696202531646,116.232189973615,129.151041666667,141.864795918367,
"Macao SAR, China",MAC,IP.JRN.ARTC.SC,,,,,,
Madagascar,MDG,GOV_WGI_CC_EST,-0.8463989,-0.9473613,-0.9659728,-0.9853603,-1.00991649999999,
Madagascar,MDG,IT.NET.BBND.P2,0.110521830202826,0.104182794544746,0.10748996107107,0.124487385085979,,
Madagascar,MDG,NY.GDP.PCAP.PP.CD,1490.3231283786608,1577.432460565288,1716.9788487379749,1808.447790385791,1883.5374311383985,
Madagascar,MDG,TX.VAL.TECH.MF.ZS,0.539322061058942,0.4059914364785988,0.3486249845942597,0.4780600540770764,0.9588351721792168,
Madagascar,MDG,IT.CEL.SETS.P2,54.8084663590199,53.9177233784298,64.7494924066919,75.4562966735535,,
Madagascar,MDG,GOV_WGI_PV_EST,-0.574674,-0.4612648,-0.525026099999999,-0.840940199999999,-0.4805584,
Madagascar,MDG,GOV_WGI_RL_EST,-0.858634599999999,-0.893154,-0.9669241,-0.955411599999999,-0.8827065,
Madagascar,MDG,SE.TER.ENRR,5.17336117275841,5.3135678666922,5.87562673022926,6.1466638463036,,
Madagascar,MDG,IP.JRN.ARTC.SC,177.29,176.01,161.19,153.44,,
Malawi,MWI,GOV_WGI_CC_EST,-0.4785598,-0.4316195,-0.6548107,-0.627533999999999,-0.6486607,
Malawi,MWI,IT.NET.BBND.P2,0.0627371263723842,0.0670814931398598,0.0724060330808983,0.079556560544817,0.0863853749149284,
Malawi,MWI,NY.GDP.PCAP.PP.CD,1513.4599080334444,1687.593581796507,1778.3058214600076,1830.4646128744223,1857.6175695030456,
Malawi,MWI,TX.VAL.TECH.MF.ZS,2.798141542902632,6.073562308628742,2.3076953930761377,5.310565941059038,1.6455279444866182,
Malawi,MWI,IT.CEL.SETS.P2,51.2170439392301,59.5599408158462,59.6495709408963,61.0866071008045,69.260530662121,
Malawi,MWI,GOV_WGI_PV_EST,-0.0766165999999999,-0.102843499999999,-0.166924,-0.242439899999999,-0.3802084,
Malawi,MWI,GOV_WGI_RL_EST,-0.262679899999999,-0.2454536,-0.215452999999999,-0.1343556,-0.1463001,
Malawi,MWI,SE.TER.ENRR,2.40217380732134,2.39798041885226,2.70813684546823,,,
Malawi,MWI,IP.JRN.ARTC.SC,285.91,374.94,357.99,377.51,,
Malaysia,MYS,GOV_WGI_CC_EST,0.420523,0.3015023,0.3710292,0.380697,0.4983973,
Malaysia,MYS,IT.NET.BBND.P2,9.91101742902637,10.8921782282506,12.1753566089982,13.0287000355119,13.5464432669708,
Malaysia,MYS,NY.GDP.PCAP.PP.CD,27474.736137823624,29822.849183161838,34419.86849756656,36466.89149383334,38779.28304422528,
Malaysia,MYS,TX.VAL.TECH.MF.ZS,53.812873663165576,51.678683637951394,58.28182440314864,59.41550744217887,58.6276748543331,
Malaysia,MYS,IT.CEL.SETS.P2,129.017911652905,137.684938559871,138.208441079076,142.7320920639,139.664651283564,
Malaysia,MYS,GOV_WGI_PV_EST,0.1400704,0.196108,0.2483001,0.2281849,0.3847799,
Malaysia,MYS,GOV_WGI_RL_EST,0.3499706,0.3016338,0.2952941,0.3016843,0.3451357,
Malaysia,MYS,SE.TER.ENRR,39.7445667367633,38.1899993008367,36.9853099297291,37.2745812491757,38.5013945445142,
Malaysia,MYS,IP.JRN.ARTC.SC,18858.11,22347.89,23520.32,23690.94,,
Maldives,MDV,GOV_WGI_CC_EST,-0.1711344,-0.1632074,-0.265023299999999,-0.2664677,-0.335953799999999,
Maldives,MDV,IT.NET.BBND.P2,12.6832736528067,14.8246453577808,17.3997244832152,18.6292999539919,19.6489572735075,
Maldives,MDV,NY.GDP.PCAP.PP.CD,13425.367445960112,19052.622490431066,22880.51231514193,24786.203212345084,26182.783157091664,
Maldives,MDV,TX.VAL.TECH.MF.ZS,1.7329312783858235,2.0112518938114587,4.096414731302233,0.1895050573795499,0.0022705678515537,
Maldives,MDV,IT.CEL.SETS.P2,142.936122584731,136.789214071769,136.458655310185,141.601234995076,148.137074909198,
Maldives,MDV,GOV_WGI_PV_EST,0.2036825,0.4430279,0.2721525,0.0832571999999999,-0.0544563,
Maldives,MDV,GOV_WGI_RL_EST,-0.3114817,-0.1352825,0.1059573,0.096589,0.0443492,
Maldives,MDV,SE.TER.ENRR,27.0805812417437,23.794640430505,48.4968654322788,,,
Maldives,MDV,IP.JRN.ARTC.SC,21.13,22.11,31.4,31.74,,
Mali,MLI,GOV_WGI_CC_EST,-0.7753949,-0.896400299999999,-0.8528176,-0.849355899999999,-0.9808589,
Mali,MLI,IT.NET.BBND.P2,1.12281404354348,0.648338018002888,0.774220028570636,,,
Mali,MLI,NY.GDP.PCAP.PP.CD,2723.7009478444147,2796.227937954328,3014.4210732687966,3174.629602763957,3314.773322319592,
Mali,MLI,TX.VAL.TECH.MF.ZS,2.205446160428263,13.885397758683316,10.25786682849866,5.360654760795296,,
Mali,MLI,IT.CEL.SETS.P2,116.587405376001,108.693122357196,112.119852778009,,,
Mali,MLI,GOV_WGI_PV_EST,-2.0594968,-2.3319481,-2.4680844,-2.5578431,-2.49096199999999,
Mali,MLI,GOV_WGI_RL_EST,-0.8335984,-0.882688199999999,-1.0213887,-1.0366418,-1.0943496,
Mali,MLI,SE.TER.ENRR,,,,,,
Mali,MLI,IP.JRN.ARTC.SC,120.05,137.47,145.1,116.65,,
Malta,MLT,GOV_WGI_CC_EST,0.611326,0.4667226,0.4469911,0.3219728,0.2667936,
Malta,MLT,IT.NET.BBND.P2,41.1094408219109,42.1830899964911,43.4449972737186,44.282454836797,44.5068355303026,
Malta,MLT,NY.GDP.PCAP.PP.CD,49971.878401021575,56852.32185122669,60588.889059179375,67057.21843298913,69863.74613134567,
Malta,MLT,TX.VAL.TECH.MF.ZS,35.33777512851374,30.73555909823162,38.96158518861868,43.269279320947874,45.17916708913696,
Malta,MLT,IT.CEL.SETS.P2,122.175694268893,123.941408455002,132.861156549134,140.59359496844,142.070062100751,
Malta,MLT,GOV_WGI_PV_EST,0.9914658,0.9318346,0.9316852,0.9382841,0.8049169,
Malta,MLT,GOV_WGI_RL_EST,0.9438011,0.8666429,0.8543614,0.7940278,0.72718,
Malta,MLT,SE.TER.ENRR,61.4767112731934,70.2313537597656,74.5901336669922,80.5250091552734,,
Malta,MLT,IP.JRN.ARTC.SC,507.89,519.44,593.4,497.77,,
Marshall Islands,MHL,GOV_WGI_CC_EST,-0.0245517,-0.0263173999999999,-0.0269237999999999,-0.0290067,0.3907327,
Marshall Islands,MHL,IT.NET.BBND.P2,2.34159134547839,2.27717746029444,2.35047533498016,,,
Marshall Islands,MHL,NY.GDP.PCAP.PP.CD,6136.971197021311,6767.957855105285,7431.427578954963,7548.732537479442,8194.63854758403,
Marshall Islands,MHL,TX.VAL.TECH.MF.ZS,,,,,,
Marshall Islands,MHL,IT.CEL.SETS.P2,37.4654615276542,38.6781734232601,39.7060658232902,,,
Marshall Islands,MHL,GOV_WGI_PV_EST,1.0394581,1.004613,1.2819745,1.2823827,1.2772187,
Marshall Islands,MHL,GOV_WGI_RL_EST,0.7858463,0.7827543,0.836255,0.8357983,0.8357246,
Marshall Islands,MHL,SE.TER.ENRR,,,41.3350449293967,,37.6853055916775,
Marshall Islands,MHL,IP.JRN.ARTC.SC,1.79,2.9,2.17,0.92,,
Mauritania,MRT,GOV_WGI_CC_EST,-0.7915263,-0.879153,-0.8477941,-0.7965253,-0.933744999999999,
Mauritania,MRT,IT.NET.BBND.P2,0.401227704167555,0.405903092669414,0.415227794850191,0.59041012129361,0.946513083252489,
Mauritania,MRT,NY.GDP.PCAP.PP.CD,5740.73959690129,5836.565808218969,6484.827921326307,6965.909535747145,7368.752752902138,
Mauritania,MRT,TX.VAL.TECH.MF.ZS,2.0484486050434305,5.076981808043832,3.979493382012026,2.350646234497596,9.448340812384249,
Mauritania,MRT,IT.CEL.SETS.P2,126.277034284458,137.540323142707,109.883898247552,90.7724948884417,92.0748946443443,
Mauritania,MRT,GOV_WGI_PV_EST,-0.6263455,-0.5222228,-0.2992865,-0.504269499999999,-0.5595872,
Mauritania,MRT,GOV_WGI_RL_EST,-0.7061772,-0.8740834,-0.8487425,-0.8540015,-0.863509899999999,
Mauritania,MRT,SE.TER.ENRR,5.97194330025359,,,,,
Mauritania,MRT,IP.JRN.ARTC.SC,24.92,36.92,25.95,46.84,,
Mauritius,MUS,GOV_WGI_CC_EST,0.3426669,0.416008,0.3948817,0.3417899,0.3404819,
Mauritius,MUS,IT.NET.BBND.P2,25.1865809761826,25.7028828022003,26.1963906498554,26.9082309192612,27.9742504733832,
Mauritius,MUS,NY.GDP.PCAP.PP.CD,21621.597122515755,23010.201382690524,26874.489992759285,29560.713723007877,31839.7597535524,
Mauritius,MUS,TX.VAL.TECH.MF.ZS,2.305358037196932,0.3862043609499416,2.067079625286801,1.014538900784168,1.217035386472606,
Mauritius,MUS,IT.CEL.SETS.P2,149.06995900167,154.053185977432,164.309278835228,165.257524411348,172.68356921857,
Mauritius,MUS,GOV_WGI_PV_EST,0.928832,0.9264413,0.8607357,0.8348296,0.7903521,
Mauritius,MUS,GOV_WGI_RL_EST,0.9547352,0.7212842,0.6838381,0.6633408,0.638614,
Mauritius,MUS,SE.TER.ENRR,42.5378418595105,43.9577226373808,44.2026816403629,43.3386887794765,45.7771156388358,
Mauritius,MUS,IP.JRN.ARTC.SC,192.64,208.35,247.88,205.31,,
Mexico,MEX,GOV_WGI_CC_EST,-0.853792,-0.8733867,-0.8757541,-0.9321625,-0.9408772,
Mexico,MEX,IT.NET.BBND.P2,17.7520559419946,19.2796725887476,20.6070256426489,20.752917384408,21.7367225364543,
Mexico,MEX,NY.GDP.PCAP.PP.CD,19354.12487062439,20782.58774175454,23135.49316012762,25243.1644887582,26185.35647132528,
Mexico,MEX,TX.VAL.TECH.MF.ZS,21.50742497453768,19.811340639837663,20.53436922578491,17.99387858126017,19.3037596613987,
Mexico,MEX,IT.CEL.SETS.P2,96.9237451881936,99.09481491263,105.720624125765,111.735420288549,116.486713265167,
Mexico,MEX,GOV_WGI_PV_EST,-0.7772933,-0.736204699999999,-0.5890439,-0.5984727,-0.7154541,
Mexico,MEX,GOV_WGI_RL_EST,-0.986665199999999,-1.0248188,-1.0822517,-1.0777054,-1.15386449999999,
Mexico,MEX,SE.TER.ENRR,45.1654510498047,45.6506195068359,46.4061317443848,47.474681854248,48.203441619873,
Mexico,MEX,IP.JRN.ARTC.SC,19332.61,20345.96,19740.68,18981.87,,
"Micronesia, Fed. Sts.",FSM,GOV_WGI_CC_EST,0.4040448,0.3004111,0.2998184,0.2977827,0.7080176,
"Micronesia, Fed. Sts.",FSM,IT.NET.BBND.P2,5.40949908038516,5.37518813158461,5.81818506163369,,,
"Micronesia, Fed. Sts.",FSM,NY.GDP.PCAP.PP.CD,3683.9898148367392,3946.416081091658,4086.9798010393984,4233.744925587685,4346.842496718753,
"Micronesia, Fed. Sts.",FSM,TX.VAL.TECH.MF.ZS,,,,,,
"Micronesia, Fed. Sts.",FSM,IT.CEL.SETS.P2,19.8348299614122,19.7090231491436,19.9885830493962,,,
"Micronesia, Fed. Sts.",FSM,GOV_WGI_PV_EST,1.1206831,1.2268624,1.5042238,1.5046321,1.499468,
"Micronesia, Fed. Sts.",FSM,GOV_WGI_RL_EST,0.6699225,0.8844429,0.9774711,0.9770145,0.9769408,
"Micronesia, Fed. Sts.",FSM,SE.TER.ENRR,,,,,,
"Micronesia, Fed. Sts.",FSM,IP.JRN.ARTC.SC,7.98,2.18,3.51,3.74,,
Moldova,MDA,GOV_WGI_CC_EST,-0.7308378,-0.550342,-0.421512599999999,-0.266050299999999,-0.2915803,
Moldova,MDA,IT.NET.BBND.P2,23.4268592640718,25.2112754309344,26.317794331222,27.3086365814931,29.6324400873685,
Moldova,MDA,NY.GDP.PCAP.PP.CD,13527.441313096731,15682.070328465348,16452.96211919997,17746.94055386838,18614.98806912032,
Moldova,MDA,TX.VAL.TECH.MF.ZS,2.239086428579282,2.236947406737116,2.1401803935369017,2.617084405382722,2.92514721596985,
Moldova,MDA,IT.CEL.SETS.P2,111.444672775453,128.983642317657,137.182551887592,129.546081439289,120.083487069521,
Moldova,MDA,GOV_WGI_PV_EST,-0.149089399999999,-0.0451684,-0.2465629,-0.2678685,-0.3449915,
Moldova,MDA,GOV_WGI_RL_EST,-0.377801599999999,-0.2519381,-0.1948034,-0.1938657,-0.161332199999999,
Moldova,MDA,SE.TER.ENRR,56.2498196612517,61.3014036981023,68.0572346521372,71.1679028753075,74.7109378669046,
Moldova,MDA,IP.JRN.ARTC.SC,322.17,334.96,328.4,335.06,,
Monaco,MCO,GOV_WGI_CC_EST,1.1797991,1.1772281,1.1763452,1.1733125,1.8002811,
Monaco,MCO,IT.NET.BBND.P2,54.8672798948752,54.9173307031433,55.2284811589736,55.8835609405483,55.6780823690818,
Monaco,MCO,NY.GDP.PCAP.PP.CD,,,,,,
Monaco,MCO,TX.VAL.TECH.MF.ZS,,,,,,
Monaco,MCO,IT.CEL.SETS.P2,93.2588699080158,97.1422638668985,100.061647530246,104.060991888284,107.400792109963,
Monaco,MCO,GOV_WGI_PV_EST,1.2062355,1.2044193,1.3786309,1.3791391,1.2387076,
Monaco,MCO,GOV_WGI_RL_EST,1.379704,1.3737068,1.3462901,1.3454922,1.3453634,
Monaco,MCO,SE.TER.ENRR,,,,,77.4806900024414,
Monaco,MCO,IP.JRN.ARTC.SC,47.12,51.23,57.39,37.23,,
Mongolia,MNG,GOV_WGI_CC_EST,-0.6207183,-0.6644684,-0.662165,-0.6187813,-0.4859579,
Mongolia,MNG,IT.NET.BBND.P2,9.3475568899214,11.3929982387502,12.9008288504333,14.5529107220073,15.7837343261767,
Mongolia,MNG,NY.GDP.PCAP.PP.CD,13693.179806942995,14792.250908642214,16401.989475153066,18004.85120583547,19144.72613684978,
Mongolia,MNG,TX.VAL.TECH.MF.ZS,2.966199298481359,22.02069998665383,30.81416908973588,22.536554566993505,,
Mongolia,MNG,IT.CEL.SETS.P2,132.610273840436,140.352142155192,142.808581769425,141.08481753135,140.670025377351,
Mongolia,MNG,GOV_WGI_PV_EST,0.7498288,0.7338327,0.6315013,0.6432601,0.4203821,
Mongolia,MNG,GOV_WGI_RL_EST,-0.1742243,-0.1731689,-0.1500746,-0.1575492,-0.09977,
Mongolia,MNG,SE.TER.ENRR,66.2557467107749,67.4261046440448,67.6998728025335,67.941399950927,69.044059753418,
Mongolia,MNG,IP.JRN.ARTC.SC,215.39,274.29,258.96,276.87,,
Montenegro,MNE,GOV_WGI_CC_EST,-0.0359882,0.0383454,-0.0127453999999999,-0.0680776999999999,-0.0594344,
Montenegro,MNE,IT.NET.BBND.P2,30.2953440746132,31.180870777725,31.8922375082974,32.0155251660479,32.305369479654,
Montenegro,MNE,NY.GDP.PCAP.PP.CD,20624.783807930307,23690.077351305637,28049.6156106324,31862.77157780415,34062.75776727055,
Montenegro,MNE,TX.VAL.TECH.MF.ZS,7.607950936974066,9.444483875061833,8.210195069707302,7.995201603123919,14.462266281372935,
Montenegro,MNE,IT.CEL.SETS.P2,177.66521091893,185.488473149833,207.278149444886,207.237922064803,221.687322527444,
Montenegro,MNE,GOV_WGI_PV_EST,0.0295754,-0.0332398999999999,0.0236518,0.262079,0.3318563,
Montenegro,MNE,GOV_WGI_RL_EST,0.1134367,0.0178112,-0.0546103999999999,0.1276478,0.1813833,
Montenegro,MNE,SE.TER.ENRR,58.0944709777832,57.9613914489746,57.4317893981934,55.1743011474609,,
Montenegro,MNE,IP.JRN.ARTC.SC,285.07,283.61,266.88,254.67,,
Morocco,MAR,GOV_WGI_CC_EST,-0.408551999999999,-0.4783966,-0.4879114,-0.5521901,-0.5186913,
Morocco,MAR,IT.NET.BBND.P2,5.74683480916137,6.14617858388986,6.47150166958379,7.02184328513844,7.30282126551091,
Morocco,MAR,NY.GDP.PCAP.PP.CD,7704.84912109375,8623.265625,9310.0322265625,9894.650390625,10415.1240234375,
Morocco,MAR,TX.VAL.TECH.MF.ZS,4.389071145247438,4.3012763601155495,4.498382084083878,5.430705672611437,,
Morocco,MAR,IT.CEL.SETS.P2,135.088404811169,138.911268095998,141.870002419562,148.155101338402,153.057260079672,
Morocco,MAR,GOV_WGI_PV_EST,-0.409449199999999,-0.4686437,-0.492008,-0.534977199999999,-0.4408003,
Morocco,MAR,GOV_WGI_RL_EST,-0.314662899999999,-0.4447944,-0.4491939,-0.3934002,-0.3678036,
Morocco,MAR,SE.TER.ENRR,39.6858047574445,42.531967383806,45.9400219155138,47.4687039298036,48.1839617510572,
Morocco,MAR,IP.JRN.ARTC.SC,6175.71,6993.78,7952.97,9724.77,,
Mozambique,MOZ,GOV_WGI_CC_EST,-0.7627176,-0.809070699999999,-0.9013357,-0.904286399999999,-1.0618104,
Mozambique,MOZ,IT.NET.BBND.P2,0.227393157051228,0.206558007808804,0.197784521833894,0.149001818335337,0.141999688956087,
Mozambique,MOZ,NY.GDP.PCAP.PP.CD,1411.6204022991124,1457.2354093092151,1581.9441944262007,1678.391182436808,1705.37919520416,
Mozambique,MOZ,TX.VAL.TECH.MF.ZS,0.8443133812958905,1.5990396278462573,3.1796241811662123,2.7424455781527737,3.630264842079899,
Mozambique,MOZ,IT.CEL.SETS.P2,50.2318825476662,43.1636190464176,45.8178199662019,47.5003032540948,49.5047696961223,
Mozambique,MOZ,GOV_WGI_PV_EST,-1.34575129999999,-1.2675269,-1.3208653,-1.41840379999999,-1.7581974,
Mozambique,MOZ,GOV_WGI_RL_EST,-1.0406476,-1.0487663,-1.0728381,-1.1016921,-1.1949508,
Mozambique,MOZ,SE.TER.ENRR,,,,,,
Mozambique,MOZ,IP.JRN.ARTC.SC,171.85,219.18,196.72,204.82,,
Myanmar,MMR,GOV_WGI_CC_EST,-0.6277817,-0.9391159,-1.136637,-1.11163979999999,-1.2527062,
Myanmar,MMR,IT.NET.BBND.P2,1.29924592186564,1.67276170937317,2.09694638185872,2.79829802446154,2.86965759378273,
Myanmar,MMR,NY.GDP.PCAP.PP.CD,5740.990458439917,5178.447182171636,5731.937878724586,5953.357351659129,5997.465163237152,
Myanmar,MMR,TX.VAL.TECH.MF.ZS,3.172524937959441,5.069368433603247,2.6145783956440805,2.946314142416057,5.1999199979097686,
Myanmar,MMR,IT.CEL.SETS.P2,148.158208114821,127.240645128106,107.535089476237,121.027626770248,114.329042129489,
Myanmar,MMR,GOV_WGI_PV_EST,-1.5318775,-2.09394989999999,-2.2412758,-2.2086828,-2.0903985,
Myanmar,MMR,GOV_WGI_RL_EST,-1.1631619,-1.5648147,-1.65875779999999,-1.7242442,-1.811602,
Myanmar,MMR,SE.TER.ENRR,,,,,,
Myanmar,MMR,IP.JRN.ARTC.SC,380.95,273.07,163.72,233.94,,
Namibia,NAM,GOV_WGI_CC_EST,0.3917523,0.3260821,0.3167748,0.1649292,0.1265202,
Namibia,NAM,IT.NET.BBND.P2,2.88695019939445,3.1781346555903,3.29190749644768,3.52006938690795,2.83462992194067,
Namibia,NAM,NY.GDP.PCAP.PP.CD,9354.13136713077,9709.099306467706,10662.701706411855,11251.237031381876,11686.602066188076,
Namibia,NAM,TX.VAL.TECH.MF.ZS,0.0232766057778037,0.0666275179134237,0.0563656557154241,0.0809713952530879,0.1172880805763725,
Namibia,NAM,IT.CEL.SETS.P2,106.206587456143,103.727351391971,100.557816104444,87.6760954339972,85.1648988113055,
Namibia,NAM,GOV_WGI_PV_EST,0.5126308,0.5136089,0.3736395,0.4150583,0.5467327,
Namibia,NAM,GOV_WGI_RL_EST,0.2186834,0.2859049,0.3187607,0.3088084,0.3278567,
Namibia,NAM,SE.TER.ENRR,25.9870484145026,26.6057345682932,26.1092654658031,,,
Namibia,NAM,IP.JRN.ARTC.SC,208.52,233.51,213.89,231.33,,
Nauru,NRU,GOV_WGI_CC_EST,0.449309,0.4468112,0.4459534,0.443007,0.5049337,
Nauru,NRU,IT.NET.BBND.P2,,,9.95678332344717,,,
Nauru,NRU,NY.GDP.PCAP.PP.CD,10810.946100240097,12112.235838422816,13245.109456261936,13731.57047450158,14173.00810431538,
Nauru,NRU,TX.VAL.TECH.MF.ZS,,,,,,
Nauru,NRU,IT.CEL.SETS.P2,85.8885167053165,85.404389785635,87.1705787645115,,,
Nauru,NRU,GOV_WGI_PV_EST,0.7590998,0.7572142,0.9276426,1.0356891,1.1047052,
Nauru,NRU,GOV_WGI_RL_EST,0.214808,0.2100341,0.3476922,0.3470294,0.2518105,
Nauru,NRU,SE.TER.ENRR,,,,,,
Nauru,NRU,IP.JRN.ARTC.SC,0.9,0.0,0.27,0.13,,
Nepal,NPL,GOV_WGI_CC_EST,-0.701156999999999,-0.624520499999999,-0.652050399999999,-0.629219899999999,-0.632602,
Nepal,NPL,IT.NET.BBND.P2,4.38436385331589,4.30873475530627,8.51809813593178,10.6751345547041,10.0656152054494,
Nepal,NPL,NY.GDP.PCAP.PP.CD,4235.574623269048,4546.229700062892,5102.992311329473,5395.208200775129,5736.621343327036,
Nepal,NPL,TX.VAL.TECH.MF.ZS,2.448800143855544,1.247831570758662,0.6175207044758716,,,
Nepal,NPL,IT.CEL.SETS.P2,131.921020414772,129.645418271275,121.1144874334,117.759577544938,99.8471420273964,
Nepal,NPL,GOV_WGI_PV_EST,-0.250305599999999,-0.2520173,-0.3755496,-0.312959,-0.414613399999999,
Nepal,NPL,GOV_WGI_RL_EST,-0.3725321,-0.3560122,-0.3340683,-0.3365421,-0.303653399999999,
Nepal,NPL,SE.TER.ENRR,14.2002391888535,15.243139284484,14.8435874359729,19.0357612047581,21.2915596292014,
Nepal,NPL,IP.JRN.ARTC.SC,1344.57,1627.26,1647.0,1590.74,,
Netherlands,NLD,GOV_WGI_CC_EST,2.0646075,2.0280226,1.9175777,1.8837073,1.9100133,
Netherlands,NLD,IT.NET.BBND.P2,42.6667277513049,42.9460563127039,43.5643185557355,43.2644444744139,42.9782483069868,
Netherlands,NLD,NY.GDP.PCAP.PP.CD,62596.630202752414,68573.56487864463,78630.35990720983,81728.69046292681,86173.62908417381,
Netherlands,NLD,TX.VAL.TECH.MF.ZS,23.16397608538036,22.002321190827328,21.957838012434244,24.510646527493627,23.46800527637449,
Netherlands,NLD,IT.CEL.SETS.P2,121.422728509042,123.447849713072,115.8205562749,125.272736960305,128.538765867661,
Netherlands,NLD,GOV_WGI_PV_EST,0.7092891,0.732977,0.6252296,0.6084395,0.4281196,
Netherlands,NLD,GOV_WGI_RL_EST,1.8319749,1.7767646,1.7289109,1.7174805,1.7069218,
Netherlands,NLD,SE.TER.ENRR,85.3370819091797,89.3898620605469,,86.5938262939453,,
Netherlands,NLD,IP.JRN.ARTC.SC,32236.56,34144.24,32878.0,32207.08,,
New Caledonia,NCL,GOV_WGI_CC_EST,,0.1313142,0.1269261,0.1118532,0.1263751,
New Caledonia,NCL,IT.NET.BBND.P2,19.3542030291087,19.2837658740455,19.372882005273,,,
New Caledonia,NCL,NY.GDP.PCAP.PP.CD,,,,,,
New Caledonia,NCL,TX.VAL.TECH.MF.ZS,,,,,,
New Caledonia,NCL,IT.CEL.SETS.P2,91.4925961376049,91.1596204954876,91.6763895612682,,,
New Caledonia,NCL,GOV_WGI_PV_EST,1.0443731,1.1123709,1.1152109,1.1167211,1.0976197,
New Caledonia,NCL,GOV_WGI_RL_EST,1.0460544,1.1043988,1.0881945,1.0855574,1.0851316,
New Caledonia,NCL,SE.TER.ENRR,,,,,,
New Caledonia,NCL,IP.JRN.ARTC.SC,,,,,,
New Zealand,NZL,GOV_WGI_CC_EST,2.154305,2.1244607,2.0822927,2.0156067,1.9285412,
New Zealand,NZL,IT.NET.BBND.P2,34.8130286721914,35.262820014578,36.3044927893768,37.8530848455277,38.048298946057,
New Zealand,NZL,NY.GDP.PCAP.PP.CD,45513.312376834336,48248.71767298924,54033.91301256506,54697.382252318,55551.14365863703,
New Zealand,NZL,TX.VAL.TECH.MF.ZS,9.608749742179509,9.761107814301456,12.054341542288812,12.649485735640065,12.967075044943453,
New Zealand,NZL,IT.CEL.SETS.P2,123.000574962598,114.454714130458,115.984187800849,126.854978584281,130.093457083544,
New Zealand,NZL,GOV_WGI_PV_EST,1.4605501,1.3569818,1.2327589,1.2849613,1.1506563,
New Zealand,NZL,GOV_WGI_RL_EST,1.7666346,1.7303956,1.7220184,1.7075544,1.6674536,
New Zealand,NZL,SE.TER.ENRR,75.7348327636719,79.4128875732422,77.0104675292969,76.3811416625977,77.2406463623047,
New Zealand,NZL,IP.JRN.ARTC.SC,8679.94,8960.04,8700.7,8096.23,,
Nicaragua,NIC,GOV_WGI_CC_EST,-1.1373893,-1.237514,-1.2447097,-1.25988029999999,-1.4326926,
Nicaragua,NIC,IT.NET.BBND.P2,4.42253148272568,4.51379519532816,5.00781944815467,5.43030503048751,5.77624223916809,
Nicaragua,NIC,NY.GDP.PCAP.PP.CD,6274.094567413876,7119.169233600418,7796.693620341443,8319.97944140996,8708.799830516262,
Nicaragua,NIC,TX.VAL.TECH.MF.ZS,0.5379568049752341,1.217988202251335,1.2553932131571877,0.8046531571411112,0.5964522273713546,
Nicaragua,NIC,IT.CEL.SETS.P2,90.8140674248283,93.8165084237294,104.278484676229,105.843136180202,105.961143065351,
Nicaragua,NIC,GOV_WGI_PV_EST,-0.5232726,-0.4075357,-0.168460299999999,-0.0652355999999999,-0.0694255,
Nicaragua,NIC,GOV_WGI_RL_EST,-1.3373983,-1.474372,-1.49475349999999,-1.5960126,-1.6197013,
Nicaragua,NIC,SE.TER.ENRR,,,,30.3635101318359,,
Nicaragua,NIC,IP.JRN.ARTC.SC,38.33,42.73,43.07,40.65,,
Niger,NER,GOV_WGI_CC_EST,-0.529990899999999,-0.5632509,-0.5631731,-0.517433,-0.6169138,
Niger,NER,IT.NET.BBND.P2,0.0505953107507067,,,0.107619048674827,0.111273829357144,
Niger,NER,NY.GDP.PCAP.PP.CD,1496.8335002302204,1585.5992202118823,1839.969096759033,1875.1530677062756,2049.933052510188,
Niger,NER,TX.VAL.TECH.MF.ZS,12.24092675222296,32.36995874764103,13.870814780016287,8.96675024256666,8.617663092102479,
Niger,NER,IT.CEL.SETS.P2,60.0355524816093,61.5063092448251,63.3770548032743,65.735032215569,60.5939862118112,
Niger,NER,GOV_WGI_PV_EST,-1.502479,-1.4793091,-1.299076,-1.65337929999999,-1.7634214,
Niger,NER,GOV_WGI_RL_EST,-0.5192429,-0.598975199999999,-0.665473,-0.804084799999999,-0.9457241,
Niger,NER,SE.TER.ENRR,,,,,,
Niger,NER,IP.JRN.ARTC.SC,87.38,65.74,94.17,90.18,,
Nigeria,NGA,GOV_WGI_CC_EST,-1.1178348,-1.1909306,-1.225087,-1.098731,-1.1145909,
Nigeria,NGA,IT.NET.BBND.P2,0.0305206381229766,0.0301639204550369,0.0433814077089791,0.051283785190682,0.0787379280608494,
Nigeria,NGA,NY.GDP.PCAP.PP.CD,7414.774955404803,7588.47885596359,8304.958105035297,8705.434266935388,9086.875506096269,
Nigeria,NGA,TX.VAL.TECH.MF.ZS,6.944123095735878,6.487965049125805,2.3848830290138348,3.530423702949878,2.711671864355792,
Nigeria,NGA,IT.CEL.SETS.P2,95.4356648074949,89.2915858426408,99.5852151989567,98.4772822731425,70.7619057835431,
Nigeria,NGA,GOV_WGI_PV_EST,-2.0090379,-2.0135756,-1.9526169,-1.9559706,-2.0025617,
Nigeria,NGA,GOV_WGI_RL_EST,-0.8413031,-0.926327599999999,-0.9998212,-0.934848799999999,-1.0069453,
Nigeria,NGA,SE.TER.ENRR,,,,,,
Nigeria,NGA,IP.JRN.ARTC.SC,8324.39,9263.7,9649.09,9799.39,,
North Macedonia,MKD,GOV_WGI_CC_EST,-0.456976999999999,-0.3856405,-0.332673,-0.3541776,-0.3292214,
North Macedonia,MKD,IT.NET.BBND.P2,25.4041233643961,26.9448892231031,28.0035734605346,29.1771708951077,29.8921727758887,
North Macedonia,MKD,NY.GDP.PCAP.PP.CD,19962.14824682756,22144.284257143117,24212.281888533133,25354.10350576199,26995.429256349747,
North Macedonia,MKD,TX.VAL.TECH.MF.ZS,4.181055430361338,4.0331959439009,4.014984905959554,5.22971063617991,6.3599119716616,
North Macedonia,MKD,IT.CEL.SETS.P2,99.4723867063031,104.875134243923,111.303079555687,106.458776658176,108.38712260883,
North Macedonia,MKD,GOV_WGI_PV_EST,0.0891281999999999,0.0908151,0.3218511,0.2173102,0.1558087,
North Macedonia,MKD,GOV_WGI_RL_EST,-0.1729781,-0.117091,-0.1802257,-0.2738806,-0.224929699999999,
North Macedonia,MKD,SE.TER.ENRR,43.782169342041,44.3020210266113,53.1601181030273,55.0082015991211,,
North Macedonia,MKD,IP.JRN.ARTC.SC,420.13,425.21,534.99,498.97,,
Northern Mariana Islands,MNP,GOV_WGI_CC_EST,,,,,,
Northern Mariana Islands,MNP,IT.NET.BBND.P2,,,,,,
Northern Mariana Islands,MNP,NY.GDP.PCAP.PP.CD,,,,,,
Northern Mariana Islands,MNP,TX.VAL.TECH.MF.ZS,,,,,,
Northern Mariana Islands,MNP,IT.CEL.SETS.P2,,,,,,
Northern Mariana Islands,MNP,GOV_WGI_PV_EST,,,,,,
Northern Mariana Islands,MNP,GOV_WGI_RL_EST,,,,,,
Northern Mariana Islands,MNP,SE.TER.ENRR,,,,,,
Northern Mariana Islands,MNP,IP.JRN.ARTC.SC,,,,,,
Norway,NOR,GOV_WGI_CC_EST,2.0836375,2.070812,2.0332101,2.0745237,1.9610085,
Norway,NOR,IT.NET.BBND.P2,44.3863056613216,44.9392216218255,45.6644653158508,45.4377082628592,45.1633056345554,
Norway,NOR,NY.GDP.PCAP.PP.CD,67110.60457055019,88984.1386736515,125489.54893560216,103637.51684367847,102037.52680023712,
Norway,NOR,TX.VAL.TECH.MF.ZS,22.068884292682565,20.586371589954304,23.884946045033782,25.67461437749992,25.41393593841716,
Norway,NOR,IT.CEL.SETS.P2,108.296844518424,109.585637519783,111.657196221742,109.654228618195,109.348606513576,
Norway,NOR,GOV_WGI_PV_EST,1.2049763,1.0721678,0.9197731,0.9361906,0.9032646,
Norway,NOR,GOV_WGI_RL_EST,2.0591873,2.0582629,1.9409153,1.9859646,1.9494549,
Norway,NOR,SE.TER.ENRR,87.1685333251953,93.9243011474609,97.6419830322266,95.0573806762695,95.4987564086914,
Norway,NOR,IP.JRN.ARTC.SC,13284.78,13802.78,13494.16,13756.15,,
Oman,OMN,GOV_WGI_CC_EST,0.0239194,0.0233919,0.0212395,0.227724,0.5072492,
Oman,OMN,IT.NET.BBND.P2,11.3829602598706,11.5852955507366,10.8833264083829,10.8793321668994,11.0647690464367,
Oman,OMN,NY.GDP.PCAP.PP.CD,35163.32817814155,38719.45876820488,42616.33489558685,41945.02556408825,41740.16585300117,
Oman,OMN,TX.VAL.TECH.MF.ZS,8.495604879111701,6.610686846504331,7.619869533224779,5.005393460961461,,
Oman,OMN,IT.CEL.SETS.P2,140.378600753095,135.076972756826,136.800571561762,122.291457994634,120.61105087402,
Oman,OMN,GOV_WGI_PV_EST,0.468834,0.3902352,0.4399615,0.5521576,0.6272361,
Oman,OMN,GOV_WGI_RL_EST,0.2562542,0.2255117,0.3524322,0.3443083,0.4493583,
Oman,OMN,SE.TER.ENRR,48.3754397440909,43.8433613964625,,,42.226921081543,
Oman,OMN,IP.JRN.ARTC.SC,1039.96,1320.34,1487.22,1640.31,,
Pakistan,PAK,GOV_WGI_CC_EST,-0.9370003,-0.906181199999999,-0.9459689,-1.0461855,-1.0656237,
Pakistan,PAK,IT.NET.BBND.P2,1.03954036154268,1.23144065449307,1.28371909626329,1.35622425766449,1.46559368502535,
Pakistan,PAK,NY.GDP.PCAP.PP.CD,5048.021306296299,5367.273647147621,5920.274306541074,6013.9896363860025,6252.115431995586,
Pakistan,PAK,TX.VAL.TECH.MF.ZS,1.8878124960338265,1.4884882360675116,1.4322563541997966,1.9028093899842704,2.4381524801580827,
Pakistan,PAK,IT.CEL.SETS.P2,74.7332166629945,78.8012296805749,79.1050539061512,76.5397606213172,76.8544559649986,
Pakistan,PAK,GOV_WGI_PV_EST,-1.5881564,-1.6496402,-1.7555938,-1.9403838,-2.0634311,
Pakistan,PAK,GOV_WGI_RL_EST,-0.812966099999999,-0.8231206,-0.9108794,-1.0042887,-1.017096,
Pakistan,PAK,SE.TER.ENRR,11.7245978752314,12.3810012807012,10.5057175294292,10.4770304814137,10.8564126844434,
Pakistan,PAK,IP.JRN.ARTC.SC,16903.42,19703.26,20954.92,20519.11,,
Palau,PLW,GOV_WGI_CC_EST,0.449309,0.4468112,0.4459534,0.443007,0.5049337,
Palau,PLW,IT.NET.BBND.P2,,,6.993637029112,7.33344615558188,,
Palau,PLW,NY.GDP.PCAP.PP.CD,17389.724615316598,15780.550115886552,17184.54152519551,18230.269862741385,,
Palau,PLW,TX.VAL.TECH.MF.ZS,,,,,,
Palau,PLW,IT.CEL.SETS.P2,134.892086330935,134.960355395603,135.142744523903,135.386698256896,,
Palau,PLW,GOV_WGI_PV_EST,1.1429587,1.1404301,1.2446282,1.2451365,1.2387076,
Palau,PLW,GOV_WGI_RL_EST,1.1608966,1.1551047,1.171936,1.17116,1.1710347,
Palau,PLW,SE.TER.ENRR,,,51.5274949083503,41.130604288499,71.8428437792329,
Palau,PLW,IP.JRN.ARTC.SC,7.22,5.61,6.35,5.04,,
Panama,PAN,GOV_WGI_CC_EST,-0.5190072,-0.5235702,-0.562926599999999,-0.566951499999999,-0.5541186,
Panama,PAN,IT.NET.BBND.P2,13.8346818420776,14.8381106018887,16.3861439797054,18.1341265585334,,
Panama,PAN,NY.GDP.PCAP.PP.CD,27017.003379090605,30932.76278091445,36333.12691843586,39813.385793997215,41369.42254149896,
Panama,PAN,TX.VAL.TECH.MF.ZS,0.7436624856538381,0.2600622267048286,0.2336245483884281,1.0004916401567496,1.7673082163248952,
Panama,PAN,IT.CEL.SETS.P2,142.283080390407,147.899862038176,152.062171804817,156.586507591014,,
Panama,PAN,GOV_WGI_PV_EST,0.3368353,0.3538332,0.428471,0.3693808,0.264681,
Panama,PAN,GOV_WGI_RL_EST,-0.2397538,-0.230409999999999,-0.214656799999999,-0.227944099999999,-0.2634275,
Panama,PAN,SE.TER.ENRR,44.9372948646286,52.7147829654218,57.8162831217614,53.6949637061742,,
Panama,PAN,IP.JRN.ARTC.SC,249.53,282.05,370.87,282.01,,
Papua New Guinea,PNG,GOV_WGI_CC_EST,-0.5484433,-0.6567906,-0.588226999999999,-0.6018212,-0.7973513,
Papua New Guinea,PNG,IT.NET.BBND.P2,0.213941966305974,0.209729532794508,0.214639196900492,0.228111959659795,0.232591077844073,
Papua New Guinea,PNG,NY.GDP.PCAP.PP.CD,3899.577192368509,3976.903801169556,4419.6192696280295,4667.835670929906,4874.689955358899,
Papua New Guinea,PNG,TX.VAL.TECH.MF.ZS,44.798404591005855,40.05406216233834,11.971802937338571,10.248078468472276,,
Papua New Guinea,PNG,IT.CEL.SETS.P2,49.0843996981992,48.1179470954257,49.1906681149749,34.0588961979896,38.7651796406789,
Papua New Guinea,PNG,GOV_WGI_PV_EST,-0.768714799999999,-0.747625099999999,-0.6856785,-0.530809,-0.653875,
Papua New Guinea,PNG,GOV_WGI_RL_EST,-0.6603549,-0.6493713,-0.5458926,-0.510767499999999,-0.571332899999999,
Papua New Guinea,PNG,SE.TER.ENRR,,,,,,
Papua New Guinea,PNG,IP.JRN.ARTC.SC,61.12,80.07,81.9,69.76,,
Paraguay,PRY,GOV_WGI_CC_EST,-0.8101421,-0.905500299999999,-0.953862099999999,-1.0149203,-1.0248859,
Paraguay,PRY,IT.NET.BBND.P2,8.5159180276507,10.8118689766377,11.1527995711537,12.8835504093571,,
Paraguay,PRY,NY.GDP.PCAP.PP.CD,14308.878773830456,15406.167064657566,16347.043497477647,17564.491236937418,18523.68101530004,
Paraguay,PRY,TX.VAL.TECH.MF.ZS,5.148321537493579,7.420545984681914,10.561993933889122,9.96565594921736,10.500404949278602,
Paraguay,PRY,IT.CEL.SETS.P2,119.099952314893,119.312639901188,128.088057269442,126.605481531224,,
Paraguay,PRY,GOV_WGI_PV_EST,0.0082817,-0.0550381999999999,-0.0659073999999999,0.0023837999999999,-0.0738359,
Paraguay,PRY,GOV_WGI_RL_EST,-0.3727181,-0.5280024,-0.540378799999999,-0.580114999999999,-0.5835849,
Paraguay,PRY,SE.TER.ENRR,,,,,,
Paraguay,PRY,IP.JRN.ARTC.SC,204.26,227.95,235.52,253.35,,
Peru,PER,GOV_WGI_CC_EST,-0.4980887,-0.509709,-0.641561199999999,-0.6654876,-0.7203896,
Peru,PER,IT.NET.BBND.P2,8.41186520281526,9.05771410333768,9.45023631953673,10.4364266723222,11.6788671222106,
Peru,PER,NY.GDP.PCAP.PP.CD,12563.303806089298,15280.551210648637,16669.156148676902,17011.227802882473,17802.418249897237,
Peru,PER,TX.VAL.TECH.MF.ZS,4.794833903401191,4.461645050021671,4.589466164395387,5.015720128215253,5.213723775964142,
Peru,PER,IT.CEL.SETS.P2,119.854099046125,129.993736857913,124.119322949561,121.975084691173,124.623544414599,
Peru,PER,GOV_WGI_PV_EST,-0.2963963,-0.334168099999999,-0.6566212,-0.7239502,-0.6544223,
Peru,PER,GOV_WGI_RL_EST,-0.4320888,-0.5208197,-0.487251699999999,-0.4787644,-0.5057749,
Peru,PER,SE.TER.ENRR,,,,,,
Peru,PER,IP.JRN.ARTC.SC,3064.15,4073.17,4643.53,5241.67,,
Philippines,PHL,GOV_WGI_CC_EST,-0.5392618,-0.5743865,-0.5774689,-0.5690313,-0.5766165,
Philippines,PHL,IT.NET.BBND.P2,7.08108894988907,8.50897715713263,7.63946525096298,6.5393085505183,7.13893301204977,
Philippines,PHL,NY.GDP.PCAP.PP.CD,8238.368020374568,8857.789951155139,10131.34636979404,10985.829262750516,11794.137548849178,
Philippines,PHL,TX.VAL.TECH.MF.ZS,67.04509158506893,64.22540833461062,66.61109219637783,63.977928897569015,60.97530702587497,
Philippines,PHL,IT.CEL.SETS.P2,133.45620905917,144.424289981649,147.428926406785,117.275521687262,115.298749599352,
Philippines,PHL,GOV_WGI_PV_EST,-0.9415427,-1.0935816,-0.899042399999999,-0.709066,-0.7741477,
Philippines,PHL,GOV_WGI_RL_EST,-0.6331335,-0.6736731,-0.6321996,-0.601158699999999,-0.5739681,
Philippines,PHL,SE.TER.ENRR,31.6317598507085,33.6166173848126,38.4011392706768,44.2394203278519,47.4134996154186,
Philippines,PHL,IP.JRN.ARTC.SC,3137.34,3948.12,4283.9,4752.21,,
Poland,POL,GOV_WGI_CC_EST,0.7442004,0.6869719,0.6673922,0.7534838,0.794073,
Poland,POL,IT.NET.BBND.P2,21.9255858346119,22.8165643900514,23.8373449056172,24.526154479274,25.3612522999634,
Poland,POL,NY.GDP.PCAP.PP.CD,37089.300425681184,41059.5847829682,46777.55245191616,48473.09402864191,51262.51057568839,
Poland,POL,TX.VAL.TECH.MF.ZS,9.866165489971658,9.445565142809356,11.632587777275518,12.122318973594732,13.509969902685828,
Poland,POL,IT.CEL.SETS.P2,129.288487295019,132.987203939653,137.002148115476,135.146301442691,138.016156588197,
Poland,POL,GOV_WGI_PV_EST,0.5545247,0.5651963,0.537484,0.5055901,0.498655,
Poland,POL,GOV_WGI_RL_EST,0.460073,0.4098572,0.3545463,0.3564347,0.5769112,
Poland,POL,SE.TER.ENRR,70.9730377197266,72.2060623168945,75.2911071777344,76.8794097900391,80.9149627685547,
Poland,POL,IP.JRN.ARTC.SC,34204.93,34667.25,31398.78,31218.47,,
Portugal,PRT,GOV_WGI_CC_EST,0.795911,0.8188182,0.7860609,0.7848198,0.8241683,
Portugal,PRT,IT.NET.BBND.P2,40.1215406866329,41.5145728650954,42.937003513367,44.1107426914567,45.2439221846256,
Portugal,PRT,NY.GDP.PCAP.PP.CD,35966.71279656101,38657.6677223425,45250.01487598647,49352.83886130321,51679.888380752695,
Portugal,PRT,TX.VAL.TECH.MF.ZS,7.114711571123802,6.250331404511996,6.99049160072585,6.710841679983992,6.773439189504354,
Portugal,PRT,IT.CEL.SETS.P2,114.276382888841,119.768700781718,122.80130896654,123.001507659381,124.129981203404,
Portugal,PRT,GOV_WGI_PV_EST,0.9830461,0.9584396,0.8869409,0.7890296,0.536927,
Portugal,PRT,GOV_WGI_RL_EST,1.1830529,1.1690784,1.1256864,1.0824285,1.0721547,
Portugal,PRT,SE.TER.ENRR,68.1568908691406,72.5122375488281,75.0714797973633,77.6778182983398,,
Portugal,PRT,IP.JRN.ARTC.SC,16428.64,18387.68,18212.56,18225.29,,
Puerto Rico (US),PRI,GOV_WGI_CC_EST,0.2833466,0.5017099,0.4768446,0.3527223,0.3976986,
Puerto Rico (US),PRI,IT.NET.BBND.P2,20.438273950983,23.6440930650035,22.2824477131524,23.1595519217476,27.9891394865962,
Puerto Rico (US),PRI,NY.GDP.PCAP.PP.CD,36858.60852179076,40559.47481181196,45327.51019242202,47543.39377615281,50247.84924616758,
Puerto Rico (US),PRI,TX.VAL.TECH.MF.ZS,,,,,,
Puerto Rico (US),PRI,IT.CEL.SETS.P2,106.682174305247,112.540413929626,120.215904630962,124.513459651582,126.426375391555,
Puerto Rico (US),PRI,GOV_WGI_PV_EST,0.3722414,0.4249881,0.3070682,0.2902359,0.4382506,
Puerto Rico (US),PRI,GOV_WGI_RL_EST,0.515317,0.5130714,0.4254537,0.5366948,0.546037,
Puerto Rico (US),PRI,SE.TER.ENRR,88.4148538699338,88.5327447779272,82.0153279566474,77.9263575380698,,
Puerto Rico (US),PRI,IP.JRN.ARTC.SC,570.41,556.86,548.49,604.62,,
Qatar,QAT,GOV_WGI_CC_EST,0.8746817,0.8394432,0.8197673,0.7757739,0.7548293,
Qatar,QAT,IT.NET.BBND.P2,10.5631961475008,11.0795735105944,12.6414412670206,11.641102863231,11.8175200751339,
Qatar,QAT,NY.GDP.PCAP.PP.CD,82149.4569875883,116832.65694197152,122920.54329029,129367.8696709272,126046.35485561156,
Qatar,QAT,TX.VAL.TECH.MF.ZS,7.111804651918517,1.719404264112815,2.859699412733962,2.7800363029790134,2.8065533431352216,
Qatar,QAT,IT.CEL.SETS.P2,135.497890935034,137.709548409191,162.248539735277,157.82063065065,153.612474384296,
Qatar,QAT,GOV_WGI_PV_EST,0.8905079,0.9259515,0.9163182,1.0147153,0.9511752,
Qatar,QAT,GOV_WGI_RL_EST,0.4786325,0.5003341,0.5977458,0.5728637,0.589593,
Qatar,QAT,SE.TER.ENRR,23.7649212314763,31.2813974439236,35.0854901088778,38.2058906555176,43.0178909301758,
Qatar,QAT,IP.JRN.ARTC.SC,2230.15,2522.3,2451.09,2471.29,,
Romania,ROU,GOV_WGI_CC_EST,-0.0497221,0.0096051,0.0662149,0.0314923,0.0259732,
Romania,ROU,IT.NET.BBND.P2,29.314080636148,31.6949603653045,33.2115600895132,34.6706189336505,35.7995871488999,
Romania,ROU,NY.GDP.PCAP.PP.CD,34193.83745218679,37534.15591769115,41979.25867670866,45981.602778522174,49076.53993831378,
Romania,ROU,TX.VAL.TECH.MF.ZS,11.937042485069838,11.487940834609924,11.857337556020038,12.67474083271228,13.449751149372108,
Romania,ROU,IT.CEL.SETS.P2,116.478206049988,119.123068432356,121.14194294167,123.252482585042,119.804862328273,
Romania,ROU,GOV_WGI_PV_EST,0.6180826,0.6671952,0.5499041,0.4983587,0.1588848,
Romania,ROU,GOV_WGI_RL_EST,0.4593734,0.4615581,0.4352333,0.4118457,0.3710995,
Romania,ROU,SE.TER.ENRR,53.4911117553711,55.2656097412109,58.2390403747559,55.1682891845703,,
Romania,ROU,IP.JRN.ARTC.SC,9723.0,10812.95,10478.75,10712.88,,
Russian Federation,RUS,GOV_WGI_CC_EST,-0.7746533,-0.7788442,-0.772806099999999,-0.8877345,-0.8911386,
Russian Federation,RUS,IT.NET.BBND.P2,23.1557041794102,23.7409106485411,24.6345568628262,25.8238695549039,27.1333512124875,
Russian Federation,RUS,NY.GDP.PCAP.PP.CD,31490.8046875,38638.4296875,40938.98828125,44268.73046875,47361.90625,
Russian Federation,RUS,TX.VAL.TECH.MF.ZS,9.193638977872078,9.72984772707015,,,,
Russian Federation,RUS,IT.CEL.SETS.P2,163.101112466044,169.07261384221,168.475831268436,180.841776534047,186.103787309059,
Russian Federation,RUS,GOV_WGI_PV_EST,-0.5068977,-0.5061895,-0.740939599999999,-0.8184163,-0.903284699999999,
Russian Federation,RUS,GOV_WGI_RL_EST,-0.8254091,-0.902773199999999,-1.0548583,-1.0734047,-1.15651859999999,
Russian Federation,RUS,SE.TER.ENRR,57.2232854739754,54.9542479280814,53.9151941239211,93.7277679443359,60.3891235376867,
Russian Federation,RUS,IP.JRN.ARTC.SC,88564.43,90676.68,83451.32,85558.11,,
Rwanda,RWA,GOV_WGI_CC_EST,0.5134655,0.4694992,0.5279544,0.6808504,0.6254936,
Rwanda,RWA,IT.NET.BBND.P2,0.135352981978881,0.238872174708692,0.349951615372613,0.445556123195211,0.595648307197658,
Rwanda,RWA,NY.GDP.PCAP.PP.CD,2284.898897953281,2733.4356676244715,3098.6770063499434,3399.451746031431,3710.860404345957,
Rwanda,RWA,TX.VAL.TECH.MF.ZS,7.559386439364159,5.102408027079126,4.7847297958567205,,,
Rwanda,RWA,IT.CEL.SETS.P2,81.2378724761376,81.6381635400584,80.5952224850433,91.4622704078141,93.201462876722,
Rwanda,RWA,GOV_WGI_PV_EST,0.1600853,0.115233,0.0294569,0.0380223,-0.0436888999999999,
Rwanda,RWA,GOV_WGI_RL_EST,-0.0314872999999999,0.0190329,0.0067627,0.0714762,0.1002757,
Rwanda,RWA,SE.TER.ENRR,7.56709586345553,,7.41325884733851,8.88624308383425,9.41173924647801,
Rwanda,RWA,IP.JRN.ARTC.SC,277.92,332.31,360.56,433.51,,
Samoa,WSM,GOV_WGI_CC_EST,0.8109135,0.7667536,0.7661609,0.8188682,0.6881137,
Samoa,WSM,IT.NET.BBND.P2,0.798324085607519,0.791471566430753,0.87753935919651,,,
Samoa,WSM,NY.GDP.PCAP.PP.CD,6450.752011834047,6350.114283532528,6909.171299283358,8194.807256407335,8736.816067725382,
Samoa,WSM,TX.VAL.TECH.MF.ZS,,1.0752843011372046,0.5543692692467819,5.742017319368896,76.6700641079328,
Samoa,WSM,IT.CEL.SETS.P2,32.5557694485336,32.2763227445165,62.398669522115,,,
Samoa,WSM,GOV_WGI_PV_EST,1.1753028,1.1396511,1.2343417,1.2435234,1.2384523,
Samoa,WSM,GOV_WGI_RL_EST,1.164435,1.0545903,1.0470005,1.0530364,1.0529651,
Samoa,WSM,SE.TER.ENRR,17.3303454643177,19.1409681560724,18.5508413272527,14.6106638814429,16.0263900756836,
Samoa,WSM,IP.JRN.ARTC.SC,21.49,24.01,15.2,21.85,,
San Marino,SMR,GOV_WGI_CC_EST,1.1797991,1.1772281,1.1763452,1.1733125,1.1762344,
San Marino,SMR,IT.NET.BBND.P2,31.6373781241911,34.7101700798334,35.7876210032268,,,
San Marino,SMR,NY.GDP.PCAP.PP.CD,55206.58123244048,64745.13167807012,75941.48990901622,78745.43132993352,,
San Marino,SMR,TX.VAL.TECH.MF.ZS,,,,,,
San Marino,SMR,IT.CEL.SETS.P2,112.168886076677,115.700566932778,120.269873863303,,,
San Marino,SMR,GOV_WGI_PV_EST,1.2062355,1.2044193,1.3786309,1.3791391,1.3727102,
San Marino,SMR,GOV_WGI_RL_EST,1.4570337,1.4510365,1.2429348,1.4100336,1.1578037,
San Marino,SMR,SE.TER.ENRR,55.0960978450786,57.6704545454545,53.7988826815642,51.1357340720222,57.5487465181059,
San Marino,SMR,IP.JRN.ARTC.SC,10.07,15.77,18.84,20.09,,
Sao Tome and Principe,STP,GOV_WGI_CC_EST,0.0892524,0.1620477,0.1448531,0.1218554,0.1841644,
Sao Tome and Principe,STP,IT.NET.BBND.P2,1.15528778715478,1.54216281238596,2.02470117761428,2.50139688397417,2.9940221452347,
Sao Tome and Principe,STP,NY.GDP.PCAP.PP.CD,5144.535602860143,5732.694560615356,6033.6811722182965,6149.981460819318,6241.856144646377,
Sao Tome and Principe,STP,TX.VAL.TECH.MF.ZS,10.171173297664945,8.179267482623718,5.294293818156193,29.273432892452234,,
Sao Tome and Principe,STP,IT.CEL.SETS.P2,80.1172764274381,85.2577705092336,86.7784626941517,63.4540500972405,62.4367400312479,
Sao Tome and Principe,STP,GOV_WGI_PV_EST,0.4748721,0.6052679,0.4930734,0.6193032,0.4890127,
Sao Tome and Principe,STP,GOV_WGI_RL_EST,-0.356877899999999,-0.3937827,-0.294381499999999,-0.3531339,-0.3531666,
Sao Tome and Principe,STP,SE.TER.ENRR,,,,,,
Sao Tome and Principe,STP,IP.JRN.ARTC.SC,2.78,3.96,4.37,4.71,,
Saudi Arabia,SAU,GOV_WGI_CC_EST,0.32153,0.2365231,0.2767396,0.476953,0.7528275,
Saudi Arabia,SAU,IT.NET.BBND.P2,25.4596763527151,33.7973610185654,41.8230078726101,43.5732045642216,44.0705800179885,
Saudi Arabia,SAU,NY.GDP.PCAP.PP.CD,47518.48774851529,62690.49666459286,71968.07495588803,71564.80002856499,71375.37278902852,
Saudi Arabia,SAU,TX.VAL.TECH.MF.ZS,0.6050675882867609,0.3057152401093848,0.2952734306819504,0.5906291417678277,0.5440021267136252,
Saudi Arabia,SAU,IT.CEL.SETS.P2,139.444194606554,145.003757775499,149.79788255308,157.775388696083,159.541370566589,
Saudi Arabia,SAU,GOV_WGI_PV_EST,-0.5528267,-0.4672131,-0.3617761,-0.2452065,-0.048171,
Saudi Arabia,SAU,GOV_WGI_RL_EST,-0.1793363,-0.1658751,0.0393234,0.1165635,0.2103549,
Saudi Arabia,SAU,SE.TER.ENRR,73.7510866368859,74.3924865722656,73.7492065429688,,83.884129573915,
Saudi Arabia,SAU,IP.JRN.ARTC.SC,16098.89,19810.93,22901.43,24594.79,,
Senegal,SEN,GOV_WGI_CC_EST,-0.0155587,0.0360917,0.0169424,0.0381077,0.1130413,
Senegal,SEN,IT.NET.BBND.P2,1.05641006886622,1.20966034985347,1.40365165848276,1.97393200956788,4.03828584004829,
Senegal,SEN,NY.GDP.PCAP.PP.CD,3752.91947490817,4173.677413996194,4530.22059496055,4777.614518615782,5070.6486207417975,
Senegal,SEN,TX.VAL.TECH.MF.ZS,0.7441590350961075,1.8791867469948085,2.300686887550707,1.604738865344467,3.0439766592332007,
Senegal,SEN,IT.CEL.SETS.P2,113.638091206029,115.325093678501,118.150293497239,123.911572643075,123.894453697506,
Senegal,SEN,GOV_WGI_PV_EST,-0.0271012,-0.1040585,-0.2028622,-0.1534325,-0.228555999999999,
Senegal,SEN,GOV_WGI_RL_EST,-0.0993883,-0.1485159,-0.1356248,-0.170334799999999,-0.2046739,
Senegal,SEN,SE.TER.ENRR,13.3136624860931,14.6823561354842,15.6478973478986,16.0710053721835,15.3302400879779,
Senegal,SEN,IP.JRN.ARTC.SC,447.88,434.2,507.58,489.62,,
Serbia,SRB,GOV_WGI_CC_EST,-0.3682278,-0.4707878,-0.484904899999999,-0.501692,-0.5608287,
Serbia,SRB,IT.NET.BBND.P2,25.1834994361532,26.4794202826056,29.3457941392192,31.2695286708104,33.3746847922718,
Serbia,SRB,NY.GDP.PCAP.PP.CD,21013.051259036463,23406.40363156344,26142.82792376653,29776.895175215937,32832.17632210049,
Serbia,SRB,TX.VAL.TECH.MF.ZS,,,,,,
Serbia,SRB,IT.CEL.SETS.P2,120.216859464106,125.075587327252,129.813149647571,128.471147595832,123.822194984291,
Serbia,SRB,GOV_WGI_PV_EST,-0.0681568,-0.0436914,-0.0525867,0.0879568999999999,-0.168638999999999,
Serbia,SRB,GOV_WGI_RL_EST,-0.1348535,-0.1926347,-0.1559554,-0.1840377,-0.2000778,
Serbia,SRB,SE.TER.ENRR,68.1431121826172,69.1800231933594,69.8046798706055,73.2060012817383,70.582649230957,
Serbia,SRB,IP.JRN.ARTC.SC,4569.29,4878.41,4938.83,5173.1,,
Seychelles,SYC,GOV_WGI_CC_EST,1.1448063,1.1441374,1.1495314,1.151735,1.2307957,
Seychelles,SYC,IT.NET.BBND.P2,29.067843812089,33.5645230796751,29.8314239734867,30.7719361318005,31.5968654633563,
Seychelles,SYC,NY.GDP.PCAP.PP.CD,31055.944205503947,29979.827268609057,29972.87583159365,31780.78383419647,33238.58003437535,
Seychelles,SYC,TX.VAL.TECH.MF.ZS,3.2849992760269555,3.343076157890919,25.038991663018766,0.0384062538993691,0.0899054165105231,
Seychelles,SYC,IT.CEL.SETS.P2,152.5450781854,149.479213250181,163.429518331448,129.24400747161,125.616862703001,
Seychelles,SYC,GOV_WGI_PV_EST,0.727409,0.7262104,0.8411889,0.9207856,0.9164443,
Seychelles,SYC,GOV_WGI_RL_EST,0.532971,0.5521392,0.5983146,0.5546447,0.5968987,
Seychelles,SYC,SE.TER.ENRR,26.934264107039,26.8701526144608,13.930414075936,14.0341370902195,14.5342502593994,
Seychelles,SYC,IP.JRN.ARTC.SC,26.55,19.69,21.64,15.17,,
Sierra Leone,SLE,GOV_WGI_CC_EST,-0.4611415,-0.478002999999999,-0.5533309,-0.568678999999999,-0.702284199999999,
Sierra Leone,SLE,IT.NET.BBND.P2,0.002274864841433,0.0022731197902009,,,,
Sierra Leone,SLE,NY.GDP.PCAP.PP.CD,2719.072868158068,2849.388659264359,3143.964510505068,3368.317271880632,3522.305880091194,
Sierra Leone,SLE,TX.VAL.TECH.MF.ZS,,,,,,
Sierra Leone,SLE,IT.CEL.SETS.P2,87.0034823125467,101.636782141976,107.882000873042,,,
Sierra Leone,SLE,GOV_WGI_PV_EST,-0.366900299999999,-0.2367225,-0.265426899999999,-0.5558929,-0.4501536,
Sierra Leone,SLE,GOV_WGI_RL_EST,-0.6747383,-0.759120999999999,-0.7806301,-0.8268953,-0.8385756,
Sierra Leone,SLE,SE.TER.ENRR,,,,,,
Sierra Leone,SLE,IP.JRN.ARTC.SC,63.52,73.66,78.05,86.32,,
Singapore,SGP,GOV_WGI_CC_EST,2.1272918,2.0800635,2.0329943,1.9240956,1.9681221,
Singapore,SGP,IT.NET.BBND.P2,26.8622723592787,27.5210996900631,27.5510032505086,27.4343636046425,27.813655026664,
Singapore,SGP,NY.GDP.PCAP.PP.CD,101518.3179844398,132617.3540208764,143094.94989695883,143786.13629301317,150689.30162582558,
Singapore,SGP,TX.VAL.TECH.MF.ZS,55.2615580095711,54.972275251408654,56.82691898762432,56.13837585622781,59.42978293850296,
Singapore,SGP,IT.CEL.SETS.P2,150.259334715266,157.977675166643,173.005291258141,173.199932977376,170.78256295407,
Singapore,SGP,GOV_WGI_PV_EST,1.2855556,1.2816641,1.164789,1.2040374,1.2318778,
Singapore,SGP,GOV_WGI_RL_EST,1.4703849,1.4327468,1.4279068,1.4244438,1.4311756,
Singapore,SGP,SE.TER.ENRR,93.134767179468,97.0989103061521,98.02222650098,97.2886546863037,,
Singapore,SGP,IP.JRN.ARTC.SC,12173.97,12432.16,12402.6,11893.6,,
Sint Maarten (Dutch part),SXM,GOV_WGI_CC_EST,,,,,,
Sint Maarten (Dutch part),SXM,IT.NET.BBND.P2,,,,,,
Sint Maarten (Dutch part),SXM,NY.GDP.PCAP.PP.CD,38901.48676037122,40507.06724117173,48760.68205809973,51686.65208180837,53768.6573945662,
Sint Maarten (Dutch part),SXM,TX.VAL.TECH.MF.ZS,,,,,,
Sint Maarten (Dutch part),SXM,IT.CEL.SETS.P2,,,205.372695128029,,,
Sint Maarten (Dutch part),SXM,GOV_WGI_PV_EST,,,,,,
Sint Maarten (Dutch part),SXM,GOV_WGI_RL_EST,,,,,,
Sint Maarten (Dutch part),SXM,SE.TER.ENRR,,,8.259449370042,7.65284309533989,,
Sint Maarten (Dutch part),SXM,IP.JRN.ARTC.SC,,,,,,
Slovak Republic,SVK,GOV_WGI_CC_EST,0.4197316,0.3575001,0.3774853,0.3846188,0.1108201,
Slovak Republic,SVK,IT.NET.BBND.P2,31.192548373756,32.6060735005904,33.9988127597088,33.17259432898,33.8136036435218,
Slovak Republic,SVK,NY.GDP.PCAP.PP.CD,35327.94391655885,38346.09357681767,41562.149779391286,45973.94069029912,48132.35643054295,
Slovak Republic,SVK,TX.VAL.TECH.MF.ZS,9.99741446798114,9.001389401510746,8.490416014205971,9.7184584659913,10.593555364559856,
Slovak Republic,SVK,IT.CEL.SETS.P2,133.632904273198,135.268252737261,136.029289645522,138.232946210214,139.967676092657,
Slovak Republic,SVK,GOV_WGI_PV_EST,0.6167177,0.5857562,0.5294743,0.5856273,0.6343713,
Slovak Republic,SVK,GOV_WGI_RL_EST,0.5265879,0.7070856,0.5921835,0.5534478,0.5609435,
Slovak Republic,SVK,SE.TER.ENRR,48.3790016174316,50.7342491149902,52.4959106445312,53.417610168457,54.4743194580078,
Slovak Republic,SVK,IP.JRN.ARTC.SC,5161.36,5150.0,5067.03,5332.18,,
Slovenia,SVN,GOV_WGI_CC_EST,0.7760206,0.6986582,0.7480799,0.6814999,0.6743495,
Slovenia,SVN,IT.NET.BBND.P2,30.9930132861242,31.5502669986288,32.0104972135392,31.8814801387465,34.2332575162942,
Slovenia,SVN,NY.GDP.PCAP.PP.CD,41767.25798999567,45914.05723924055,52347.10972653797,56064.097459674245,57186.37135381743,
Slovenia,SVN,TX.VAL.TECH.MF.ZS,7.799852785708071,6.209306032570846,8.569786439242128,8.203455821310259,8.343380343363787,
Slovenia,SVN,IT.CEL.SETS.P2,121.331428226248,123.362924143622,126.45918075971,129.227963043737,130.86090177123,
Slovenia,SVN,GOV_WGI_PV_EST,0.7478672,0.7356372,0.7749516,0.8589449,0.7209146,
Slovenia,SVN,GOV_WGI_RL_EST,0.9364183,0.9260486,0.9211902,0.9707915,0.9786636,
Slovenia,SVN,SE.TER.ENRR,75.8166809082031,82.2400436401367,82.3922576904297,80.0806884765625,,
Slovenia,SVN,IP.JRN.ARTC.SC,3692.85,4058.0,3741.92,3567.56,,
Solomon Islands,SLB,GOV_WGI_CC_EST,-0.0256466,-0.1748432,-0.1752124,-0.1764808,-0.1401036,
Solomon Islands,SLB,IT.NET.BBND.P2,0.134318695281922,0.131131891144795,0.107033208461257,,,
Solomon Islands,SLB,NY.GDP.PCAP.PP.CD,2405.315093647036,2449.870098214515,2496.227345778308,2596.563642528032,2674.893113398307,
Solomon Islands,SLB,TX.VAL.TECH.MF.ZS,,,,,,
Solomon Islands,SLB,IT.CEL.SETS.P2,63.6670615636308,62.1565164026326,62.0734995506142,,,
Solomon Islands,SLB,GOV_WGI_PV_EST,0.5368126,0.4456005,0.7315157,0.7318958,0.7499116,
Solomon Islands,SLB,GOV_WGI_RL_EST,0.2111308,0.015353,0.1473971,0.1522162,0.1533565,
Solomon Islands,SLB,SE.TER.ENRR,,,,,,
Solomon Islands,SLB,IP.JRN.ARTC.SC,14.14,13.72,13.22,14.84,,
"Somalia, Fed. Rep.",SOM,GOV_WGI_CC_EST,-1.5494727,-1.6031075,-1.59878449999999,-1.61685259999999,-1.7861136,
"Somalia, Fed. Rep.",SOM,IT.NET.BBND.P2,0.714663593733325,0.68899907598855,0.668468085170923,0.722963033976147,,
"Somalia, Fed. Rep.",SOM,NY.GDP.PCAP.PP.CD,1454.2671184885548,1392.3178205337051,1486.4724733383357,1555.6101679877622,1601.9646660233948,
"Somalia, Fed. Rep.",SOM,TX.VAL.TECH.MF.ZS,,,,,,
"Somalia, Fed. Rep.",SOM,IT.CEL.SETS.P2,53.1133178401473,51.2059481348129,49.6800986995936,53.9579646939598,,
"Somalia, Fed. Rep.",SOM,GOV_WGI_PV_EST,-2.3507544,-2.60696149999999,-2.092858,-2.1717975,-2.2630781,
"Somalia, Fed. Rep.",SOM,GOV_WGI_RL_EST,-2.18341659999999,-2.16817529999999,-2.2051746,-2.1303739,-2.2054496,
"Somalia, Fed. Rep.",SOM,SE.TER.ENRR,,,,,,
"Somalia, Fed. Rep.",SOM,IP.JRN.ARTC.SC,34.77,53.74,106.41,151.88,,
South Africa,ZAF,GOV_WGI_CC_EST,0.0256677,0.0645613,-0.1634734,-0.2095917,-0.191792799999999,
South Africa,ZAF,IT.NET.BBND.P2,2.15159473337087,2.75540858002384,3.12297476001713,3.4056617766544,5.34791194620067,
South Africa,ZAF,NY.GDP.PCAP.PP.CD,12671.086243685098,13681.954814481312,14749.047804530075,15199.732982377553,15456.19899336581,
South Africa,ZAF,TX.VAL.TECH.MF.ZS,5.621719759584795,5.547560490452681,5.521969233363529,4.955515712099358,5.709233441532223,
South Africa,ZAF,IT.CEL.SETS.P2,158.447269436121,163.12806305125,160.728511675754,171.508619260428,179.336329840585,
South Africa,ZAF,GOV_WGI_PV_EST,-0.2489513,-0.7738081,-0.6842882,-0.6397104,-0.6171348,
South Africa,ZAF,GOV_WGI_RL_EST,-0.0613794,0.1210745,0.0341024,0.039525,0.017703,
South Africa,ZAF,SE.TER.ENRR,22.6148742572009,22.3431289991291,23.7271036201865,23.493768799339,,
South Africa,ZAF,IP.JRN.ARTC.SC,15308.72,15478.5,15880.81,14949.03,,
South Sudan,SSD,GOV_WGI_CC_EST,-1.80683669999999,-1.82343179999999,-1.861122,-1.87741769999999,-2.0647211,
South Sudan,SSD,IT.NET.BBND.P2,,0.0018406409848165,0.0018146882134276,0.0017416484040317,,
South Sudan,SSD,NY.GDP.PCAP.PP.CD,,,,,,
South Sudan,SSD,TX.VAL.TECH.MF.ZS,,,,,,
South Sudan,SSD,IT.CEL.SETS.P2,,30.151042999214,48.4888320004297,46.6152369503945,,
South Sudan,SSD,GOV_WGI_PV_EST,-2.1055063,-2.21948739999999,-1.6425543,-1.52967079999999,-1.4896464,
South Sudan,SSD,GOV_WGI_RL_EST,-1.90756779999999,-1.97781689999999,-1.9298809,-2.00017059999999,-1.9725304,
South Sudan,SSD,SE.TER.ENRR,,,,,,
South Sudan,SSD,IP.JRN.ARTC.SC,14.47,14.73,17.29,17.18,,
Spain,ESP,GOV_WGI_CC_EST,0.8309019,0.8120886,0.7816745,0.7395223,0.7145938,
Spain,ESP,IT.NET.BBND.P2,33.9527590155171,34.9302420932073,35.7846414290159,37.2148181549182,39.2337541858756,
Spain,ESP,NY.GDP.PCAP.PP.CD,39327.84792695986,44251.66582226214,51398.93104034071,55682.240260309256,57965.29481388373,
Spain,ESP,TX.VAL.TECH.MF.ZS,7.768421355311217,9.39320382214351,12.583718791138846,9.56253561613111,9.284476615699374,
Spain,ESP,IT.CEL.SETS.P2,116.712041523767,118.999806936801,123.399528756795,127.715490236713,130.260997343256,
Spain,ESP,GOV_WGI_PV_EST,0.2956928,0.38323,0.1569762,0.1484475,-0.002992,
Spain,ESP,GOV_WGI_RL_EST,0.9801536,0.9207665,0.9606357,0.9304606,0.9317736,
Spain,ESP,SE.TER.ENRR,91.59912109375,95.3768997192383,95.0271606445312,93.7303466796875,93.7689666748047,
Spain,ESP,IP.JRN.ARTC.SC,60134.98,63622.32,61269.93,60303.76,,
Sri Lanka,LKA,GOV_WGI_CC_EST,-0.2760375,-0.3367364,-0.3533578,-0.3868314,-0.384770899999999,
Sri Lanka,LKA,IT.NET.BBND.P2,7.8962203692284,10.5401488574725,9.63609972688813,8.76545173115153,8.4682688580745,
Sri Lanka,LKA,NY.GDP.PCAP.PP.CD,12940.904329574932,14316.135222568291,14193.654621744592,14455.654441473378,15632.592484984809,
Sri Lanka,LKA,TX.VAL.TECH.MF.ZS,1.2563928064125354,1.0451912960950598,1.0863745770213964,1.417238452577579,1.5379397154043717,
Sri Lanka,LKA,IT.CEL.SETS.P2,131.773421339878,135.522602889503,151.72675762805,142.277402587724,132.548743018664,
Sri Lanka,LKA,GOV_WGI_PV_EST,-0.1154138,-0.510938,-0.7621199,-0.670013,-0.350302399999999,
Sri Lanka,LKA,GOV_WGI_RL_EST,-0.1909487,-0.2315397,-0.3299184,-0.31553,-0.2577461,
Sri Lanka,LKA,SE.TER.ENRR,20.1614879343022,20.7824292013914,22.3679922774735,20.7412633848006,,
Sri Lanka,LKA,IP.JRN.ARTC.SC,1789.35,2410.12,2498.12,2321.86,,
St. Kitts and Nevis,KNA,GOV_WGI_CC_EST,0.3247512,0.352033,0.3109783,0.3519798,0.3480989,
St. Kitts and Nevis,KNA,IT.NET.BBND.P2,45.9569020695541,43.0254688535808,46.7447387013209,,,
St. Kitts and Nevis,KNA,NY.GDP.PCAP.PP.CD,27326.036057423,26896.61770659784,31870.88137845052,33979.63036157338,34846.603534282825,
St. Kitts and Nevis,KNA,TX.VAL.TECH.MF.ZS,,,,,,
St. Kitts and Nevis,KNA,IT.CEL.SETS.P2,133.400896095584,121.256121292475,116.923933289088,118.893023653706,,
St. Kitts and Nevis,KNA,GOV_WGI_PV_EST,0.9164728,0.9147636,0.9177056,0.918184,0.9121334,
St. Kitts and Nevis,KNA,GOV_WGI_RL_EST,0.6337014,0.5899268,0.571593,0.5632841,0.5904494,
St. Kitts and Nevis,KNA,SE.TER.ENRR,,,,,,
St. Kitts and Nevis,KNA,IP.JRN.ARTC.SC,37.34,35.08,40.15,35.5,,
St. Lucia,LCA,GOV_WGI_CC_EST,0.37834,0.370132,0.3713679,0.3771938,0.4492828,
St. Lucia,LCA,IT.NET.BBND.P2,19.9725105189341,10.675434960397,13.571912004072,,,
St. Lucia,LCA,NY.GDP.PCAP.PP.CD,14912.159584235043,19101.16529566755,24599.37330010672,25974.50929252631,27567.328077983904,
St. Lucia,LCA,TX.VAL.TECH.MF.ZS,9.332240174629582,,,,,
St. Lucia,LCA,IT.CEL.SETS.P2,81.8687237026648,96.2374385229832,98.6676436534083,,,
St. Lucia,LCA,GOV_WGI_PV_EST,0.8698532,0.868144,1.0438207,1.044299,1.0382485,
St. Lucia,LCA,GOV_WGI_RL_EST,0.5946847,0.6252576,0.5318302,0.5120691,0.5032686,
St. Lucia,LCA,SE.TER.ENRR,16.8199691772461,,16.1808795928955,15.0396404266357,,
St. Lucia,LCA,IP.JRN.ARTC.SC,3.09,3.84,4.19,2.54,,
St. Martin (French part),MAF,GOV_WGI_CC_EST,,,,,,
St. Martin (French part),MAF,IT.NET.BBND.P2,,,,,,
St. Martin (French part),MAF,NY.GDP.PCAP.PP.CD,,,,,,
St. Martin (French part),MAF,TX.VAL.TECH.MF.ZS,,,,,,
St. Martin (French part),MAF,IT.CEL.SETS.P2,,,,,,
St. Martin (French part),MAF,GOV_WGI_PV_EST,,,,,,
St. Martin (French part),MAF,GOV_WGI_RL_EST,,,,,,
St. Martin (French part),MAF,SE.TER.ENRR,,,,,,
St. Martin (French part),MAF,IP.JRN.ARTC.SC,,,,,,
St. Vincent and the Grenadines,VCT,GOV_WGI_CC_EST,0.7606733,0.7401119,0.7243711,0.7112575,0.7050204,
St. Vincent and the Grenadines,VCT,IT.NET.BBND.P2,23.8906168498735,27.1020312910221,28.9967269662701,30.4935700680004,29.4605231772283,
St. Vincent and the Grenadines,VCT,NY.GDP.PCAP.PP.CD,15336.598777176448,16200.899459784525,18035.27329281201,19819.869034679035,21272.080067366205,
St. Vincent and the Grenadines,VCT,TX.VAL.TECH.MF.ZS,0.0,0.0034502487133053,4.0070872997932,4.934428618818683,,
St. Vincent and the Grenadines,VCT,IT.CEL.SETS.P2,96.9437629194598,95.5173520288601,102.334241420536,101.631416361537,108.354536057883,
St. Vincent and the Grenadines,VCT,GOV_WGI_PV_EST,1.0425879,1.0408786,1.0438207,1.044299,1.0382485,
St. Vincent and the Grenadines,VCT,GOV_WGI_RL_EST,0.6515481,0.6474473,0.6160382,0.5500992,0.5017878,
St. Vincent and the Grenadines,VCT,SE.TER.ENRR,33.6692278624512,35.7032258064516,41.4983277591973,,,
St. Vincent and the Grenadines,VCT,IP.JRN.ARTC.SC,3.15,5.84,6.06,2.69,,
Sudan,SDN,GOV_WGI_CC_EST,-1.3828975,-1.292527,-1.4462818,-1.4513517,-1.557432,
Sudan,SDN,IT.NET.BBND.P2,0.0615141548276354,0.0632992450276202,0.0604394040047428,,,
Sudan,SDN,NY.GDP.PCAP.PP.CD,3348.57836914063,3248.9755859375,3355.37817382813,2420.65795898438,2115.81616210938,
Sudan,SDN,TX.VAL.TECH.MF.ZS,,,,,,
Sudan,SDN,IT.CEL.SETS.P2,75.2207425678785,71.767230205952,70.2084038614961,,,
Sudan,SDN,GOV_WGI_PV_EST,-1.3881394,-1.7826483,-1.92571989999999,-2.0604154,-2.0243381,
Sudan,SDN,GOV_WGI_RL_EST,-1.344873,-1.3405003,-1.4230148,-1.65553779999999,-1.7733122,
Sudan,SDN,SE.TER.ENRR,,,,,,
Sudan,SDN,IP.JRN.ARTC.SC,375.71,531.71,490.76,470.62,,
Suriname,SUR,GOV_WGI_CC_EST,-0.3026185,-0.311597299999999,-0.308943099999999,-0.3292402,-0.3768745,
Suriname,SUR,IT.NET.BBND.P2,15.0689920417039,19.899950800782,20.0260284612076,17.5373597122531,18.7523938773484,
Suriname,SUR,NY.GDP.PCAP.PP.CD,16946.894236191354,18458.23499968104,20078.83655459504,21110.198020456257,21800.52659898221,
Suriname,SUR,TX.VAL.TECH.MF.ZS,2.511958910997272,4.633987928760653,11.350144983772896,3.2127494355163906,10.372991669773096,
Suriname,SUR,IT.CEL.SETS.P2,146.874739718153,146.654129497521,149.052255906952,157.24614636039,142.122626416427,
Suriname,SUR,GOV_WGI_PV_EST,0.4628889,0.3607899,0.2466594,0.3004618,0.4782277,
Suriname,SUR,GOV_WGI_RL_EST,-0.185081599999999,-0.1971687,-0.2196339,-0.1875599,-0.2085757,
Suriname,SUR,SE.TER.ENRR,5.30574712643678,8.45416298008342,5.02487384130847,4.93785087797966,2.56642457392281,
Suriname,SUR,IP.JRN.ARTC.SC,18.38,25.22,13.38,26.34,,
Sweden,SWE,GOV_WGI_CC_EST,2.1337232,2.0899139,2.0255279,1.9804259,1.9676051,
Sweden,SWE,IT.NET.BBND.P2,40.3679810262741,40.8351431063991,40.6093424279832,40.7340135908716,40.6156538715616,
Sweden,SWE,NY.GDP.PCAP.PP.CD,57489.26571962186,62731.70061629304,67075.6762724717,69226.32727566626,71844.9129880579,
Sweden,SWE,TX.VAL.TECH.MF.ZS,15.13595083802388,13.934831746892607,17.256654136370216,17.62385202771132,17.65245510822034,
Sweden,SWE,IT.CEL.SETS.P2,123.548656971054,124.96149481991,140.781664517726,140.265691285045,140.686673016562,
Sweden,SWE,GOV_WGI_PV_EST,0.955794,0.9471541,0.9419053,0.778803,0.6035115,
Sweden,SWE,GOV_WGI_RL_EST,1.8204763,1.7883138,1.7381383,1.6947293,1.7267013,
Sweden,SWE,SE.TER.ENRR,79.1196365356445,85.9426193237305,83.8976135253906,81.3998184204102,83.9988098144531,
Sweden,SWE,IP.JRN.ARTC.SC,21153.6,22021.79,21514.5,21243.62,,
Switzerland,CHE,GOV_WGI_CC_EST,2.2868791,2.1059546,2.0949429,2.0972439,2.0072184,
Switzerland,CHE,IT.NET.BBND.P2,46.4813712779996,47.9433096708255,46.6747503634479,46.8364627671237,47.0197818175134,
Switzerland,CHE,NY.GDP.PCAP.PP.CD,72997.82395032821,81001.41112061175,94421.4576550424,95141.59609436324,96497.6947971323,
Switzerland,CHE,TX.VAL.TECH.MF.ZS,12.845086709427786,14.23506327297248,29.988139797666413,29.33402869787281,29.623901515794376,
Switzerland,CHE,IT.CEL.SETS.P2,127.376373489656,123.21236546636,123.971228075124,130.221876609608,129.471369643132,
Switzerland,CHE,GOV_WGI_PV_EST,1.1126481,1.0255347,1.0254452,0.9907717,0.9806678,
Switzerland,CHE,GOV_WGI_RL_EST,1.8077068,1.7893994,1.7793511,1.7920906,1.7636516,
Switzerland,CHE,SE.TER.ENRR,68.0676422119141,71.893928527832,74.1526794433594,74.0060882568359,73.5430526733398,
Switzerland,CHE,IP.JRN.ARTC.SC,23197.82,24649.1,23935.67,22803.86,,
Syrian Arab Republic,SYR,GOV_WGI_CC_EST,-1.6873687,-1.79070699999999,-1.79243509999999,-1.7817933,-1.70162709999999,
Syrian Arab Republic,SYR,IT.NET.BBND.P2,7.35459379919522,7.28562915466706,7.16283326639858,6.86124546257849,,
Syrian Arab Republic,SYR,NY.GDP.PCAP.PP.CD,3737.6575183137593,4592.83860100874,4772.461676671595,,,
Syrian Arab Republic,SYR,TX.VAL.TECH.MF.ZS,,,,,,
Syrian Arab Republic,SYR,IT.CEL.SETS.P2,79.1482419784404,78.5558300193552,78.6567844526885,72.4405852977604,71.2231424453527,
Syrian Arab Republic,SYR,GOV_WGI_PV_EST,-2.35367569999999,-2.37452369999999,-2.43824749999999,-2.4379022,-2.3680716,
Syrian Arab Republic,SYR,GOV_WGI_RL_EST,-1.8514471,-1.8887237,-1.8753611,-1.8617654,-1.813556,
Syrian Arab Republic,SYR,SE.TER.ENRR,,,,,,
Syrian Arab Republic,SYR,IP.JRN.ARTC.SC,480.36,538.61,584.87,645.85,,
Tajikistan,TJK,GOV_WGI_CC_EST,-1.083847,-1.0874541,-1.1230133,-1.1236074,-1.21775639999999,
Tajikistan,TJK,IT.NET.BBND.P2,0.369964643651705,0.495991334524208,0.585196433548591,0.983936262867068,,
Tajikistan,TJK,NY.GDP.PCAP.PP.CD,3653.959767591123,3985.912476112185,4514.175123981642,4963.582952645044,5405.9801161913865,
Tajikistan,TJK,TX.VAL.TECH.MF.ZS,2.607663160969191,0.4082846489619872,1.627127590333715,15.207791011293557,,
Tajikistan,TJK,IT.CEL.SETS.P2,62.2826230779409,64.0874682499327,63.8442080716763,76.215892145748,,
Tajikistan,TJK,GOV_WGI_PV_EST,-0.3288928,-0.3984715,-0.4282098,-0.2876253,-0.2756522,
Tajikistan,TJK,GOV_WGI_RL_EST,-1.2395237,-1.2591682,-1.19932209999999,-1.2086884,-1.18373399999999,
Tajikistan,TJK,SE.TER.ENRR,34.6676458195911,37.4220713871838,37.2834392884446,34.9689625947729,35.6398418742497,
Tajikistan,TJK,IP.JRN.ARTC.SC,118.36,131.4,107.75,158.35,,
Tanzania,TZA,GOV_WGI_CC_EST,-0.2540505,-0.351543,-0.3590925,-0.346236,-0.2941052,
Tanzania,TZA,IT.NET.BBND.P2,1.86248,1.97842,0.110774196881278,0.10501728326893,0.246433216306666,
Tanzania,TZA,NY.GDP.PCAP.PP.CD,3290.60986328125,3493.0830078125,3799.8623046875,4018.5166015625,4220.79638671875,
Tanzania,TZA,TX.VAL.TECH.MF.ZS,2.6876192955467118,1.6829347109246815,1.703635659601261,5.068110536084612,3.0056927508422078,
Tanzania,TZA,IT.CEL.SETS.P2,84.0050558283384,86.0162814148027,93.0159746238635,105.40028112088,126.559163217786,
Tanzania,TZA,GOV_WGI_PV_EST,-0.6629379,-0.5751002,-0.4815853,-0.2367117,-0.3895961,
Tanzania,TZA,GOV_WGI_RL_EST,-0.565190299999999,-0.5650588,-0.5495819,-0.4944742,-0.5194228,
Tanzania,TZA,SE.TER.ENRR,7.18188265775187,3.59164319762461,5.32159018874409,5.16887784940301,4.01880979537964,
Tanzania,TZA,IP.JRN.ARTC.SC,915.83,1031.55,1203.29,1452.53,,
Thailand,THA,GOV_WGI_CC_EST,-0.3820186,-0.3893452,-0.403978499999999,-0.439334199999999,-0.5273456,
Thailand,THA,IT.NET.BBND.P2,16.021813562656,17.3168855632327,17.5125815621477,14.5089451983046,14.8870491187484,
Thailand,THA,NY.GDP.PCAP.PP.CD,19163.74151523488,20242.770003565594,22243.074772702603,23519.212097982272,24712.06585751352,
Thailand,THA,TX.VAL.TECH.MF.ZS,27.64764726425959,24.664280001936557,25.8377488104933,26.050622943512924,28.30577687622535,
Thailand,THA,IT.CEL.SETS.P2,162.327737376294,168.485285358167,176.22279253783,168.642808295144,160.639312286761,
Thailand,THA,GOV_WGI_PV_EST,-0.7333386,-0.6963747,-0.5671596,-0.4398775,-0.6833311,
Thailand,THA,GOV_WGI_RL_EST,-0.2036855,-0.2575207,-0.2682159,-0.1956309,-0.2155096,
Thailand,THA,SE.TER.ENRR,42.5900878816865,43.4690405127808,43.29484965617,45.4407811172674,44.9845744019321,49.0776442074561
Thailand,THA,IP.JRN.ARTC.SC,13335.96,15679.41,17363.34,16656.15,,
Timor-Leste,TLS,GOV_WGI_CC_EST,-0.424278699999999,-0.3019067,-0.4506594,-0.4265439,-0.3775174,
Timor-Leste,TLS,IT.NET.BBND.P2,0.0062591766694091,0.0101471033723194,0.0100051486348815,0.0057791525739623,0.0059972669597711,
Timor-Leste,TLS,NY.GDP.PCAP.PP.CD,6132.082998064948,6825.045886307448,5729.811713825166,4806.821815592992,4422.7788217239895,
Timor-Leste,TLS,TX.VAL.TECH.MF.ZS,0.0072955424235791,0.0271228875443354,6.829766985036592,1.5260503215558736,,
Timor-Leste,TLS,IT.CEL.SETS.P2,103.911005065408,102.668836319816,108.158358863503,112.647241971673,116.382391453038,
Timor-Leste,TLS,GOV_WGI_PV_EST,0.2673205,0.2660158,0.4239118,0.4358404,0.5260108,
Timor-Leste,TLS,GOV_WGI_RL_EST,-0.748894899999999,-0.640091699999999,-0.663390399999999,-0.6431026,-0.6256762,
Timor-Leste,TLS,SE.TER.ENRR,,,,30.9611108169641,,
Timor-Leste,TLS,IP.JRN.ARTC.SC,10.88,14.32,12.31,20.7,,
Togo,TGO,GOV_WGI_CC_EST,-0.644805899999999,-0.6519768,-0.630985799999999,-0.5879504,-0.6633762,
Togo,TGO,IT.NET.BBND.P2,0.607931974735055,0.749325974933037,1.03723561669214,1.22815843837127,1.41538265577438,
Togo,TGO,NY.GDP.PCAP.PP.CD,2384.0664545182667,2638.8109526796325,2935.013673207869,3154.43329348299,3365.458090073059,
Togo,TGO,TX.VAL.TECH.MF.ZS,0.2379302037427752,0.3260921380959298,0.3010719452031468,0.5735855993168181,0.6819482795956174,
Togo,TGO,IT.CEL.SETS.P2,75.164019137873,70.4496733018494,72.2147547047011,75.7906769713952,80.8035554767112,
Togo,TGO,GOV_WGI_PV_EST,-0.8075061,-0.6682329,-0.760395399999999,-0.9186036,-0.8094466,
Togo,TGO,GOV_WGI_RL_EST,-0.6160719,-0.6328001,-0.675356699999999,-0.6302782,-0.632861,
Togo,TGO,SE.TER.ENRR,14.9029897765252,,,,,
Togo,TGO,IP.JRN.ARTC.SC,109.88,123.02,152.62,135.94,,
Tonga,TON,GOV_WGI_CC_EST,-0.2816956,-0.3427691,-0.496913,-0.4947162,-0.3992192,
Tonga,TON,IT.NET.BBND.P2,4.73018996442897,6.4574841217177,8.17387330781973,,,
Tonga,TON,NY.GDP.PCAP.PP.CD,6675.603049871098,6929.176692884377,7296.170821392876,7802.66986206107,,
Tonga,TON,TX.VAL.TECH.MF.ZS,3.7333617570160262,1.68995954105615,0.5527370280701694,28.460294879952087,,
Tonga,TON,IT.CEL.SETS.P2,58.6543555589192,60.9801876955162,61.7257858761257,,,
Tonga,TON,GOV_WGI_PV_EST,1.1156731,1.111896,1.3674794,1.2304624,1.254781,
Tonga,TON,GOV_WGI_RL_EST,0.7544798,0.7498563,0.7917887,0.7999012,0.6942664,
Tonga,TON,SE.TER.ENRR,21.2782986508118,,,42.8611738148984,,
Tonga,TON,IP.JRN.ARTC.SC,5.9,3.67,4.22,4.85,,
Trinidad and Tobago,TTO,GOV_WGI_CC_EST,-0.1941792,-0.2305843,-0.2989622,-0.3161967,-0.339819,
Trinidad and Tobago,TTO,IT.NET.BBND.P2,25.4398983406076,24.9299429931902,26.0331929293058,26.8942307436398,27.0294379426204,
Trinidad and Tobago,TTO,NY.GDP.PCAP.PP.CD,26731.35564100292,30482.120179863054,32978.8585763159,34623.36915009585,36328.513006568486,
Trinidad and Tobago,TTO,TX.VAL.TECH.MF.ZS,0.1758632266485796,0.1028344019126642,0.0822278998582187,0.2232296423431168,0.2236966360888908,
Trinidad and Tobago,TTO,IT.CEL.SETS.P2,134.231180588566,134.221562299819,133.631989924602,134.230557337258,118.786668099235,
Trinidad and Tobago,TTO,GOV_WGI_PV_EST,0.059501,0.1561926,0.3498483,0.3397269,0.3600136,
Trinidad and Tobago,TTO,GOV_WGI_RL_EST,-0.1617074,-0.1513775,-0.2477989,-0.315203499999999,-0.371533,
Trinidad and Tobago,TTO,SE.TER.ENRR,,,,,23.8493010569383,
Trinidad and Tobago,TTO,IP.JRN.ARTC.SC,243.44,266.0,255.09,245.56,,
Tunisia,TUN,GOV_WGI_CC_EST,-0.019263,-0.1415165,-0.1992466,-0.192361099999999,-0.220154599999999,
Tunisia,TUN,IT.NET.BBND.P2,11.1467984493476,12.4220429522978,13.9309222767522,14.0829860846719,14.9741523024679,
Tunisia,TUN,NY.GDP.PCAP.PP.CD,11918.066205482995,12444.3264026887,13618.53899186514,14040.59611481423,14521.008093763836,
Tunisia,TUN,TX.VAL.TECH.MF.ZS,7.648322244662982,7.168311183732175,7.189886086144299,7.701107442841051,,
Tunisia,TUN,IT.CEL.SETS.P2,124.041976750236,129.846077003661,131.875365428496,132.653682480562,117.606816067203,
Tunisia,TUN,GOV_WGI_PV_EST,-0.4326193,-0.6668946,-0.7395623,-0.776038,-0.9248175,
Tunisia,TUN,GOV_WGI_RL_EST,-0.0116452999999999,-0.0151282999999999,-0.236793299999999,-0.3148235,-0.3644942,
Tunisia,TUN,SE.TER.ENRR,32.5181999206543,33.2740287780762,37.1276893615723,38.1219482421875,,
Tunisia,TUN,IP.JRN.ARTC.SC,4851.93,4958.99,5501.68,5492.92,,
Turkiye,TUR,GOV_WGI_CC_EST,-0.3242268,-0.3992138,-0.4324578,-0.4374572,-0.5632153,
Turkiye,TUR,IT.NET.BBND.P2,19.4384064376386,20.9211211378579,21.8230372591075,22.4591697943845,23.4317347919186,
Turkiye,TUR,NY.GDP.PCAP.PP.CD,29209.330886688283,32105.547440050563,39564.110326733295,42786.20049486639,45639.01927359441,
Turkiye,TUR,TX.VAL.TECH.MF.ZS,3.1527701132911825,3.2836273997014094,3.6640355487946232,4.518290989868524,5.137759569870646,
Turkiye,TUR,IT.CEL.SETS.P2,95.3960853737199,99.5415432248525,103.720593629066,105.684032912794,107.826875714392,
Turkiye,TUR,GOV_WGI_PV_EST,-1.0396051,-0.9721057,-0.935033599999999,-0.884477,-0.970710499999999,
Turkiye,TUR,GOV_WGI_RL_EST,-0.709944799999999,-0.775344399999999,-0.7798318,-0.799233499999999,-0.8434149,
Turkiye,TUR,SE.TER.ENRR,118.883682250977,125.763786315918,127.577972412109,105.88606262207,,
Turkiye,TUR,IP.JRN.ARTC.SC,40758.58,46843.54,49827.29,50180.49,,
Turkmenistan,TKM,GOV_WGI_CC_EST,-1.3595471,-1.36021099999999,-1.360439,-1.350058,-1.297223,
Turkmenistan,TKM,IT.NET.BBND.P2,3.40423015428109,4.08263176069293,5.21710831232306,,,
Turkmenistan,TKM,NY.GDP.PCAP.PP.CD,15090.93949717776,16434.13990603527,18340.111280529934,19828.92484611992,21213.08625019529,
Turkmenistan,TKM,TX.VAL.TECH.MF.ZS,,,,,,
Turkmenistan,TKM,IT.CEL.SETS.P2,88.7029504834018,88.1929367884543,,,,
Turkmenistan,TKM,GOV_WGI_PV_EST,-0.1270103,-0.224582999999999,0.2106842,0.2072195,0.2455892,
Turkmenistan,TKM,GOV_WGI_RL_EST,-1.53039329999999,-1.5825855,-1.4336464,-1.4327839,-1.4131747,
Turkmenistan,TKM,SE.TER.ENRR,12.4085702576356,14.5425982703266,16.7316012007071,18.8084201812744,20.4250351701637,
Turkmenistan,TKM,IP.JRN.ARTC.SC,6.73,13.81,20.08,31.31,,
Turks and Caicos Islands,TCA,GOV_WGI_CC_EST,,,,,,
Turks and Caicos Islands,TCA,IT.NET.BBND.P2,,,,,,
Turks and Caicos Islands,TCA,NY.GDP.PCAP.PP.CD,19530.025407561257,25056.488051556884,30220.82401381341,35336.74035114489,37954.38765434712,
Turks and Caicos Islands,TCA,TX.VAL.TECH.MF.ZS,,,,,,
Turks and Caicos Islands,TCA,IT.CEL.SETS.P2,,,,,,
Turks and Caicos Islands,TCA,GOV_WGI_PV_EST,,,,,,
Turks and Caicos Islands,TCA,GOV_WGI_RL_EST,,,,,,
Turks and Caicos Islands,TCA,SE.TER.ENRR,,,16.973180770874,25.2537080405933,,
Turks and Caicos Islands,TCA,IP.JRN.ARTC.SC,,,,,,
Tuvalu,TUV,GOV_WGI_CC_EST,0.2051999,0.2034342,0.2445984,0.2425155,0.5787137,
Tuvalu,TUV,IT.NET.BBND.P2,,4.41436138905238,4.52361889511609,,,
Tuvalu,TUV,NY.GDP.PCAP.PP.CD,5122.198279846984,5352.9786253789725,5661.143847663763,6151.010470416082,,
Tuvalu,TUV,TX.VAL.TECH.MF.ZS,,,,,,
Tuvalu,TUV,IT.CEL.SETS.P2,86.5467833445524,88.2872277810477,98.8590872698158,,,
Tuvalu,TUV,GOV_WGI_PV_EST,1.234863,1.2851524,1.4735212,1.4739295,1.4687654,
Tuvalu,TUV,GOV_WGI_RL_EST,0.9463084,0.9727856,1.0040365,1.1957133,1.2213564,
Tuvalu,TUV,SE.TER.ENRR,,,,19.3509615384615,,
Tuvalu,TUV,IP.JRN.ARTC.SC,0.39,0.06,1.43,0.42,,
Uganda,UGA,GOV_WGI_CC_EST,-0.936142199999999,-0.9322359,-0.9890036,-0.996690299999999,-1.11616729999999,
Uganda,UGA,IT.NET.BBND.P2,0.077818750062982,0.0838841644026815,0.0850849430150062,0.0912969650305002,0.207613333991268,
Uganda,UGA,NY.GDP.PCAP.PP.CD,2532.219501020688,2684.9203593974357,2919.177754071077,3097.6370243061856,3273.267174136397,
Uganda,UGA,TX.VAL.TECH.MF.ZS,2.1028720292943825,2.3479346973229247,2.395714863087912,1.408107804887939,1.9159383343735517,
Uganda,UGA,IT.CEL.SETS.P2,62.2824129624858,65.6220730009172,70.1401117953081,76.2966796632588,83.165031466902,
Uganda,UGA,GOV_WGI_PV_EST,-0.842814499999999,-0.9440307,-1.0920608,-1.0298391,-1.0222248,
Uganda,UGA,GOV_WGI_RL_EST,-0.690221499999999,-0.7277087,-0.729024799999999,-0.752792999999999,-0.738524299999999,
Uganda,UGA,SE.TER.ENRR,,,,,,
Uganda,UGA,IP.JRN.ARTC.SC,926.63,1211.34,1250.03,1423.59,,
Ukraine,UKR,GOV_WGI_CC_EST,-0.830952599999999,-0.8040912,-0.683771799999999,-0.7242773,-0.6723809,
Ukraine,UKR,IT.NET.BBND.P2,18.617022844321,18.2677942438439,17.5398140646824,21.3774151510902,21.6539327212609,
Ukraine,UKR,NY.GDP.PCAP.PP.CD,15541.02734375,17846.408203125,14770.0712890625,17665.34375,18548.859375,
Ukraine,UKR,TX.VAL.TECH.MF.ZS,5.852393844952258,4.510507922578411,5.736135656230187,6.68812192869261,6.370287897750536,
Ukraine,UKR,IT.CEL.SETS.P2,129.341230786476,135.025688989835,120.261144906234,133.38012811971,,
Ukraine,UKR,GOV_WGI_PV_EST,-0.9599236,-0.990563099999999,-1.05075649999999,-0.545978,-0.432315,
Ukraine,UKR,GOV_WGI_RL_EST,-0.5670134,-0.5685603,-0.742306199999999,-0.7454054,-0.720198999999999,
Ukraine,UKR,SE.TER.ENRR,82.1345992180731,75.9079435107907,,82.5533599853516,87.1920013427734,
Ukraine,UKR,IP.JRN.ARTC.SC,15062.95,15639.81,14645.92,15498.36,,
United Arab Emirates,ARE,GOV_WGI_CC_EST,1.0614313,1.0349829,1.0223468,0.9918577,1.1702182,
United Arab Emirates,ARE,IT.NET.BBND.P2,34.345290333178,36.5005361093336,36.8485872897377,37.0968234502256,40.840113505519,
United Arab Emirates,ARE,NY.GDP.PCAP.PP.CD,66790.68226647544,68580.14854234828,75071.65863003506,77955.29517608786,79228.73880127602,
United Arab Emirates,ARE,TX.VAL.TECH.MF.ZS,5.377044928265526,8.957962657252622,9.287760224389102,8.960293973945754,,
United Arab Emirates,ARE,IT.CEL.SETS.P2,194.467749671801,186.30089463245,195.624592490241,199.423843889179,203.206410299544,
United Arab Emirates,ARE,GOV_WGI_PV_EST,0.826942,0.839581,0.883216,0.7829523,0.7886704,
United Arab Emirates,ARE,GOV_WGI_RL_EST,0.3974987,0.338504,0.409903,0.4492886,0.4968448,
United Arab Emirates,ARE,SE.TER.ENRR,54.9746998074699,56.4520334436146,60.4188226013954,61.3456114422447,63.7384451086316,
United Arab Emirates,ARE,IP.JRN.ARTC.SC,4394.25,5201.38,6147.28,7075.14,,
United Kingdom,GBR,GOV_WGI_CC_EST,1.7210258,1.6641761,1.6352771,1.4745753,1.5097548,
United Kingdom,GBR,IT.NET.BBND.P2,40.5775246507294,41.1134869970784,41.2867157729584,41.4367685540411,42.1648283773461,
United Kingdom,GBR,NY.GDP.PCAP.PP.CD,48230.04770274613,51004.42717142381,59021.57218059142,59911.34676632091,62009.490776536586,
United Kingdom,GBR,TX.VAL.TECH.MF.ZS,23.00736049907073,23.86540571821931,27.15977081923476,28.89171461135673,29.23326000907603,
United Kingdom,GBR,IT.CEL.SETS.P2,117.304850715261,117.887430294308,119.833999505569,122.781542240418,121.643331373201,
United Kingdom,GBR,GOV_WGI_PV_EST,0.5102213,0.4363658,0.3676912,0.3683427,0.2577085,
United Kingdom,GBR,GOV_WGI_RL_EST,1.3554927,1.3061844,1.2994581,1.2703547,1.269914,
United Kingdom,GBR,SE.TER.ENRR,69.4076614379883,76.7543563842773,79.7695083618164,80.4146499633789,,
United Kingdom,GBR,IP.JRN.ARTC.SC,103341.82,108095.52,101776.16,97535.98,,
United States,USA,GOV_WGI_CC_EST,1.124297,1.1247591,1.2023562,1.1951066,1.0868914,
United States,USA,IT.NET.BBND.P2,35.7156999293054,37.0074278936277,37.4887954801437,38.0939254696383,38.8571729185246,
United States,USA,NY.GDP.PCAP.PP.CD,64401.50743542087,71307.40172772181,77860.91129088482,82304.62042728657,85809.90038463591,
United States,USA,TX.VAL.TECH.MF.ZS,19.49397616094524,19.90146141317924,20.578983300737853,21.84598783555211,24.322982844202045,
United States,USA,IT.CEL.SETS.P2,103.855170008567,106.324514306135,108.785640656159,112.410910606372,113.190481805755,
United States,USA,GOV_WGI_PV_EST,-0.146807,-0.126399999999999,-0.1626087,-0.193136399999999,-0.0951125,
United States,USA,GOV_WGI_RL_EST,1.0043814,1.0279752,1.0518325,0.9606912,0.9617896,
United States,USA,SE.TER.ENRR,87.5676574707031,84.8550872802734,79.361930847168,,,
United States,USA,IP.JRN.ARTC.SC,453889.89,471378.18,447538.91,430843.27,,
Uruguay,URY,GOV_WGI_CC_EST,1.5144744,1.6220519,1.6139339,1.5493831,1.5279256,
Uruguay,URY,IT.NET.BBND.P2,31.2948224284548,32.5451063460216,33.4865565704576,32.4032099586757,33.0440254320868,
Uruguay,URY,NY.GDP.PCAP.PP.CD,25725.258216941977,29431.885008747067,33000.918699951035,34470.93222011432,36417.87416249601,
Uruguay,URY,TX.VAL.TECH.MF.ZS,9.802503203659697,8.603734005252923,9.55160023287408,10.707230873721414,9.841789758552164,
Uruguay,URY,IT.CEL.SETS.P2,133.90170192835,138.112989243956,139.828801269747,141.71948663565,145.501755749445,
Uruguay,URY,GOV_WGI_PV_EST,1.1512208,1.1500797,1.3035622,1.181072,1.2779376,
Uruguay,URY,GOV_WGI_RL_EST,0.8853539,0.9518641,0.9765591,0.9573597,0.9505638,
Uruguay,URY,SE.TER.ENRR,64.9332150107214,75.1713873701582,76.3977408357972,79.9536903496537,,
Uruguay,URY,IP.JRN.ARTC.SC,961.47,1185.78,1076.04,1059.81,,
Uzbekistan,UZB,GOV_WGI_CC_EST,-0.835694199999999,-0.7419446,-0.699129999999999,-0.701745899999999,-0.754316299999999,
Uzbekistan,UZB,IT.NET.BBND.P2,15.8070422134311,21.8944210928633,25.7992232452287,30.2699233460544,34.7381414135069,
Uzbekistan,UZB,NY.GDP.PCAP.PP.CD,8451.725051081145,9247.643827039294,10292.530942748535,11106.971593476685,11878.552870684822,
Uzbekistan,UZB,TX.VAL.TECH.MF.ZS,1.3049078266424607,0.3080874944273715,1.41210240735451,2.822390701222922,1.733863059639661,
Uzbekistan,UZB,IT.CEL.SETS.P2,99.4063901870675,102.410090312681,105.471643327627,106.884847592051,110.492018573638,
Uzbekistan,UZB,GOV_WGI_PV_EST,-0.3614058,-0.221247,-0.2325524,-0.2504784,-0.0267335,
Uzbekistan,UZB,GOV_WGI_RL_EST,-0.912569899999999,-0.700166499999999,-0.6719908,-0.6742999,-0.6562072,
Uzbekistan,UZB,SE.TER.ENRR,15.9720957084892,22.0939011675309,31.701936179599,45.7591768686293,56.517478700865,59.8086982926392
Uzbekistan,UZB,IP.JRN.ARTC.SC,1101.71,2104.99,2091.27,4624.44,,
Vanuatu,VUT,GOV_WGI_CC_EST,-0.0267151,-0.0360087,-0.135775999999999,-0.1852979,-0.1506043,
Vanuatu,VUT,IT.NET.BBND.P2,0.931880692502794,1.03214458524592,1.1263520377197,1.23342353055002,1.15566375920214,
Vanuatu,VUT,NY.GDP.PCAP.PP.CD,3117.6442529203755,3135.8366494567786,3452.6074269388173,3567.818820302228,3605.607366917352,
Vanuatu,VUT,TX.VAL.TECH.MF.ZS,,,,,,
Vanuatu,VUT,IT.CEL.SETS.P2,82.3909682859418,81.6914485987419,81.6202730589115,89.2943082123161,,
Vanuatu,VUT,GOV_WGI_PV_EST,0.9435444,0.9586235,0.9784231,0.9649424,0.960216,
Vanuatu,VUT,GOV_WGI_RL_EST,0.5488283,0.6224841,0.4948511,0.4196732,0.4215614,
Vanuatu,VUT,SE.TER.ENRR,,,,,,
Vanuatu,VUT,IP.JRN.ARTC.SC,11.29,17.05,12.63,11.87,,
"Venezuela, RB",VEN,GOV_WGI_CC_EST,-1.57832329999999,-1.58437079999999,-1.603038,-1.5592697,-1.58714009999999,
"Venezuela, RB",VEN,IT.NET.BBND.P2,9.00606477756336,9.2424360147272,9.58036143387288,10.638053537183,12.9446636524427,
"Venezuela, RB",VEN,NY.GDP.PCAP.PP.CD,,,,,,
"Venezuela, RB",VEN,TX.VAL.TECH.MF.ZS,,,,,,
"Venezuela, RB",VEN,IT.CEL.SETS.P2,58.1625657953324,60.2344883065715,66.4667731210739,70.2197325918151,71.0075917225029,
"Venezuela, RB",VEN,GOV_WGI_PV_EST,-1.4257071,-1.2895082,-1.1268117,-1.1035948,-1.74042419999999,
"Venezuela, RB",VEN,GOV_WGI_RL_EST,-2.3520631,-2.3086878,-2.2378914,-2.2007889,-2.20427409999999,
"Venezuela, RB",VEN,SE.TER.ENRR,,,,,,
"Venezuela, RB",VEN,IP.JRN.ARTC.SC,711.85,676.82,545.0,474.63,,
Viet Nam,VNM,GOV_WGI_CC_EST,-0.3131812,-0.310677,-0.2459866,-0.3083958,-0.2516989,
Viet Nam,VNM,IT.NET.BBND.P2,17.0262915402718,19.5362327330994,21.3681380805533,22.6806675035061,23.711259212336,
Viet Nam,VNM,NY.GDP.PCAP.PP.CD,11609.31772764233,12048.901993553598,13905.153687521612,15033.87685943549,16385.506556545766,
Viet Nam,VNM,TX.VAL.TECH.MF.ZS,41.74010404211885,41.53963465441981,42.689178907016,44.25688525168196,,
Viet Nam,VNM,IT.CEL.SETS.P2,141.655558720912,136.806313165021,137.852422819653,130.991428667547,127.606471743496,
Viet Nam,VNM,GOV_WGI_PV_EST,0.1302346,0.1345844,0.1227944,0.0907515,0.0056736,
Viet Nam,VNM,GOV_WGI_RL_EST,-0.3016754,-0.310641599999999,-0.3368491,-0.340198899999999,-0.3139343,
Viet Nam,VNM,SE.TER.ENRR,,41.9554971195048,44.7536854027422,32.8415128147815,37.5923642016718,
Viet Nam,VNM,IP.JRN.ARTC.SC,7751.05,8978.42,9672.57,10644.49,,
Virgin Islands (U.S.),VIR,GOV_WGI_CC_EST,-0.0682938999999999,-0.0708649,-0.0717478,-0.0747806,-0.0718587,
Virgin Islands (U.S.),VIR,IT.NET.BBND.P2,,,10.0662374143133,,,
Virgin Islands (U.S.),VIR,NY.GDP.PCAP.PP.CD,41749.080036455336,46893.54969887414,49793.032439571616,,,
Virgin Islands (U.S.),VIR,TX.VAL.TECH.MF.ZS,,,,,,
Virgin Islands (U.S.),VIR,IT.CEL.SETS.P2,91.2127880328822,91.7189273471447,91.4619626157421,,,
Virgin Islands (U.S.),VIR,GOV_WGI_PV_EST,0.9766825,0.5654024,0.9782486,0.9788563,0.9711697,
Virgin Islands (U.S.),VIR,GOV_WGI_RL_EST,0.8753325,0.8667504,0.580531,0.5794817,0.5793123,
Virgin Islands (U.S.),VIR,SE.TER.ENRR,,,,,,
Virgin Islands (U.S.),VIR,IP.JRN.ARTC.SC,,,,,,
West Bank and Gaza,PSE,GOV_WGI_CC_EST,-0.5368921,-0.5922462,-0.5708588,-0.5990356,-0.5708422,
West Bank and Gaza,PSE,IT.NET.BBND.P2,7.43459365973318,8.01282694120497,7.93673083556539,8.37056926326656,8.16158042217888,
West Bank and Gaza,PSE,NY.GDP.PCAP.PP.CD,5956.2862006481855,5663.121607435843,6163.248978376131,5950.020061843931,4371.111358572647,
West Bank and Gaza,PSE,TX.VAL.TECH.MF.ZS,1.6974732259956846,1.6008857452355787,1.2550244770589092,1.843449539274916,,
West Bank and Gaza,PSE,IT.CEL.SETS.P2,80.1297988122355,78.1621094563592,76.5666403406424,76.6918854204372,,
West Bank and Gaza,PSE,GOV_WGI_PV_EST,-1.7401966,-1.6333144,-1.5318512,-1.619148,-1.8763518,
West Bank and Gaza,PSE,GOV_WGI_RL_EST,-0.884182199999999,-0.8929068,-0.8475185,-0.885715399999999,-0.989397099999999,
West Bank and Gaza,PSE,SE.TER.ENRR,45.3895360497376,44.2081176768623,45.7982801281791,44.4904623709098,,
West Bank and Gaza,PSE,IP.JRN.ARTC.SC,508.45,606.62,736.06,861.66,,
"Yemen, Rep.",YEM,GOV_WGI_CC_EST,-1.59971739999999,-1.5920705,-1.66627979999999,-1.6020865,-1.63587859999999,
"Yemen, Rep.",YEM,IT.NET.BBND.P2,1.08205751326634,1.09217148089821,1.27124133725573,,,
"Yemen, Rep.",YEM,NY.GDP.PCAP.PP.CD,,,,,,
"Yemen, Rep.",YEM,TX.VAL.TECH.MF.ZS,,,,,,
"Yemen, Rep.",YEM,IT.CEL.SETS.P2,42.0037568704771,47.8090200303014,46.4534353720531,50.8937810578557,,
"Yemen, Rep.",YEM,GOV_WGI_PV_EST,-2.65635899999999,-2.6676713,-2.61245769999999,-2.6264387,-2.7505641,
"Yemen, Rep.",YEM,GOV_WGI_RL_EST,-1.82232929999999,-1.8471399,-1.91002569999999,-1.9069106,-1.90158959999999,
"Yemen, Rep.",YEM,SE.TER.ENRR,,,,,,
"Yemen, Rep.",YEM,IP.JRN.ARTC.SC,264.59,392.24,386.81,404.01,,
Zambia,ZMB,GOV_WGI_CC_EST,-0.6050749,-0.6928953,-0.4180775,-0.39812,-0.4568294,
Zambia,ZMB,IT.NET.BBND.P2,0.431897234933218,0.411108017009319,0.428949863290405,0.681389878819039,0.789797548725881,
Zambia,ZMB,NY.GDP.PCAP.PP.CD,3157.300093116429,3503.034914183715,3840.7245051113887,4076.995086866413,4214.892778047992,
Zambia,ZMB,TX.VAL.TECH.MF.ZS,1.361262327555705,0.9531205105768966,0.716710301849432,1.1635658888372742,1.4719428559393013,
Zambia,ZMB,IT.CEL.SETS.P2,100.235122888213,103.28257957834,98.4372601156219,102.06156495632,108.704779873813,
Zambia,ZMB,GOV_WGI_PV_EST,-0.3679359,-0.158277199999999,0.0456326,-0.0111463999999999,-0.1007849,
Zambia,ZMB,GOV_WGI_RL_EST,-0.6567755,-0.6026535,-0.6313823,-0.6089819,-0.5611771,
Zambia,ZMB,SE.TER.ENRR,,,,,,
Zambia,ZMB,IP.JRN.ARTC.SC,268.45,327.01,362.23,367.3,,
Zimbabwe,ZWE,GOV_WGI_CC_EST,-1.1729479,-1.1867823,-1.1984753,-1.1914608,-1.2516542,
Zimbabwe,ZWE,IT.NET.BBND.P2,1.31037848666133,1.29980547197891,1.62150159909829,1.5745780720211,1.93865437549104,
Zimbabwe,ZWE,NY.GDP.PCAP.PP.CD,4178.585579438281,4827.0886936086,5395.856298006396,5791.192128779884,5928.080625275605,
Zimbabwe,ZWE,TX.VAL.TECH.MF.ZS,2.3838675838292125,1.0537401042556411,1.4769311377601373,1.9421882824637644,2.7980173662508694,
Zimbabwe,ZWE,IT.CEL.SETS.P2,84.9604118996672,90.2538486226365,88.9958314912836,91.6344110473757,94.2451753366358,
Zimbabwe,ZWE,GOV_WGI_PV_EST,-1.0459616,-1.0184197,-0.8261001,-0.998213999999999,-1.0172382,
Zimbabwe,ZWE,GOV_WGI_RL_EST,-1.24233859999999,-1.263628,-1.3005258,-1.2681513,-1.2109412,
Zimbabwe,ZWE,SE.TER.ENRR,,,,,7.74912957845971,
Zimbabwe,ZWE,IP.JRN.ARTC.SC,456.09,498.52,556.12,519.85,,
