Country Code,Country Name,year,GOV_WGI_CC_EST,GOV_WGI_PV_EST,GOV_WGI_RL_EST,IP.JRN.ARTC.SC,IT.CEL.SETS.P2,IT.NET.BBND.P2,NY.GDP.PCAP.PP.CD,SE.TER.ENRR,TX.VAL.TECH.MF.ZS
ABW,Aruba,2020,1.165722,1.3345061,1.2938144,,131.284916201117,17.6908752327747,28854.59729978639,,6.7561753872818
ABW,Aruba,2021,0.8692192,1.3328137,1.2183341,,131.09206195727,17.664887781476,35104.78680353744,,4.817053302546841
ABW,Aruba,2022,0.8688452,1.3357267,1.2205245,,130.647974615427,17.4862221892338,41758.895756654405,,7.125146544626561
ABW,Aruba,2023,0.8675607,1.3362003,1.2201246,,,,46574.35741976531,,6.868008363783347
ABW,Aruba,2024,0.8687982,1.3302095,1.22006,,,,50649.301523221184,14.0655418559377,
ABW,Aruba,2025,,,,,,,,,
AFG,Afghanistan,2020,-1.40089,-2.5896897,-1.65566449999999,140.25,58.0461137722591,0.0680079200431626,2561.9817605862195,10.85435962677,
AFG,Afghanistan,2021,-1.22202489999999,-2.4506389,-1.7202682,168.21,56.6944760468967,0.066424315829547,2144.166570028188,,
AFG,Afghanistan,2022,-1.1719937,-2.4492487,-1.8586889,157.05,56.2655188632539,0.0796301678593983,2122.995815126633,,
AFG,Afghanistan,2023,-1.1987543,-2.3922828,-1.89680499999999,168.85,55.5474967036959,0.0800873028793967,2201.722906916772,,
AFG,Afghanistan,2024,-1.3087183,-2.2052112,-1.93548869999999,,60.0990815591219,,,,
AFG,Afghanistan,2025,,,,,,,,,
AGO,Angola,2020,-0.891832299999999,-0.6427634,-0.9475038,46.17,43.7804317055698,0.363264238710965,7827.428043258177,,23.394621384716373
AGO,Angola,2021,-0.6416506,-0.7936068,-1.0980135,40.17,44.3868689341257,0.39092529517689,8862.281333145209,,16.12695404361047
AGO,Angola,2022,-0.6031537,-0.5414068,-1.1625439,45.14,66.6008073123779,0.386698155907211,9588.241295111882,,22.063503999578096
AGO,Angola,2023,-0.6242518,-0.3131654,-1.1944432,50.27,70.0519587723571,0.373668982990052,9753.600467637832,10.04935810264,23.47141394233337
AGO,Angola,2024,-0.6225793,-0.5735964,-1.1697408,,69.7039467163584,0.362845240712436,10118.608994540782,9.9549065722902,16.68972069330816
AGO,Angola,2025,,,,,,,,,
ALB,Albania,2020,-0.6594306,-0.0049854,-0.256738199999999,181.95,91.1880900599383,17.720931463387,16287.609766364929,61.5853024328899,0.2858544956398813
ALB,Albania,2021,-0.60203,0.0239536,-0.2015586,255.02,92.4843357131703,19.6303737145283,18212.87024666862,59.9698690125562,0.4195099889772987
ALB,Albania,2022,-0.500456,0.0115425,-0.1309656,242.18,98.3950391992101,20.6989441252111,22138.418285734453,62.647921513098,0.0596409977568036
ALB,Albania,2023,-0.464044399999999,0.0246567,-0.153011099999999,319.46,92.9973271969712,22.5048592377088,24822.3543089995,64.7293520237257,0.6823268494736465
ALB,Albania,2024,-0.420760099999999,0.0204668,-0.1185025,,89.1328603947682,24.8815713356962,26701.674956377647,84.1496200561523,1.5293534498159542
ALB,Albania,2025,,,,,,,,,
AND,Andorra,2020,,,,7.68,103.876970793487,48.6559834582579,52095.84140046271,15.2605749006777,23.04060882998365
AND,Andorra,2021,,,,8.52,119.687611658415,50.2769128681537,59332.20291001272,15.4117647058823,24.380676250865427
AND,Andorra,2022,,,,9.09,142.426447525249,51.2050686907973,68470.0759483848,34.6414389161411,13.307661357266516
AND,Andorra,2023,,,,11.09,156.09725932522,51.7401306025527,71730.66868216502,62.4106937082277,21.43463191550084
AND,Andorra,2024,,,,,155.692108667529,52.3554394786302,74939.47460385783,67.6767676767677,
AND,Andorra,2025,,,,,,,,,
ARE,United Arab Emirates,2020,1.0614313,0.826942,0.3974987,4394.25,194.467749671801,34.345290333178,66790.68226647544,54.9746998074699,5.377044928265526
ARE,United Arab Emirates,2021,1.0349829,0.839581,0.338504,5201.38,186.30089463245,36.5005361093336,68580.14854234828,56.4520334436146,8.957962657252622
ARE,United Arab Emirates,2022,1.0223468,0.883216,0.409903,6147.28,195.624592490241,36.8485872897377,75071.65863003506,60.4188226013954,9.287760224389102
ARE,United Arab Emirates,2023,0.9918577,0.7829523,0.4492886,7075.14,199.423843889179,37.0968234502256,77955.29517608786,61.3456114422447,8.960293973945754
ARE,United Arab Emirates,2024,1.1702182,0.7886704,0.4968448,,203.206410299544,40.840113505519,79228.73880127602,63.7384451086316,
ARE,United Arab Emirates,2025,,,,,,,,,
ARG,Argentina,2020,-0.1344697,0.0552501,-0.290549699999999,9992.12,121.180612527028,21.1797871590669,22393.347957535338,99.3697348717996,6.903889256079225
ARG,Argentina,2021,-0.3273298,0.0921998,-0.303899,9943.87,130.352799939601,23.1500020932515,26300.274261175044,107.219557633976,4.422891392643118
ARG,Argentina,2022,-0.3402325,0.0576438,-0.2913485,9086.96,131.483556254876,24.6831785056628,29808.807346800702,107.103901423423,4.751575243385936
ARG,Argentina,2023,-0.354078399999999,-0.0207671,-0.237773799999999,8589.35,137.706086781571,25.3580730689248,30221.4976888753,107.822574129434,5.449594405783187
ARG,Argentina,2024,-0.3257079,-0.169745999999999,-0.2513801,,140.234979049333,26.0976420359532,30431.1931223693,,3.850196974741129
ARG,Argentina,2025,,,,,,,,,
ARM,Armenia,2020,0.1056079,-0.2935835,-0.0751786,594.27,120.682370700808,14.8883804721864,14706.317304342228,52.3331534448642,7.140636671612873
ARM,Armenia,2021,0.0558398,-0.5019,-0.1028405,565.63,125.395134877327,16.2565945813558,15921.705281964018,56.6235144830279,5.956719936847862
ARM,Armenia,2022,0.0574942,-0.3556235,-0.2386468,674.73,130.540072214196,17.7300708049016,19161.37005141889,57.1818422625098,21.84752834353729
ARM,Armenia,2023,0.1046118,-0.5022441,-0.2107914,801.49,134.519957069953,18.5458075085454,21534.030536117025,56.2770051010456,20.905156020748368
ARM,Armenia,2024,0.1446809,-0.723297299999999,-0.1423943,,134.88694751567,20.3090953111129,22823.17952556931,52.7748065090859,23.64032705152591
ARM,Armenia,2025,,,,,,,,,
ASM,American Samoa,2020,1.1797991,1.2465402,1.2020006,,,,,,
ASM,American Samoa,2021,1.1772281,1.2442687,1.1954792,,,,,,
ASM,American Samoa,2022,1.1763452,1.2481785,1.1914695,,,,,,
ASM,American Samoa,2023,1.1733125,1.2488142,1.1903787,,,,,,
ASM,American Samoa,2024,1.1762344,1.2530285,1.0865813,,,,,,
ASM,American Samoa,2025,,,,,,,,,
ATG,Antigua and Barbuda,2020,0.2199155,0.9164728,0.5899858,6.52,200.3353439453,8.71023234544781,22370.09186938128,,0.0
ATG,Antigua and Barbuda,2021,0.181489,0.9147636,0.5666971,6.09,199.244171566557,8.66279006811119,25745.495806774616,,0.0
ATG,Antigua and Barbuda,2022,0.2369304,1.0787211,0.6200291,6.28,200.540715208962,10.6818181818182,29933.889369890207,,0.0
ATG,Antigua and Barbuda,2023,0.2686527,1.0791994,0.6185054,13.43,,,31601.75271468767,,0.0
ATG,Antigua and Barbuda,2024,0.2843876,1.0731489,0.6017732,,,,33386.191712789405,,0.0
ATG,Antigua and Barbuda,2025,,,,,,,,,
AUS,Australia,2020,1.6038237,0.8859397,1.5521387,57901.21,104.930155780087,35.346849265518,54184.16144868537,110.139221191406,21.47578987058347
AUS,Australia,2021,1.6770561,0.8536507,1.5701838,60308.46,105.118514623956,35.8359861455454,58327.41468423248,112.688293457031,22.39407660085994
AUS,Australia,2022,1.7288156,0.9015353,1.471946,58183.41,109.469171081514,36.3933201898066,66103.17970669566,106.240760803223,25.83187041162716
AUS,Australia,2023,1.8057703,0.9254365,1.5031839,54589.08,112.513177133796,36.627426494239,72272.70921366828,104.64835357666,25.25827771207813
AUS,Australia,2024,1.8520196,0.7932693,1.4704014,,112.581025002429,36.4788276060473,72111.1844628126,108.421989440918,25.15864164570836
AUS,Australia,2025,,,,,,,,,
AUT,Austria,2020,1.6059221,0.8186312,1.7481079,13440.62,120.131806593244,29.2106456326106,58523.03378162456,88.7071990966797,12.27189576604459
AUT,Austria,2021,1.3601171,0.7543747,1.7167011,14370.95,121.357731973824,29.2537339731419,62968.942231189205,93.940071105957,11.017122140568004
AUT,Austria,2022,1.3678343,0.6005165,1.6419642,14103.32,121.16645744796,29.2342573265435,72065.49742701056,94.5116882324219,14.914170247260156
AUT,Austria,2023,1.3200882,0.7016405,1.6577235,13845.8,121.746207105931,29.3725409835617,73544.65672304865,91.6818237304688,15.923269788116936
AUT,Austria,2024,1.2944469,0.4915979,1.6777399,,124.45929984531,30.12779672163,73911.43966313597,92.6126708984375,18.452576685901853
AUT,Austria,2025,,,,,,,,,
AZE,Azerbaijan,2020,-0.7598072,-0.5087721,-0.6182094,1057.42,101.596683471276,19.5985750948022,15163.570332728206,36.3854742250215,7.067279517222984
AZE,Azerbaijan,2021,-0.775813299999999,-0.4888287,-0.608585199999999,1021.54,105.693559477177,20.0856994533421,20111.37569521088,39.0095977224788,2.097104231471289
AZE,Azerbaijan,2022,-0.8302212,-0.542048099999999,-0.5484749,1155.81,107.506296074404,20.3655958095069,22552.088656052303,41.0017793895325,3.912944162002704
AZE,Azerbaijan,2023,-0.881959199999999,-0.4004143,-0.5160585,1544.24,107.686732782159,20.8825041017301,23651.59948527556,41.3907560278377,4.172244876301505
AZE,Azerbaijan,2024,-0.775077799999999,-0.1404058,-0.4853711,,109.543149535867,21.7534102440295,25088.999375713367,41.3413783372226,2.91095088102775
AZE,Azerbaijan,2025,,,,,,,,,
BDI,Burundi,2020,-1.3529714,-1.49526809999999,-1.32121199999999,37.16,52.5571219738138,0.0335260991567275,958.1355994900838,,0.1204955015887759
BDI,Burundi,2021,-1.390618,-1.37835589999999,-1.3122824,29.42,59.700785493419,0.0304886490520483,1035.5385738493778,,0.250001784207837
BDI,Burundi,2022,-1.3235206,-1.28089529999999,-1.32171369999999,33.96,56.2599912004244,0.0300650914860841,1104.7771876487784,,1.1179240916667086
BDI,Burundi,2023,-1.29205449999999,-1.2840156,-1.30785589999999,36.26,63.1631365759764,0.0203441336211462,1149.9840584238932,6.02545976638794,1.3050836704109754
BDI,Burundi,2024,-1.46248849999999,-1.3763566,-1.3028277,,,,1194.9468137038734,,
BDI,Burundi,2025,,,,,,,,6.38454008102417,
BEL,Belgium,2020,1.5662608,0.3686413,1.4533249,16602.95,99.9100614924974,41.0239697084264,56120.09584204656,79.4996032714844,15.261861578971311
BEL,Belgium,2021,1.5502151,0.461917,1.4052126,17845.94,101.462935633736,43.0218054966431,60669.21377465312,82.6882019042969,21.37996387637373
BEL,Belgium,2022,1.5774306,0.2465264,1.3398087,17124.05,101.680355820653,43.5657139519422,69128.13888838432,83.5736465454102,22.817913517326545
BEL,Belgium,2023,1.467016,0.1994126,1.2719977,16816.32,103.196426365374,43.7026445985633,71946.14471902922,82.1475601196289,18.6668227645892
BEL,Belgium,2024,1.4687812,0.1214526,1.282799,,103.90465332676,44.2321563183446,73514.48310452583,,20.39214534222356
BEL,Belgium,2025,,,,,,,,,
BEN,Benin,2020,-0.0352655,-0.283192699999999,-0.393457699999999,351.4,85.2390738023357,0.229384945213792,3244.58772756805,10.3808002471924,1.8436494297798645
BEN,Benin,2021,-0.1642663,-0.4106645,-0.3852134,402.31,94.9182598289459,0.154166533404575,3464.2886286745,9.82796955108643,2.6984468993049537
BEN,Benin,2022,-0.1108108,-0.4373008,-0.468466,441.45,105.745019386968,0.153072411564925,3844.154157458155,10.2350101470947,4.287156206215209
BEN,Benin,2023,-0.1047671,-0.3096247,-0.390917399999999,437.17,116.036046685168,0.170880461346773,4129.966120014199,,4.418015139759824
BEN,Benin,2024,-0.2407154,-0.4030099,-0.4124793,,125.940873932186,0.277382047807868,4434.564218402803,,30.5389584270212
BEN,Benin,2025,,,,,,,,,
BFA,Burkina Faso,2020,-0.2018274,-1.4159765,-0.418916099999999,314.28,102.972844247019,0.0650831126106853,2380.722827818022,7.64277062242324,3.4012347995173298
BFA,Burkina Faso,2021,-0.2024751,-1.5801637,-0.401084599999999,357.04,112.198419449151,0.0740660150924452,2486.4309314776174,9.30513098594236,2.256539167833058
BFA,Burkina Faso,2022,-0.2342071,-1.82102069999999,-0.6266501,451.82,113.996146792235,0.214398323020291,2645.2406799661094,9.67069485831779,1.528998976495303
BFA,Burkina Faso,2023,-0.2479719,-2.0423169,-0.7145087,519.72,116.16313821519,0.459463342299517,2759.3020548460527,10.1078755635882,3.7978465983735137
BFA,Burkina Faso,2024,-0.2525569,-1.9063314,-0.883858599999999,,116.5895933212,0.851360416490348,2895.891520336648,10.0419678526515,1.6454890195088876
BFA,Burkina Faso,2025,,,,,,,,,
BGD,Bangladesh,2020,-1.07605779999999,-1.01518479999999,-0.8969166,5084.6,106.002140470412,6.04506220711318,6640.584373310621,22.6923019564501,
BGD,Bangladesh,2021,-1.0928915,-1.0535518,-0.974914899999999,7463.57,110.012054001037,6.64246518111116,7441.069139612541,23.9006822335243,
BGD,Bangladesh,2022,-1.17834859999999,-1.0954422,-0.973641299999999,7255.24,109.8665408168,7.17020479104462,8450.549025339405,23.5005059888653,
BGD,Bangladesh,2023,-1.1987203,-1.0359445,-0.9020256,8259.38,111.280894357567,7.89245848428319,9147.777506655502,24.2003442708621,
BGD,Bangladesh,2024,-1.1021569,-1.46295089999999,-0.9600594,,108.077037369691,8.08931134401926,9646.769843832548,23.7295608009814,
BGD,Bangladesh,2025,,,,,,,,,
BGR,Bulgaria,2020,-0.258415699999999,0.4210468,-0.1505346,4475.96,114.596737765322,30.5042854761098,27351.86074486011,85.5331115722656,11.303272578422265
BGR,Bulgaria,2021,-0.2260611,0.4063981,-0.0377457,4748.48,114.911988483727,32.7688420838347,30959.111845980715,85.3017501831055,10.924473573821324
BGR,Bulgaria,2022,-0.1369351,0.3269733,-0.0998029,4858.97,116.679163253179,34.9667968772891,36320.14222951922,84.1293563842773,10.38267754185687
BGR,Bulgaria,2023,-0.1501295,0.3144686,-0.0265936,4998.4,117.932685806225,37.0235717545079,38829.19132081018,79.8532333374023,12.057894417322116
BGR,Bulgaria,2024,-0.240017999999999,0.0399268,-0.0333423,,118.067152838789,,41969.4515718999,69.5460433959961,13.4299683659831
BGR,Bulgaria,2025,,,,,,,,,
BHR,Bahrain,2020,-0.0925165999999999,-0.5964745,-0.110376599999999,563.68,119.41160169027,10.1824112975928,53436.03169997117,54.4077922369055,8.973661055879925
BHR,Bahrain,2021,0.210097,-0.5041164,0.0190676,665.36,128.078912532195,16.5057891919103,54954.67578955323,47.5015525503536,0.5905900434456504
BHR,Bahrain,2022,0.144834,-0.482549599999999,0.0328686,613.67,139.636142863944,18.0025680504011,61677.6538492695,50.3073760962771,0.5699591963159788
BHR,Bahrain,2023,0.2380412,-0.5007436,0.1259217,718.3,153.899937948583,17.1582362107608,64171.08573590521,57.0562240948353,0.3873436445173711
BHR,Bahrain,2024,0.2540662,-0.2758672,0.1679373,,159.536143577452,16.9915789748788,66941.24303679893,58.3677241853667,
BHR,Bahrain,2025,,,,,,,,,
BHS,"Bahamas, The",2020,1.2128533,0.7133519,0.3141962,21.42,117.717493173143,20.9668496424268,27204.625909517963,,3.0447626025239987
BHS,"Bahamas, The",2021,1.2282597,0.7434332,0.3484926,22.93,100.257333370336,20.7423310871326,31064.68221661941,,0.2611999658182343
BHS,"Bahamas, The",2022,1.2330855,0.8592816,0.272063,17.7,101.623744145214,21.135589553703,36791.40104609638,,0.0
BHS,"Bahamas, The",2023,1.2199692,1.0539708,0.2764352,14.98,100.047566593231,23.816342880032,39090.1214737976,,0.0138247645369375
BHS,"Bahamas, The",2024,1.2320893,1.0493095,0.2509955,,96.6798992232414,25.2679530406222,41197.93425484768,,0.0
BHS,"Bahamas, The",2025,,,,,,,,,
BIH,Bosnia and Herzegovina,2020,-0.624659499999999,-0.2690285,-0.3025925,1007.25,106.374742411306,23.3507882918721,16369.93531978359,43.8039207458496,4.614452473673617
BIH,Bosnia and Herzegovina,2021,-0.6690056,-0.310701599999999,-0.3074514,1091.63,114.911613799718,24.5890868366952,18286.73733242331,45.0589485168457,5.316222002422011
BIH,Bosnia and Herzegovina,2022,-0.680061199999999,-0.248056399999999,-0.289740999999999,1029.2,118.944352880459,27.3190356221695,21651.295237486163,45.6063499450684,5.224749177601036
BIH,Bosnia and Herzegovina,2023,-0.5984163,-0.1999229,-0.3548804,1082.64,117.733690876159,28.440133083292,23376.22274771408,45.5027618408203,4.96705366555243
BIH,Bosnia and Herzegovina,2024,-0.5128682,-0.5010614,-0.319134,,121.232373011893,29.3909178564419,25043.08863961269,,6.1631735705966415
BIH,Bosnia and Herzegovina,2025,,,,,,,,,
BLR,Belarus,2020,-0.1014181,-0.818298499999999,-0.8602112,1550.1,125.164732031333,34.8152229336418,24872.306674452844,79.900160036935,5.098125922496125
BLR,Belarus,2021,-0.2062736,-0.616372399999999,-1.0672559,1600.37,127.117317282369,35.0097634241001,27611.180113515707,78.6027133367864,6.015768463598526
BLR,Belarus,2022,-0.415013199999999,-0.6168791,-1.1591441,1563.85,128.314999383533,34.0671782490739,28429.49488218266,77.0977334087936,
BLR,Belarus,2023,-0.534353699999999,-0.392606499999999,-1.2155307,1429.41,128.979176539764,35.0931910729644,30834.17736681112,72.8250212584046,
BLR,Belarus,2024,-0.5781294,-0.3773003,-1.2305997,,131.123016605614,36.2627055164488,33010.330760535726,70.1107509145358,
BLR,Belarus,2025,,,,,,,,,
BLZ,Belize,2020,-0.0753264999999999,0.6026689,-0.5207908,16.66,67.551661668526,9.21159022752628,9638.89513695889,25.9421694120047,0.938240933761362
BLZ,Belize,2021,-0.0899104999999999,0.3568757,-0.527655099999999,11.93,66.7769498110516,9.10594770150703,11716.326781865551,23.6813942822198,0.1916399093921313
BLZ,Belize,2022,-0.0459141999999999,0.7353533,-0.4371369,17.84,67.1750266305468,9.75385677359442,13461.209845161278,23.9767727412258,0.0001824316203361
BLZ,Belize,2023,-0.115986499999999,0.78967,-0.4007135,18.02,,,13729.89205872096,22.3734089825019,0.0
BLZ,Belize,2024,-0.1604129,0.7847219,-0.39715,,,,14346.518804973712,24.8098643151325,0.0001910876991115
BLZ,Belize,2025,,,,,,,,,
BMU,Bermuda,2020,1.1797991,0.9766825,0.6485582,,105.619583113293,35.7242707589078,85146.40062756959,,5.482394182151822
BMU,Bermuda,2021,1.1772281,0.974511,0.6399761,,105.185001856206,35.5772800395991,92319.67148612188,,8.074360496583553
BMU,Bermuda,2022,1.1763452,0.9782486,0.8013243,,105.274212729154,35.5804722852863,105142.40996718328,,12.540290834702713
BMU,Bermuda,2023,1.1733125,0.9788563,0.8002751,,,,114372.04992737246,17.3357105255127,14.937281821284772
BMU,Bermuda,2024,1.1762344,0.9711697,0.8001056,,96.6767745528807,51.3026796212637,124252.83570258624,,14.300743282545277
BMU,Bermuda,2025,,,,,,,,,
BOL,Bolivia,2020,-0.8045643,-0.3855901,-1.2021414,169.82,99.898817726261,7.88671647526861,9580.98962081658,,4.325217851055254
BOL,Bolivia,2021,-0.9489015,-0.2859636,-1.1101906,161.62,100.809064985893,9.44574009663778,11202.440983670713,,4.548883143171252
BOL,Bolivia,2022,-0.9824356,-0.170608899999999,-1.1775683,181.31,101.57150434614,10.9975247479663,12306.729312869538,,5.517697487182869
BOL,Bolivia,2023,-0.9556498,-0.289823899999999,-1.2028195,196.72,,11.1529423948186,12892.12495787769,,8.165170226380756
BOL,Bolivia,2024,-0.997582699999999,-0.5460357,-1.267722,,98.0287940811943,12.0711429622144,12877.635118437232,,8.793950833589111
BOL,Bolivia,2025,,,,,,,,,
BRA,Brazil,2020,-0.337231599999999,-0.427421599999999,-0.392171899999999,66901.34,98.6456198619193,17.418059685583,16101.618306295422,55.529109954834,11.350094267880449
BRA,Brazil,2021,-0.404589,-0.3922756,-0.4091435,69590.64,104.824727184587,19.8363162401481,18075.70600487568,57.6311988830566,9.00155420026002
BRA,Brazil,2022,-0.4562788,-0.415796899999999,-0.4398335,62659.84,101.245468903076,20.9534469027015,19876.85335313965,61.0000915527344,9.11134627987528
BRA,Brazil,2023,-0.451506099999999,-0.521574099999999,-0.483012599999999,58292.04,101.020256020808,22.4192301618889,21175.61869882142,,9.849149349554
BRA,Brazil,2024,-0.4088904,-0.5205702,-0.446218,,101.926846460424,24.079199344422,22338.476564063538,69.7317733764648,11.110364420665157
BRA,Brazil,2025,,,,,,,,,
BRB,Barbados,2020,1.1695313,1.0680614,0.7048546,58.94,104.722078254017,45.43873225937,16555.362214523506,52.971630831,20.303822133168723
BRB,Barbados,2021,1.1946829,1.0845669,0.7010659,57.51,112.222706603295,36.3512637029634,17682.73145374831,54.672,17.15596635281923
BRB,Barbados,2022,1.1926841,1.2066625,0.7169373,70.21,114.580721030894,37.4843261853654,22193.248712578938,55.0600902713579,17.011739306168195
BRB,Barbados,2023,1.2089543,1.2767666,0.7343145,56.79,,,23660.404751292856,54.2600399378744,18.43361348601325
BRB,Barbados,2024,1.2257724,1.2722219,0.7277751,,,,24822.534330990835,53.5815662047086,19.92635575838179
BRB,Barbados,2025,,,,,,,,50.801079116886,
BRN,Brunei Darussalam,2020,1.183555,1.1645233,0.5634206,257.49,119.933885258067,15.886760064729,69787.96327957169,27.4692556634304,1.3389570491639085
BRN,Brunei Darussalam,2021,1.1827999,1.1632013,0.5616354,302.38,133.597065445264,17.580984722871,78248.797127611,27.4258937503291,1.3609175851410775
BRN,Brunei Darussalam,2022,1.1825406,1.175984,0.6385844,375.4,116.108439291126,19.8049937413532,81801.7459224403,31.1925368707703,1.0442596038317469
BRN,Brunei Darussalam,2023,1.1816499,1.3348873,0.638307,501.5,118.673752421293,20.2120497048692,85032.60087419949,36.4182725443167,1.0192505676847716
BRN,Brunei Darussalam,2024,1.1861774,1.2027245,0.5876078,,118.130579766209,21.1771240120937,89879.36149807577,,1.0643345945348786
BRN,Brunei Darussalam,2025,,,,,,,,,
BTN,Bhutan,2020,1.3421241,1.1154419,0.6470186,79.45,96.7702849068709,0.414152616992595,12475.04800342798,16.8650740250552,0.0818080898528299
BTN,Bhutan,2021,1.3198694,0.9391838,0.6782878,106.33,100.330908049861,0.364566273170656,13458.812666742975,14.7382447141292,
BTN,Bhutan,2022,1.357056,1.3224382,0.6837835,116.64,95.129809428439,0.631823734751842,15063.810576307216,14.5780698560857,0.0122179939865198
BTN,Bhutan,2023,1.3563935,1.3322654,0.7200012,102.52,95.6260610260877,1.31881966212479,16215.152007315288,15.0074996948242,0.0107261524845821
BTN,Bhutan,2024,1.4722389,1.3541153,0.7902665,,99.7576826476519,2.92069476099272,,13.011259392916,
BTN,Bhutan,2025,,,,,,,,,
BWA,Botswana,2020,0.7218389,1.0835182,0.33481,319.29,161.858815314634,3.58604400704343,15292.262467325198,22.4017870513653,0.4057128034922768
BWA,Botswana,2021,0.7018975,1.0572186,0.3719933,377.36,173.25235140068,5.5483769953124,17960.625444743728,21.2032904951187,0.3307859414532644
BWA,Botswana,2022,0.6506622,1.0798421,0.3434669,391.01,178.205018910673,4.53192190474005,19976.83437944735,20.7095613715302,0.5023812940932434
BWA,Botswana,2023,0.6066871,1.0127245,0.3322692,383.84,179.027305378019,6.16495796381324,21012.10319924998,20.5658232475186,0.5394690309547364
BWA,Botswana,2024,0.6311414,1.0322942,0.3120842,,163.999922257361,7.4409622000215,20538.13201788891,21.4087908549348,
BWA,Botswana,2025,,,,,,,,,
CAF,Central African Republic,2020,-1.25240479999999,-2.3306101,-1.5623816,19.03,36.426009643045,,1066.2900542315083,,0.6708383555121203
CAF,Central African Republic,2021,-1.316273,-2.1689304,-1.5476834,17.31,35.8169832358522,0.0097611549069853,1128.5523799645855,,7.669124470247622
CAF,Central African Republic,2022,-1.3173981,-1.9022515,-1.66733549999999,22.39,38.8217901039988,0.0160846160651184,1217.8497714115497,,37.29740467739519
CAF,Central African Republic,2023,-1.3816342,-1.87417179999999,-1.7248503,25.75,,,1257.0943571711448,,1.8785669682649464
CAF,Central African Republic,2024,-1.30997079999999,-1.83294689999999,-1.7147975,,,,1263.1023421369896,,8.299780421914141
CAF,Central African Republic,2025,,,,,,,,,
CAN,Canada,2020,1.6422133,0.9455077,1.5585901,64548.83,84.7747749116615,40.7949805592606,48590.6832121939,75.2389068603516,16.758708977524385
CAN,Canada,2021,1.6156132,0.7604154,1.5493331,68647.82,87.4056019628826,41.6930962576979,56995.11767813512,79.7657318115234,16.337628887139992
CAN,Canada,2022,1.651994,0.5074459,1.5052581,66751.03,91.2386689983444,42.1792116530791,63944.10501006869,78.8488311767578,15.148976538046844
CAN,Canada,2023,1.6263584,0.6267803,1.4361681,63719.9,94.1497268194785,42.5241770773151,64219.31739286365,76.2666931152344,16.371795438826258
CAN,Canada,2024,1.6319089,0.5984769,1.4608299,,94.1059718794246,42.5238215177079,64610.37951719712,,16.777902982771057
CAN,Canada,2025,,,,,,,,,
CHE,Switzerland,2020,2.2868791,1.1126481,1.8077068,23197.82,127.376373489656,46.4813712779996,72997.82395032821,68.0676422119141,12.845086709427786
CHE,Switzerland,2021,2.1059546,1.0255347,1.7893994,24649.1,123.21236546636,47.9433096708255,81001.41112061175,71.893928527832,14.23506327297248
CHE,Switzerland,2022,2.0949429,1.0254452,1.7793511,23935.67,123.971228075124,46.6747503634479,94421.4576550424,74.1526794433594,29.988139797666413
CHE,Switzerland,2023,2.0972439,0.9907717,1.7920906,22803.86,130.221876609608,46.8364627671237,95141.59609436324,74.0060882568359,29.33402869787281
CHE,Switzerland,2024,2.0072184,0.9806678,1.7636516,,129.471369643132,47.0197818175134,96497.6947971323,73.5430526733398,29.623901515794376
CHE,Switzerland,2025,,,,,,,,,
CHL,Chile,2020,1.2156268,0.1362588,0.7392409,8380.99,129.413740104604,19.4305872645094,25350.86350829717,89.1124877929688,15.9750583433893
CHL,Chile,2021,1.1463006,0.146317,0.7564837,9319.43,136.571581265001,22.0140443723879,29089.85045972798,96.2227935791016,12.441774859085578
CHL,Chile,2022,1.1452971,-0.004406,0.7437613,8443.63,135.114280974065,22.7901897178525,30932.0010873677,99.3372802734375,6.936726841166927
CHL,Chile,2023,1.0318341,0.0876667,0.6647803,8573.42,135.871118507277,22.9954165646133,33145.403552024974,104.734062194824,10.719563342370906
CHL,Chile,2024,1.1057968,0.1213566,0.6910553,,132.660408764665,23.731405742065,36181.15661697702,110.176902770996,8.316503074506883
CHL,Chile,2025,,,,,,,,,
CHN,China,2020,0.0531167,-0.302661299999999,-0.5093696,671731.01,120.496715387079,33.9069794578039,18267.47834558274,61.6124675996947,31.27661542412927
CHN,China,2021,0.0556852,-0.259168,-0.5386195,756203.38,121.491918368395,37.5611751315805,20843.29783473765,66.8186077597542,30.21907327965956
CHN,China,2022,0.0432332,-0.249058199999999,-0.563864399999999,885962.5,124.195248970763,41.3736197056022,23032.17662711428,71.5799465086024,27.765061256315583
CHN,China,2023,0.1138225,-0.174451499999999,-0.552260699999999,932711.93,128.247014127486,44.728886496649,25179.119306638306,74.5933014618366,26.568213654288087
CHN,China,2024,0.0886811,-0.153336399999999,-0.579319799999999,,131.753932036803,47.1933952081567,27104.8702677463,76.8757843123403,26.277738047922263
CHN,China,2025,,,,,,,,,
CIV,Cote d'Ivoire,2020,-0.4863208,-1.16712789999999,-0.618331,294.57,138.663750301785,0.903911262107671,5543.850963189389,10.2664091345849,5.112940249471475
CIV,Cote d'Ivoire,2021,-0.446876999999999,-0.895587799999999,-0.6527655,394.35,150.343798608733,1.13037781443128,6045.204804908794,10.7725833415282,3.8633664537050194
CIV,Cote d'Ivoire,2022,-0.370305999999999,-0.716317499999999,-0.6021757,349.61,161.231833444196,1.25179133069312,6719.443815576367,11.1134926507622,3.556570328724159
CIV,Cote d'Ivoire,2023,-0.3616761,-0.7874489,-0.6022948,391.71,171.988943341282,1.36336622359986,7237.181707409086,11.5724272130065,4.413107260117726
CIV,Cote d'Ivoire,2024,-0.2850472,-0.8438331,-0.578144099999999,,183.875985110648,1.60153227430253,7669.231957156869,12.3354902267456,5.257594120699476
CIV,Cote d'Ivoire,2025,,,,,,,,,
CMR,Cameroon,2020,-1.057706,-1.6215792,-1.2272568,1137.44,85.2721639882676,2.75682417749367,4365.447041283924,15.5519566247682,3.0838224241557235
CMR,Cameroon,2021,-1.115647,-1.57868299999999,-1.2194535,1323.23,80.8081013360278,2.23385126289217,4793.556282001956,17.1581831920239,2.1512316696661284
CMR,Cameroon,2022,-1.1102965,-1.6950827,-1.2120562,1462.84,89.8274190453067,2.12862474053,5188.977508660814,16.4371527754335,3.288647060039671
CMR,Cameroon,2023,-1.1264261,-1.6104201,-1.2400721,1546.9,96.4817325902196,,5410.769219376422,16.0404395184936,2.103630291610331
CMR,Cameroon,2024,-1.22428539999999,-1.55680399999999,-1.2537215,,108.213130152497,,5588.986458619447,16.6614294830602,
CMR,Cameroon,2025,,,,,,,,,
COD,"Congo, Dem. Rep.",2020,-1.4573026,-1.80629289999999,-1.6143214,177.56,42.5027574227056,0.0322950314052512,1088.7890035636976,6.37987995147705,0.5068206170053211
COD,"Congo, Dem. Rep.",2021,-1.50417239999999,-1.6314631,-1.53122649999999,205.52,47.2882541992485,0.0312660957356555,1402.3856029522096,,0.0782346689876281
COD,"Congo, Dem. Rep.",2022,-1.5102589,-1.8455557,-1.5809744,238.79,48.6773534153863,0.0322275167366284,1590.1640421955578,,0.723158681595087
COD,"Congo, Dem. Rep.",2023,-1.4890974,-1.9812287,-1.60554359999999,243.06,53.1888827659463,0.0219936280960956,1730.622288776939,,0.1996116652253686
COD,"Congo, Dem. Rep.",2024,-1.5153396,-2.1191762,-1.6266053,,58.532153345468,0.0320289131404702,1821.048687180576,,
COD,"Congo, Dem. Rep.",2025,,,,,,,,,
COG,"Congo, Rep.",2020,-1.3702576,-0.5758284,-1.2489371,80.59,97.6561289989503,,4770.964497583653,,4.549873277803872
COG,"Congo, Rep.",2021,-1.34316449999999,-0.517419899999999,-1.23331679999999,89.9,95.8614998889206,0.256899692355108,6263.211612926363,,6.537112474603848
COG,"Congo, Rep.",2022,-1.36385159999999,-0.1445911,-1.2067389,100.48,93.6259259161068,0.435883126454822,6647.496817313898,,4.327226541631775
COG,"Congo, Rep.",2023,-1.4043963,-0.199460399999999,-1.18292059999999,95.66,94.8715365076336,1.26798412068153,6850.277706210988,10.3812103271484,3.1597223457472365
COG,"Congo, Rep.",2024,-1.42356899999999,-0.2584147,-1.1785603,,95.5319320614796,,7026.36223281494,,
COG,"Congo, Rep.",2025,,,,,,,,,
COL,Colombia,2020,-0.256463899999999,-0.6819314,-0.482495599999999,8888.34,133.661019178018,15.3363074463544,15519.210169465632,55.7331085205078,9.913551572203346
COL,Colombia,2021,-0.269745299999999,-1.0147831,-0.506983,9491.15,146.627837254516,16.4767904492313,17383.090172829532,58.3159217834473,8.209149609062438
COL,Colombia,2022,-0.256400299999999,-0.809182,-0.5296476,9305.41,156.195161137443,17.007465545983,20854.002999162018,59.2901382446289,8.401826371864393
COL,Colombia,2023,-0.309004899999999,-0.7993485,-0.5648803,9183.73,166.980107777443,17.0369815251774,21246.37626952008,,8.599891597811409
COL,Colombia,2024,-0.2937197,-0.9708732,-0.5597434,,174.094289675393,17.2244156778185,22349.436440123,,9.024697049126718
COL,Colombia,2025,,,,,,,,,
COM,Comoros,2020,-1.32241109999999,-0.4562829,-1.0663536,3.51,97.4339379901591,0.148099575772006,3244.886749684695,,0.5749290858199807
COM,Comoros,2021,-1.4088014,-0.3981267,-1.1021442,4.51,104.311430086999,0.150456993255713,3377.885184825867,,0.2068839095744487
COM,Comoros,2022,-1.33720709999999,-0.374766,-1.17970929999999,3.91,100.549036907747,0.219375008990779,3641.629203903529,,0.3073308465241927
COM,Comoros,2023,-1.15283659999999,-0.3743498,-1.134272,8.01,109.855630436495,0.387941019794517,3811.650848824133,,3.13907204820087
COM,Comoros,2024,-1.14078259999999,-0.221274299999999,-1.1308597,,,,3958.532287896874,,
COM,Comoros,2025,,,,,,,,,
CPV,Cabo Verde,2020,0.8002643,0.839032,0.6687901,19.4,105.838590655535,4.82611491823059,6852.576699303546,,0.7602045225231586
CPV,Cabo Verde,2021,0.8975963,0.8339009,0.4863826,21.08,114.230551109167,5.90962142576488,7685.419213936686,,2.038021424785556
CPV,Cabo Verde,2022,0.856269,0.8359641,0.4774863,23.38,113.247367438782,6.56769429388869,9481.073354056049,,3.4765400015460224
CPV,Cabo Verde,2023,0.8619303,0.8691911,0.422484,18.34,113.022968194497,7.23008973237277,10242.153201121184,,1.152150058359217
CPV,Cabo Verde,2024,0.9407675,0.7695825,0.424201,,111.84067886381,8.30537440200276,11195.12053129234,,
CPV,Cabo Verde,2025,,,,,,,,,
CRI,Costa Rica,2020,0.756375,0.9250217,0.6316985,711.16,142.481526800044,19.7191477697087,22099.867812739423,,15.681961032420984
CRI,Costa Rica,2021,0.590956,1.0171458,0.6104539,750.58,140.788061157457,20.9242986347003,23852.925302000167,,16.967000554270463
CRI,Costa Rica,2022,0.5669805,1.1460641,0.6675589,725.44,136.518375013406,21.7575979999075,26226.27548159493,,21.974896001181843
CRI,Costa Rica,2023,0.6775627,1.1842629,0.6431263,660.82,133.527658761832,22.5231293549635,28908.768874319103,,24.177789153065973
CRI,Costa Rica,2024,0.6792372,1.1756544,0.6167412,,136.024511151268,23.287699004466,31106.76435567285,,22.858799404965303
CRI,Costa Rica,2025,,,,,,,,,
CUB,Cuba,2020,-0.1430736,0.6687382,-0.5749692,1404.05,59.6058696780721,2.07271530590388,,46.7357262964117,9.828898803760575
CUB,Cuba,2021,-0.2211207,0.4994388,-0.6486658,1600.57,63.8661095570576,2.67322881654008,,51.8885571735926,70.08656603414103
CUB,Cuba,2022,-0.2238752,0.4974928,-0.4977926,1420.58,68.7180442358013,2.89200005063374,,,7.875589131826639
CUB,Cuba,2023,-0.1628482,0.4305507,-0.5659906,1216.63,69.5767786567811,2.97118012807884,,49.7285704304293,
CUB,Cuba,2024,-0.226276999999999,0.3155266,-0.6235716,,72.930002350684,3.08297531927544,,43.1040700506779,
CUB,Cuba,2025,,,,,,,,,
CUW,Curacao,2020,,,,,91.8829519290015,31.5936827768109,21722.017365152737,,
CUW,Curacao,2021,,,,,90.6602271807463,32.5704880878504,24905.76844532444,,
CUW,Curacao,2022,,,,,92.7324718767703,32.9115972915374,28640.687233602606,,
CUW,Curacao,2023,,,,,93.7975591472655,31.5126707545287,30651.58855104229,,
CUW,Curacao,2024,,,,,,,32693.293976489305,,
CUW,Curacao,2025,,,,,,,,,
CYM,Cayman Islands,2020,0.6059907,1.2749256,0.7841015,,145.594315997903,46.5901811193291,66118.65408590277,,69.5994743298033
CYM,Cayman Islands,2021,0.6049017,1.4633939,0.8542534,,142.637074228333,45.6438637530667,74160.4914000191,,67.76533746208843
CYM,Cayman Islands,2022,0.6045278,1.4663069,0.8305979,,139.314997695241,56.3604363676998,82295.58207047821,,56.64670519086216
CYM,Cayman Islands,2023,0.6032433,1.4667806,0.8301979,,,,88427.78667126909,,47.70141333462299
CYM,Cayman Islands,2024,0.6044808,1.4607897,0.8301334,,,,,,85.52322838695822
CYM,Cayman Islands,2025,,,,,,,,,
CYP,Cyprus,2020,0.4663521,0.4538116,0.7472668,1415.76,135.588846364133,36.3127392017496,42569.0546875,102.390762329102,12.244827731299509
CYP,Cyprus,2021,0.4905518,0.4791734,0.7712279,1628.11,142.051408905141,36.6502473650247,47632.76953125,106.362930297852,15.969002678663305
CYP,Cyprus,2022,0.5652889,0.3811357,0.7642266,1725.47,146.71583605521,36.7656727425982,55876.17578125,105.384979248047,17.659598122901116
CYP,Cyprus,2023,0.4826822,0.3935929,0.7591158,1764.12,148.333712748344,36.9005587748344,59874.5703125,107.26212310791,18.74195339288293
CYP,Cyprus,2024,0.5324784,0.3858613,0.6891912,,156.218025662252,37.5627069536424,63006.61328125,120.87727355957,18.03292345069013
CYP,Cyprus,2025,,,,,,,,,
CZE,Czechia,2020,0.6341668,0.9082209,1.1245932,14605.57,123.219460160155,36.4490898642092,44839.48220994547,67.1843719482422,22.58251525964996
CZE,Czechia,2021,0.7300087,0.9968819,1.1669833,14812.42,126.173145654465,37.4984794433561,47796.0337408466,69.8369293212891,20.35609092625528
CZE,Czechia,2022,0.8031753,0.9957469,1.1392733,14098.3,128.105295003482,37.7136856539825,52946.966085446205,70.8145904541016,21.835361895952587
CZE,Czechia,2023,0.8499213,1.0704669,1.1605869,13409.42,126.004753501387,37.9099783935119,55761.379829137455,66.7282867431641,20.302723987427008
CZE,Czechia,2024,0.9310659,0.9719006,1.1881307,,126.600163061009,38.8656371139002,57285.42370013792,,22.40452152795576
CZE,Czechia,2025,,,,,,,,,
DEU,Germany,2020,1.8713077,0.6840532,1.6271231,109197.76,128.424798814302,43.3048696627,58685.87269977104,72.3894195556641,15.503195986937468
DEU,Germany,2021,1.8243293,0.6603045,1.6349496,117127.47,127.125099449404,44.0643361489671,62530.765319923936,75.6655426025391,15.385104822776526
DEU,Germany,2022,1.8224098,0.5284799,1.5810518,112300.79,124.158264349285,44.6186317766404,69048.98840368852,77.3656997680664,17.49815055736594
DEU,Germany,2023,1.699403,0.50602,1.5855645,108782.34,124.662572774586,45.380522509099,71684.0311875583,78.5947494506836,17.78183747966227
DEU,Germany,2024,1.7734211,0.1242671,1.6257844,,129.150921864378,45.6069242965787,73551.9347696836,76.7096862792969,17.977299037943244
DEU,Germany,2025,,,,,,,,,
DJI,Djibouti,2020,-0.814078299999999,-0.4591955,-1.0447412,9.98,39.2725038635961,2.26685414608193,5527.001852298884,,
DJI,Djibouti,2021,-0.9086172,-0.5273642,-1.0311038,8.17,43.6423520933817,1.39112845686235,5960.108073968246,,2.6282762117554803
DJI,Djibouti,2022,-0.9087909,-0.4774121,-1.0215603,11.08,46.7770531248021,1.41245769926198,6621.330382204093,,3.024177420850287
DJI,Djibouti,2023,-0.905052699999999,-0.4640183,-1.03950379999999,17.48,48.4504884885996,1.47205761945073,7225.838795724898,,3.2755002219803098
DJI,Djibouti,2024,-0.8908098,-0.5563593,-1.01039869999999,,,,7810.278690667918,,
DJI,Djibouti,2025,,,,,,,,,
DMA,Dominica,2020,0.4019084,1.2385037,0.5984586,5.02,110.409483077561,27.0611042872153,14243.762312389785,,1.69441012466024
DMA,Dominica,2021,0.3994373,1.2367945,0.5368851,6.51,92.5136156662004,20.9562215410256,15808.9743503945,,3.3053307777051906
DMA,Dominica,2022,0.3990364,1.2397365,0.5641308,5.06,85.1898961482058,20.86014425523,18802.081991320545,,27.594662663954928
DMA,Dominica,2023,0.4140289,1.2402149,0.5395543,3.7,,,20285.982166370708,,2.883282332074537
DMA,Dominica,2024,0.5329662,1.2341643,0.3974621,,,,21300.68486980889,,
DMA,Dominica,2025,,,,,,,,,
DNK,Denmark,2020,2.2645808,0.8682976,1.9748465,15124.46,124.370019531752,44.4185659681079,62682.289947438905,82.6643295288086,13.234392546670652
DNK,Denmark,2021,2.2948313,0.8409469,2.0133921,15879.3,125.604137839658,44.9598379722906,69715.18096809289,83.982292175293,13.924798203132632
DNK,Denmark,2022,2.3022376,0.8416401,2.0023268,15700.65,126.48354098254,44.8863644064006,78913.65349131271,84.5866088867188,15.988289228272013
DNK,Denmark,2023,2.3171626,0.9005936,2.0143499,15603.08,126.717092547985,44.0352069959396,77892.29326099037,81.2308197021484,17.132157583740376
DNK,Denmark,2024,2.2874751,0.7688761,2.0043149,,126.686532566268,43.3933280824544,81878.23498491813,78.9604110717773,17.61944984893451
DNK,Denmark,2025,,,,,,,,,
DOM,Dominican Republic,2020,-0.706555199999999,0.2361204,-0.3813297,83.79,81.6619005659366,9.37345457518418,18998.306966731503,58.7264105314523,8.727411743444534
DOM,Dominican Republic,2021,-0.545258,0.3502987,-0.3243436,100.61,87.5207623947766,10.3195260186654,22053.458986995527,56.4690832383051,8.480050015491772
DOM,Dominican Republic,2022,-0.422172599999999,0.4914554,-0.2774196,110.33,90.3760163850377,10.6744492390257,24625.808856403743,55.1665311527454,6.018790558768618
DOM,Dominican Republic,2023,-0.429853,0.4655668,-0.241159899999999,104.52,91.8676246650308,11.1345555858062,25839.935668760703,58.2428049803824,6.030929399821513
DOM,Dominican Republic,2024,-0.2654917,0.5893402,-0.1822626,,93.7095828968519,11.2045645451604,27541.662528338416,57.6509476207267,7.688683514139607
DOM,Dominican Republic,2025,,,,,,,,,
DZA,Algeria,2020,-0.635634599999999,-0.883733299999999,-0.7746944,5630.26,103.436671524065,8.6064465013707,12676.5130564294,53.3752192208988,
DZA,Algeria,2021,-0.6509952,-0.9009933,-0.7553319,6650.05,105.037092587919,9.33184191925225,14496.865469729872,54.2222597146723,
DZA,Algeria,2022,-0.6430769,-0.8074555,-0.798385,7550.23,107.787115922596,10.3517244580598,15836.094437032109,53.3875786756,
DZA,Algeria,2023,-0.6397452,-0.7317401,-0.7329544,7676.5,111.60623555659,12.0086836084024,16824.487903462657,55.5320185816789,
DZA,Algeria,2024,-0.5933952,-0.6935882,-0.6967772,,115.457278573892,13.3173088877016,17620.742395612582,54.4283410150344,
DZA,Algeria,2025,,,,,,,,,
ECU,Ecuador,2020,-0.5183859,-0.1513823,-0.5676359,2379.17,88.2554920433727,13.5146940353863,11526.801300927762,56.9066311483682,4.281927594864228
ECU,Ecuador,2021,-0.6326965,-0.1983083,-0.4314709,2473.5,94.950621672761,14.0284374555704,13507.444563837456,,4.840963173813314
ECU,Ecuador,2022,-0.655353,-0.2336288,-0.5794902,3317.49,98.1309025742238,15.1128846850944,15198.07255544725,59.879782344866,6.711579234057294
ECU,Ecuador,2023,-0.719996,-0.3543579,-0.858649799999999,3529.8,101.031752745524,16.0678902316524,15918.516294877289,67.8851161961618,7.274233853992543
ECU,Ecuador,2024,-0.775680199999999,-0.7210909,-0.9650369,,101.598265014024,17.246394056997,15840.266856741184,,9.998363906726986
ECU,Ecuador,2025,,,,,,,,,
EGY,"Egypt, Arab Rep.",2020,-0.7914606,-1.1172787,-0.789880599999999,17901.1,87.2316871725819,8.5396308016812,15231.865417764044,38.773998260498,2.554901061459005
EGY,"Egypt, Arab Rep.",2021,-0.7873199,-1.066781,-0.8185251,20781.71,84.0866220906029,9.76582299335252,15579.01608615512,35.1185317783157,3.170819270558141
EGY,"Egypt, Arab Rep.",2022,-0.7776624,-0.9542974,-0.772813099999999,22502.97,90.6794715776528,10.6832498285136,17526.801703016554,36.462230682373,3.4020498750804142
EGY,"Egypt, Arab Rep.",2023,-0.816904499999999,-0.899323299999999,-0.7776875,22854.4,92.8261626420085,10.8642477216638,18524.83929979369,37.9005584716797,3.1628687839356675
EGY,"Egypt, Arab Rep.",2024,-0.8269898,-0.9779235,-0.751539899999999,,97.1295066037455,11.6871225241757,19094.14494441113,37.5781274463676,3.8129008781420697
EGY,"Egypt, Arab Rep.",2025,,,,,,,,38.0398346509947,
ERI,Eritrea,2020,-1.3612091,-1.0705711,-1.6238593,36.08,54.7205015934574,0.151916994984612,,,
ERI,Eritrea,2021,-1.36851339999999,-1.02707899999999,-1.6516587,32.01,53.7582573847458,0.149245578525113,,,
ERI,Eritrea,2022,-1.3644356,-1.0696541,-1.7694664,29.98,59.1248082166991,0.165393390775689,,,
ERI,Eritrea,2023,-1.4131414,-0.7897784,-1.79714659999999,29.08,,,,,
ERI,Eritrea,2024,-1.6331361,-0.7086146,-1.8026292,,,,,,
ERI,Eritrea,2025,,,,,,,,,
ESP,Spain,2020,0.8309019,0.2956928,0.9801536,60134.98,116.712041523767,33.9527590155171,39327.84792695986,91.59912109375,7.768421355311217
ESP,Spain,2021,0.8120886,0.38323,0.9207665,63622.32,118.999806936801,34.9302420932073,44251.66582226214,95.3768997192383,9.39320382214351
ESP,Spain,2022,0.7816745,0.1569762,0.9606357,61269.93,123.399528756795,35.7846414290159,51398.93104034071,95.0271606445312,12.583718791138846
ESP,Spain,2023,0.7395223,0.1484475,0.9304606,60303.76,127.715490236713,37.2148181549182,55682.240260309256,93.7303466796875,9.56253561613111
ESP,Spain,2024,0.7145938,-0.002992,0.9317736,,130.260997343256,39.2337541858756,57965.29481388373,93.7689666748047,9.284476615699374
ESP,Spain,2025,,,,,,,,,
EST,Estonia,2020,1.5899428,0.9178902,1.4988678,1722.9,144.832210121466,34.2700326171401,40672.13404021316,72.0443572998047,20.62162643389512
EST,Estonia,2021,1.5368104,0.8879044,1.4888413,1765.86,148.739589817601,37.357189680638,44251.53749834551,73.1502075195312,20.63011555770852
EST,Estonia,2022,1.5957125,0.8742633,1.5220957,1791.71,152.270772859015,39.7219150412824,48217.552310602834,71.4251937866211,18.01864383156159
EST,Estonia,2023,1.6727855,0.8473511,1.482125,1753.58,150.195729068839,35.2539796781149,48637.18022087952,67.6179275512695,16.581160524958964
EST,Estonia,2024,1.669321,0.6995763,1.4864478,,151.131825017309,35.3527186879385,49968.7108278373,65.6692276000977,18.38298014125696
EST,Estonia,2025,,,,,,,,,
ETH,Ethiopia,2020,-0.368558799999999,-1.5934093,-0.8139468,4147.28,37.4208472347226,0.178274598062049,2406.789384786689,,13.10145253066807
ETH,Ethiopia,2021,-0.4003096,-2.0139565,-0.9484534,5572.61,52.8088633217211,0.399382380284272,2588.413102158837,,8.546588831622683
ETH,Ethiopia,2022,-0.406565399999999,-1.8659545,-0.9181925,7017.98,56.9642988837987,0.45157652011053,2844.922745357532,,3.210265749360578
ETH,Ethiopia,2023,-0.4629488,-1.86375129999999,-1.03931399999999,6727.91,59.8748744402242,0.534823180349513,3060.9050300376,,3.7506205580208727
ETH,Ethiopia,2024,-0.437863299999999,-1.88497389999999,-1.04892419999999,,65.0825091944922,0.593917449513598,3287.534921588928,,
ETH,Ethiopia,2025,,,,,,,,,
FIN,Finland,2020,2.2354321,1.1572607,2.108953,11048.28,128.761294644181,33.3838974597133,53296.57927988517,96.4726333618164,9.982300252858344
FIN,Finland,2021,2.2264683,1.1287431,2.0708538,11446.35,129.036333202492,33.6396818306917,56790.376617769165,100.868072509766,10.29375385362533
FIN,Finland,2022,2.1894699,1.0892287,1.9939363,11543.1,128.023293416281,34.2951599474189,62133.13752199117,104.944221496582,9.62392843667484
FIN,Finland,2023,2.193956,0.7648776,2.0200539,11224.2,127.47302579722,35.3318092510781,63414.99368781773,108.130409240723,9.714022595491327
FIN,Finland,2024,2.1920863,0.8325695,2.0212705,,125.860954798649,36.4765341417867,65378.38418597206,110.304496765137,9.285226596339571
FIN,Finland,2025,,,,,,,,,
FJI,Fiji,2020,0.5418111,0.6004415,0.1646154,180.75,108.365037711907,2.52053908190823,10716.291436766332,83.7613654490349,10.850874908157024
FJI,Fiji,2021,0.4839702,0.6663534,0.1636161,197.31,108.158405429846,2.51573287546457,10322.427963885417,76.7030156165859,1.9091287366652567
FJI,Fiji,2022,0.4582725,0.782553,0.2370994,197.72,111.749120643187,2.53376577893503,12982.291451991914,68.7794855157684,2.241245877544534
FJI,Fiji,2023,0.5323283,0.782933,0.3256265,217.87,361.048644963723,1.82947481185312,14644.177375436131,60.9679066767014,1.646797844430439
FJI,Fiji,2024,0.5626875,0.6984398,0.3057786,,574.152332512188,1.80009560888215,15450.299326538776,75.0089752283697,2.9987484141773617
FJI,Fiji,2025,,,,,,,,,
FRA,France,2020,1.2939757,0.1270887,1.1272001,65600.63,110.387215275645,46.471240838575,49481.80443096545,68.8709411621094,21.192040524801182
FRA,France,2021,1.422803,0.1241525,1.0805521,67690.4,113.952719366702,47.6442336298287,52517.33549058552,69.9397888183594,22.30500308556504
FRA,France,2022,1.3856444,0.0198376,1.0195192,65197.8,115.950519429629,48.250226559098,57042.944901377225,71.5107269287109,21.92646112571559
FRA,France,2023,1.2672713,-0.0187716,0.9946177,62180.46,116.687800394775,48.6688340139444,60838.94167164238,70.4536437988281,22.383544972179177
FRA,France,2024,1.2182239,-0.241365399999999,0.97866,,,48.9251978969333,62556.91810454,71.5346908569336,23.13710737690381
FRA,France,2025,,,,,,,,,
FRO,Faroe Islands,2020,,,,,112.600072261205,35.0714054804419,61650.85122568065,,
FRO,Faroe Islands,2021,,,,,111.093808630394,34.6022514071295,68426.79432188983,,
FRO,Faroe Islands,2022,,,,,105.80437318324,34.5873988631945,75265.6585388594,,
FRO,Faroe Islands,2023,,,,,,,79694.92979175801,,
FRO,Faroe Islands,2024,,,,,,,81908.77817850176,,
FRO,Faroe Islands,2025,,,,,,,,,
FSM,"Micronesia, Fed. Sts.",2020,0.4040448,1.1206831,0.6699225,7.98,19.8348299614122,5.40949908038516,3683.9898148367392,,
FSM,"Micronesia, Fed. Sts.",2021,0.3004111,1.2268624,0.8844429,2.18,19.7090231491436,5.37518813158461,3946.416081091658,,
FSM,"Micronesia, Fed. Sts.",2022,0.2998184,1.5042238,0.9774711,3.51,19.9885830493962,5.81818506163369,4086.9798010393984,,
FSM,"Micronesia, Fed. Sts.",2023,0.2977827,1.5046321,0.9770145,3.74,,,4233.744925587685,,
FSM,"Micronesia, Fed. Sts.",2024,0.7080176,1.499468,0.9769408,,,,4346.842496718753,,
FSM,"Micronesia, Fed. Sts.",2025,,,,,,,,,
GAB,Gabon,2020,-0.8043948,-0.2194997,-0.9315253,68.1,131.301562643297,1.9206136043356,14477.13082917444,,2.389734240835475
GAB,Gabon,2021,-0.8653289,-0.28203,-0.9165415,94.55,132.30865873249,2.65142494578668,18523.57980321933,,1.483325896335714
GAB,Gabon,2022,-1.0035399,-0.1324826,-1.0937103,100.2,123.233187164275,3.3054859267542,19992.55706434685,,3.9075849423199847
GAB,Gabon,2023,-0.9748427,-0.2702052,-1.07816429999999,90.57,122.606627765979,3.97293291301595,20755.665381766,,1.773135703659753
GAB,Gabon,2024,-0.936776899999999,-0.276887,-1.155705,,125.337107593999,4.6941021334787,21510.17253073436,,
GAB,Gabon,2025,,,,,,,,,
GBR,United Kingdom,2020,1.7210258,0.5102213,1.3554927,103341.82,117.304850715261,40.5775246507294,48230.04770274613,69.4076614379883,23.00736049907073
GBR,United Kingdom,2021,1.6641761,0.4363658,1.3061844,108095.52,117.887430294308,41.1134869970784,51004.42717142381,76.7543563842773,23.86540571821931
GBR,United Kingdom,2022,1.6352771,0.3676912,1.2994581,101776.16,119.833999505569,41.2867157729584,59021.57218059142,79.7695083618164,27.15977081923476
GBR,United Kingdom,2023,1.4745753,0.3683427,1.2703547,97535.98,122.781542240418,41.4367685540411,59911.34676632091,80.4146499633789,28.89171461135673
GBR,United Kingdom,2024,1.5097548,0.2577085,1.269914,,121.643331373201,42.1648283773461,62009.490776536586,,29.23326000907603
GBR,United Kingdom,2025,,,,,,,,,
GEO,Georgia,2020,0.8203237,-0.1271941,0.2567958,629.74,134.366007864735,25.5120429077493,16791.259865446496,71.8064531290391,2.1252867712653973
GEO,Georgia,2021,0.7226795,-0.2017684,0.2251347,663.11,146.566472682371,26.6463786914494,18915.65340052628,77.2303110681266,1.602893022457743
GEO,Georgia,2022,0.6512819,-0.100034699999999,0.18182,602.02,154.013561773213,28.3337075311796,22461.332641454654,79.3253367493498,2.9492009025545625
GEO,Georgia,2023,0.6584135,-0.120908599999999,0.1642921,649.57,155.249965068869,29.3086367614167,25071.967726410687,78.2652247393707,2.293037544018809
GEO,Georgia,2024,0.3810861,-0.6127592,0.1489667,,161.201784818537,30.4157660721649,28285.073280298224,,3.783815394744974
GEO,Georgia,2025,,,,,,,,89.4861221313477,
GHA,Ghana,2020,-0.0922532,0.0588855,0.1110047,2090.23,126.887391353856,0.245771040587956,6047.301116735542,18.6139938594155,
GHA,Ghana,2021,-0.1554389,-0.1622488,0.0415219,2561.95,124.402625384529,0.352237707175248,6607.502973783208,19.2005186528071,0.7260845937203071
GHA,Ghana,2022,-0.0967234999999999,-0.1877453,0.0021348,2973.03,120.803416027053,0.62494509663475,7208.157989827231,20.44559258931,1.9574071685201435
GHA,Ghana,2023,-0.1303327,-0.0688107,-0.0029916,3269.86,98.8059221412722,0.555476730525596,7556.416054532344,22.0958254757285,2.110037622114449
GHA,Ghana,2024,-0.1934794,0.0114605,0.0539695,,113.647966704673,0.664728986034211,8019.99702389611,21.330810546875,
GHA,Ghana,2025,,,,,,,,,
GIB,Gibraltar,2020,,,,,97.9680977524673,58.0792303651895,,,
GIB,Gibraltar,2021,,,,,92.6501709262575,59.8567475174996,,,
GIB,Gibraltar,2022,,,,,97.6042968438406,60.9747666781887,,,
GIB,Gibraltar,2023,,,,,,,,,
GIB,Gibraltar,2024,,,,,,,,,
GIB,Gibraltar,2025,,,,,,,,,
GIN,Guinea,2020,-0.8663898,-1.0877324,-1.0962208,43.25,107.776552007403,0.0074787698291168,3331.856630038006,,
GIN,Guinea,2021,-1.0113603,-1.0159308,-1.003033,53.97,110.185519681138,0.0072936731105539,3738.8051255133023,,
GIN,Guinea,2022,-0.9739553,-0.813667399999999,-1.05538819999999,50.37,95.3174629318803,0.0062752856838037,4062.361364379217,,
GIN,Guinea,2023,-1.0078531,-0.8765719,-1.1068782,54.9,97.8794996455513,,4333.746173126264,,
GIN,Guinea,2024,-1.17445279999999,-1.0377627,-1.1479306,,,,4565.300788845597,,
GIN,Guinea,2025,,,,,,,,,
GMB,"Gambia, The",2020,-0.222816799999999,0.1363877,-0.336829999999999,58.99,106.448259811355,0.198749231337348,2530.804149373073,,0.8866988216788814
GMB,"Gambia, The",2021,-0.3139401,0.0231959,-0.3721489,75.92,108.847403542688,0.194098625393535,2777.79620978324,,0.0007359778735612
GMB,"Gambia, The",2022,-0.3002052,0.1344853,-0.3639747,79.44,106.782250509204,0.215818879031432,3067.31040374628,,3.2124882300216684
GMB,"Gambia, The",2023,-0.296167199999999,0.1359932,-0.340458,79.8,117.115660832998,0.502141524068284,3289.1328305710667,,2.342309834406696
GMB,"Gambia, The",2024,-0.3342284,-0.0180453,-0.394193399999999,,126.243773523653,0.518552979215852,3475.612457013406,13.4765901565552,3.3475789637601547
GMB,"Gambia, The",2025,,,,,,,,,
GNB,Guinea-Bissau,2020,-1.2993067,-0.2838803,-1.1334891,16.18,95.0628708236165,0.118365532433795,2339.7932696782145,,
GNB,Guinea-Bissau,2021,-1.21682239999999,-0.3001867,-1.2016468,14.28,108.62961248586,0.160430067207715,2522.767643025207,,
GNB,Guinea-Bissau,2022,-1.1609749,-0.360252199999999,-1.25159,17.19,125.934670099533,0.219184822436547,2788.837739379542,,
GNB,Guinea-Bissau,2023,-1.1549527,-0.3193937,-1.2070689,13.7,128.110529740092,0.310448099439986,2989.6723598047697,,
GNB,Guinea-Bissau,2024,-1.3460193,-0.618439499999999,-1.23482809999999,,147.197631273872,0.386080917545218,3119.371570474374,,
GNB,Guinea-Bissau,2025,,,,,,,,,
GNQ,Equatorial Guinea,2020,-1.51748099999999,-0.380621,-1.52793729999999,1.7,43.3495410342634,0.107371649223871,13677.110587516952,,
GNQ,Equatorial Guinea,2021,-1.51813589999999,-0.3214725,-1.528819,4.25,46.434813558898,0.0976810140631094,16821.44864704129,,
GNQ,Equatorial Guinea,2022,-1.5183607,-0.3481526,-1.4839685,2.93,49.5380486763568,0.10069058437688,18139.989326627,,
GNQ,Equatorial Guinea,2023,-1.52463899999999,-0.2874757,-1.48074099999999,3.44,,,17411.50023438401,,
GNQ,Equatorial Guinea,2024,-1.47309619999999,-0.1409375,-1.54035759999999,,,,17566.760028407287,,
GNQ,Equatorial Guinea,2025,,,,,,,,,
GRC,Greece,2020,0.2809798,0.2996221,0.4729929,12102.88,106.669795200072,39.7876360746134,29533.08774029898,143.693344116211,13.251866971442356
GRC,Greece,2021,0.3910516,0.2270172,0.4439375,13776.67,108.643525000707,41.9213046741732,33531.15511225996,150.605484008789,12.284868152439335
GRC,Greece,2022,0.3224993,0.236947,0.4892737,13922.21,109.026956114201,42.923040428409,39612.44063779162,166.389556884766,14.470865176220707
GRC,Greece,2023,0.3292978,0.3853039,0.3963788,13551.59,110.79216956747,43.8539621755853,42710.50580103135,165.113418579102,15.15153377409025
GRC,Greece,2024,0.2996813,0.1394204,0.2983017,,113.597610306796,44.6759828527928,44327.209780827565,,15.011494857431025
GRC,Greece,2025,,,,,,,,,
GRD,Grenada,2020,0.3784368,1.0425879,0.4276609,58.11,102.079232600717,27.4640926242683,14361.126715445174,,2.9759074611911496
GRD,Grenada,2021,0.3144044,1.0408786,0.4044535,62.74,86.5710270122035,26.1175099410394,15290.250903138003,,1.2414575816424456
GRD,Grenada,2022,0.2886861,1.2048361,0.4711413,55.73,95.759239776586,29.767433903843,17543.98155962659,,2.1771874895919696
GRD,Grenada,2023,0.3935799,1.2053145,0.5500382,42.49,,,18970.74016465297,,3.0077613416419737
GRD,Grenada,2024,0.4790005,1.1992639,0.5408822,,,,20177.80949273856,,6.443444620248502
GRD,Grenada,2025,,,,,,,,,
GRL,Greenland,2020,1.1145942,1.7581458,1.6289849,28.59,117.614122681883,27.9190442225392,64999.4435683064,,
GRL,Greenland,2021,1.0270782,1.7551692,1.6254815,35.34,118.85048446673,29.9441480344748,69302.0088788237,,
GRL,Greenland,2022,1.0265006,1.2502225,1.5750875,32.01,118.637256652974,31.9842829076621,75720.42982193232,,
GRL,Greenland,2023,1.0245164,1.2510555,1.5745781,38.42,,,78840.59783959885,,
GRL,Greenland,2024,1.482751,1.2405187,1.5744958,,,,,,
GRL,Greenland,2025,,,,,,,,,
GTM,Guatemala,2020,-1.0998808,-0.563868399999999,-0.9659236,123.78,117.475884100805,3.52588892585695,10947.37112921973,,6.05086394466785
GTM,Guatemala,2021,-1.21790929999999,-0.5740791,-0.975567699999999,119.25,125.718955715353,3.4775394703571,11825.141273764004,,5.167081043254193
GTM,Guatemala,2022,-1.2166625,-0.3005447,-1.0371304,117.76,115.156435692604,5.02439029583182,13014.015380982615,,4.971624031709513
GTM,Guatemala,2023,-1.0869128,-0.2021326,-1.0108162,108.83,113.709374947241,5.08082886037381,13745.363124179436,27.2948879201171,5.776624508393925
GTM,Guatemala,2024,-0.9482653,-0.209766899999999,-0.962274,,112.520863034346,5.33792153027114,14368.660568181482,,5.39604303984542
GTM,Guatemala,2025,,,,,,,,,
GUM,Guam,2020,1.1797991,0.9970127,1.1574435,,,1.8500474845521,,,
GUM,Guam,2021,1.1772281,0.9953332,1.1509221,,,1.83228485921945,,,
GUM,Guam,2022,1.1763452,0.9982241,1.1703242,,,1.8392057149776,,,
GUM,Guam,2023,1.1733125,0.9986942,1.0348111,,,,,,
GUM,Guam,2024,1.1762344,0.9927487,1.0346735,,,,,,
GUM,Guam,2025,,,,,,,,,
GUY,Guyana,2020,-0.1158874,-0.0072965999999999,-0.3872775,46.55,106.008686272494,11.7649827054754,16819.422871469465,,2.610881244973436
GUY,Guyana,2021,-0.1042454,-0.0281476999999999,-0.378924,45.08,104.968595260226,11.6495520440672,22865.9270968882,,0.2216851014746262
GUY,Guyana,2022,-0.2293385,0.210713,-0.3602997,49.46,112.56503784518,12.9356394612219,39710.96956075305,,0.1239541093201857
GUY,Guyana,2023,-0.309865699999999,0.2012498,-0.371934999999999,49.61,,,54729.03651563656,25.1520757996244,15.713892680131517
GUY,Guyana,2024,-0.346885599999999,0.2164983,-0.334222099999999,,,,80155.03939276996,26.4315792489043,13.334108705518242
GUY,Guyana,2025,,,,,,,,,
HKG,"Hong Kong SAR, China",2020,1.6888523,0.0079016,1.1753872,,291.916274990037,38.5246390800823,58187.476407253474,89.9479038224414,69.65132170746445
HKG,"Hong Kong SAR, China",2021,1.6345393,0.2186871,1.0319968,,319.852066930488,39.2188975738319,65884.93762606029,97.3813269493844,70.55065572149053
HKG,"Hong Kong SAR, China",2022,1.5284267,0.3891702,0.8841773,,292.80765987826,39.9517808600821,68602.12579004731,100.776315789474,72.63677264372393
HKG,"Hong Kong SAR, China",2023,1.5534193,0.4084368,0.875904,,319.493898344345,39.8839727444243,71512.31935511608,105.461738484398,72.3154885126867
HKG,"Hong Kong SAR, China",2024,1.5721573,0.6310985,0.9209804,,364.848981963231,40.2724025338679,75195.9865970615,120.08978583196,75.57069083499792
HKG,"Hong Kong SAR, China",2025,,,,,,,,,
HND,Honduras,2020,-0.972603599999999,-0.666353099999999,-1.1109938,103.36,68.7836128557933,3.92223438778455,5384.6983198303815,,4.069907058714718
HND,Honduras,2021,-1.1204199,-0.806377,-1.1417518,89.88,73.4771659564055,4.0958409901304,6202.980788120369,,1.4495499920382977
HND,Honduras,2022,-1.03140529999999,-0.4781621,-1.09175279999999,131.63,75.8551423411907,4.40980164894983,6805.493582945538,,
HND,Honduras,2023,-1.09932339999999,-0.3507671,-1.156469,130.35,74.4148227156961,4.36212775547539,7178.339067815222,,3.3089155606212444
HND,Honduras,2024,-1.2446903,-0.5671583,-1.1768036,,70.9397440517258,4.57914834722512,7486.018696164448,23.3177890777588,3.873347595709568
HND,Honduras,2025,,,,,,,,,
HRV,Croatia,2020,0.1356925,0.6477441,0.3486941,4919.63,110.666299439701,26.0744550144438,31594.01119221411,74.738037109375,9.680041032993806
HRV,Croatia,2021,0.0954983,0.6364386,0.4127964,5529.57,112.169438491978,26.7157501000099,36930.28419414053,78.0067901611328,9.606733514122746
HRV,Croatia,2022,0.1067785,0.7321186,0.4345096,5488.61,114.677195729643,27.6606739600213,42125.07269309308,80.7626724243164,12.063854042863776
HRV,Croatia,2023,0.113708,0.6832484,0.4257869,5503.53,117.112604314708,28.4709561519529,47759.698299533855,81.1775207519531,11.033590881471492
HRV,Croatia,2024,0.1486813,0.5814089,0.3774835,,121.732525659138,29.5997367962687,49550.79215060172,,11.673919931118864
HRV,Croatia,2025,,,,,,,,,
HTI,Haiti,2020,-1.44666959999999,-1.0389171,-1.211177,40.55,65.0933737275708,0.275706324027148,3103.180663124616,,
HTI,Haiti,2021,-1.4853353,-1.2132391,-1.392161,40.71,64.3451990252656,0.272537391690564,3145.006810572685,,
HTI,Haiti,2022,-1.508626,-0.947002399999999,-1.5628925,40.79,65.1889329311174,0.306790757611135,3275.4071812634534,,
HTI,Haiti,2023,-1.50126609999999,-0.971741099999999,-1.64152989999999,37.83,,,3291.738178870665,,
HTI,Haiti,2024,-1.5403494,-1.2013046,-1.6033955,,,,3193.67136419915,,
HTI,Haiti,2025,,,,,,,,,
HUN,Hungary,2020,0.1418393,0.7938892,0.329192,7350.5,105.981902376717,33.4922037196533,35583.58556756367,56.6071815490723,17.464880722177814
HUN,Hungary,2021,0.1312695,0.7337253,0.2971399,7822.44,105.137285804787,34.8391868436369,38887.19095271536,58.6536102294922,16.397512642927854
HUN,Hungary,2022,0.0402617,0.6701403,0.2426218,8168.57,105.793848314995,36.5338104764554,44365.91081283429,60.2746810913086,18.40489172584307
HUN,Hungary,2023,0.083173,0.5841522,0.1894005,8260.49,105.054424922699,36.7901885342462,46592.38560700735,56.5924415588379,18.86245696218628
HUN,Hungary,2024,0.0394373,0.4363288,0.1923364,,104.58063059269,37.542262483936,48552.47080925294,60.5168685913086,22.574511882604494
HUN,Hungary,2025,,,,,,,,,
IDN,Indonesia,2020,-0.3456603,-0.539945999999999,-0.1479773,20837.0,129.40362112725,3.92993769121646,11729.36744584478,38.1650601406923,8.424746985557901
IDN,Indonesia,2021,-0.416213499999999,-0.6496757,-0.1436778,23653.58,132.199444256099,4.4874632789818,12757.07464402037,40.6293239880732,7.201279701443059
IDN,Indonesia,2022,-0.3702139,-0.7624666,-0.1291182,26452.38,122.873012230307,4.82151507878823,14284.929293132958,42.3260385456152,8.308193067098319
IDN,Indonesia,2023,-0.4431661,-0.613745,-0.0817572,38992.0,125.238194847046,4.81663955789733,15415.707925952724,44.8813034886441,9.08308687782522
IDN,Indonesia,2024,-0.5446152,-0.609127499999999,-0.206598099999999,,122.514946500491,4.92196685438436,16448.275517955855,,8.711043757891602
IDN,Indonesia,2025,,,,,,,,,
IMN,Isle of Man,2020,,,,,,,,,
IMN,Isle of Man,2021,,,,,,,,,
IMN,Isle of Man,2022,,,,,,,,,
IMN,Isle of Man,2023,,,,,,,,,
IMN,Isle of Man,2024,,,,,,,,,
IMN,Isle of Man,2025,,,,,,,,,
IND,India,2020,-0.254487099999999,-0.720631199999999,-0.1029725,145711.12,82.2540479927426,1.63622632751685,6966.275427859109,29.8196397708424,11.03256384665759
IND,India,2021,-0.300757,-0.6015988,-0.1841026,173096.47,81.603974311212,1.9487996093033,8050.018574526641,31.5741765984501,10.212559662511833
IND,India,2022,-0.2924866,-0.7535037,-0.1104884,200488.43,80.1818007717416,2.35231555917724,9207.127430401446,32.6703053423023,12.682279480728722
IND,India,2023,-0.3353176,-0.837974,-0.0879069,228174.31,80.5631998772888,2.74534696441771,10323.499873442795,34.2394344991225,14.93434729867156
IND,India,2024,-0.2953362,-0.785762499999999,-0.0392287,,79.3526921826412,3.15046250037677,11159.985647609126,34.4184659748952,18.57239464110494
IND,India,2025,,,,,,,,34.4465039692543,
IRL,Ireland,2020,1.5958903,0.8785787,1.5214022,8400.81,105.045612677382,30.4353384554187,97799.9225748607,74.1961975097656,25.89915446900028
IRL,Ireland,2021,1.6117468,0.7362963,1.5453584,9216.71,106.86972424373,31.3616427884193,116903.61243516988,78.4613265991211,28.478147527199187
IRL,Ireland,2022,1.6463639,0.8053599,1.5040267,8811.1,110.608851322579,31.5362809040128,138522.5178002039,77.5933380126953,46.7867801497714
IRL,Ireland,2023,1.5859129,0.876648,1.5980444,8719.61,110.798344311602,31.8907830651788,129682.60715051716,,47.77377328492186
IRL,Ireland,2024,1.572589,0.7099699,1.5913219,,112.638817343502,32.3023693358176,133437.47011701888,,53.51843284321583
IRL,Ireland,2025,,,,,,,,,
IRN,"Iran, Islamic Rep.",2020,-1.1044169,-1.2213247,-1.0270682,56585.01,145.485569917724,10.9026671467968,15119.305885996357,55.6366691589355,0.7467148447386813
IRN,"Iran, Islamic Rep.",2021,-1.1267612,-1.1577773,-1.06900019999999,58049.49,153.624638869213,12.068102546673,15884.427677596332,54.3051986694336,0.3805253978606729
IRN,"Iran, Islamic Rep.",2022,-1.13191439999999,-1.1448403,-1.1257877,58271.06,162.712943709127,12.2102486068411,17545.624662942948,58.6838607788086,0.8140079231973251
IRN,"Iran, Islamic Rep.",2023,-1.17112979999999,-1.2694112,-1.20046299999999,55085.25,166.279821209677,12.0205942239083,18917.09147231324,,
IRN,"Iran, Islamic Rep.",2024,-1.14723819999999,-1.58118839999999,-1.2348012,,174.066388972063,12.0603874696566,19873.88608538052,,
IRN,"Iran, Islamic Rep.",2025,,,,,,,,,
IRQ,Iraq,2020,-1.3692381,-2.1814743,-1.512443,6834.33,88.9799284628949,14.8494851377503,10573.930475071484,,
IRQ,Iraq,2021,-1.37400869999999,-2.1722684,-1.4374976,8689.54,94.6092832170426,14.8275236561145,12731.753575512885,,
IRQ,Iraq,2022,-1.37334849999999,-2.2294281,-1.45504109999999,12326.35,99.1323661916548,14.4912960130678,14391.129234980575,,
IRQ,Iraq,2023,-1.4169702,-2.2246949,-1.5002727,16724.1,101.388721479182,17.2312565041583,14652.521239921178,,
IRQ,Iraq,2024,-1.2050155,-2.0642762,-1.3581614,,100.080276677726,17.6333290365333,14464.31869281728,,
IRQ,Iraq,2025,,,,,,,,,
ISL,Iceland,2020,1.8422993,1.3289196,1.6866361,673.35,114.939418571031,38.6826471438625,55796.745466763234,74.5906066894531,27.958936066167663
ISL,Iceland,2021,1.8584301,1.3382488,1.7076168,725.0,117.34255750797,38.4077027940877,61610.213274071466,86.5232086181641,33.48741486572734
ISL,Iceland,2022,1.6495728,1.2672872,1.5968615,746.67,120.114839781678,37.4212579793667,75332.8528345867,84.985237121582,33.31162925425808
ISL,Iceland,2023,1.6623764,1.2058266,1.59027,715.97,121.475495280706,37.4245919320463,81608.4479116436,76.5200729370117,43.42454227640107
ISL,Iceland,2024,1.828818,1.2056034,1.6278886,,120.927513243653,37.5242757933482,84256.84545731115,,53.97229306637792
ISL,Iceland,2025,,,,,,,,,
ISR,Israel,2020,0.6932777,-0.567841399999999,0.8873608,13366.53,139.425860895034,29.5678161933081,40955.28561791523,57.633861541748,28.19764307475899
ISR,Israel,2021,0.9249105,-0.699899199999999,0.8807927,14633.85,139.775312861878,29.7078785417387,46162.082273024746,60.2585487365723,29.59567587227614
ISR,Israel,2022,0.8878345,-0.904996799999999,0.8010265,14331.79,151.1379631075,29.1676695245416,53619.06809950952,58.9500617980957,29.109054041052342
ISR,Israel,2023,0.8712956,-1.0423159,0.6642378,13844.24,153.336641345572,29.4357235504327,55171.23188143215,57.143440246582,34.93777358244434
ISR,Israel,2024,0.853319,-1.03750149999999,0.5997177,,177.393104798636,29.1837101461688,57235.77632441356,56.2561111450195,37.23351737517383
ISR,Israel,2025,,,,,,,,,
ITA,Italy,2020,0.5299614,0.3322841,0.5546368,80141.63,129.49000571147,30.2586365187027,44435.64343935265,68.7231063842773,8.587243012964
ITA,Italy,2021,0.5394316,0.4392226,0.5885,85699.51,130.781488497698,31.2852927413407,49825.39341118482,71.2745208740234,7.770245655162528
ITA,Italy,2022,0.5738577,0.4124684,0.5739685,83236.9,131.673965640047,31.19136706407,57260.89453724933,73.8962097167969,9.15916231271025
ITA,Italy,2023,0.571449,0.4737389,0.6505552,82770.89,131.871674517747,31.8410876819321,60029.871712398,75.9496536254883,9.9836968942283
ITA,Italy,2024,0.5531621,0.3087035,0.6192043,,132.575141676252,31.7807732477772,62014.26751536892,,12.282708850402182
ITA,Italy,2025,,,,,,,,,
JAM,Jamaica,2020,-0.0800814,0.1525241,-0.103995499999999,157.91,101.50208125864,13.6219905826712,9764.352587978405,,2.3506413835154136
JAM,Jamaica,2021,-0.0851526,0.1423135,-0.0742917999999999,185.06,102.38666630017,14.5717525783368,10430.690977175882,,2.471950011647286
JAM,Jamaica,2022,-0.0788141,0.4525342,-0.0687388999999999,144.46,105.762018411183,14.9601781381994,11887.77036942296,,1.4709847551675832
JAM,Jamaica,2023,-0.1364542,0.4762874,-0.0768587999999999,161.41,115.092228780619,15.7852035329423,12650.90529559384,,2.646989791467941
JAM,Jamaica,2024,-0.0962722999999999,0.476823,-0.0776697,,117.693907561175,15.981614377416,12890.266005147236,,
JAM,Jamaica,2025,,,,,,,,,
JOR,Jordan,2020,0.1409154,-0.3260056,0.1081792,3205.55,64.3142601333354,5.80332966781737,9579.20081317696,30.2879665605319,1.543878588630552
JOR,Jordan,2021,0.0177108,-0.390988399999999,0.0436082,3852.39,65.7448847660422,6.45876564968631,9182.496161255996,30.451314266821,1.713679702988074
JOR,Jordan,2022,0.0226578,-0.311462199999999,0.0764869,4732.04,67.7457074341635,7.0736531298176,9927.234100250598,32.5119829829151,1.4496882666855757
JOR,Jordan,2023,0.1060315,-0.3007473,0.1232268,5419.23,67.545678186078,7.03749462484875,10411.841615296738,33.0567036969523,2.084159854271586
JOR,Jordan,2024,0.2721934,-0.3501687,0.1685335,,69.6426153972396,7.01801006087142,10821.490976531695,35.9184001120427,
JOR,Jordan,2025,,,,,,,,,
JPN,Japan,2020,1.4301233,1.1325471,1.5138826,100403.47,154.432206765516,34.8370612448992,42425.69467896506,62.2987403869629,18.63334878967766
JPN,Japan,2021,1.4554011,1.1600529,1.5319019,106309.76,159.516123485628,35.9391724358064,44355.3487163354,62.0412483215332,18.003991348261415
JPN,Japan,2022,1.4419346,1.2758787,1.5084676,102422.96,168.602943650636,36.8414210393741,47192.05006033716,63.3752288818359,18.259261535190227
JPN,Japan,2023,1.3377896,1.2674256,1.5084872,96543.44,178.432441299977,38.6312383711286,50661.76634631089,64.4907608032227,17.10280607032123
JPN,Japan,2024,1.3570132,1.1343228,1.5115753,,,,52039.17165516113,,17.554741516306663
JPN,Japan,2025,,,,,,,,,
KAZ,Kazakhstan,2020,-0.2881195,-0.2842993,-0.4154444,2819.66,124.698460644703,13.4502836627046,29039.82296245091,62.2921373672319,34.09896961170008
KAZ,Kazakhstan,2021,-0.2698189,-0.2325504,-0.4655785,2950.4,123.943942754522,13.946795830528,32945.85157258231,59.3849415869809,27.34354406361486
KAZ,Kazakhstan,2022,-0.1920096,-0.5795614,-0.440637699999999,3211.19,125.641583521795,14.4739535470844,35895.08398716668,57.2459264222925,32.26664971102692
KAZ,Kazakhstan,2023,-0.2223164,-0.2021045,-0.3777888,3818.58,127.114775212168,14.3457210056574,38515.18360099794,54.6563982045582,34.429337319659645
KAZ,Kazakhstan,2024,-0.0670902999999999,-0.2827558,-0.3815477,,127.085151242164,15.3162031103353,40890.93176944082,53.4564204414133,42.19530029658996
KAZ,Kazakhstan,2025,,,,,,,,52.8612860406142,
KEN,Kenya,2020,-0.7505394,-1.0502651,-0.5784344,1787.68,117.602526394779,1.29112489733773,4792.573158471824,,5.11178261072947
KEN,Kenya,2021,-0.710787899999999,-1.11021939999999,-0.445618199999999,1991.87,122.297519656734,1.48254108303764,5338.852433827813,,3.127360613968883
KEN,Kenya,2022,-0.751285,-0.962236,-0.4245656,2051.43,121.168999135357,1.47646942688922,5883.2230396192135,,2.260738110257122
KEN,Kenya,2023,-0.7594497,-0.971652,-0.427558899999999,2078.83,120.612416887959,2.38882511128724,6317.039046650906,8.67676730066979,3.041694167283178
KEN,Kenya,2024,-0.8018297,-1.3556816,-0.464532,,126.477706000949,3.04382666975517,6644.130932438946,10.4185962462804,3.150030136120342
KEN,Kenya,2025,,,,,,,,,
KGZ,Kyrgyz Republic,2020,-1.048438,-0.5068231,-0.729520899999999,205.22,109.780106660424,4.33664358791982,5178.561967040402,45.3327840830343,8.746550927918461
KGZ,Kyrgyz Republic,2021,-1.1583724,-0.3876484,-0.879262,217.52,108.171654806063,4.43257724274204,5736.4788341515405,51.6239256637785,16.29872607093401
KGZ,Kyrgyz Republic,2022,-1.2024196,-0.422477,-0.9265186,234.43,106.925973017004,5.60484304582026,6577.512177283893,54.2184527097527,10.554052011145703
KGZ,Kyrgyz Republic,2023,-1.1965583,-0.509667299999999,-0.973899499999999,326.91,108.59118718329,6.44652532064676,7298.086125619335,53.588822099772,16.333537286698142
KGZ,Kyrgyz Republic,2024,-1.1364649,-0.5045251,-0.936093699999999,,107.49229509732,7.79695655822307,8012.454644421939,53.1743590503791,10.671111743170483
KGZ,Kyrgyz Republic,2025,,,,,,,,53.8761747562613,
KHM,Cambodia,2020,-1.1175106,-0.2401873,-1.1462953,154.12,126.075894769858,1.39770029835926,5942.453803739287,13.8767573747135,2.2830748424057363
KHM,Cambodia,2021,-1.0917539,-0.1486895,-1.14770479999999,153.37,117.234785164989,1.98089406311481,6225.532654747405,13.5005634857238,2.980632793680184
KHM,Cambodia,2022,-1.1129555,-0.0739156,-1.1151898,183.99,113.391506572248,2.9638308346303,6918.81626947213,14.6069513022825,6.562225982364634
KHM,Cambodia,2023,-1.1216382,0.1346422,-1.099508,200.77,120.80911943838,3.64181801068419,7430.730857098369,17.4362364390629,12.98534311488826
KHM,Cambodia,2024,-1.2328592,0.1284232,-1.0562612,,116.091961125929,4.14566160137529,7966.8735242870525,21.4437426836662,5.262141405742119
KHM,Cambodia,2025,,,,,,,,,
KIR,Kiribati,2020,0.3514103,1.1749608,1.1590995,3.93,43.3476871347116,0.146710124584652,2710.9062281755378,,7.672132588751788
KIR,Kiribati,2021,0.3344081,1.1647191,1.0695661,2.36,40.9979980837689,0.0864640862459786,3020.4939993569524,,2.2969311405469752
KIR,Kiribati,2022,0.3338154,1.2429196,0.7720439,2.2,49.1120496056535,0.0689819037472503,3329.3443446486085,,
KIR,Kiribati,2023,0.3317797,1.2433279,0.73465,2.14,51.2540556855052,0.039990945446314,3485.5580831139905,,
KIR,Kiribati,2024,0.3745658,1.2381638,0.78601,,53.5244353915461,0.0349395619917037,3702.3259470311536,4.96087980270386,
KIR,Kiribati,2025,,,,,,,,,
KNA,St. Kitts and Nevis,2020,0.3247512,0.9164728,0.6337014,37.34,133.400896095584,45.9569020695541,27326.036057423,,
KNA,St. Kitts and Nevis,2021,0.352033,0.9147636,0.5899268,35.08,121.256121292475,43.0254688535808,26896.61770659784,,
KNA,St. Kitts and Nevis,2022,0.3109783,0.9177056,0.571593,40.15,116.923933289088,46.7447387013209,31870.88137845052,,
KNA,St. Kitts and Nevis,2023,0.3519798,0.918184,0.5632841,35.5,118.893023653706,,33979.63036157338,,
KNA,St. Kitts and Nevis,2024,0.3480989,0.9121334,0.5904494,,,,34846.603534282825,,
KNA,St. Kitts and Nevis,2025,,,,,,,,,
KOR,"Korea, Rep.",2020,0.7558651,0.8679972,1.1479729,69089.86,135.973274343048,43.0540600860627,47881.492134419335,96.8767700195312,35.602226541328314
KOR,"Korea, Rep.",2021,0.7614152,0.9005342,1.1681575,72352.13,140.516382791931,44.2526082339633,51718.25186566312,100.359878540039,36.01450367448602
KOR,"Korea, Rep.",2022,0.8217095,0.855673,1.1662138,71998.13,148.68360770138,45.4542124182774,55509.33687611736,102.813056945801,36.11827893121698
KOR,"Korea, Rep.",2023,0.8788564,0.932168,1.1844569,71724.33,162.11365652794,46.5676352036327,57429.80310764019,106.709167480469,30.27627999126511
KOR,"Korea, Rep.",2024,0.8495586,0.6393495,1.1174546,,172.520241179065,47.8014965507867,61051.34925024983,111.853302001953,36.25825593666743
KOR,"Korea, Rep.",2025,,,,,,,,,
KWT,Kuwait,2020,-0.1551226,0.1554026,0.146885,1095.3,153.866464370257,1.68058136279176,41461.7235642777,53.731878917367,1.3498509081649217
KWT,Kuwait,2021,-0.0606404,0.1542148,0.1194986,1184.25,158.646854136291,1.61587179429556,50651.95753370912,51.8967176944636,1.1917798374399038
KWT,Kuwait,2022,0.0771437,0.1041664,0.2236666,1245.88,168.350157565806,1.36328249349441,55043.00226358495,,0.7163548082807456
KWT,Kuwait,2023,0.1660086,0.2906988,0.1910577,1395.04,167.68428501222,1.01366418243269,53025.47108580635,,1.7849965684682487
KWT,Kuwait,2024,0.2183455,0.2939367,0.2308269,,,,52443.59692236262,,5.827776489323151
KWT,Kuwait,2025,,,,,,,,,
LAO,Lao PDR,2020,-1.0608703,0.5456553,-0.875201399999999,83.73,63.1139885984314,1.67210846259045,7913.386606502759,12.561911777868,23.15544736919249
LAO,Lao PDR,2021,-1.0773186,0.583086,-0.7575675,83.5,64.7101497693472,2.0226898696049,8080.435532499231,12.4396649191011,7.286446376639242
LAO,Lao PDR,2022,-0.9974286,0.7033051,-0.8397916,82.63,63.3546046458219,2.38186047453058,8766.440626110943,13.677811550152,9.517677832973265
LAO,Lao PDR,2023,-0.9646387,0.7378068,-0.8447129,72.2,64.7588066942788,2.72021122524182,9291.788590011382,14.8841695785522,7.419637295834535
LAO,Lao PDR,2024,-0.979896099999999,0.5576599,-0.742416699999999,,,,9775.828173810234,,
LAO,Lao PDR,2025,,,,,,,,,
LBN,Lebanon,2020,-1.23052269999999,-1.3492491,-0.918424399999999,2184.85,75.2003104658777,7.57698778654173,16259.705131228053,51.5677337643942,5.136512592327653
LBN,Lebanon,2021,-1.2586741,-1.3231817,-1.0028379,2130.13,74.9935205999452,7.55615217723581,11599.77550837654,56.8657861418168,2.154253144780375
LBN,Lebanon,2022,-1.21762979999999,-1.34257539999999,-1.0323318,1990.44,74.0148340435503,7.29166684799988,12292.840730550111,58.1761149059991,15.133219943969994
LBN,Lebanon,2023,-1.2554109,-1.2764099,-1.0665045,2079.31,,,12574.8329116403,54.4012561547071,4.302360783603364
LBN,Lebanon,2024,-1.3041344,-1.3896806,-1.0853525,,,,,,2.895912768815062
LBN,Lebanon,2025,,,,,,,,,
LBR,Liberia,2020,-0.9167423,-0.220102599999999,-0.855358499999999,11.24,32.1004345501657,0.252453508259017,1659.52109145991,,0.0150390753332307
LBR,Liberia,2021,-0.9896145,-0.2103506,-0.8429491,25.33,31.429900768597,0.247180102838331,1539.20892304674,,7.934965405129269
LBR,Liberia,2022,-1.0479173,-0.2807974,-0.858746399999999,27.29,32.0638885570006,0.274673226516174,1691.5727572185108,,10.267997840320067
LBR,Liberia,2023,-1.01213,-0.174047999999999,-0.8997457,31.54,,,1794.533408633621,,0.6437185964982839
LBR,Liberia,2024,-1.0473848,-0.228549,-0.868004,,,,1871.0440616426235,,
LBR,Liberia,2025,,,,,,,,,
LBY,Libya,2020,-1.5214215,-2.2231779,-1.6334673,251.83,164.987107188677,4.71229521564357,10954.79904526496,,
LBY,Libya,2021,-1.5502152,-2.2069296,-1.56279409999999,458.51,195.117849246865,4.65300430613124,12641.509771407456,,
LBY,Libya,2022,-1.5332986,-2.00397249999999,-1.7431898,407.68,192.97309381967,4.51840823499527,12266.38968047156,,
LBY,Libya,2023,-1.5426693,-2.0418754,-1.66847289999999,443.08,,,13847.079219004503,,
LBY,Libya,2024,-1.5315957,-1.8964767,-1.6980126,,,,14303.808773698796,,
LBY,Libya,2025,,,,,,,,,
LCA,St. Lucia,2020,0.37834,0.8698532,0.5946847,3.09,81.8687237026648,19.9725105189341,14912.159584235043,16.8199691772461,9.332240174629582
LCA,St. Lucia,2021,0.370132,0.868144,0.6252576,3.84,96.2374385229832,10.675434960397,19101.16529566755,,
LCA,St. Lucia,2022,0.3713679,1.0438207,0.5318302,4.19,98.6676436534083,13.571912004072,24599.37330010672,16.1808795928955,
LCA,St. Lucia,2023,0.3771938,1.044299,0.5120691,2.54,,,25974.50929252631,15.0396404266357,
LCA,St. Lucia,2024,0.4492828,1.0382485,0.5032686,,,,27567.328077983904,,
LCA,St. Lucia,2025,,,,,,,,,
LIE,Liechtenstein,2020,2.0208673,1.6427344,1.6347175,37.06,126.104676657982,46.5602187427451,,42.5986099243164,
LIE,Liechtenstein,2021,1.7554608,1.5846135,1.6323677,43.26,126.070587030017,47.5207458252228,,46.0189590454102,
LIE,Liechtenstein,2022,1.7550868,1.5871411,1.7279582,44.58,126.306686674975,48.9304880840349,,,
LIE,Liechtenstein,2023,1.7538023,1.5875521,1.7276012,51.21,127.059447446841,49.4065356836204,,,
LIE,Liechtenstein,2024,1.7550399,1.5823538,1.7275435,,128.901429646351,50.0050163029847,,,
LIE,Liechtenstein,2025,,,,,,,,,
LKA,Sri Lanka,2020,-0.2760375,-0.1154138,-0.1909487,1789.35,131.773421339878,7.8962203692284,12940.904329574932,20.1614879343022,1.2563928064125354
LKA,Sri Lanka,2021,-0.3367364,-0.510938,-0.2315397,2410.12,135.522602889503,10.5401488574725,14316.135222568291,20.7824292013914,1.0451912960950598
LKA,Sri Lanka,2022,-0.3533578,-0.7621199,-0.3299184,2498.12,151.72675762805,9.63609972688813,14193.654621744592,22.3679922774735,1.0863745770213964
LKA,Sri Lanka,2023,-0.3868314,-0.670013,-0.31553,2321.86,142.277402587724,8.76545173115153,14455.654441473378,20.7412633848006,1.417238452577579
LKA,Sri Lanka,2024,-0.384770899999999,-0.350302399999999,-0.2577461,,132.548743018664,8.4682688580745,15632.592484984809,,1.5379397154043717
LKA,Sri Lanka,2025,,,,,,,,,
LSO,Lesotho,2020,-0.009674,-0.1451933,-0.369226499999999,34.73,69.8944012395073,0.226324591508713,2559.0977607784566,,0.0339450853606886
LSO,Lesotho,2021,-0.1543581,-0.1334002,-0.401743299999999,42.41,80.5368195682415,0.353652507890634,2544.7824955121414,,0.0697267831899667
LSO,Lesotho,2022,-0.1463735,-0.128161,-0.4650393,47.35,68.1001351640997,0.39753117741491,2761.3110500221565,,0.0925726266687245
LSO,Lesotho,2023,-0.3006103,-0.1357263,-0.442253499999999,60.18,69.3513051423509,0.383738154734299,2880.9662961569247,,0.0742607412455622
LSO,Lesotho,2024,-0.302427,-0.2588663,-0.406586499999999,,70.328049309004,0.379434958926989,3001.163119513338,,0.0895832496967831
LSO,Lesotho,2025,,,,,,,,,
LTU,Lithuania,2020,0.8813828,1.1506312,1.1400782,2594.05,131.341332336588,28.4988545174577,41262.72769417246,73.5892868041992,12.009566093371133
LTU,Lithuania,2021,0.9249581,1.0111257,1.2107283,2694.9,133.357273318046,28.712701575387,45873.52732394857,75.0314712524414,11.508956927431983
LTU,Lithuania,2022,0.855068,0.963939,1.228331,2698.05,135.834150715729,28.4400438919259,50936.00495474423,76.9154586791992,12.99639413336345
LTU,Lithuania,2023,0.8884764,0.9517926,1.3288838,2673.09,137.203719983084,27.9638162516437,52348.2468215268,77.0064163208008,14.402895995336069
LTU,Lithuania,2024,0.9927892,0.9394441,1.3742358,,138.728835196967,27.8460080234758,55285.899193430414,75.6177368164062,17.324550664098464
LTU,Lithuania,2025,,,,,,,,,
LUX,Luxembourg,2020,2.2067723,1.2105167,1.796841,962.87,132.908973559976,37.2960860898482,122066.73914720172,19.961389541626,5.61923854995663
LUX,Luxembourg,2021,1.9638476,1.1450494,1.7333366,1048.94,136.87108956478,38.0399641403524,136772.44375329223,20.7341499328613,6.075202068215098
LUX,Luxembourg,2022,1.9674109,1.0244114,1.7477473,1158.62,139.651285065505,38.3269581349215,146919.14539849444,21.032600402832,5.990460389365796
LUX,Luxembourg,2023,2.0124074,1.0156548,1.7286548,1175.75,144.474949556306,38.3793065082138,150508.2188868879,21.5371704101562,5.979250210643996
LUX,Luxembourg,2024,2.0157595,1.0730532,1.7617682,,,40.3174570156723,155941.28821079066,22.4103698730469,5.073612031921197
LUX,Luxembourg,2025,,,,,,,,,
LVA,Latvia,2020,0.7605048,0.726286,0.9229434,1506.0,107.902487108935,25.804169430384,32741.420769198656,94.5108337402344,20.03360009569137
LVA,Latvia,2021,0.8423495,0.8069842,0.9839815,1786.29,114.644670333429,25.9761549056076,36912.013060216064,93.4839324951172,16.980371363084238
LVA,Latvia,2022,0.8238921,0.7798656,1.0087817,1655.62,115.202627450543,25.989241189689,40558.749584112185,91.3303680419922,17.550589370940063
LVA,Latvia,2023,0.7759204,0.8394628,1.0727082,1736.07,119.909944560018,25.9948491178264,42576.40607994567,85.7360610961914,18.554389354562986
LVA,Latvia,2024,0.8251336,0.6201402,1.0913835,,121.262202363304,25.7542854181725,43394.27328223139,82.917350769043,17.490191481288235
LVA,Latvia,2025,,,,,,,,,
MAC,"Macao SAR, China",2020,0.5748942,1.0596983,0.8569176,,237.343774476003,30.4508928113933,57077.532570509895,86.7956730769231,0.0
MAC,"Macao SAR, China",2021,0.5738053,0.9688675,0.7814373,,183.574788091048,29.6158421202704,73374.44868295889,98.9696202531646,0.0
MAC,"Macao SAR, China",2022,0.5734313,0.9728177,0.7797993,,172.244717160072,29.6066193799726,64193.529404861845,116.232189973615,0.0
MAC,"Macao SAR, China",2023,0.5721468,0.9734599,0.7793536,,192.478344669931,29.6759264447159,116328.54060013406,129.151041666667,0.0
MAC,"Macao SAR, China",2024,0.5733844,1.053872,0.8520978,,201.136947388589,29.8553859567768,126959.91713890588,141.864795918367,0.0
MAC,"Macao SAR, China",2025,,,,,,,,,
MAF,St. Martin (French part),2020,,,,,,,,,
MAF,St. Martin (French part),2021,,,,,,,,,
MAF,St. Martin (French part),2022,,,,,,,,,
MAF,St. Martin (French part),2023,,,,,,,,,
MAF,St. Martin (French part),2024,,,,,,,,,
MAF,St. Martin (French part),2025,,,,,,,,,
MAR,Morocco,2020,-0.408551999999999,-0.409449199999999,-0.314662899999999,6175.71,135.088404811169,5.74683480916137,7704.84912109375,39.6858047574445,4.389071145247438
MAR,Morocco,2021,-0.4783966,-0.4686437,-0.4447944,6993.78,138.911268095998,6.14617858388986,8623.265625,42.531967383806,4.3012763601155495
MAR,Morocco,2022,-0.4879114,-0.492008,-0.4491939,7952.97,141.870002419562,6.47150166958379,9310.0322265625,45.9400219155138,4.498382084083878
MAR,Morocco,2023,-0.5521901,-0.534977199999999,-0.3934002,9724.77,148.155101338402,7.02184328513844,9894.650390625,47.4687039298036,5.430705672611437
MAR,Morocco,2024,-0.5186913,-0.4408003,-0.3678036,,153.057260079672,7.30282126551091,10415.1240234375,48.1839617510572,
MAR,Morocco,2025,,,,,,,,,
MCO,Monaco,2020,1.1797991,1.2062355,1.379704,47.12,93.2588699080158,54.8672798948752,,,
MCO,Monaco,2021,1.1772281,1.2044193,1.3737068,51.23,97.1422638668985,54.9173307031433,,,
MCO,Monaco,2022,1.1763452,1.3786309,1.3462901,57.39,100.061647530246,55.2284811589736,,,
MCO,Monaco,2023,1.1733125,1.3791391,1.3454922,37.23,104.060991888284,55.8835609405483,,,
MCO,Monaco,2024,1.8002811,1.2387076,1.3453634,,107.400792109963,55.6780823690818,,77.4806900024414,
MCO,Monaco,2025,,,,,,,,,
MDA,Moldova,2020,-0.7308378,-0.149089399999999,-0.377801599999999,322.17,111.444672775453,23.4268592640718,13527.441313096731,56.2498196612517,2.239086428579282
MDA,Moldova,2021,-0.550342,-0.0451684,-0.2519381,334.96,128.983642317657,25.2112754309344,15682.070328465348,61.3014036981023,2.236947406737116
MDA,Moldova,2022,-0.421512599999999,-0.2465629,-0.1948034,328.4,137.182551887592,26.317794331222,16452.96211919997,68.0572346521372,2.1401803935369017
MDA,Moldova,2023,-0.266050299999999,-0.2678685,-0.1938657,335.06,129.546081439289,27.3086365814931,17746.94055386838,71.1679028753075,2.617084405382722
MDA,Moldova,2024,-0.2915803,-0.3449915,-0.161332199999999,,120.083487069521,29.6324400873685,18614.98806912032,74.7109378669046,2.92514721596985
MDA,Moldova,2025,,,,,,,,,
MDG,Madagascar,2020,-0.8463989,-0.574674,-0.858634599999999,177.29,54.8084663590199,0.110521830202826,1490.3231283786608,5.17336117275841,0.539322061058942
MDG,Madagascar,2021,-0.9473613,-0.4612648,-0.893154,176.01,53.9177233784298,0.104182794544746,1577.432460565288,5.3135678666922,0.4059914364785988
MDG,Madagascar,2022,-0.9659728,-0.525026099999999,-0.9669241,161.19,64.7494924066919,0.10748996107107,1716.9788487379749,5.87562673022926,0.3486249845942597
MDG,Madagascar,2023,-0.9853603,-0.840940199999999,-0.955411599999999,153.44,75.4562966735535,0.124487385085979,1808.447790385791,6.1466638463036,0.4780600540770764
MDG,Madagascar,2024,-1.00991649999999,-0.4805584,-0.8827065,,,,1883.5374311383985,,0.9588351721792168
MDG,Madagascar,2025,,,,,,,,,
MDV,Maldives,2020,-0.1711344,0.2036825,-0.3114817,21.13,142.936122584731,12.6832736528067,13425.367445960112,27.0805812417437,1.7329312783858235
MDV,Maldives,2021,-0.1632074,0.4430279,-0.1352825,22.11,136.789214071769,14.8246453577808,19052.622490431066,23.794640430505,2.0112518938114587
MDV,Maldives,2022,-0.265023299999999,0.2721525,0.1059573,31.4,136.458655310185,17.3997244832152,22880.51231514193,48.4968654322788,4.096414731302233
MDV,Maldives,2023,-0.2664677,0.0832571999999999,0.096589,31.74,141.601234995076,18.6292999539919,24786.203212345084,,0.1895050573795499
MDV,Maldives,2024,-0.335953799999999,-0.0544563,0.0443492,,148.137074909198,19.6489572735075,26182.783157091664,,0.0022705678515537
MDV,Maldives,2025,,,,,,,,,
MEX,Mexico,2020,-0.853792,-0.7772933,-0.986665199999999,19332.61,96.9237451881936,17.7520559419946,19354.12487062439,45.1654510498047,21.50742497453768
MEX,Mexico,2021,-0.8733867,-0.736204699999999,-1.0248188,20345.96,99.09481491263,19.2796725887476,20782.58774175454,45.6506195068359,19.811340639837663
MEX,Mexico,2022,-0.8757541,-0.5890439,-1.0822517,19740.68,105.720624125765,20.6070256426489,23135.49316012762,46.4061317443848,20.53436922578491
MEX,Mexico,2023,-0.9321625,-0.5984727,-1.0777054,18981.87,111.735420288549,20.752917384408,25243.1644887582,47.474681854248,17.99387858126017
MEX,Mexico,2024,-0.9408772,-0.7154541,-1.15386449999999,,116.486713265167,21.7367225364543,26185.35647132528,48.203441619873,19.3037596613987
MEX,Mexico,2025,,,,,,,,,
MHL,Marshall Islands,2020,-0.0245517,1.0394581,0.7858463,1.79,37.4654615276542,2.34159134547839,6136.971197021311,,
MHL,Marshall Islands,2021,-0.0263173999999999,1.004613,0.7827543,2.9,38.6781734232601,2.27717746029444,6767.957855105285,,
MHL,Marshall Islands,2022,-0.0269237999999999,1.2819745,0.836255,2.17,39.7060658232902,2.35047533498016,7431.427578954963,41.3350449293967,
MHL,Marshall Islands,2023,-0.0290067,1.2823827,0.8357983,0.92,,,7548.732537479442,,
MHL,Marshall Islands,2024,0.3907327,1.2772187,0.8357246,,,,8194.63854758403,37.6853055916775,
MHL,Marshall Islands,2025,,,,,,,,,
MKD,North Macedonia,2020,-0.456976999999999,0.0891281999999999,-0.1729781,420.13,99.4723867063031,25.4041233643961,19962.14824682756,43.782169342041,4.181055430361338
MKD,North Macedonia,2021,-0.3856405,0.0908151,-0.117091,425.21,104.875134243923,26.9448892231031,22144.28425714312,44.3020210266113,4.0331959439009
MKD,North Macedonia,2022,-0.332673,0.3218511,-0.1802257,534.99,111.303079555687,28.0035734605346,24212.281888533133,53.1601181030273,4.014984905959554
MKD,North Macedonia,2023,-0.3541776,0.2173102,-0.2738806,498.97,106.458776658176,29.1771708951077,25354.10350576199,55.0082015991211,5.22971063617991
MKD,North Macedonia,2024,-0.3292214,0.1558087,-0.224929699999999,,108.38712260883,29.8921727758887,26995.429256349747,,6.3599119716616
MKD,North Macedonia,2025,,,,,,,,,
MLI,Mali,2020,-0.7753949,-2.0594968,-0.8335984,120.05,116.587405376001,1.12281404354348,2723.7009478444147,,2.205446160428263
MLI,Mali,2021,-0.896400299999999,-2.3319481,-0.882688199999999,137.47,108.693122357196,0.648338018002888,2796.227937954328,,13.885397758683316
MLI,Mali,2022,-0.8528176,-2.4680844,-1.0213887,145.1,112.119852778009,0.774220028570636,3014.4210732687966,,10.25786682849866
MLI,Mali,2023,-0.849355899999999,-2.5578431,-1.0366418,116.65,,,3174.629602763957,,5.360654760795296
MLI,Mali,2024,-0.9808589,-2.49096199999999,-1.0943496,,,,3314.773322319592,,
MLI,Mali,2025,,,,,,,,,
MLT,Malta,2020,0.611326,0.9914658,0.9438011,507.89,122.175694268893,41.1094408219109,49971.878401021575,61.4767112731934,35.33777512851374
MLT,Malta,2021,0.4667226,0.9318346,0.8666429,519.44,123.941408455002,42.1830899964911,56852.32185122669,70.2313537597656,30.73555909823162
MLT,Malta,2022,0.4469911,0.9316852,0.8543614,593.4,132.861156549134,43.4449972737186,60588.889059179375,74.5901336669922,38.96158518861868
MLT,Malta,2023,0.3219728,0.9382841,0.7940278,497.77,140.59359496844,44.282454836797,67057.21843298913,80.5250091552734,43.269279320947874
MLT,Malta,2024,0.2667936,0.8049169,0.72718,,142.070062100751,44.5068355303026,69863.74613134567,,45.17916708913696
MLT,Malta,2025,,,,,,,,,
MMR,Myanmar,2020,-0.6277817,-1.5318775,-1.1631619,380.95,148.158208114821,1.29924592186564,5740.990458439917,,3.172524937959441
MMR,Myanmar,2021,-0.9391159,-2.09394989999999,-1.5648147,273.07,127.240645128106,1.67276170937317,5178.447182171636,,5.069368433603247
MMR,Myanmar,2022,-1.136637,-2.2412758,-1.65875779999999,163.72,107.535089476237,2.09694638185872,5731.937878724586,,2.6145783956440805
MMR,Myanmar,2023,-1.11163979999999,-2.2086828,-1.7242442,233.94,121.027626770248,2.79829802446154,5953.357351659129,,2.946314142416057
MMR,Myanmar,2024,-1.2527062,-2.0903985,-1.811602,,114.329042129489,2.86965759378273,5997.465163237152,,5.1999199979097686
MMR,Myanmar,2025,,,,,,,,,
MNE,Montenegro,2020,-0.0359882,0.0295754,0.1134367,285.07,177.66521091893,30.2953440746132,20624.783807930307,58.0944709777832,7.607950936974066
MNE,Montenegro,2021,0.0383454,-0.0332398999999999,0.0178112,283.61,185.488473149833,31.180870777725,23690.07735130564,57.9613914489746,9.444483875061833
MNE,Montenegro,2022,-0.0127453999999999,0.0236518,-0.0546103999999999,266.88,207.278149444886,31.8922375082974,28049.6156106324,57.4317893981934,8.210195069707302
MNE,Montenegro,2023,-0.0680776999999999,0.262079,0.1276478,254.67,207.237922064803,32.0155251660479,31862.77157780415,55.1743011474609,7.995201603123919
MNE,Montenegro,2024,-0.0594344,0.3318563,0.1813833,,221.687322527444,32.305369479654,34062.75776727055,,14.462266281372935
MNE,Montenegro,2025,,,,,,,,,
MNG,Mongolia,2020,-0.6207183,0.7498288,-0.1742243,215.39,132.610273840436,9.3475568899214,13693.179806942995,66.2557467107749,2.966199298481359
MNG,Mongolia,2021,-0.6644684,0.7338327,-0.1731689,274.29,140.352142155192,11.3929982387502,14792.250908642214,67.4261046440448,22.02069998665383
MNG,Mongolia,2022,-0.662165,0.6315013,-0.1500746,258.96,142.808581769425,12.9008288504333,16401.989475153066,67.6998728025335,30.81416908973588
MNG,Mongolia,2023,-0.6187813,0.6432601,-0.1575492,276.87,141.08481753135,14.5529107220073,18004.85120583547,67.941399950927,22.536554566993505
MNG,Mongolia,2024,-0.4859579,0.4203821,-0.09977,,140.670025377351,15.7837343261767,19144.72613684978,69.044059753418,
MNG,Mongolia,2025,,,,,,,,,
MNP,Northern Mariana Islands,2020,,,,,,,,,
MNP,Northern Mariana Islands,2021,,,,,,,,,
MNP,Northern Mariana Islands,2022,,,,,,,,,
MNP,Northern Mariana Islands,2023,,,,,,,,,
MNP,Northern Mariana Islands,2024,,,,,,,,,
MNP,Northern Mariana Islands,2025,,,,,,,,,
MOZ,Mozambique,2020,-0.7627176,-1.34575129999999,-1.0406476,171.85,50.2318825476662,0.227393157051228,1411.6204022991124,,0.8443133812958905
MOZ,Mozambique,2021,-0.809070699999999,-1.2675269,-1.0487663,219.18,43.1636190464176,0.206558007808804,1457.2354093092151,,1.5990396278462573
MOZ,Mozambique,2022,-0.9013357,-1.3208653,-1.0728381,196.72,45.8178199662019,0.197784521833894,1581.9441944262007,,3.1796241811662123
MOZ,Mozambique,2023,-0.904286399999999,-1.41840379999999,-1.1016921,204.82,47.5003032540948,0.149001818335337,1678.391182436808,,2.7424455781527737
MOZ,Mozambique,2024,-1.0618104,-1.7581974,-1.1949508,,49.5047696961223,0.141999688956087,1705.37919520416,,3.630264842079899
MOZ,Mozambique,2025,,,,,,,,,
MRT,Mauritania,2020,-0.7915263,-0.6263455,-0.7061772,24.92,126.277034284458,0.401227704167555,5740.73959690129,5.97194330025359,2.0484486050434305
MRT,Mauritania,2021,-0.879153,-0.5222228,-0.8740834,36.92,137.540323142707,0.405903092669414,5836.565808218969,,5.076981808043832
MRT,Mauritania,2022,-0.8477941,-0.2992865,-0.8487425,25.95,109.883898247552,0.415227794850191,6484.827921326307,,3.979493382012026
MRT,Mauritania,2023,-0.7965253,-0.504269499999999,-0.8540015,46.84,90.7724948884417,0.59041012129361,6965.909535747145,,2.350646234497596
MRT,Mauritania,2024,-0.933744999999999,-0.5595872,-0.863509899999999,,92.0748946443443,0.946513083252489,7368.752752902138,,9.448340812384249
MRT,Mauritania,2025,,,,,,,,,
MUS,Mauritius,2020,0.3426669,0.928832,0.9547352,192.64,149.06995900167,25.1865809761826,21621.597122515755,42.5378418595105,2.305358037196932
MUS,Mauritius,2021,0.416008,0.9264413,0.7212842,208.35,154.053185977432,25.7028828022003,23010.201382690524,43.9577226373808,0.3862043609499416
MUS,Mauritius,2022,0.3948817,0.8607357,0.6838381,247.88,164.309278835228,26.1963906498554,26874.489992759285,44.2026816403629,2.067079625286801
MUS,Mauritius,2023,0.3417899,0.8348296,0.6633408,205.31,165.257524411348,26.9082309192612,29560.71372300788,43.3386887794765,1.014538900784168
MUS,Mauritius,2024,0.3404819,0.7903521,0.638614,,172.68356921857,27.9742504733832,31839.7597535524,45.7771156388358,1.217035386472606
MUS,Mauritius,2025,,,,,,,,,
MWI,Malawi,2020,-0.4785598,-0.0766165999999999,-0.262679899999999,285.91,51.2170439392301,0.0627371263723842,1513.4599080334444,2.40217380732134,2.798141542902632
MWI,Malawi,2021,-0.4316195,-0.102843499999999,-0.2454536,374.94,59.5599408158462,0.0670814931398598,1687.593581796507,2.39798041885226,6.073562308628742
MWI,Malawi,2022,-0.6548107,-0.166924,-0.215452999999999,357.99,59.6495709408963,0.0724060330808983,1778.3058214600076,2.70813684546823,2.3076953930761377
MWI,Malawi,2023,-0.627533999999999,-0.242439899999999,-0.1343556,377.51,61.0866071008045,0.079556560544817,1830.4646128744223,,5.310565941059038
MWI,Malawi,2024,-0.6486607,-0.3802084,-0.1463001,,69.260530662121,0.0863853749149284,1857.6175695030456,,1.6455279444866182
MWI,Malawi,2025,,,,,,,,,
MYS,Malaysia,2020,0.420523,0.1400704,0.3499706,18858.11,129.017911652905,9.91101742902637,27474.736137823624,39.7445667367633,53.812873663165576
MYS,Malaysia,2021,0.3015023,0.196108,0.3016338,22347.89,137.684938559871,10.8921782282506,29822.84918316184,38.1899993008367,51.678683637951394
MYS,Malaysia,2022,0.3710292,0.2483001,0.2952941,23520.32,138.208441079076,12.1753566089982,34419.86849756656,36.9853099297291,58.28182440314864
MYS,Malaysia,2023,0.380697,0.2281849,0.3016843,23690.94,142.7320920639,13.0287000355119,36466.89149383334,37.2745812491757,59.41550744217887
MYS,Malaysia,2024,0.4983973,0.3847799,0.3451357,,139.664651283564,13.5464432669708,38779.28304422528,38.5013945445142,58.6276748543331
MYS,Malaysia,2025,,,,,,,,,
NAM,Namibia,2020,0.3917523,0.5126308,0.2186834,208.52,106.206587456143,2.88695019939445,9354.13136713077,25.9870484145026,0.0232766057778037
NAM,Namibia,2021,0.3260821,0.5136089,0.2859049,233.51,103.727351391971,3.1781346555903,9709.099306467706,26.6057345682932,0.0666275179134237
NAM,Namibia,2022,0.3167748,0.3736395,0.3187607,213.89,100.557816104444,3.29190749644768,10662.701706411855,26.1092654658031,0.0563656557154241
NAM,Namibia,2023,0.1649292,0.4150583,0.3088084,231.33,87.6760954339972,3.52006938690795,11251.237031381876,,0.0809713952530879
NAM,Namibia,2024,0.1265202,0.5467327,0.3278567,,85.1648988113055,2.83462992194067,11686.602066188076,,0.1172880805763725
NAM,Namibia,2025,,,,,,,,,
NCL,New Caledonia,2020,,1.0443731,1.0460544,,91.4925961376049,19.3542030291087,,,
NCL,New Caledonia,2021,0.1313142,1.1123709,1.1043988,,91.1596204954876,19.2837658740455,,,
NCL,New Caledonia,2022,0.1269261,1.1152109,1.0881945,,91.6763895612682,19.372882005273,,,
NCL,New Caledonia,2023,0.1118532,1.1167211,1.0855574,,,,,,
NCL,New Caledonia,2024,0.1263751,1.0976197,1.0851316,,,,,,
NCL,New Caledonia,2025,,,,,,,,,
NER,Niger,2020,-0.529990899999999,-1.502479,-0.5192429,87.38,60.0355524816093,0.0505953107507067,1496.8335002302204,,12.24092675222296
NER,Niger,2021,-0.5632509,-1.4793091,-0.598975199999999,65.74,61.5063092448251,,1585.5992202118823,,32.36995874764103
NER,Niger,2022,-0.5631731,-1.299076,-0.665473,94.17,63.3770548032743,,1839.969096759033,,13.870814780016287
NER,Niger,2023,-0.517433,-1.65337929999999,-0.804084799999999,90.18,65.735032215569,0.107619048674827,1875.153067706276,,8.96675024256666
NER,Niger,2024,-0.6169138,-1.7634214,-0.9457241,,60.5939862118112,0.111273829357144,2049.933052510188,,8.617663092102479
NER,Niger,2025,,,,,,,,,
NGA,Nigeria,2020,-1.1178348,-2.0090379,-0.8413031,8324.39,95.4356648074949,0.0305206381229766,7414.774955404803,,6.944123095735878
NGA,Nigeria,2021,-1.1909306,-2.0135756,-0.926327599999999,9263.7,89.2915858426408,0.0301639204550369,7588.47885596359,,6.487965049125805
NGA,Nigeria,2022,-1.225087,-1.9526169,-0.9998212,9649.09,99.5852151989567,0.0433814077089791,8304.958105035297,,2.3848830290138348
NGA,Nigeria,2023,-1.098731,-1.9559706,-0.934848799999999,9799.39,98.4772822731425,0.051283785190682,8705.434266935388,,3.530423702949878
NGA,Nigeria,2024,-1.1145909,-2.0025617,-1.0069453,,70.7619057835431,0.0787379280608494,9086.875506096269,,2.711671864355792
NGA,Nigeria,2025,,,,,,,,,
NIC,Nicaragua,2020,-1.1373893,-0.5232726,-1.3373983,38.33,90.8140674248283,4.42253148272568,6274.094567413876,,0.5379568049752341
NIC,Nicaragua,2021,-1.237514,-0.4075357,-1.474372,42.73,93.8165084237294,4.51379519532816,7119.169233600418,,1.217988202251335
NIC,Nicaragua,2022,-1.2447097,-0.168460299999999,-1.49475349999999,43.07,104.278484676229,5.00781944815467,7796.693620341443,,1.2553932131571877
NIC,Nicaragua,2023,-1.25988029999999,-0.0652355999999999,-1.5960126,40.65,105.843136180202,5.43030503048751,8319.97944140996,30.3635101318359,0.8046531571411112
NIC,Nicaragua,2024,-1.4326926,-0.0694255,-1.6197013,,105.961143065351,5.77624223916809,8708.799830516262,,0.5964522273713546
NIC,Nicaragua,2025,,,,,,,,,
NLD,Netherlands,2020,2.0646075,0.7092891,1.8319749,32236.56,121.422728509042,42.6667277513049,62596.630202752414,85.3370819091797,23.16397608538036
NLD,Netherlands,2021,2.0280226,0.732977,1.7767646,34144.24,123.447849713072,42.9460563127039,68573.56487864463,89.3898620605469,22.002321190827328
NLD,Netherlands,2022,1.9175777,0.6252296,1.7289109,32878.0,115.8205562749,43.5643185557355,78630.35990720983,,21.957838012434244
NLD,Netherlands,2023,1.8837073,0.6084395,1.7174805,32207.08,125.272736960305,43.2644444744139,81728.69046292681,86.5938262939453,24.510646527493627
NLD,Netherlands,2024,1.9100133,0.4281196,1.7069218,,128.538765867661,42.9782483069868,86173.62908417381,,23.46800527637449
NLD,Netherlands,2025,,,,,,,,,
NOR,Norway,2020,2.0836375,1.2049763,2.0591873,13284.78,108.296844518424,44.3863056613216,67110.60457055019,87.1685333251953,22.068884292682565
NOR,Norway,2021,2.070812,1.0721678,2.0582629,13802.78,109.585637519783,44.9392216218255,88984.1386736515,93.9243011474609,20.586371589954304
NOR,Norway,2022,2.0332101,0.9197731,1.9409153,13494.16,111.657196221742,45.6644653158508,125489.54893560216,97.6419830322266,23.884946045033782
NOR,Norway,2023,2.0745237,0.9361906,1.9859646,13756.15,109.654228618195,45.4377082628592,103637.51684367847,95.0573806762695,25.67461437749992
NOR,Norway,2024,1.9610085,0.9032646,1.9494549,,109.348606513576,45.1633056345554,102037.52680023712,95.4987564086914,25.41393593841716
NOR,Norway,2025,,,,,,,,,
NPL,Nepal,2020,-0.701156999999999,-0.250305599999999,-0.3725321,1344.57,131.921020414772,4.38436385331589,4235.574623269048,14.2002391888535,2.448800143855544
NPL,Nepal,2021,-0.624520499999999,-0.2520173,-0.3560122,1627.26,129.645418271275,4.30873475530627,4546.229700062892,15.243139284484,1.247831570758662
NPL,Nepal,2022,-0.652050399999999,-0.3755496,-0.3340683,1647.0,121.1144874334,8.51809813593178,5102.992311329473,14.8435874359729,0.6175207044758716
NPL,Nepal,2023,-0.629219899999999,-0.312959,-0.3365421,1590.74,117.759577544938,10.6751345547041,5395.208200775129,19.0357612047581,
NPL,Nepal,2024,-0.632602,-0.414613399999999,-0.303653399999999,,99.8471420273964,10.0656152054494,5736.621343327036,21.2915596292014,
NPL,Nepal,2025,,,,,,,,,
NRU,Nauru,2020,0.449309,0.7590998,0.214808,0.9,85.8885167053165,,10810.946100240097,,
NRU,Nauru,2021,0.4468112,0.7572142,0.2100341,0.0,85.404389785635,,12112.235838422816,,
NRU,Nauru,2022,0.4459534,0.9276426,0.3476922,0.27,87.1705787645115,9.95678332344717,13245.109456261936,,
NRU,Nauru,2023,0.443007,1.0356891,0.3470294,0.13,,,13731.57047450158,,
NRU,Nauru,2024,0.5049337,1.1047052,0.2518105,,,,14173.00810431538,,
NRU,Nauru,2025,,,,,,,,,
NZL,New Zealand,2020,2.154305,1.4605501,1.7666346,8679.94,123.000574962598,34.8130286721914,45513.312376834336,75.7348327636719,9.608749742179509
NZL,New Zealand,2021,2.1244607,1.3569818,1.7303956,8960.04,114.454714130458,35.262820014578,48248.71767298924,79.4128875732422,9.761107814301456
NZL,New Zealand,2022,2.0822927,1.2327589,1.7220184,8700.7,115.984187800849,36.3044927893768,54033.91301256506,77.0104675292969,12.054341542288812
NZL,New Zealand,2023,2.0156067,1.2849613,1.7075544,8096.23,126.854978584281,37.8530848455277,54697.382252318,76.3811416625977,12.649485735640065
NZL,New Zealand,2024,1.9285412,1.1506563,1.6674536,,130.093457083544,38.048298946057,55551.14365863703,77.2406463623047,12.967075044943453
NZL,New Zealand,2025,,,,,,,,,
OMN,Oman,2020,0.0239194,0.468834,0.2562542,1039.96,140.378600753095,11.3829602598706,35163.32817814155,48.3754397440909,8.495604879111701
OMN,Oman,2021,0.0233919,0.3902352,0.2255117,1320.34,135.076972756826,11.5852955507366,38719.45876820488,43.8433613964625,6.610686846504331
OMN,Oman,2022,0.0212395,0.4399615,0.3524322,1487.22,136.800571561762,10.8833264083829,42616.33489558685,,7.619869533224779
OMN,Oman,2023,0.227724,0.5521576,0.3443083,1640.31,122.291457994634,10.8793321668994,41945.02556408825,,5.005393460961461
OMN,Oman,2024,0.5072492,0.6272361,0.4493583,,120.61105087402,11.0647690464367,41740.16585300117,42.226921081543,
OMN,Oman,2025,,,,,,,,,
PAK,Pakistan,2020,-0.9370003,-1.5881564,-0.812966099999999,16903.42,74.7332166629945,1.03954036154268,5048.021306296299,11.7245978752314,1.8878124960338265
PAK,Pakistan,2021,-0.906181199999999,-1.6496402,-0.8231206,19703.26,78.8012296805749,1.23144065449307,5367.273647147621,12.3810012807012,1.4884882360675116
PAK,Pakistan,2022,-0.9459689,-1.7555938,-0.9108794,20954.92,79.1050539061512,1.28371909626329,5920.274306541074,10.5057175294292,1.4322563541997966
PAK,Pakistan,2023,-1.0461855,-1.9403838,-1.0042887,20519.11,76.5397606213172,1.35622425766449,6013.9896363860025,10.4770304814137,1.9028093899842704
PAK,Pakistan,2024,-1.0656237,-2.0634311,-1.017096,,76.8544559649986,1.46559368502535,6252.115431995586,10.8564126844434,2.4381524801580827
PAK,Pakistan,2025,,,,,,,,,
PAN,Panama,2020,-0.5190072,0.3368353,-0.2397538,249.53,142.283080390407,13.8346818420776,27017.003379090605,44.9372948646286,0.7436624856538381
PAN,Panama,2021,-0.5235702,0.3538332,-0.230409999999999,282.05,147.899862038176,14.8381106018887,30932.76278091445,52.7147829654218,0.2600622267048286
PAN,Panama,2022,-0.562926599999999,0.428471,-0.214656799999999,370.87,152.062171804817,16.3861439797054,36333.12691843586,57.8162831217614,0.2336245483884281
PAN,Panama,2023,-0.566951499999999,0.3693808,-0.227944099999999,282.01,156.586507591014,18.1341265585334,39813.385793997215,53.6949637061742,1.0004916401567496
PAN,Panama,2024,-0.5541186,0.264681,-0.2634275,,,,41369.42254149896,,1.7673082163248952
PAN,Panama,2025,,,,,,,,,
PER,Peru,2020,-0.4980887,-0.2963963,-0.4320888,3064.15,119.854099046125,8.41186520281526,12563.303806089298,,4.794833903401191
PER,Peru,2021,-0.509709,-0.334168099999999,-0.5208197,4073.17,129.993736857913,9.05771410333768,15280.551210648637,,4.461645050021671
PER,Peru,2022,-0.641561199999999,-0.6566212,-0.487251699999999,4643.53,124.119322949561,9.45023631953673,16669.156148676902,,4.589466164395387
PER,Peru,2023,-0.6654876,-0.7239502,-0.4787644,5241.67,121.975084691173,10.4364266723222,17011.227802882473,,5.015720128215253
PER,Peru,2024,-0.7203896,-0.6544223,-0.5057749,,124.623544414599,11.6788671222106,17802.418249897237,,5.213723775964142
PER,Peru,2025,,,,,,,,,
PHL,Philippines,2020,-0.5392618,-0.9415427,-0.6331335,3137.34,133.45620905917,7.08108894988907,8238.368020374568,31.6317598507085,67.04509158506893
PHL,Philippines,2021,-0.5743865,-1.0935816,-0.6736731,3948.12,144.424289981649,8.50897715713263,8857.789951155139,33.6166173848126,64.22540833461062
PHL,Philippines,2022,-0.5774689,-0.899042399999999,-0.6321996,4283.9,147.428926406785,7.63946525096298,10131.34636979404,38.4011392706768,66.61109219637783
PHL,Philippines,2023,-0.5690313,-0.709066,-0.601158699999999,4752.21,117.275521687262,6.5393085505183,10985.829262750516,44.2394203278519,63.977928897569015
PHL,Philippines,2024,-0.5766165,-0.7741477,-0.5739681,,115.298749599352,7.13893301204977,11794.137548849178,47.4134996154186,60.97530702587497
PHL,Philippines,2025,,,,,,,,,
PLW,Palau,2020,0.449309,1.1429587,1.1608966,7.22,134.892086330935,,17389.724615316598,,
PLW,Palau,2021,0.4468112,1.1404301,1.1551047,5.61,134.960355395603,,15780.550115886552,,
PLW,Palau,2022,0.4459534,1.2446282,1.171936,6.35,135.142744523903,6.993637029112,17184.54152519551,51.5274949083503,
PLW,Palau,2023,0.443007,1.2451365,1.17116,5.04,135.386698256896,7.33344615558188,18230.269862741385,41.130604288499,
PLW,Palau,2024,0.5049337,1.2387076,1.1710347,,,,,71.8428437792329,
PLW,Palau,2025,,,,,,,,,
PNG,Papua New Guinea,2020,-0.5484433,-0.768714799999999,-0.6603549,61.12,49.0843996981992,0.213941966305974,3899.577192368509,,44.798404591005855
PNG,Papua New Guinea,2021,-0.6567906,-0.747625099999999,-0.6493713,80.07,48.1179470954257,0.209729532794508,3976.903801169556,,40.05406216233834
PNG,Papua New Guinea,2022,-0.588226999999999,-0.6856785,-0.5458926,81.9,49.1906681149749,0.214639196900492,4419.6192696280295,,11.971802937338571
PNG,Papua New Guinea,2023,-0.6018212,-0.530809,-0.510767499999999,69.76,34.0588961979896,0.228111959659795,4667.835670929906,,10.248078468472276
PNG,Papua New Guinea,2024,-0.7973513,-0.653875,-0.571332899999999,,38.7651796406789,0.232591077844073,4874.689955358899,,
PNG,Papua New Guinea,2025,,,,,,,,,
POL,Poland,2020,0.7442004,0.5545247,0.460073,34204.93,129.288487295019,21.9255858346119,37089.300425681184,70.9730377197266,9.866165489971658
POL,Poland,2021,0.6869719,0.5651963,0.4098572,34667.25,132.987203939653,22.8165643900514,41059.5847829682,72.2060623168945,9.445565142809356
POL,Poland,2022,0.6673922,0.537484,0.3545463,31398.78,137.002148115476,23.8373449056172,46777.55245191616,75.2911071777344,11.632587777275518
POL,Poland,2023,0.7534838,0.5055901,0.3564347,31218.47,135.146301442691,24.526154479274,48473.09402864191,76.8794097900391,12.122318973594732
POL,Poland,2024,0.794073,0.498655,0.5769112,,138.016156588197,25.3612522999634,51262.51057568839,80.9149627685547,13.509969902685828
POL,Poland,2025,,,,,,,,,
PRI,Puerto Rico (US),2020,0.2833466,0.3722414,0.515317,570.41,106.682174305247,20.438273950983,36858.60852179076,88.4148538699338,
PRI,Puerto Rico (US),2021,0.5017099,0.4249881,0.5130714,556.86,112.540413929626,23.6440930650035,40559.47481181196,88.5327447779272,
PRI,Puerto Rico (US),2022,0.4768446,0.3070682,0.4254537,548.49,120.215904630962,22.2824477131524,45327.51019242202,82.0153279566474,
PRI,Puerto Rico (US),2023,0.3527223,0.2902359,0.5366948,604.62,124.513459651582,23.1595519217476,47543.39377615281,77.9263575380698,
PRI,Puerto Rico (US),2024,0.3976986,0.4382506,0.546037,,126.426375391555,27.9891394865962,50247.84924616758,,
PRI,Puerto Rico (US),2025,,,,,,,,,
PRK,"Korea, Dem. People's Rep.",2020,-1.57352389999999,-0.187350699999999,-1.6782172,177.37,22.9565670933221,,,,
PRK,"Korea, Dem. People's Rep.",2021,-1.651571,-0.1983915,-1.680154,238.88,22.8723614729709,,,,
PRK,"Korea, Dem. People's Rep.",2022,-1.6517597,0.2686785,-1.48587729999999,247.74,24.1311041179361,,,,
PRK,"Korea, Dem. People's Rep.",2023,-1.5580486,0.3264333,-1.5256234,269.28,,,,,
PRK,"Korea, Dem. People's Rep.",2024,-1.55738279999999,0.3220654,-1.5256661,,,,,,
PRK,"Korea, Dem. People's Rep.",2025,,,,,,,,,
PRT,Portugal,2020,0.795911,0.9830461,1.1830529,16428.64,114.276382888841,40.1215406866329,35966.71279656101,68.1568908691406,7.114711571123802
PRT,Portugal,2021,0.8188182,0.9584396,1.1690784,18387.68,119.768700781718,41.5145728650954,38657.6677223425,72.5122375488281,6.250331404511996
PRT,Portugal,2022,0.7860609,0.8869409,1.1256864,18212.56,122.80130896654,42.937003513367,45250.01487598647,75.0714797973633,6.99049160072585
PRT,Portugal,2023,0.7848198,0.7890296,1.0824285,18225.29,123.001507659381,44.1107426914567,49352.83886130321,77.6778182983398,6.710841679983992
PRT,Portugal,2024,0.8241683,0.536927,1.0721547,,124.129981203404,45.2439221846256,51679.888380752695,,6.773439189504354
PRT,Portugal,2025,,,,,,,,,
PRY,Paraguay,2020,-0.8101421,0.0082817,-0.3727181,204.26,119.099952314893,8.5159180276507,14308.878773830456,,5.148321537493579
PRY,Paraguay,2021,-0.905500299999999,-0.0550381999999999,-0.5280024,227.95,119.312639901188,10.8118689766377,15406.167064657566,,7.420545984681914
PRY,Paraguay,2022,-0.953862099999999,-0.0659073999999999,-0.540378799999999,235.52,128.088057269442,11.1527995711537,16347.043497477647,,10.561993933889122
PRY,Paraguay,2023,-1.0149203,0.0023837999999999,-0.580114999999999,253.35,126.605481531224,12.8835504093571,17564.491236937418,,9.96565594921736
PRY,Paraguay,2024,-1.0248859,-0.0738359,-0.5835849,,,,18523.68101530004,,10.500404949278602
PRY,Paraguay,2025,,,,,,,,,
PSE,West Bank and Gaza,2020,-0.5368921,-1.7401966,-0.884182199999999,508.45,80.1297988122355,7.43459365973318,5956.2862006481855,45.3895360497376,1.6974732259956846
PSE,West Bank and Gaza,2021,-0.5922462,-1.6333144,-0.8929068,606.62,78.1621094563592,8.01282694120497,5663.121607435843,44.2081176768623,1.6008857452355787
PSE,West Bank and Gaza,2022,-0.5708588,-1.5318512,-0.8475185,736.06,76.5666403406424,7.93673083556539,6163.248978376131,45.7982801281791,1.2550244770589092
PSE,West Bank and Gaza,2023,-0.5990356,-1.619148,-0.885715399999999,861.66,76.6918854204372,8.37056926326656,5950.020061843931,44.4904623709098,1.843449539274916
PSE,West Bank and Gaza,2024,-0.5708422,-1.8763518,-0.989397099999999,,,8.16158042217888,4371.111358572647,,
PSE,West Bank and Gaza,2025,,,,,,,,,
PYF,French Polynesia,2020,,0.9517964,0.952574,,119.981805744084,22.9218972167803,,,10.292610755327027
PYF,French Polynesia,2021,-0.2035976,1.0386429,1.0299512,,115.413592954766,26.724495339395,,,23.28224679805556
PYF,French Polynesia,2022,-0.2079857,1.0479309,1.0202576,,116.866159256432,27.914458338386,,,9.982096391702768
PYF,French Polynesia,2023,-0.2230586,1.049441,1.0176206,,118.777524029055,35.5533975056738,,,0.9086141145791304
PYF,French Polynesia,2024,-0.2085367,1.0303397,1.0171948,,,,,,1.925220868088688
PYF,French Polynesia,2025,,,,,,,,,
QAT,Qatar,2020,0.8746817,0.8905079,0.4786325,2230.15,135.497890935034,10.5631961475008,82149.4569875883,23.7649212314763,7.111804651918517
QAT,Qatar,2021,0.8394432,0.9259515,0.5003341,2522.3,137.709548409191,11.0795735105944,116832.65694197152,31.2813974439236,1.719404264112815
QAT,Qatar,2022,0.8197673,0.9163182,0.5977458,2451.09,162.248539735277,12.6414412670206,122920.54329029,35.0854901088778,2.859699412733962
QAT,Qatar,2023,0.7757739,1.0147153,0.5728637,2471.29,157.82063065065,11.641102863231,129367.8696709272,38.2058906555176,2.7800363029790134
QAT,Qatar,2024,0.7548293,0.9511752,0.589593,,153.612474384296,11.8175200751339,126046.35485561156,43.0178909301758,2.8065533431352216
QAT,Qatar,2025,,,,,,,,,
ROU,Romania,2020,-0.0497221,0.6180826,0.4593734,9723.0,116.478206049988,29.314080636148,34193.83745218679,53.4911117553711,11.937042485069838
ROU,Romania,2021,0.0096051,0.6671952,0.4615581,10812.95,119.123068432356,31.6949603653045,37534.15591769115,55.2656097412109,11.487940834609924
ROU,Romania,2022,0.0662149,0.5499041,0.4352333,10478.75,121.14194294167,33.2115600895132,41979.25867670866,58.2390403747559,11.857337556020038
ROU,Romania,2023,0.0314923,0.4983587,0.4118457,10712.88,123.252482585042,34.6706189336505,45981.602778522174,55.1682891845703,12.67474083271228
ROU,Romania,2024,0.0259732,0.1588848,0.3710995,,119.804862328273,35.7995871488999,49076.53993831378,,13.449751149372108
ROU,Romania,2025,,,,,,,,,
RUS,Russian Federation,2020,-0.7746533,-0.5068977,-0.8254091,88564.43,163.101112466044,23.1557041794102,31490.8046875,57.2232854739754,9.193638977872078
RUS,Russian Federation,2021,-0.7788442,-0.5061895,-0.902773199999999,90676.68,169.07261384221,23.7409106485411,38638.4296875,54.9542479280814,9.72984772707015
RUS,Russian Federation,2022,-0.772806099999999,-0.740939599999999,-1.0548583,83451.32,168.475831268436,24.6345568628262,40938.98828125,53.9151941239211,
RUS,Russian Federation,2023,-0.8877345,-0.8184163,-1.0734047,85558.11,180.841776534047,25.8238695549039,44268.73046875,93.7277679443359,
RUS,Russian Federation,2024,-0.8911386,-0.903284699999999,-1.15651859999999,,186.103787309059,27.1333512124875,47361.90625,60.3891235376867,
RUS,Russian Federation,2025,,,,,,,,,
RWA,Rwanda,2020,0.5134655,0.1600853,-0.0314872999999999,277.92,81.2378724761376,0.135352981978881,2284.898897953281,7.56709586345553,7.559386439364159
RWA,Rwanda,2021,0.4694992,0.115233,0.0190329,332.31,81.6381635400584,0.238872174708692,2733.4356676244715,,5.102408027079126
RWA,Rwanda,2022,0.5279544,0.0294569,0.0067627,360.56,80.5952224850433,0.349951615372613,3098.6770063499434,7.41325884733851,4.7847297958567205
RWA,Rwanda,2023,0.6808504,0.0380223,0.0714762,433.51,91.4622704078141,0.445556123195211,3399.451746031431,8.88624308383425,
RWA,Rwanda,2024,0.6254936,-0.0436888999999999,0.1002757,,93.201462876722,0.595648307197658,3710.860404345957,9.41173924647801,
RWA,Rwanda,2025,,,,,,,,,
SAU,Saudi Arabia,2020,0.32153,-0.5528267,-0.1793363,16098.89,139.444194606554,25.4596763527151,47518.48774851529,73.7510866368859,0.6050675882867609
SAU,Saudi Arabia,2021,0.2365231,-0.4672131,-0.1658751,19810.93,145.003757775499,33.7973610185654,62690.49666459286,74.3924865722656,0.3057152401093848
SAU,Saudi Arabia,2022,0.2767396,-0.3617761,0.0393234,22901.43,149.79788255308,41.8230078726101,71968.07495588803,73.7492065429688,0.2952734306819504
SAU,Saudi Arabia,2023,0.476953,-0.2452065,0.1165635,24594.79,157.775388696083,43.5732045642216,71564.80002856499,,0.5906291417678277
SAU,Saudi Arabia,2024,0.7528275,-0.048171,0.2103549,,159.541370566589,44.0705800179885,71375.37278902852,83.884129573915,0.5440021267136252
SAU,Saudi Arabia,2025,,,,,,,,,
SDN,Sudan,2020,-1.3828975,-1.3881394,-1.344873,375.71,75.2207425678785,0.0615141548276354,3348.57836914063,,
SDN,Sudan,2021,-1.292527,-1.7826483,-1.3405003,531.71,71.767230205952,0.0632992450276202,3248.9755859375,,
SDN,Sudan,2022,-1.4462818,-1.92571989999999,-1.4230148,490.76,70.2084038614961,0.0604394040047428,3355.37817382813,,
SDN,Sudan,2023,-1.4513517,-2.0604154,-1.65553779999999,470.62,,,2420.65795898438,,
SDN,Sudan,2024,-1.557432,-2.0243381,-1.7733122,,,,2115.81616210938,,
SDN,Sudan,2025,,,,,,,,,
SEN,Senegal,2020,-0.0155587,-0.0271012,-0.0993883,447.88,113.638091206029,1.05641006886622,3752.91947490817,13.3136624860931,0.7441590350961075
SEN,Senegal,2021,0.0360917,-0.1040585,-0.1485159,434.2,115.325093678501,1.20966034985347,4173.677413996194,14.6823561354842,1.8791867469948085
SEN,Senegal,2022,0.0169424,-0.2028622,-0.1356248,507.58,118.150293497239,1.40365165848276,4530.22059496055,15.6478973478986,2.300686887550707
SEN,Senegal,2023,0.0381077,-0.1534325,-0.170334799999999,489.62,123.911572643075,1.97393200956788,4777.614518615782,16.0710053721835,1.604738865344467
SEN,Senegal,2024,0.1130413,-0.228555999999999,-0.2046739,,123.894453697506,4.03828584004829,5070.6486207417975,15.3302400879779,3.0439766592332007
SEN,Senegal,2025,,,,,,,,,
SGP,Singapore,2020,2.1272918,1.2855556,1.4703849,12173.97,150.259334715266,26.8622723592787,101518.3179844398,93.134767179468,55.2615580095711
SGP,Singapore,2021,2.0800635,1.2816641,1.4327468,12432.16,157.977675166643,27.5210996900631,132617.3540208764,97.0989103061521,54.972275251408654
SGP,Singapore,2022,2.0329943,1.164789,1.4279068,12402.6,173.005291258141,27.5510032505086,143094.94989695883,98.02222650098,56.82691898762432
SGP,Singapore,2023,1.9240956,1.2040374,1.4244438,11893.6,173.199932977376,27.4343636046425,143786.13629301317,97.2886546863037,56.13837585622781
SGP,Singapore,2024,1.9681221,1.2318778,1.4311756,,170.78256295407,27.813655026664,150689.30162582558,,59.42978293850296
SGP,Singapore,2025,,,,,,,,,
SLB,Solomon Islands,2020,-0.0256466,0.5368126,0.2111308,14.14,63.6670615636308,0.134318695281922,2405.315093647036,,
SLB,Solomon Islands,2021,-0.1748432,0.4456005,0.015353,13.72,62.1565164026326,0.131131891144795,2449.870098214515,,
SLB,Solomon Islands,2022,-0.1752124,0.7315157,0.1473971,13.22,62.0734995506142,0.107033208461257,2496.227345778308,,
SLB,Solomon Islands,2023,-0.1764808,0.7318958,0.1522162,14.84,,,2596.563642528032,,
SLB,Solomon Islands,2024,-0.1401036,0.7499116,0.1533565,,,,2674.893113398307,,
SLB,Solomon Islands,2025,,,,,,,,,
SLE,Sierra Leone,2020,-0.4611415,-0.366900299999999,-0.6747383,63.52,87.0034823125467,0.002274864841433,2719.072868158068,,
SLE,Sierra Leone,2021,-0.478002999999999,-0.2367225,-0.759120999999999,73.66,101.636782141976,0.0022731197902009,2849.388659264359,,
SLE,Sierra Leone,2022,-0.5533309,-0.265426899999999,-0.7806301,78.05,107.882000873042,,3143.964510505068,,
SLE,Sierra Leone,2023,-0.568678999999999,-0.5558929,-0.8268953,86.32,,,3368.317271880632,,
SLE,Sierra Leone,2024,-0.702284199999999,-0.4501536,-0.8385756,,,,3522.305880091194,,
SLE,Sierra Leone,2025,,,,,,,,,
SLV,El Salvador,2020,-0.5107438,-0.1497936,-0.6910565,19.18,159.575329772708,8.53679094316574,9392.689138179434,30.9986370324013,6.371222748529946
SLV,El Salvador,2021,-0.5616664,-0.222007099999999,-0.83512,33.5,176.973446325336,9.07178351163771,10809.71339951796,30.3043325211094,7.17516150721425
SLV,El Salvador,2022,-0.680151,-0.0998814,-0.9646984,55.8,183.248955984561,9.73832698625659,11875.964806623284,31.4538910186841,7.850018887340596
SLV,El Salvador,2023,-0.6099566,0.0822243,-0.707075599999999,64.56,179.705636976149,11.6271746145254,12679.57687520609,32.3802636612661,6.404010712721179
SLV,El Salvador,2024,-0.5765882,0.0061325999999999,-0.7133592,,176.517423814642,12.4640729621203,13264.027090968028,32.8347079463918,5.473331194417252
SLV,El Salvador,2025,,,,,,,,,
SMR,San Marino,2020,1.1797991,1.2062355,1.4570337,10.07,112.168886076677,31.6373781241911,55206.58123244048,55.0960978450786,
SMR,San Marino,2021,1.1772281,1.2044193,1.4510365,15.77,115.700566932778,34.7101700798334,64745.13167807012,57.6704545454545,
SMR,San Marino,2022,1.1763452,1.3786309,1.2429348,18.84,120.269873863303,35.7876210032268,75941.48990901622,53.7988826815642,
SMR,San Marino,2023,1.1733125,1.3791391,1.4100336,20.09,,,78745.43132993352,51.1357340720222,
SMR,San Marino,2024,1.1762344,1.3727102,1.1578037,,,,,57.5487465181059,
SMR,San Marino,2025,,,,,,,,,
SOM,"Somalia, Fed. Rep.",2020,-1.5494727,-2.3507544,-2.18341659999999,34.77,53.1133178401473,0.714663593733325,1454.2671184885548,,
SOM,"Somalia, Fed. Rep.",2021,-1.6031075,-2.60696149999999,-2.16817529999999,53.74,51.2059481348129,0.68899907598855,1392.3178205337051,,
SOM,"Somalia, Fed. Rep.",2022,-1.59878449999999,-2.092858,-2.2051746,106.41,49.6800986995936,0.668468085170923,1486.4724733383357,,
SOM,"Somalia, Fed. Rep.",2023,-1.61685259999999,-2.1717975,-2.1303739,151.88,53.9579646939598,0.722963033976147,1555.6101679877622,,
SOM,"Somalia, Fed. Rep.",2024,-1.7861136,-2.2630781,-2.2054496,,,,1601.9646660233948,,
SOM,"Somalia, Fed. Rep.",2025,,,,,,,,,
SRB,Serbia,2020,-0.3682278,-0.0681568,-0.1348535,4569.29,120.216859464106,25.1834994361532,21013.051259036463,68.1431121826172,
SRB,Serbia,2021,-0.4707878,-0.0436914,-0.1926347,4878.41,125.075587327252,26.4794202826056,23406.40363156344,69.1800231933594,
SRB,Serbia,2022,-0.484904899999999,-0.0525867,-0.1559554,4938.83,129.813149647571,29.3457941392192,26142.82792376653,69.8046798706055,
SRB,Serbia,2023,-0.501692,0.0879568999999999,-0.1840377,5173.1,128.471147595832,31.2695286708104,29776.895175215937,73.2060012817383,
SRB,Serbia,2024,-0.5608287,-0.168638999999999,-0.2000778,,123.822194984291,33.3746847922718,32832.17632210049,70.582649230957,
SRB,Serbia,2025,,,,,,,,,
SSD,South Sudan,2020,-1.80683669999999,-2.1055063,-1.90756779999999,14.47,,,,,
SSD,South Sudan,2021,-1.82343179999999,-2.21948739999999,-1.97781689999999,14.73,30.151042999214,0.0018406409848165,,,
SSD,South Sudan,2022,-1.861122,-1.6425543,-1.9298809,17.29,48.4888320004297,0.0018146882134276,,,
SSD,South Sudan,2023,-1.87741769999999,-1.52967079999999,-2.00017059999999,17.18,46.6152369503945,0.0017416484040317,,,
SSD,South Sudan,2024,-2.0647211,-1.4896464,-1.9725304,,,,,,
SSD,South Sudan,2025,,,,,,,,,
STP,Sao Tome and Principe,2020,0.0892524,0.4748721,-0.356877899999999,2.78,80.1172764274381,1.15528778715478,5144.535602860143,,10.171173297664945
STP,Sao Tome and Principe,2021,0.1620477,0.6052679,-0.3937827,3.96,85.2577705092336,1.54216281238596,5732.694560615356,,8.179267482623718
STP,Sao Tome and Principe,2022,0.1448531,0.4930734,-0.294381499999999,4.37,86.7784626941517,2.02470117761428,6033.6811722182965,,5.294293818156193
STP,Sao Tome and Principe,2023,0.1218554,0.6193032,-0.3531339,4.71,63.4540500972405,2.50139688397417,6149.981460819318,,29.273432892452234
STP,Sao Tome and Principe,2024,0.1841644,0.4890127,-0.3531666,,62.4367400312479,2.9940221452347,6241.856144646377,,
STP,Sao Tome and Principe,2025,,,,,,,,,
SUR,Suriname,2020,-0.3026185,0.4628889,-0.185081599999999,18.38,146.874739718153,15.0689920417039,16946.894236191354,5.30574712643678,2.511958910997272
SUR,Suriname,2021,-0.311597299999999,0.3607899,-0.1971687,25.22,146.654129497521,19.899950800782,18458.23499968104,8.45416298008342,4.633987928760653
SUR,Suriname,2022,-0.308943099999999,0.2466594,-0.2196339,13.38,149.052255906952,20.0260284612076,20078.83655459504,5.02487384130847,11.350144983772896
SUR,Suriname,2023,-0.3292402,0.3004618,-0.1875599,26.34,157.24614636039,17.5373597122531,21110.198020456257,4.93785087797966,3.2127494355163906
SUR,Suriname,2024,-0.3768745,0.4782277,-0.2085757,,142.122626416427,18.7523938773484,21800.52659898221,2.56642457392281,10.372991669773096
SUR,Suriname,2025,,,,,,,,,
SVK,Slovak Republic,2020,0.4197316,0.6167177,0.5265879,5161.36,133.632904273198,31.192548373756,35327.94391655885,48.3790016174316,9.99741446798114
SVK,Slovak Republic,2021,0.3575001,0.5857562,0.7070856,5150.0,135.268252737261,32.6060735005904,38346.09357681767,50.7342491149902,9.001389401510746
SVK,Slovak Republic,2022,0.3774853,0.5294743,0.5921835,5067.03,136.029289645522,33.9988127597088,41562.149779391286,52.4959106445312,8.490416014205971
SVK,Slovak Republic,2023,0.3846188,0.5856273,0.5534478,5332.18,138.232946210214,33.17259432898,45973.94069029912,53.417610168457,9.7184584659913
SVK,Slovak Republic,2024,0.1108201,0.6343713,0.5609435,,139.967676092657,33.8136036435218,48132.35643054295,54.4743194580078,10.593555364559856
SVK,Slovak Republic,2025,,,,,,,,,
SVN,Slovenia,2020,0.7760206,0.7478672,0.9364183,3692.85,121.331428226248,30.9930132861242,41767.25798999567,75.8166809082031,7.799852785708071
SVN,Slovenia,2021,0.6986582,0.7356372,0.9260486,4058.0,123.362924143622,31.5502669986288,45914.05723924055,82.2400436401367,6.209306032570846
SVN,Slovenia,2022,0.7480799,0.7749516,0.9211902,3741.92,126.45918075971,32.0104972135392,52347.10972653797,82.3922576904297,8.569786439242128
SVN,Slovenia,2023,0.6814999,0.8589449,0.9707915,3567.56,129.227963043737,31.8814801387465,56064.097459674245,80.0806884765625,8.203455821310259
SVN,Slovenia,2024,0.6743495,0.7209146,0.9786636,,130.86090177123,34.2332575162942,57186.37135381743,,8.343380343363787
SVN,Slovenia,2025,,,,,,,,,
SWE,Sweden,2020,2.1337232,0.955794,1.8204763,21153.6,123.548656971054,40.3679810262741,57489.26571962186,79.1196365356445,15.13595083802388
SWE,Sweden,2021,2.0899139,0.9471541,1.7883138,22021.79,124.96149481991,40.8351431063991,62731.70061629304,85.9426193237305,13.934831746892607
SWE,Sweden,2022,2.0255279,0.9419053,1.7381383,21514.5,140.781664517726,40.6093424279832,67075.6762724717,83.8976135253906,17.256654136370216
SWE,Sweden,2023,1.9804259,0.778803,1.6947293,21243.62,140.265691285045,40.7340135908716,69226.32727566626,81.3998184204102,17.62385202771132
SWE,Sweden,2024,1.9676051,0.6035115,1.7267013,,140.686673016562,40.6156538715616,71844.9129880579,83.9988098144531,17.65245510822034
SWE,Sweden,2025,,,,,,,,,
SWZ,Eswatini,2020,-0.3014253,-0.1948628,-0.6595902,35.2,104.747264466614,2.29004241533492,9329.304533609393,,0.3421928411903975
SWZ,Eswatini,2021,-0.5806756,-0.428643699999999,-0.6977002,38.27,118.627490794327,2.55280778191155,9990.434919512049,,0.3254456211324775
SWZ,Eswatini,2022,-0.6085804,-0.400835,-0.726965099999999,43.57,121.491701239707,2.18530055779024,10635.39241561134,,0.3159117701799301
SWZ,Eswatini,2023,-0.6292553,-0.7261847,-0.7274341,30.94,128.399211381334,2.76365982774566,11299.883123678826,,0.2853071586068864
SWZ,Eswatini,2024,-0.785159899999999,-0.7327829,-0.8598771,,139.833459658744,2.5065536335855,11799.202879320084,,
SWZ,Eswatini,2025,,,,,,,,,
SXM,Sint Maarten (Dutch part),2020,,,,,,,38901.48676037122,,
SXM,Sint Maarten (Dutch part),2021,,,,,,,40507.06724117173,,
SXM,Sint Maarten (Dutch part),2022,,,,,205.372695128029,,48760.68205809973,8.259449370042,
SXM,Sint Maarten (Dutch part),2023,,,,,,,51686.65208180837,7.65284309533989,
SXM,Sint Maarten (Dutch part),2024,,,,,,,53768.6573945662,,
SXM,Sint Maarten (Dutch part),2025,,,,,,,,,
SYC,Seychelles,2020,1.1448063,0.727409,0.532971,26.55,152.5450781854,29.067843812089,31055.944205503947,26.934264107039,3.2849992760269555
SYC,Seychelles,2021,1.1441374,0.7262104,0.5521392,19.69,149.479213250181,33.5645230796751,29979.827268609057,26.8701526144608,3.343076157890919
SYC,Seychelles,2022,1.1495314,0.8411889,0.5983146,21.64,163.429518331448,29.8314239734867,29972.87583159365,13.930414075936,25.038991663018766
SYC,Seychelles,2023,1.151735,0.9207856,0.5546447,15.17,129.24400747161,30.7719361318005,31780.78383419647,14.0341370902195,0.0384062538993691
SYC,Seychelles,2024,1.2307957,0.9164443,0.5968987,,125.616862703001,31.5968654633563,33238.58003437535,14.5342502593994,0.0899054165105231
SYC,Seychelles,2025,,,,,,,,,
SYR,Syrian Arab Republic,2020,-1.6873687,-2.35367569999999,-1.8514471,480.36,79.1482419784404,7.35459379919522,3737.6575183137593,,
SYR,Syrian Arab Republic,2021,-1.79070699999999,-2.37452369999999,-1.8887237,538.61,78.5558300193552,7.28562915466706,4592.83860100874,,
SYR,Syrian Arab Republic,2022,-1.79243509999999,-2.43824749999999,-1.8753611,584.87,78.6567844526885,7.16283326639858,4772.461676671595,,
SYR,Syrian Arab Republic,2023,-1.7817933,-2.4379022,-1.8617654,645.85,72.4405852977604,6.86124546257849,,,
SYR,Syrian Arab Republic,2024,-1.70162709999999,-2.3680716,-1.813556,,71.2231424453527,,,,
SYR,Syrian Arab Republic,2025,,,,,,,,,
TCA,Turks and Caicos Islands,2020,,,,,,,19530.025407561257,,
TCA,Turks and Caicos Islands,2021,,,,,,,25056.488051556884,,
TCA,Turks and Caicos Islands,2022,,,,,,,30220.82401381341,16.973180770874,
TCA,Turks and Caicos Islands,2023,,,,,,,35336.74035114489,25.2537080405933,
TCA,Turks and Caicos Islands,2024,,,,,,,37954.38765434712,,
TCA,Turks and Caicos Islands,2025,,,,,,,,,
TCD,Chad,2020,-1.48219979999999,-1.4524146,-1.33343259999999,18.49,50.434327397335,0.0,2185.990341735372,4.39665967267065,
TCD,Chad,2021,-1.4920803,-1.689273,-1.34307209999999,27.43,58.0323175441615,0.0,2435.0727465109894,,
TCD,Chad,2022,-1.4663578,-1.6491593,-1.38191249999999,37.07,65.4377795535985,0.0,2624.11789713994,,
TCD,Chad,2023,-1.48878199999999,-1.6839155,-1.454847,52.36,70.1873962423852,0.0,2700.36055335878,,
TCD,Chad,2024,-1.3909131,-1.77893219999999,-1.4446512,,72.9289782617702,0.0,2742.65952183613,,
TCD,Chad,2025,,,,,,,,,
TGO,Togo,2020,-0.644805899999999,-0.8075061,-0.6160719,109.88,75.164019137873,0.607931974735055,2384.0664545182667,14.9029897765252,0.2379302037427752
TGO,Togo,2021,-0.6519768,-0.6682329,-0.6328001,123.02,70.4496733018494,0.749325974933037,2638.8109526796325,,0.3260921380959298
TGO,Togo,2022,-0.630985799999999,-0.760395399999999,-0.675356699999999,152.62,72.2147547047011,1.03723561669214,2935.013673207869,,0.3010719452031468
TGO,Togo,2023,-0.5879504,-0.9186036,-0.6302782,135.94,75.7906769713952,1.22815843837127,3154.43329348299,,0.5735855993168181
TGO,Togo,2024,-0.6633762,-0.8094466,-0.632861,,80.8035554767112,1.41538265577438,3365.458090073059,,0.6819482795956174
TGO,Togo,2025,,,,,,,,,
THA,Thailand,2020,-0.3820186,-0.7333386,-0.2036855,13335.96,162.327737376294,16.021813562656,19163.74151523488,42.5900878816865,27.64764726425959
THA,Thailand,2021,-0.3893452,-0.6963747,-0.2575207,15679.41,168.485285358167,17.3168855632327,20242.770003565594,43.4690405127808,24.66428000193656
THA,Thailand,2022,-0.403978499999999,-0.5671596,-0.2682159,17363.34,176.22279253783,17.5125815621477,22243.074772702603,43.29484965617,25.8377488104933
THA,Thailand,2023,-0.439334199999999,-0.4398775,-0.1956309,16656.15,168.642808295144,14.5089451983046,23519.212097982272,45.4407811172674,26.050622943512924
THA,Thailand,2024,-0.5273456,-0.6833311,-0.2155096,,160.639312286761,14.8870491187484,24712.06585751352,44.9845744019321,28.30577687622535
THA,Thailand,2025,,,,,,,,49.0776442074561,
TJK,Tajikistan,2020,-1.083847,-0.3288928,-1.2395237,118.36,62.2826230779409,0.369964643651705,3653.959767591123,34.6676458195911,2.607663160969191
TJK,Tajikistan,2021,-1.0874541,-0.3984715,-1.2591682,131.4,64.0874682499327,0.495991334524208,3985.912476112185,37.4220713871838,0.4082846489619872
TJK,Tajikistan,2022,-1.1230133,-0.4282098,-1.19932209999999,107.75,63.8442080716763,0.585196433548591,4514.175123981642,37.2834392884446,1.627127590333715
TJK,Tajikistan,2023,-1.1236074,-0.2876253,-1.2086884,158.35,76.215892145748,0.983936262867068,4963.582952645044,34.9689625947729,15.207791011293557
TJK,Tajikistan,2024,-1.21775639999999,-0.2756522,-1.18373399999999,,,,5405.9801161913865,35.6398418742497,
TJK,Tajikistan,2025,,,,,,,,,
TKM,Turkmenistan,2020,-1.3595471,-0.1270103,-1.53039329999999,6.73,88.7029504834018,3.40423015428109,15090.93949717776,12.4085702576356,
TKM,Turkmenistan,2021,-1.36021099999999,-0.224582999999999,-1.5825855,13.81,88.1929367884543,4.08263176069293,16434.13990603527,14.5425982703266,
TKM,Turkmenistan,2022,-1.360439,0.2106842,-1.4336464,20.08,,5.21710831232306,18340.11128052993,16.7316012007071,
TKM,Turkmenistan,2023,-1.350058,0.2072195,-1.4327839,31.31,,,19828.92484611992,18.8084201812744,
TKM,Turkmenistan,2024,-1.297223,0.2455892,-1.4131747,,,,21213.08625019529,20.4250351701637,
TKM,Turkmenistan,2025,,,,,,,,,
TLS,Timor-Leste,2020,-0.424278699999999,0.2673205,-0.748894899999999,10.88,103.911005065408,0.0062591766694091,6132.082998064948,,0.0072955424235791
TLS,Timor-Leste,2021,-0.3019067,0.2660158,-0.640091699999999,14.32,102.668836319816,0.0101471033723194,6825.045886307448,,0.0271228875443354
TLS,Timor-Leste,2022,-0.4506594,0.4239118,-0.663390399999999,12.31,108.158358863503,0.0100051486348815,5729.811713825166,,6.829766985036592
TLS,Timor-Leste,2023,-0.4265439,0.4358404,-0.6431026,20.7,112.647241971673,0.0057791525739623,4806.821815592992,30.9611108169641,1.5260503215558736
TLS,Timor-Leste,2024,-0.3775174,0.5260108,-0.6256762,,116.382391453038,0.0059972669597711,4422.7788217239895,,
TLS,Timor-Leste,2025,,,,,,,,,
TON,Tonga,2020,-0.2816956,1.1156731,0.7544798,5.9,58.6543555589192,4.73018996442897,6675.603049871098,21.2782986508118,3.733361757016026
TON,Tonga,2021,-0.3427691,1.111896,0.7498563,3.67,60.9801876955162,6.4574841217177,6929.176692884377,,1.68995954105615
TON,Tonga,2022,-0.496913,1.3674794,0.7917887,4.22,61.7257858761257,8.17387330781973,7296.170821392876,,0.5527370280701694
TON,Tonga,2023,-0.4947162,1.2304624,0.7999012,4.85,,,7802.66986206107,42.8611738148984,28.460294879952087
TON,Tonga,2024,-0.3992192,1.254781,0.6942664,,,,,,
TON,Tonga,2025,,,,,,,,,
TTO,Trinidad and Tobago,2020,-0.1941792,0.059501,-0.1617074,243.44,134.231180588566,25.4398983406076,26731.35564100292,,0.1758632266485796
TTO,Trinidad and Tobago,2021,-0.2305843,0.1561926,-0.1513775,266.0,134.221562299819,24.9299429931902,30482.120179863054,,0.1028344019126642
TTO,Trinidad and Tobago,2022,-0.2989622,0.3498483,-0.2477989,255.09,133.631989924602,26.0331929293058,32978.8585763159,,0.0822278998582187
TTO,Trinidad and Tobago,2023,-0.3161967,0.3397269,-0.315203499999999,245.56,134.230557337258,26.8942307436398,34623.36915009585,,0.2232296423431168
TTO,Trinidad and Tobago,2024,-0.339819,0.3600136,-0.371533,,118.786668099235,27.0294379426204,36328.513006568486,23.8493010569383,0.2236966360888908
TTO,Trinidad and Tobago,2025,,,,,,,,,
TUN,Tunisia,2020,-0.019263,-0.4326193,-0.0116452999999999,4851.93,124.041976750236,11.1467984493476,11918.066205482995,32.5181999206543,7.648322244662982
TUN,Tunisia,2021,-0.1415165,-0.6668946,-0.0151282999999999,4958.99,129.846077003661,12.4220429522978,12444.3264026887,33.2740287780762,7.168311183732175
TUN,Tunisia,2022,-0.1992466,-0.7395623,-0.236793299999999,5501.68,131.875365428496,13.9309222767522,13618.53899186514,37.1276893615723,7.189886086144299
TUN,Tunisia,2023,-0.192361099999999,-0.776038,-0.3148235,5492.92,132.653682480562,14.0829860846719,14040.59611481423,38.1219482421875,7.701107442841051
TUN,Tunisia,2024,-0.220154599999999,-0.9248175,-0.3644942,,117.606816067203,14.9741523024679,14521.008093763836,,
TUN,Tunisia,2025,,,,,,,,,
TUR,Turkiye,2020,-0.3242268,-1.0396051,-0.709944799999999,40758.58,95.3960853737199,19.4384064376386,29209.330886688283,118.883682250977,3.1527701132911825
TUR,Turkiye,2021,-0.3992138,-0.9721057,-0.775344399999999,46843.54,99.5415432248525,20.9211211378579,32105.547440050563,125.763786315918,3.2836273997014094
TUR,Turkiye,2022,-0.4324578,-0.935033599999999,-0.7798318,49827.29,103.720593629066,21.8230372591075,39564.110326733295,127.577972412109,3.6640355487946232
TUR,Turkiye,2023,-0.4374572,-0.884477,-0.799233499999999,50180.49,105.684032912794,22.4591697943845,42786.20049486639,105.88606262207,4.518290989868524
TUR,Turkiye,2024,-0.5632153,-0.970710499999999,-0.8434149,,107.826875714392,23.4317347919186,45639.01927359441,,5.137759569870646
TUR,Turkiye,2025,,,,,,,,,
TUV,Tuvalu,2020,0.2051999,1.234863,0.9463084,0.39,86.5467833445524,,5122.198279846984,,
TUV,Tuvalu,2021,0.2034342,1.2851524,0.9727856,0.06,88.2872277810477,4.41436138905238,5352.9786253789725,,
TUV,Tuvalu,2022,0.2445984,1.4735212,1.0040365,1.43,98.8590872698158,4.52361889511609,5661.143847663763,,
TUV,Tuvalu,2023,0.2425155,1.4739295,1.1957133,0.42,,,6151.010470416082,19.3509615384615,
TUV,Tuvalu,2024,0.5787137,1.4687654,1.2213564,,,,,,
TUV,Tuvalu,2025,,,,,,,,,
TZA,Tanzania,2020,-0.2540505,-0.6629379,-0.565190299999999,915.83,84.0050558283384,1.86248,3290.60986328125,7.18188265775187,2.687619295546712
TZA,Tanzania,2021,-0.351543,-0.5751002,-0.5650588,1031.55,86.0162814148027,1.97842,3493.0830078125,3.59164319762461,1.6829347109246815
TZA,Tanzania,2022,-0.3590925,-0.4815853,-0.5495819,1203.29,93.0159746238635,0.110774196881278,3799.8623046875,5.32159018874409,1.703635659601261
TZA,Tanzania,2023,-0.346236,-0.2367117,-0.4944742,1452.53,105.40028112088,0.10501728326893,4018.5166015625,5.16887784940301,5.068110536084612
TZA,Tanzania,2024,-0.2941052,-0.3895961,-0.5194228,,126.559163217786,0.246433216306666,4220.79638671875,4.01880979537964,3.005692750842208
TZA,Tanzania,2025,,,,,,,,,
UGA,Uganda,2020,-0.936142199999999,-0.842814499999999,-0.690221499999999,926.63,62.2824129624858,0.077818750062982,2532.219501020688,,2.1028720292943825
UGA,Uganda,2021,-0.9322359,-0.9440307,-0.7277087,1211.34,65.6220730009172,0.0838841644026815,2684.920359397436,,2.3479346973229247
UGA,Uganda,2022,-0.9890036,-1.0920608,-0.729024799999999,1250.03,70.1401117953081,0.0850849430150062,2919.177754071077,,2.395714863087912
UGA,Uganda,2023,-0.996690299999999,-1.0298391,-0.752792999999999,1423.59,76.2966796632588,0.0912969650305002,3097.6370243061856,,1.408107804887939
UGA,Uganda,2024,-1.11616729999999,-1.0222248,-0.738524299999999,,83.165031466902,0.207613333991268,3273.267174136397,,1.915938334373552
UGA,Uganda,2025,,,,,,,,,
UKR,Ukraine,2020,-0.830952599999999,-0.9599236,-0.5670134,15062.95,129.341230786476,18.617022844321,15541.02734375,82.1345992180731,5.852393844952258
UKR,Ukraine,2021,-0.8040912,-0.990563099999999,-0.5685603,15639.81,135.025688989835,18.2677942438439,17846.408203125,75.9079435107907,4.510507922578411
UKR,Ukraine,2022,-0.683771799999999,-1.05075649999999,-0.742306199999999,14645.92,120.261144906234,17.5398140646824,14770.0712890625,,5.736135656230187
UKR,Ukraine,2023,-0.7242773,-0.545978,-0.7454054,15498.36,133.38012811971,21.3774151510902,17665.34375,82.5533599853516,6.68812192869261
UKR,Ukraine,2024,-0.6723809,-0.432315,-0.720198999999999,,,21.6539327212609,18548.859375,87.1920013427734,6.370287897750536
UKR,Ukraine,2025,,,,,,,,,
URY,Uruguay,2020,1.5144744,1.1512208,0.8853539,961.47,133.90170192835,31.2948224284548,25725.258216941977,64.9332150107214,9.802503203659697
URY,Uruguay,2021,1.6220519,1.1500797,0.9518641,1185.78,138.112989243956,32.5451063460216,29431.885008747067,75.1713873701582,8.603734005252923
URY,Uruguay,2022,1.6139339,1.3035622,0.9765591,1076.04,139.828801269747,33.4865565704576,33000.918699951035,76.3977408357972,9.55160023287408
URY,Uruguay,2023,1.5493831,1.181072,0.9573597,1059.81,141.71948663565,32.4032099586757,34470.93222011432,79.9536903496537,10.707230873721414
URY,Uruguay,2024,1.5279256,1.2779376,0.9505638,,145.501755749445,33.0440254320868,36417.87416249601,,9.841789758552164
URY,Uruguay,2025,,,,,,,,,
USA,United States,2020,1.124297,-0.146807,1.0043814,453889.89,103.855170008567,35.7156999293054,64401.50743542087,87.5676574707031,19.49397616094524
USA,United States,2021,1.1247591,-0.126399999999999,1.0279752,471378.18,106.324514306135,37.0074278936277,71307.40172772181,84.8550872802734,19.90146141317924
USA,United States,2022,1.2023562,-0.1626087,1.0518325,447538.91,108.785640656159,37.4887954801437,77860.91129088482,79.361930847168,20.578983300737853
USA,United States,2023,1.1951066,-0.193136399999999,0.9606912,430843.27,112.410910606372,38.0939254696383,82304.62042728657,,21.84598783555211
USA,United States,2024,1.0868914,-0.0951125,0.9617896,,113.190481805755,38.8571729185246,85809.90038463591,,24.322982844202045
USA,United States,2025,,,,,,,,,
UZB,Uzbekistan,2020,-0.835694199999999,-0.3614058,-0.912569899999999,1101.71,99.4063901870675,15.8070422134311,8451.725051081145,15.9720957084892,1.3049078266424607
UZB,Uzbekistan,2021,-0.7419446,-0.221247,-0.700166499999999,2104.99,102.410090312681,21.8944210928633,9247.643827039294,22.0939011675309,0.3080874944273715
UZB,Uzbekistan,2022,-0.699129999999999,-0.2325524,-0.6719908,2091.27,105.471643327627,25.7992232452287,10292.530942748535,31.701936179599,1.41210240735451
UZB,Uzbekistan,2023,-0.701745899999999,-0.2504784,-0.6742999,4624.44,106.884847592051,30.2699233460544,11106.971593476685,45.7591768686293,2.822390701222922
UZB,Uzbekistan,2024,-0.754316299999999,-0.0267335,-0.6562072,,110.492018573638,34.7381414135069,11878.552870684822,56.517478700865,1.733863059639661
UZB,Uzbekistan,2025,,,,,,,,59.8086982926392,
VCT,St. Vincent and the Grenadines,2020,0.7606733,1.0425879,0.6515481,3.15,96.9437629194598,23.8906168498735,15336.598777176448,33.6692278624512,0.0
VCT,St. Vincent and the Grenadines,2021,0.7401119,1.0408786,0.6474473,5.84,95.5173520288601,27.1020312910221,16200.899459784525,35.7032258064516,0.0034502487133053
VCT,St. Vincent and the Grenadines,2022,0.7243711,1.0438207,0.6160382,6.06,102.334241420536,28.9967269662701,18035.27329281201,41.4983277591973,4.0070872997932
VCT,St. Vincent and the Grenadines,2023,0.7112575,1.044299,0.5500992,2.69,101.631416361537,30.4935700680004,19819.869034679035,,4.934428618818683
VCT,St. Vincent and the Grenadines,2024,0.7050204,1.0382485,0.5017878,,108.354536057883,29.4605231772283,21272.080067366205,,
VCT,St. Vincent and the Grenadines,2025,,,,,,,,,
VEN,"Venezuela, RB",2020,-1.57832329999999,-1.4257071,-2.3520631,711.85,58.1625657953324,9.00606477756336,,,
VEN,"Venezuela, RB",2021,-1.58437079999999,-1.2895082,-2.3086878,676.82,60.2344883065715,9.2424360147272,,,
VEN,"Venezuela, RB",2022,-1.603038,-1.1268117,-2.2378914,545.0,66.4667731210739,9.58036143387288,,,
VEN,"Venezuela, RB",2023,-1.5592697,-1.1035948,-2.2007889,474.63,70.2197325918151,10.638053537183,,,
VEN,"Venezuela, RB",2024,-1.58714009999999,-1.74042419999999,-2.20427409999999,,71.0075917225029,12.9446636524427,,,
VEN,"Venezuela, RB",2025,,,,,,,,,
VGB,British Virgin Islands,2020,,,,,94.6896458866299,19.0925003366097,,30.475763016158,
VGB,British Virgin Islands,2021,,,,,99.5556613504721,20.8865614007247,,30.3667262969589,
VGB,British Virgin Islands,2022,,,,,92.8912549909966,20.5485529371852,,29.0409725348942,
VGB,British Virgin Islands,2023,,,,,90.8246761574965,23.5269975631653,,26.6493055555556,
VGB,British Virgin Islands,2024,,,,,93.1316662866408,24.9119606799929,,29.5605306799337,
VGB,British Virgin Islands,2025,,,,,,,,,
VIR,Virgin Islands (U.S.),2020,-0.0682938999999999,0.9766825,0.8753325,,91.2127880328822,,41749.080036455336,,
VIR,Virgin Islands (U.S.),2021,-0.0708649,0.5654024,0.8667504,,91.7189273471447,,46893.54969887414,,
VIR,Virgin Islands (U.S.),2022,-0.0717478,0.9782486,0.580531,,91.4619626157421,10.0662374143133,49793.032439571616,,
VIR,Virgin Islands (U.S.),2023,-0.0747806,0.9788563,0.5794817,,,,,,
VIR,Virgin Islands (U.S.),2024,-0.0718587,0.9711697,0.5793123,,,,,,
VIR,Virgin Islands (U.S.),2025,,,,,,,,,
VNM,Viet Nam,2020,-0.3131812,0.1302346,-0.3016754,7751.05,141.655558720912,17.0262915402718,11609.31772764233,,41.74010404211885
VNM,Viet Nam,2021,-0.310677,0.1345844,-0.310641599999999,8978.42,136.806313165021,19.5362327330994,12048.901993553598,41.9554971195048,41.53963465441981
VNM,Viet Nam,2022,-0.2459866,0.1227944,-0.3368491,9672.57,137.852422819653,21.3681380805533,13905.153687521612,44.7536854027422,42.689178907016
VNM,Viet Nam,2023,-0.3083958,0.0907515,-0.340198899999999,10644.49,130.991428667547,22.6806675035061,15033.87685943549,32.8415128147815,44.25688525168196
VNM,Viet Nam,2024,-0.2516989,0.0056736,-0.3139343,,127.606471743496,23.711259212336,16385.506556545766,37.5923642016718,
VNM,Viet Nam,2025,,,,,,,,,
VUT,Vanuatu,2020,-0.0267151,0.9435444,0.5488283,11.29,82.3909682859418,0.931880692502794,3117.6442529203755,,
VUT,Vanuatu,2021,-0.0360087,0.9586235,0.6224841,17.05,81.6914485987419,1.03214458524592,3135.8366494567786,,
VUT,Vanuatu,2022,-0.135775999999999,0.9784231,0.4948511,12.63,81.6202730589115,1.1263520377197,3452.6074269388173,,
VUT,Vanuatu,2023,-0.1852979,0.9649424,0.4196732,11.87,89.2943082123161,1.23342353055002,3567.818820302228,,
VUT,Vanuatu,2024,-0.1506043,0.960216,0.4215614,,,1.15566375920214,3605.607366917352,,
VUT,Vanuatu,2025,,,,,,,,,
WSM,Samoa,2020,0.8109135,1.1753028,1.164435,21.49,32.5557694485336,0.798324085607519,6450.752011834047,17.3303454643177,
WSM,Samoa,2021,0.7667536,1.1396511,1.0545903,24.01,32.2763227445165,0.791471566430753,6350.114283532528,19.1409681560724,1.0752843011372046
WSM,Samoa,2022,0.7661609,1.2343417,1.0470005,15.2,62.398669522115,0.87753935919651,6909.171299283358,18.5508413272527,0.5543692692467819
WSM,Samoa,2023,0.8188682,1.2435234,1.0530364,21.85,,,8194.807256407335,14.6106638814429,5.742017319368896
WSM,Samoa,2024,0.6881137,1.2384523,1.0529651,,,,8736.816067725382,16.0263900756836,76.6700641079328
WSM,Samoa,2025,,,,,,,,,
YEM,"Yemen, Rep.",2020,-1.59971739999999,-2.65635899999999,-1.82232929999999,264.59,42.0037568704771,1.08205751326634,,,
YEM,"Yemen, Rep.",2021,-1.5920705,-2.6676713,-1.8471399,392.24,47.8090200303014,1.09217148089821,,,
YEM,"Yemen, Rep.",2022,-1.66627979999999,-2.61245769999999,-1.91002569999999,386.81,46.4534353720531,1.27124133725573,,,
YEM,"Yemen, Rep.",2023,-1.6020865,-2.6264387,-1.9069106,404.01,50.8937810578557,,,,
YEM,"Yemen, Rep.",2024,-1.63587859999999,-2.7505641,-1.90158959999999,,,,,,
YEM,"Yemen, Rep.",2025,,,,,,,,,
ZAF,South Africa,2020,0.0256677,-0.2489513,-0.0613794,15308.72,158.447269436121,2.15159473337087,12671.086243685098,22.6148742572009,5.621719759584795
ZAF,South Africa,2021,0.0645613,-0.7738081,0.1210745,15478.5,163.12806305125,2.75540858002384,13681.954814481312,22.3431289991291,5.547560490452681
ZAF,South Africa,2022,-0.1634734,-0.6842882,0.0341024,15880.81,160.728511675754,3.12297476001713,14749.047804530075,23.7271036201865,5.521969233363529
ZAF,South Africa,2023,-0.2095917,-0.6397104,0.039525,14949.03,171.508619260428,3.4056617766544,15199.732982377553,23.493768799339,4.955515712099358
ZAF,South Africa,2024,-0.191792799999999,-0.6171348,0.017703,,179.336329840585,5.34791194620067,15456.19899336581,,5.709233441532223
ZAF,South Africa,2025,,,,,,,,,
ZMB,Zambia,2020,-0.6050749,-0.3679359,-0.6567755,268.45,100.235122888213,0.431897234933218,3157.300093116429,,1.361262327555705
ZMB,Zambia,2021,-0.6928953,-0.158277199999999,-0.6026535,327.01,103.28257957834,0.411108017009319,3503.034914183715,,0.9531205105768966
ZMB,Zambia,2022,-0.4180775,0.0456326,-0.6313823,362.23,98.4372601156219,0.428949863290405,3840.7245051113887,,0.716710301849432
ZMB,Zambia,2023,-0.39812,-0.0111463999999999,-0.6089819,367.3,102.06156495632,0.681389878819039,4076.995086866413,,1.1635658888372742
ZMB,Zambia,2024,-0.4568294,-0.1007849,-0.5611771,,108.704779873813,0.789797548725881,4214.892778047992,,1.4719428559393013
ZMB,Zambia,2025,,,,,,,,,
ZWE,Zimbabwe,2020,-1.1729479,-1.0459616,-1.24233859999999,456.09,84.9604118996672,1.31037848666133,4178.585579438281,,2.3838675838292125
ZWE,Zimbabwe,2021,-1.1867823,-1.0184197,-1.263628,498.52,90.2538486226365,1.29980547197891,4827.0886936086,,1.0537401042556411
ZWE,Zimbabwe,2022,-1.1984753,-0.8261001,-1.3005258,556.12,88.9958314912836,1.62150159909829,5395.856298006396,,1.4769311377601373
ZWE,Zimbabwe,2023,-1.1914608,-0.998213999999999,-1.2681513,519.85,91.6344110473757,1.5745780720211,5791.192128779884,,1.9421882824637644
ZWE,Zimbabwe,2024,-1.2516542,-1.0172382,-1.2109412,,94.2451753366358,1.93865437549104,5928.080625275605,7.74912957845971,2.7980173662508694
ZWE,Zimbabwe,2025,,,,,,,,,
